title,abstract,publication_year,doi,type,oa_url,author,topic,subfield,pdf_url,cited_by_count,id
Seasonality of blue and fin whale calls and the influence of sea ice in the Western Antarctic Peninsula,NA,2004,https://doi.org/10.1016/j.dsr2.2004.08.005,article,NA,Ana Širović; John A. Hildebrand; Sean M. Wiggins; Mark A. McDonald; Sue E. Moore; Deborah Thiele,Marine animal studies overview; Arctic and Antarctic ice dynamics; Underwater Acoustics Research,Ecology; Atmospheric Science; Oceanography,NA,230,1
Horizontal niche partitioning of humpback and fin whales around the West Antarctic Peninsula: evidence from a concurrent whale and krill survey,NA,2016,https://doi.org/10.1007/s00300-016-1927-9,article,https://link.springer.com/content/pdf/10.1007/s00300-016-1927-9.pdf,Helena Herr; Sacha Viquerat; Volker Siegel; Karl‐Hermann Kock; Boris Dorschel; Wilma G. C. Huneke; Astrid Bracher; Michael Schröder; Julian Gutt,Marine animal studies overview; Arctic and Antarctic ice dynamics; Avian ecology and behavior,Ecology; Atmospheric Science; Ecology,https://link.springer.com/content/pdf/10.1007/s00300-016-1927-9.pdf,77,2
Mid-summer abundance estimates of fin whales Balaenoptera physalus around the South Orkney Islands and Elephant Island,"A line-transect distance sampling survey for fin whales Balaenoptera physalus was conducted around Elephant Island and the South Orkney Islands on board a CCAMLR fishing survey for fin fish in January and February 2016. Collected data were used for model-based abundance estimates of fin whales in 2 strata. The minimum average (± SE) density of fin whales was estimated at 0.0268 ± 0.0183 ind. km-2 in a 19750 km2 area around Elephant Island, resulting in a minimum abundance estimate of 528 ± 362 fin whales. In a 13550 km2 area around the South Orkney Islands, we estimated a minimum density of 0.0588 ± 0.0381 ind. km-2 and a minimum abundance of 796 ± 516 ind. The results of this study confirm a westerly extension of a recently described high-density area for fin whales in the West Antarctic Peninsula region. In the light of increasing krill fisheries in the local region, we suggest this area for further studies to assess the potential for conflict between recovering whale populations and emerging industrial interests.",2017,https://doi.org/10.3354/esr00832,article,https://www.int-res.com/articles/esr2017/32/n032p515.pdf,Sacha Viquerat; Helena Herr,Arctic and Antarctic ice dynamics; Marine animal studies overview; Winter Sports Injuries and Performance,Atmospheric Science; Ecology; Pulmonary and Respiratory Medicine,https://www.int-res.com/articles/esr2017/32/n032p515.pdf,33,3
Movements of satellite-monitored humpback whales on their feeding ground along the Antarctic Peninsula,NA,2008,https://doi.org/10.1007/s00300-008-0415-2,article,NA,Luciano Dalla Rosa; Eduardo R. Secchi; Y. G. Maia; Alexandre N. Zerbini; Mads Peter Heide‐Jørgensen,Marine animal studies overview; Arctic and Antarctic ice dynamics; Underwater Acoustics Research,Ecology; Atmospheric Science; Oceanography,NA,100,4
Seasonality of Antarctic minke whale (<i>Balaenoptera bonaerensis)</i> calls off the western Antarctic Peninsula,"Abstract The Antarctic minke whale ( Balaenoptera bonaerensis) is a difficult species to study because of its low visual detectability and preference for living within the sea ice habitat, accessible only by ice‐strengthened vessels. Recent identification of the Antarctic minke whale as the source of the seasonally ubiquitous bio‐duck call has allowed the use of this sound, as well as downsweeps, to investigate seasonality trends and diel patterns in Antarctic minke whale call production, and their relationship to sea ice cover. Passive acoustic data were collected using an autonomous Acoustic Recording Package (ARP) off the western Antarctic Peninsula. Bio‐duck calls were classified into four distinct call variants, with one variant having two subtypes. Bio‐duck calls were detected between April and November, with increasing call duration during the austral winter, indicating a strong seasonality in call production. Downsweeps, which were also attributed to Antarctic minke whales, were present throughout most months during the recording period, with a peak in July, and an absence in March and April. Both bio‐duck and downsweeps were significantly correlated with sea ice cover. No diel patterns were observed in bio‐duck calls or in downsweep call production at this site.",2016,https://doi.org/10.1111/mms.12302,article,NA,Talia Dominello; Ana Širović,Marine animal studies overview; Arctic and Antarctic ice dynamics; Underwater Acoustics Research,Ecology; Atmospheric Science; Oceanography,NA,43,5
Whale distribution in relation to prey abundance and oceanographic processes in shelf waters of the Western Antarctic Peninsula,"Author Posting. © Inter-Research, 2006. This article is posted here by permission of Inter-Research for personal use, not for redistribution. The definitive version was published in Marine Ecology Progress Series 317 (2006): 297-310, doi:10.3354/meps317297.",2006,https://doi.org/10.3354/meps317297,article,https://www.int-res.com/articles/meps2006/317/m317p297.pdf,AS Friedlaender; PN Halpin; Song S. Qian; GL Lawson; Peter H. Wiebe; Deborah Thiele; AJ Read,Marine animal studies overview; Marine and fisheries research; Arctic and Antarctic ice dynamics,Ecology; Global and Planetary Change; Atmospheric Science,https://www.int-res.com/articles/meps2006/317/m317p297.pdf,231,6
Return movement of a humpback whale between the Antarctic Peninsula and American Samoa: a seasonal migration record,"Humpback whales Megaptera novaeangliae are seasonal migrants that mate and calve at low latitudes and feed at mid- to high latitudes. Connections between most Southern Hemisphere breeding and feeding areas are not well understood, but are critical for assessing stock structure and human impacts. Photo-identification was performed to identify the feeding grounds of an Endangered sub-population that breeds in the central South Pacific Ocean (CSP). Identification photographs were obtained from 159 ind. at American Samoa and compared to 3508 Southern Hemisphere humpback whales in the Antarctic Humpback Whale Catalogue (AHWC), including 1352 from Antarctic feeding grounds. Two individuals from American Samoa were seen on 3 occasions at the Antarctic Peninsula. This is the first known feeding site for American Samoa and one of few reliably identified for the CSP. AHWC #2950 was confirmed to have undertaken a round-trip movement of no less than 18 840 km, spanning 108 longitudinal degrees. This represents the largest mammalian migration known to date and a departure from historical assumptions about CSP migratory patterns. The frequency, causes, and fitness implications of such movements have yet to be determined. However, distance is the only known extrinsic barrier to humpback whale movement within oceans, and so maximum individual range is 1 factor potentially affecting population exchange and colonization of new habitats. The movement documented here may place this Endangered sub-population at risk if conservation efforts are relaxed in unidentified parts of its range. Yet, the ability of humpback whales to undertake such extensive movements may have also contributed to the apparent recovery of some populations versus other historically exploited whale species.",2010,https://doi.org/10.3354/esr00328,article,https://www.int-res.com/articles/esr_oa/n013p117.pdf,Jooke Robbins; Luciano Dalla Rosa; J. Allen; DK Mattila; Eduardo R. Secchi; AS Friedlaender; PT Stevick; DP Nowacek; D. Gentry Steele,Marine animal studies overview; Underwater Acoustics Research; Animal Vocal Communication and Behavior,Ecology; Oceanography; Developmental Biology,https://www.int-res.com/articles/esr_oa/n013p117.pdf,90,7
"Population abundance of recovering humpback whales Megaptera novaeangliae and other baleen whales in the Scotia Arc, South Atlantic","Following the cessation of whaling, South Atlantic populations of humpback Megaptera novaeangliae and some other baleen whale species are recovering, but there has been limited monitoring of their recovery in the Scotia Arc, a former whaling epicentre and a hotspot for Antarctic krill Euphausia superba . To inform the management of krill fisheries, up-to-date assessment of whale biomass and prey consumption is essential. Using a model-based approach, we provide the first estimates of whale abundance and krill consumption for South Georgia and the South Sandwich Islands and total abundance of humpback whales across their southwestern Atlantic feeding grounds, using data collected in 2019. Humpback whale abundance was estimated at 24543 (coefficient of variation, CV = 0.26; 95% CI = 14863-40528), similar to that measured in Brazil on the main wintering ground for this population. The abundance of baleen whales in South Georgia and the South Sandwich Islands, including those not identified to species level, was estimated at 43824 (CV = 0.15, 95% CI = 33509-59077). Based on the proportion of humpback whales identified during the surveys (83%), the majority of these are likely to be humpback whales. Annual krill consumption by baleen whales was estimated to be in the range 4.8 to 7.2 million tons, representing 7 to 10% of the estimated krill biomass in the region. However, there is a need to better understand feeding rates in baleen whales, and further research into this field should be a priority to improve the accuracy and precision of prey consumption rate estimation.",2021,https://doi.org/10.3354/meps13849,article,http://nora.nerc.ac.uk/id/eprint/530411/1/Scotia%20Arc%20whale%20abundance%20accepted.pdf,Mick Baines; Natalie Kelly; Maren Reichelt; Claire Lacey; Shane D. Pinder; Sophie Fielding; Eugene J. Murphy; PN Trathan; Martin Biuw; Ulf Lindstrøm; BA Krafft; Jennifer A. Jackson,Marine animal studies overview; Marine and fisheries research; Arctic and Antarctic ice dynamics,Ecology; Global and Planetary Change; Atmospheric Science,NA,34,8
Seasonal variability in whale encounters in the Western Antarctic Peninsula,NA,2004,https://doi.org/10.1016/j.dsr2.2004.07.007,article,NA,Deborah Thiele; Edwin T. Chester; Sue E. Moore; Ana Širović; John A. Hildebrand; Ari S. Friedlaender,Marine animal studies overview; Arctic and Antarctic ice dynamics; Marine and fisheries research,Ecology; Atmospheric Science; Global and Planetary Change,NA,90,9
Initial density estimates of humpback whales Megaptera novaeangliae in the inshore waters of the western Antarctic Peninsula during the late autumn,"ESR Endangered Species Research Contact the journal Facebook Twitter RSS Mailing List Subscribe to our mailing list via Mailchimp HomeLatest VolumeAbout the JournalEditorsSpecials ESR 18:63-71 (2012) - DOI: https://doi.org/10.3354/esr00395 Initial density estimates of humpback whales Megaptera novaeangliae in the inshore waters of the western Antarctic Peninsula during the late autumn D. W. Johnston1,*, A. S. Friedlaender1, A. J. Read1, D. P. Nowacek1,2 1Division of Marine Science and Conservation, Nicholas School of the Environment, Duke University Marine Laboratory, 135 Duke Marine Lab Rd., Beaufort, North Carolina 28516, USA 2Pratt School of Engineering, Duke University, Durham, North Carolina 27708, USA *Email: david.johnston@duke.edu ABSTRACT: In the Southern Ocean, humpback whales Megaptera novaeangliae were depleted by commercial whaling operations during the 20th century, but many populations now appear to be recovering. Previous surveys of whale distribution along the western Antarctic Peninsula (WAP) suggested that humpbacks feed on krill swarms over the continental shelf during the summer, but little is known about their movements and densities during autumn, when krill begin to seek inshore refugia for overwintering. Here we present estimates of humpback whale densities in some inshore regions of the WAP during the late autumn. We surveyed 653.9 km of track line in the Gerlache Strait and adjacent bays during 26 April to 1 June 2009. We detected 371 groups of humpback whales in a distance sampling framework that allowed us to calculate estimates of whale density along track lines in open and enclosed habitats within our study area. Density estimates along track lines ranged from 0.02 to 1.75 whales km−2; the highest densities were found along track lines in the enclosed regions of Wilhelmina Bay, the Errera Channel, and Andvord Bay. These results provide preliminary insight into the density and distribution of WAP humpbacks and indicate that large numbers of whales remain in Antarctic feeding grounds late into autumn. This study also provides details on the difficulties in estimating density of whales in the inshore regions of the WAP using traditional line transect/distance sampling methods, and provides direction for future studies including the use of model-based approaches to estimating whale densities in this region. KEY WORDS: Humpback whale · Western Antarctic Peninsula · Density · Line transect Full text in pdf format PreviousNextCite this article as: Johnston DW, Friedlaender AS, Read AJ, Nowacek DP (2012) Initial density estimates of humpback whales Megaptera novaeangliae in the inshore waters of the western Antarctic Peninsula during the late autumn. Endang Species Res 18:63-71. https://doi.org/10.3354/esr00395 Export citation Mail this link - Contents Mailing Lists - RSS Facebook - Tweet - linkedIn Cited by Published in ESR Vol. 18, No. 1. Online publication date: July 30, 2012 Print ISSN: 1863-5407; Online ISSN: 1613-4796 Copyright © 2012 Inter-Research.",2011,https://doi.org/10.3354/esr00395,article,https://www.int-res.com/articles/esr_oa/n018p063.pdf,David W. Johnston; AS Friedlaender; AJ Read; DP Nowacek,Marine animal studies overview; Arctic and Antarctic ice dynamics; Underwater Acoustics Research,Ecology; Atmospheric Science; Oceanography,https://www.int-res.com/articles/esr_oa/n018p063.pdf,28,10
Seasonal gain in body condition of foraging humpback whales along the Western Antarctic Peninsula,"Most baleen whales are capital breeders that use stored energy acquired on foraging grounds to finance the costs of migration and reproduction on breeding grounds. Body condition reflects past foraging success and can act as a proxy for individual fitness. Hence, monitoring the seasonal gain in body condition of baleen whales while on the foraging grounds can inform how marine mammals support the costs of migration, growth, and reproduction, as well as the nutritional health of the overall population. Here, we use photogrammetry from drone-based imagery to examine how the body condition of humpback whales ( Megaptera novaeangliae ) changed over the foraging season (November to June) along the Western Antarctic Peninsula (WAP) from 2017 to 2019. This population (IWC stock G) is recovering from past whaling and is growing rapidly, providing an opportunity to study how whales store energy in a prey-rich environment. We used a body area index (BAI) to estimate changes in body condition and applied a Bayesian approach to incorporate measurement uncertainty associated with different drone types used for data collection. We used biopsy samples to determine sex and pregnancy status, and a length-based maturity classification to assign reproductive classes ( n = 228; calves = 31, juveniles = 82, lactating females = 31, mature males = 12, mature unknown sex = 56, non-pregnant females = 12, pregnant females = 3, pregnant &amp;amp; lactating females = 1). Average BAI increased linearly over the feeding season for each reproductive class. Lactating females had lower BAI compared to other mature whales late in the season, reflecting the high energetic costs of nursing a calf. Mature males and non-pregnant females had the highest BAI values. Calves and juvenile whales exhibited an increase in BAI but not structural size (body length) over the feeding season. The body length of lactating mothers was positively correlated with the body length of their calves, but no relationship was observed between the BAI of mothers and their calves. Our study establishes a baseline for seasonal changes in the body condition for this humpback whale population, which can help monitor future impacts of disturbance and climate change.",2022,https://doi.org/10.3389/fmars.2022.1036860,article,https://www.frontiersin.org/articles/10.3389/fmars.2022.1036860/pdf,K. C. Bierlich; Joshua Hewitt; Robert S. Schick; Logan J. Pallin; Julian Dale; Ari S. Friedlaender; Fredrik Christiansen; Kate R. Sprogis; Allison H. Dawn; Clara N. Bird; Gregory D. Larsen; Ross Nichols; Michelle R. Shero; Jeremy A. Goldbogen; Andrew J. Read; David W. Johnston,Marine animal studies overview; Arctic and Antarctic ice dynamics,Ecology; Atmospheric Science,https://www.frontiersin.org/articles/10.3389/fmars.2022.1036860/pdf,43,11
Abundance of Type A killer whales (Orcinus orca) in the coastal waters off the western Antarctic Peninsula,NA,2019,https://doi.org/10.1007/s00300-019-02534-z,article,NA,Holly Fearnbach; John W. Durban; David K. Ellifrit; Robert L. Pitman,Marine animal studies overview; Arctic and Antarctic ice dynamics; Marine and coastal plant biology,Ecology; Atmospheric Science; Oceanography,NA,13,12
"Seasonal and diel cycles of fin whale acoustic occurrence near Elephant Island, Antarctica","This study investigates the relevance of the Elephant Island (EI) region for Southern Hemisphere fin whales ( Balaenoptera physalus ) in their annual life cycle. We collected 3 years of passive acoustic recordings (January 2013 to February 2016) northwest of EI to calculate time series of fin whale acoustic indices, daily acoustic occurrence, spectrograms, as well as the abundance of their 20 Hz pulses. Acoustic backscatter strength, sea ice concentration and chlorophyll-a composites provided concurrent environmental information for graphic comparisons. Acoustic interannual, seasonal and diel patterns together with visual information and literature resources were used to define the period of occupancy and to infer potential drivers for their behaviour. Spectral results suggest that these fin whales migrate annually to and from offshore central Chile. Acoustic data and visual information reveal their arrival at EI in December to feed without producing their typical 20 Hz pulse. For all 3 years, acoustic activity commences in February, peaks in May and decreases in August, in phase with the onset of their breeding season. Our results emphasize the importance of EI for fin whales throughout most of the year. Our recommendation is to consider EI for establishing a marine protected area to expedite the recovery of this vulnerable species.",2021,https://doi.org/10.1098/rsos.201142,article,https://doi.org/10.1098/rsos.201142,Elke Burkhardt; Ilse van Opzeeland; Boris Cisewski; Ramona M. Mattmüller; Marlene Meister; Elena Schall; Stefanie Spiesecke; Karolin Thomisch; Sarah Zwicker; Olaf Boebel,Marine animal studies overview; Arctic and Antarctic ice dynamics; Underwater Acoustics Research,Ecology; Atmospheric Science; Oceanography,NA,24,13
"Encounter rates and abundance of humpback whales (Megaptera novaeangliae) in Gerlache and Bransfield Straits, Antarctic Peninsula","During the austral summer of 2006, the Projeto Baleias/Brazilian Antarctic Program (PROANTAR) conducted ship surveys for estimating whale encounter rates and abundance in Gerlache and Bransfield Straits, westward of the Antarctic Peninsula (edge between IWC Areas I and II). The encounter rate was higher in the Bransfield Strait (0.32 groups n. mile–1; 95% CI: 0.26–0.39) than in the Gerlache Strait (0.24 groups n. mile–1; 95% CI: 0.13–0.44), though the difference was not statistically evident. An abundance estimate using conventional distance sampling methods was computed only for the Bransfield Strait. The perpendicular distance data was best fitted by the half-normal model without adjustments. Derived abundance for the surveyed area was 865 humpback whales (95% CI = 656–1,141; CV = 14.13). This area represents only a small fraction of the Stock G feeding ground.",2020,https://doi.org/10.47536/jcrm.vi.312,article,https://journal.iwc.int/index.php/jcrm/article/download/312/79,Eduardo R. Secchi; Luciano Dalla Rosa; Paul Gerhard Kinas; Raquel F. Nicolette; Anne N. M. Rufino; Alexandre de Freitas Azevedo,Marine animal studies overview; Underwater Acoustics Research; Marine and coastal plant biology,Ecology; Oceanography; Oceanography,https://journal.iwc.int/index.php/jcrm/article/download/312/79,17,14
Seasonality of blue and fin whale calls west of the Antarctic Peninsula,"The calling seasonality of blue (Balaenoptera musculus) and fin (B. physalus) whales was assessed using acoustic data recorded on seven autonomous Acoustic Recording Packages (ARPs) deployed from March 2001 to February 2003 west of the Antarctic Peninsula. A minimum of 258,706 blue and 72,194 fin whale calls were detected. Blue whales were present year round and their calls were detected 177 days/year on average. Peak calling occurred in March and April, with a secondary peak in October and November. Calling was lowest between June and September, and in December. Calling fin whales were present between February and June (on the average 51 days/year), with peak calling in May. Sea ice concentrations were determined from the Special Sensor Microwave / Imager passive microwave data available through 31 December 2002. Sea ice generally formed a month later and retreated a month earlier in 2001 than in 2002 over all sites. During the entire deployment period, detected calls of both species of whales showed negative correlation with sea ice concentrations. Also, there appeared to be a northeast-southwest movement of calling whales along the continental shelf break, which could correspond to prey movement.",2003,https://doi.org/10.1109/oceans.2003.178423,article,NA,Ana Širović; John A. Hildebrand; Sean M. Wiggins; Sue E. Moore; Mark A. McDonald; Deborah Thiele,Marine animal studies overview; Arctic and Antarctic ice dynamics; Underwater Acoustics Research,Ecology; Atmospheric Science; Oceanography,NA,13,15
"Photo-identification of humpback whales, Megaptera novaeangliae, off the Antarctic peninsula: 1997/98 to 1999/2000",NA,2001,NA,article,NA,Luciano Dalla Rosa; Eduardo R. Secchi; Paul Gerhard Kinas; Marcos César de Oliveira Santos; Márcio Borges Martins; Alexandre N. Zerbini; Cláudia Bethlem,Marine animal studies overview; Underwater Acoustics Research,Ecology; Oceanography,NA,16,16
Intra‐season variations in distribution and abundance of humpback whales in the West Antarctic Peninsula using cruise vessels as opportunistic platforms,"Abstract Fine‐scale knowledge of spatiotemporal dynamics in cetacean distribution and abundance throughout the Western Antarctic Peninsula (WAP) is sparse yet essential for effective ecosystem‐based management (EBM). Cruise vessels were used as platforms of opportunity to collect data on the distribution and abundance of humpback whales ( Megaptera novaeangliae ) during the austral summer of 2019/2020 in a region that is also important for the Antarctic krill ( Euphausia superba ) fishery, to assess potential spatiotemporal interactions for future use in EBM. Data were analyzed using traditional design‐based line transect methodology and spatial density surface hurdle models fitted using a set of physical environmental covariates to estimate the abundance and distribution of whales in the area, and to describe their temporal dynamics. Our results indicate a rapid increase in humpback whale abundance in the Bransfield and Gerlache Straits through December, reaching a stable abundance by mid‐January. The distribution of humpback whales appeared to change from a patchier distribution in the northern Gerlache Strait to a significantly concentrated presence in the central Gerlache and southern Bransfield Straits, followed by a subsequent dispersion throughout the area. Abundance estimates agreed well with previous literature, increasing from approximately 7000 individuals in 2000 to a peak of 19,107 in 2020. Based on these estimates, we project a total krill consumption of between 1.4 and 3.7 million tons based on traditional and contemporary literature on per capita krill consumption of whales, respectively. When taken in the context of krill fishery catch data in the study area, we conclude that there is minimal spatiotemporal overlap between humpback whales and fishery activity during our study period of November–January. However, there is potential for significant interaction between the two later in the feeding season, but cetacean survey efforts need to be extended into late season in order to fully characterize this potential overlap.",2022,https://doi.org/10.1002/ece3.8571,article,https://onlinelibrary.wiley.com/doi/pdfdirect/10.1002/ece3.8571,John Elling Deehr Johannessen; Martin Biuw; Ulf Lindstrøm; Victoria Marja Sofia Ollus; Lucía Martina Martín López; Kalliopi C. Gkikopoulou; W. Chris Oosthuizen; Andrew Lowther,Marine animal studies overview; Arctic and Antarctic ice dynamics; Marine and coastal plant biology,Ecology; Atmospheric Science; Oceanography,https://onlinelibrary.wiley.com/doi/pdfdirect/10.1002/ece3.8571,15,17
Identifying seasonal distribution patterns of fin whales across the Scotia Sea and the Antarctic Peninsula region using a novel approach combining habitat suitability models and ensemble learning methods,"Following their near extirpation by industrial whaling of the 20 th century, the population status of Southern Hemisphere fin whales (SHFW) remains unknown. Systematic surveys estimating fin whale abundance in the Southern Ocean are not yet available. Records of fin whale sightings have been collected by a variety of organisations over the past few decades, incorporating both opportunistic data and dedicated survey data. Together, these isolated data sets represent a potentially valuable source of information on the seasonality, distribution and abundance of SHFW. We compiled records across 40 years from the Antarctic Peninsula and Scotia Sea from multiple sources and used a novel approach combining ensemble learning and a maximum entropy model to estimate abundance and distribution of SHFW in this region. Our results show a seasonal distribution pattern with pronounced centres of distribution from January-March along the West Antarctic Peninsula. Our new approach allowed us to estimate abundance of SHFW for discrete areas from a mixed data set of mainly opportunistic presence only data.",2022,https://doi.org/10.3389/fmars.2022.1040512,article,https://doi.org/10.3389/fmars.2022.1040512,Sacha Viquerat; Claire M. Waluda; Amy S. Kennedy; Jennifer A. Jackson; Marta Hevia; Emma L. Carroll; Danielle L. Buss; Elke Burkhardt; Scott Thain; Patrick Smith; Eduardo R. Secchi; Jarrod A. Santora; Christian S. Reiss; Ulf Lindstrøm; Bjørn A. Krafft; George Gittins; Luciano Dalla Rosa; Martin Biuw; Helena Herr,Marine animal studies overview; Avian ecology and behavior; Animal Vocal Communication and Behavior,Ecology; Ecology; Developmental Biology,NA,14,18
"Spatial distribution patterns of southern bottlenose whales, Hyperoodon planifrons, near the South Shetland Islands, Antarctica",NA,2010,https://doi.org/10.1111/j.1748-7692.2010.00377.x,article,NA,Jarrod A. Santora; Emmel T. Brown,Marine animal studies overview; Arctic and Antarctic ice dynamics; Animal Vocal Communication and Behavior,Ecology; Atmospheric Science; Developmental Biology,NA,13,19
Three forms of killer whales (Orcinus orca) in Antarctic waters,"This paper provides field descriptions and biological observations of three different forms of killer whale (Orcinus orca) that occur in Antarctica based on field observations and a review of available photographs. Identifications were based on the relative size and orientation of the white eyepatch and the presence or absence of a dorsal cape. Type A (presumably the nominate form) has a medium-sized eyepatch oriented parallel to the body axis, no dorsal cape, it occurs mainly off-shore in ice-free water, has a circumpolar distribution and apparently preys mainly upon Antarctic minke whales (Balaenoptera bonaerensis). Type B also has an eyepatch oriented parallel to the body axis, but the eyepatch is at least twice as large as in Type A, it has a dorsal cape, mainly inhabits inshore waters, regularly occurs in pack-ice, is distributed around the continent and is regularly sighted in the Antarctic Peninsula area. Although it may also prey upon Antarctic minke whales and possibly humpback whales (Megaptera novaeangliae), seals seem to be the most important prey item. Type C has a small, forward-slanted eyepatch, a dorsal cape, inhabits inshore waters and lives mainly in the pack-ice; it occurs mostly off East Antarctica, and to date it has been recorded feeding only on Antarctic toothfish (Dissostichus mawsoni). Type C appears to be referable to Orcinus glacialis as described by Berzin and Vladimirov (1983). Although similar ecological specialisations have been reported for sympatric killer whale populations in the Northeast Pacific (i.e. an inshore mammal-eater, an inshore fish-eater and an offshore form), the extent of morphological divergence, habitat segregation and, perhaps, reproductive isolation, appears to be more pronounced among Antarctic populations. Although under a Biological Species Concept these forms appear to warrant separate species status, it will be important to show that this interpretation is consistent with results of molecular genetic analyses and additional morphological studies.",2023,https://doi.org/10.47536/jcrm.v5i2.813,article,https://journal.iwc.int/index.php/jcrm/article/download/813/534,Robert L. Pitman; Paul Ensor,Marine animal studies overview; Polar Research and Ecology; Marine and coastal plant biology,Ecology; Ecology; Oceanography,https://journal.iwc.int/index.php/jcrm/article/download/813/534,289,20
A decade of photo‐identification reveals contrasting abundance and trends of Type B killer whales in the coastal waters of the Antarctic Peninsula,"Abstract The Antarctic Peninsula (AP) is rapidly warming and empirical data on abundance trends of marine organisms are required to understand the impact of these physical changes, and interacting anthropogenic impacts, on the ecosystem. Recent estimates inferred increasing abundance of Type A killer whales at the top of this food chain, and here we provide new data on the abundance of Type B1 and B2 killer whales using photographic mark‐recaptures collected during austral summers from 2008/2009 to 2017/2018. Both ecotypes were regularly photographed around the AP coastline, particularly off the west side, and individuals of both showed site fidelity across years. B1s had a higher re‐identification rate (58% photographed in multiple years, range: 1–7 years) compared to B2s (31%, 1–4 years). We fit mark‐recapture models that allowed temporary emigration beyond the study area, to effectively monitor the size of wide‐ranging populations and documented contrasting trends for B1s and B2s. A smaller population size (~102) of B1s was estimated to use the area, with a declining trend in abundance (−4.7% per year) and reduced apparent survival in recent years. In contrast, a much larger population size (~740) of B2s was estimated to be generally stable in abundance and apparent survival over the past decade.",2021,https://doi.org/10.1111/mms.12846,article,https://onlinelibrary.wiley.com/doi/pdfdirect/10.1111/mms.12846,Holly Fearnbach; John W. Durban; David K. Ellifrit; Adolfo Roman Ramos Paredes; Leigh S. Hickmott; Robert L. Pitman,Marine animal studies overview; Avian ecology and behavior; Marine and coastal plant biology,Ecology; Ecology; Oceanography,https://onlinelibrary.wiley.com/doi/pdfdirect/10.1111/mms.12846,3,21
On the distribution and movements of whales on the South Georgia and South Shetland whaling grounds,NA,1932,NA,book,NA,Stanley Kemp; A. G. Bennett,Marine animal studies overview; Marine and coastal plant biology,Ecology; Oceanography,NA,31,22
Cetacean distribution in relation to environmental parameters between Drake Passage and northern Antarctic Peninsula,NA,2019,https://doi.org/10.1007/s00300-019-02607-z,article,NA,Manuela Bassoi; Jorge Acevedo; Eduardo R. Secchi; Anelio Aguayo‐Lobo; Luciano Dalla Rosa; Daniel Torres; Marcos César de Oliveira Santos; Alexandre de Freitas Azevedo,Marine animal studies overview; Arctic and Antarctic ice dynamics; Marine and coastal plant biology,Ecology; Atmospheric Science; Oceanography,NA,14,23
Blue and fin whale call source levels and propagation range in the Southern Ocean,"Blue (Balaenoptera musculus) and fin whales (B. physalus) produce high-intensity, low-frequency calls, which probably function for communication during mating and feeding. The source levels of blue and fin whale calls off the Western Antarctic Peninsula were calculated using recordings made with calibrated, bottom-moored hydrophones. Blue whales were located up to a range of 200km using hyperbolic localization and time difference of arrival. The distance to fin whales, estimated using multipath arrivals of their calls, was up to 56km. The error in range measurements was 3.8km using hyperbolic localization, and 3.4km using multipath arrivals. Both species produced high-intensity calls; the average blue whale call source level was 189±3dB re:1μPa-1m over 25–29Hz, and the average fin whale call source level was 189±4dB re:1μPa-1m over 15–28Hz. Blue and fin whale populations in the Southern Ocean have remained at low numbers for decades since they became protected; using source level and detection range from passive acoustic recordings can help in calculating the relative density of calling whales.",2007,https://doi.org/10.1121/1.2749452,article,NA,Ana Širović; John A. Hildebrand; Sean M. Wiggins,Marine animal studies overview; Underwater Acoustics Research; Animal Vocal Communication and Behavior,Ecology; Oceanography; Developmental Biology,NA,255,24
"Analysis of GNSS Time Series Recorded on South Shetland Island and Antarctic Peninsula during the Geodynamic Activity in 2020 of the Orca Underwater Volcano (Brandfield Sea Rift, Antarctica)","The region defined by the South Shetland Islands, Bransfield Sea, and Antarctic Peninsula has complex geodynamic activity resulting from the active subduction process of the Phoenix Plate under the Antarctic Plate. This subduction produces a rift of expansion along the Bransfield Sea basin between the South Shetland Islands and the Antarctic Peninsula. There is also a chain of submarine (Orca, Three Sisters, and Building A) and emerged (Deception and Pinguin) volcanoes. In 2020, there was intense seismic activity around the Orca volcano with earthquakes of up to 6.9 Mw. This paper presents displacement models of this seismic activity produced in the region. The geodetic time series of the GNSS stations located in the region were analyzed: UYBA at the Uruguayan Artigas Antarctic Base (King George Island) and PAL2 at the U.S. Palmer Antarctic Base (Anvers Island). These data were taken from the Nevada Geodetic Laboratory.",2023,https://doi.org/10.3390/engproc2023039025,article,https://www.mdpi.com/2673-4591/39/1/25/pdf?version=1688092829,Belén Rosado; Alejandro Pérez-Peña; Paola Barba; Javier Ramírez-Zelaya; Enrique Carmona; Rosa Martín; Vanessa Jiménez; Jorge Gárate; Amós de Gil; Manuel Berrocoso,Geology and Paleoclimatology Research; earthquake and tectonic studies; Geophysics and Gravity Measurements,Atmospheric Science; Geophysics; Oceanography,https://www.mdpi.com/2673-4591/39/1/25/pdf?version=1688092829,2,25
"Cooperative hunting behavior, prey selectivity and prey handling by pack ice killer whales (<i>Orcinus orca</i>), type B, in Antarctic Peninsula waters","Abstract Currently, there are three recognized ecotypes (or species) of killer whales ( Orcinus orca ) in Antarctic waters, including type B, a putative prey specialist on seals, which we refer to as “pack ice killer whale” (PI killer whale). During January 2009, we spent a total of 75.4 h observing three different groups of PI killer whales hunting off the western Antarctic Peninsula. Observed prey taken included 16 seals and 1 Antarctic minke whale ( Balaenoptera bonaerensis ). Weddell seals ( Leptonychotes weddellii ) were taken almost exclusively (14/15 identified seal kills), despite the fact that they represented only 15% of 365 seals identified on ice floes; the whales entirely avoided taking crabeater seals ( Lobodon carcinophaga ; 82% relative abundance) and leopard seals ( Hydrurga leptonyx ; 3%). Of the seals killed, the whales took 12/14 (86%) off ice floes using a cooperative wave‐washing behavior; they produced 120 waves during 22 separate attacks and successfully took 12/16 (75%) of the Weddell seals attacked. The mean number of waves produced per successful attack was 4.1 (range 1–10) and the mean attack duration was 30.4 min (range 15–62). Seal remains that we examined from one of the kills provided evidence of meticulous postmortem prey processing perhaps best termed “butchering.”",2011,https://doi.org/10.1111/j.1748-7692.2010.00453.x,article,NA,Robert L. Pitman; John W. Durban,Marine animal studies overview; Arctic and Antarctic ice dynamics; Ocean Acidification Effects and Responses,Ecology; Atmospheric Science; Oceanography,NA,177,26
Spatial association between hotspots of baleen whales and demographic patterns of Antarctic krill Euphausia superba suggests size-dependent predation,"MEPS Marine Ecology Progress Series Contact the journal Facebook Twitter RSS Mailing List Subscribe to our mailing list via Mailchimp HomeLatest VolumeAbout the JournalEditorsTheme Sections MEPS 405:255-269 (2010) - DOI: https://doi.org/10.3354/meps08513 Spatial association between hotspots of baleen whales and demographic patterns of Antarctic krill Euphausia superba suggests size-dependent predation Jarrod A. Santora1,2,*, Christian S. Reiss2, Valerie J. Loeb3, Richard R. Veit4 1Farallon Institute for Advanced Ecosystem Research, PO Box 750756, Petaluma, California 94952, USA 2Antarctic Ecosystem Research Division, Southwest Fisheries Science Center, 3333 Torrey Pines Ct., La Jolla, California 92037, USA 3Moss Landing Marine Laboratories, 8272 Moss Landing Road, Moss Landing, California 95039, USA 4Biology Department, College of Staten Island, City University of New York, 2800 Victory Boulevard, Staten Island, New York 10314, USA *Email: jasantora@gmail.com ABSTRACT: We examined the spatial association between baleen whales and their principal prey, Antarctic krill Euphausia superba near the South Shetland Islands (Antarctic Peninsula) using data collected by the US Antarctic Marine Living Resources (AMLR) program during January surveys from 2003 through 2007. Whale distributions were determined using ship-based visual surveys, while data on krill distribution, abundance, and demographic characteristics were derived from net hauls. Approximately 25000 km of transects and 500 net hauls were sampled over 5 yr. We defined hotspots based on statistical criteria to describe persistent areas of occurrence of both whales and krill. Hotspots were identified, and whales and krill length-maturity classes exhibited distinct spatial segregation in their distribution patterns. We found that baleen whales aggregated to krill hotspots that differed in size structure. Humpback whales Megaptera novaeangliae were associated with small (<35 mm) juvenile krill in Bransfield Strait, whereas fin whales Balaenoptera physalus were associated with large (>45 mm) mature krill located offshore. Overlapping these size-dependent krill distributions, Antarctic minke whales B. bonaerensis were associated with intermediate sized krill (35–44 mm). The correlation among different whale species and krill swarms of differing size composition presents an intriguing pattern that deserves further study. KEY WORDS: Antarctica · Euphausia superba · Krill · Fin whale · Humpback whale · Minke whale · Spatial association · Hotspot Full text in pdf format PreviousNextCite this article as: Santora JA, Reiss CS, Loeb VJ, Veit RR (2010) Spatial association between hotspots of baleen whales and demographic patterns of Antarctic krill Euphausia superba suggests size-dependent predation. Mar Ecol Prog Ser 405:255-269. https://doi.org/10.3354/meps08513 Export citation RSS - Facebook - Tweet - linkedIn Cited by Published in MEPS Vol. 405. Online publication date: April 29, 2010 Print ISSN: 0171-8630; Online ISSN: 1616-1599 Copyright © 2010 Inter-Research.",2010,https://doi.org/10.3354/meps08513,article,https://www.int-res.com/articles/meps2010/405/m405p255.pdf,JA Santora; CS Reiss; VJ Loeb; RR Veit,Marine animal studies overview; Arctic and Antarctic ice dynamics; Marine and fisheries research,Ecology; Atmospheric Science; Global and Planetary Change,https://www.int-res.com/articles/meps2010/405/m405p255.pdf,121,27
"Super-Aggregations of Krill and Humpback Whales in Wilhelmina Bay, Antarctic Peninsula","Ecological relationships of krill and whales have not been explored in the Western Antarctic Peninsula (WAP), and have only rarely been studied elsewhere in the Southern Ocean. In the austral autumn we observed an extremely high density (5.1 whales per km(2)) of humpback whales (Megaptera novaeangliae) feeding on a super-aggregation of Antarctic krill (Euphausia superba) in Wilhelmina Bay. The krill biomass was approximately 2 million tons, distributed over an area of 100 km(2) at densities of up to 2000 individuals m(-3); reports of such 'super-aggregations' of krill have been absent in the scientific literature for >20 years. Retentive circulation patterns in the Bay entrained phytoplankton and meso-zooplankton that were grazed by the krill. Tagged whales rested during daylight hours and fed intensively throughout the night as krill migrated toward the surface. We infer that the previously unstudied WAP embayments are important foraging areas for whales during autumn and, furthermore, that meso-scale variation in the distribution of whales and their prey are important features of this system. Recent decreases in the abundance of Antarctic krill around the WAP have been linked to reductions in sea ice, mediated by rapid climate change in this area. At the same time, baleen whale populations in the Southern Ocean, which feed primarily on krill, are recovering from past exploitation. Consideration of these features and the effects of climate change on krill dynamics are critical to managing both krill harvests and the recovery of baleen whales in the Southern Ocean.",2011,https://doi.org/10.1371/journal.pone.0019173,article,https://journals.plos.org/plosone/article/file?id=10.1371/journal.pone.0019173&type=printable,Douglas P. Nowacek; Ari S. Friedlaender; Patrick N. Halpin; Elliott L. Hazen; David W. Johnston; Andrew J. Read; Boris Espinasse; Meng Zhou; Yiwu Zhu,Marine animal studies overview; Arctic and Antarctic ice dynamics; Marine and fisheries research,Ecology; Atmospheric Science; Global and Planetary Change,https://journals.plos.org/plosone/article/file?id=10.1371/journal.pone.0019173&type=printable,178,28
"Hydroacoustic monitoring of the Bransfield Strait and Drake Passage, Antarctica: A first analysis of seafloor seismicity, cryogenic acoustic sources, and cetacean vocalizations","Abstract In November 2005, our research consortium deployed an Autonomous Underwater Hydrophone (AUH) array to begin long-term hydroacoustic monitoring of the waters in the Bransfield Strait and the Drake Passage. The array takes advantage of the efficient propagation of sound in the oceans to detect, locate, and analyze the distribution of small- to moderate-size earthquakes along the South Shetland Islands, Bransfield Strait, and Scotia Sea. Preliminary review indicates the hydrophones recorded hundreds of earthquakes from the seafloor spreading centers and submarine volcanoes within the Bransfield Strait, as well as events from the subduction zone off the South Shetland Islands and from throughout the Scotia Sea. Moreover, we have observed harmonic tremor produced by the movement of large icebergs, and have detected the vocalizations of several critically endangered cetacean species. Citation: Dziak, R. P., M. Park, H. Matsumoto, D. R. Bohnenstiehl, J. H. Haxel, D. K. Mellinger, K. Stafford, and Won Sang Lee (2007), Hydroacoustic monitoring of the Bransfield Strait and Drake Passage, Antarctica: A first analysis of seafloor seismicity, cryog enic acoustic sources, and cetacean vocalizations, in Antarctica: A Keystone in a Changing World—Online Proceedings of the 10",2007,NA,article,NA,Robert P. Dziak; M. Park; H. Matsumoto; D. R. Bohnenstiehl; J. H. Haxel; David K. Mellinger; Kathleen M. Stafford; Won Sang Lee,Underwater Acoustics Research; Seismic Waves and Analysis; Geology and Paleoclimatology Research,Oceanography; Geophysics; Atmospheric Science,NA,3,29
Blue and fin whale acoustic presence around Antarctica during 2003 and 2004,"Abstract Seasonal and spatial variations of blue ( Balaenoptera musculus ) and fin whale ( B. physalus ) calls were analyzed from recordings collected with Acoustic Recording Packages (ARPs) deployed between January 2003 and July 2004 at four circumpolar locations: the Western Antarctic Peninsula (WAP), the Scotia Sea (SS), Eastern Antarctica (EA), and the Ross Sea (RS). Call characteristics were compared among sites using the average pressure spectrum levels from 1 month of data at each location. Presence of calls was analyzed using automatic call detection and acoustic power analysis methods. Blue whale calls were recorded year‐round, with the highest detections in February–May and November. This suggests that the blue whale population may not migrate synchronously, and may indicate long duration calls are more common during migrations. Fin whale calls were detected only during February–July. Two distinct fin whale call types were recorded, suggesting a possible separation into two populations. The calls at the EA site had a secondary frequency peak in the pressure spectrum at 99 Hz and the calls at the WAP and the SS sites had a peak at 89 Hz. No fin whale calls were detected at the RS site. Acoustics are a good tool to monitor large whales in the Southern Ocean.",2008,https://doi.org/10.1111/j.1748-7692.2008.00239.x,article,NA,Ana Širović; John A. Hildebrand; Sean M. Wiggins; Deborah Thiele,Marine animal studies overview; Underwater Acoustics Research; Animal Vocal Communication and Behavior,Ecology; Oceanography; Developmental Biology,NA,142,30
Isotopic evidence of the effect of warming on the northern Antarctic Peninsula ecosystem,NA,2017,https://doi.org/10.1016/j.dsr2.2017.12.020,article,NA,Elisa Seyboth; Silvina Botta; Carlos Rafael Borges Mendes; Javier Negrete; Luciano Dalla Rosa; Eduardo R. Secchi,Marine animal studies overview; Isotope Analysis in Ecology; Marine Bivalve and Aquaculture Studies,Ecology; Ecology; Global and Planetary Change,NA,55,31
Modeling Distribution and Abundance of Antarctic Baleen Whales Using Ships of Opportunity,"Information on animal abundance and distribution is at the cornerstone of many wildlife and conservation strategies. However, these data can be difficult and costly to obtain for cetacean species. The expense of sufficient ship time to conduct design-unbiased line transect surveys may be simply out of reach for researchers in many countries, which nonetheless grapple with problems of conservation of endangered species, by-catch of small cetaceans in commercial fisheries, and progression toward ecosystem-based fisheries management. Recently developed spatial modeling techniques show promise for estimating wildlife abundance using non-randomized surveys, but have yet to receive much field-testing in areas where designed surveys have also been conducted. Effort and sightings data were collected along 9 650 km of transects aboard ships of opportunity in the Southern Ocean during the austral summers of 2000-2001 and 2001-2002. Generalized additive models with generalized cross-validation were used to express heterogeneity of cetacean sightings as functions of spatial covariates. Models were used to map predicted densities and to estimate abundance of humpback, minke, and fin whales in the Drake Passage and along the Antarctic Peninsula. All species' distribution maps showed strong density gradients, which were robust to jackknife resampling when each of 14 trips was removed sequentially with replacement. Looped animations of model predictions of whale density illustrate uncertainty in distribution estimates in a way that is informative to non-scientists. The best abundance estimate for humpback whales was 1 829 (95% CI: 978-3 422). Abundance of fin whales was 4 487 (95% CI: 1 326-15 179) and minke whales was 1,544 (95% CI: 1,221-1,953). These estimates agreed roughly with those reported from a designed survey conducted in the region during the previous austral summer. These estimates assumed that all animals on the trackline were detected, but preliminary results suggest that any negative bias due to violation of this assumption was likely small. Similarly, current methodological limitations prohibit inclusion of all known sources of uncertainty in the favored variance estimator. Meanwhile, our approach can be seen generally as an inexpensive pilot study to identify areas of predicted high density that could be targeted to: inform stratified designs for future line transect surveys, making them less expensive and more precise; increase efficiency of future photo-identification or biopsy studies; identify candidate time-area fisheries closures to minimize by-catch; or direct ecotourism activities. The techniques are likely to apply to areas where funding is limiting, where cetacean studies or wilderness-based tourism are just beginning, or in regions where even a very rough estimate of animal abundance is needed for conservation or management purposes.",2006,https://doi.org/10.5751/es-01534-110101,article,https://www.ecologyandsociety.org/vol11/iss1/art1/ES-2005-1534.pdf,Rob Williams; Sharon L. Hedley; Philip S. Hammond,Marine animal studies overview; Scientific Research and Discoveries,Ecology; Statistical and Nonlinear Physics,https://www.ecologyandsociety.org/vol11/iss1/art1/ES-2005-1534.pdf,133,32
"Antarctic killer whales make rapid, round-trip movements to subtropical waters: evidence for physiological maintenance migrations?","Abstract Killer whales (Orcinus orca) are important predators in high latitudes, where their ecological impact is mediated through their movements. We used satellite telemetry to provide the first evidence of migration for killer whales, characterized by fast (more than 12 km h−1, 6.5 knots) and direct movements away from Antarctic waters by six of 12 type B killer whales tagged when foraging near the Antarctic Peninsula, including all tags transmitting for more than three weeks. Tags on five of these whales revealed consistent movements to subtropical waters (30–37° S) off Uruguay and Brazil, in surface water temperatures ranging from −1.9°C to 24.2°C; one 109 day track documented a non-stop round trip of almost 9400 km (5075 nmi) in just 42 days. Although whales travelled slower in the warmest waters, there was no obvious interruption in swim speed or direction to indicate calving or prolonged feeding. Furthermore, these movements were aseasonal, initiating over 80 days between February and April; one whale returned to within 40 km of the tagging site at the onset of the austral winter in June. We suggest that these movements may represent periodic maintenance migrations, with warmer waters allowing skin regeneration without the high cost of heat loss: a physiological constraint that may also affect other whales.",2011,https://doi.org/10.1098/rsbl.2011.0875,article,https://royalsocietypublishing.org/doi/pdf/10.1098/rsbl.2011.0875,John W. Durban; Robert L. Pitman,Marine animal studies overview; Arctic and Antarctic ice dynamics; Spaceflight effects on biology,Ecology; Atmospheric Science; Physiology,https://royalsocietypublishing.org/doi/pdf/10.1098/rsbl.2011.0875,138,33
"Model based Humpback, Fin whale and krill distribution - results of a snapshot study from the West Antarctic Peninsula",NA,2016,NA,article,NA,Helena Herr; Sacha Viquerat; Volker Siegel; Karl‐Hermann Kock; Boris Dorschel; Wilma G. C. Huneke; Astrid Bracher; Michael Schröder; Julian Gutt,Marine animal studies overview; Arctic and Antarctic ice dynamics,Ecology; Atmospheric Science,NA,2,34
"Ecological niche modeling of sympatric krill predators around Marguerite Bay, Western Antarctic Peninsula",NA,2010,https://doi.org/10.1016/j.dsr2.2010.11.018,article,NA,Ari S. Friedlaender; David W. Johnston; William R. Fraser; Jennifer M. Burns; Hari Satyanarayana N; Daniel P. Costa,Marine animal studies overview; Marine and fisheries research; Isotope Analysis in Ecology,Ecology; Global and Planetary Change; Ecology,NA,120,35
Autonomous Acoustic Recording Packages (ARPs) for Long-Term Monitoring of Whale Sounds,"Advancements in low-power and high-data capacity computer technology during the past decade have been adapted to autonomously record acoustic data from vocalizing whales over long time periods. Acoustic monitoring of whales has advantages over traditional visual surveys including greater detection ranges, continuous long-term monitoring in remote locations and in various weather conditions, and lower cost. An autonomous acoustic recording package (ARP) is described that uses a tethered hydrophone above a seafloor-mounted instrument frame. ARPs have been deployed to record baleen whale sounds in the Bering Sea, off the coast of southern California, near the West Antarctic Peninsula, and near Hawaii. ARP data have provided new information on the seasonal presence, abundance, call character, and patterns of vocalizing whales. Current development is underway for a broader-band, higher-data capacity system capable of recording odontocete whales, dolphins, and porpoises for long time periods.",2003,https://doi.org/10.4031/002533203787537375,article,https://doi.org/10.4031/002533203787537375,Sean M. Wiggins,Marine animal studies overview; Underwater Acoustics Research; Animal Vocal Communication and Behavior,Ecology; Oceanography; Developmental Biology,NA,95,36
Variability in krill biomass links harvesting and climate warming to penguin population changes in Antarctica,"The West Antarctic Peninsula (WAP) and adjacent Scotia Sea support abundant wildlife populations, many of which were nearly extirpated by humans. This region is also among the fastest-warming areas on the planet, with 5–6 °C increases in mean winter air temperatures and associated decreases in winter sea-ice cover. These biological and physical perturbations have affected the ecosystem profoundly. One hypothesis guiding ecological interpretations of changes in top predator populations in this region, the “sea-ice hypothesis,” proposes that reductions in winter sea ice have led directly to declines in “ice-loving” species by decreasing their winter habitat, while populations of “ice-avoiding” species have increased. However, 30 y of field studies and recent surveys of penguins throughout the WAP and Scotia Sea demonstrate this mechanism is not controlling penguin populations; populations of both ice-loving Adélie and ice-avoiding chinstrap penguins have declined significantly. We argue in favor of an alternative, more robust hypothesis that attributes both increases and decreases in penguin populations to changes in the abundance of their main prey, Antarctic krill. Unlike many other predators in this region, Adélie and chinstrap penguins were never directly harvested by man; thus, their population trajectories track the impacts of biological and environmental changes in this ecosystem. Linking trends in penguin abundance with trends in krill biomass explains why populations of Adélie and chinstrap penguins increased after competitors (fur seals, baleen whales, and some fishes) were nearly extirpated in the 19th to mid-20th centuries and currently are decreasing in response to climate change.",2011,https://doi.org/10.1073/pnas.1016560108,article,https://pnas.org/doi/full/10.1073/pnas.1016560108,Wayne Z. Trivelpiece; Jefferson T. Hinke; Aileen K. Miller; Christian S. Reiss; Susan G. Trivelpiece; George M. Watters,Marine animal studies overview; Arctic and Antarctic ice dynamics; Avian ecology and behavior,Ecology; Atmospheric Science; Ecology,https://pnas.org/doi/full/10.1073/pnas.1016560108,417,37
Return of large fin whale feeding aggregations to historical whaling grounds in the Southern Ocean,NA,2022,https://doi.org/10.1038/s41598-022-13798-7,article,https://www.nature.com/articles/s41598-022-13798-7.pdf,Helena Herr; Sacha Viquerat; Fredi Devas; Abigail Lees; Lucy Wells; Bertie Gregory; Ted Giffords; Dan Beecham; Bettina Meyer,Marine animal studies overview; Arctic and Antarctic ice dynamics; Marine and coastal plant biology,Ecology; Atmospheric Science; Oceanography,https://www.nature.com/articles/s41598-022-13798-7.pdf,59,38
Satellite-monitored movements of humpback whales Megaptera novaeangliae in the Southwest Atlantic Ocean,"MEPS Marine Ecology Progress Series Contact the journal Facebook Twitter RSS Mailing List Subscribe to our mailing list via Mailchimp HomeLatest VolumeAbout the JournalEditorsTheme Sections MEPS 313:295-304 (2006) - doi:10.3354/meps313295 Satellite-monitored movements of humpback whales Megaptera novaeangliae in the Southwest Atlantic Ocean Alexandre N. Zerbini1,*, Artur Andriolo2, Mads Peter Heide-Jørgensen3, José Luis Pizzorno4, Ygor G. Maia4, Glenn R. VanBlaricom1, Douglas P. DeMaster5, Paulo César Simões-Lopes6, Sérgio Moreira4, Cláudia Bethlem4 1Washington Cooperative Fish and Wildlife Research Unit, School of Aquatic and Fishery Sciences, University of Washington, Box 355020, Seattle, Washington 98195-5020, USA 2Departamento de Zoologia, Instituto de Ciências Biológicas, Universidade Federal de Juiz de Fora, Minas Gerais, Brazil 3Greenland Institute of Natural Resources, Box 570,3900 Nuuk, Greenland 4Projeto Monitoramento de Baleias por Satélite, R. Edgard Werneck 428/32, Rio de Janeiro 22763010, Brazil 5Alaska Fisheries Science Center, NOAA Fisheries, 7600 Sand Point Way NE, Seattle, Washington 98115, USA 6LAMAQ/ECZ, Universidade Federal de Santa Catarina, PO Box 5102, Florianópolis, Santa Catarina 88040-970, Brazil *Email: azerbini@u.washington.edu ABSTRACT: Southern Hemisphere humpback whales Megaptera novaeangliae migrate from wintering grounds in tropical latitudes to feeding areas in the Antarctic Ocean. It has been hypothesized that the population wintering off eastern South America migrates to feeding grounds near the Antarctic Peninsula (ca. 65°S, 60°W) and/or South Georgia (54°20S, 36°40W), but direct evidence to support this has never been presented. Between 19 and 28 October 2003, 11 humpback whales (7 females and 4 males) were instrumented with satellite transmitters off Brazil (ca. 18°30S, 39°30W) to investigate their movements and migratory destinations. Mean tracking time for the whales was 39.6 d (range = 5 to 205 d) and mean distance travelled was 1673 km per whale (range = 60 to 7258km). Movements on the wintering ground showed marked individual variation. Departure dates from the Brazilian coast ranged from late October to late December. Whales migrated south through oceanic waters at an average heading of 170° and travelled a relatively direct, linear path from wintering to feeding grounds. Two whales were tracked to feeding grounds in offshore areas near South Georgia and in the South Sandwich Islands (58°S, 26°W) after a 40 to 60 d long migration. Historical catches and current sighting information support these migratory routes and destinations. This study is the first to describe the movements of humpback whales in the western South Atlantic Ocean. KEY WORDS: Megaptera novaeangliae · Migration · Satellite telemetry · Wintering grounds · Feeding grounds · South Atlantic Ocean · South Georgia · South Sandwich Islands Full text in pdf format PreviousNextExport citation RSS - Facebook - Tweet - linkedIn Cited by Published in MEPS Vol. 313. Online publication date: May 11, 2006 Print ISSN: 0171-8630; Online ISSN: 1616-1599 Copyright © 2006 Inter-Research.",2006,https://doi.org/10.3354/meps313295,article,https://www.int-res.com/articles/meps2006/313/m313p295.pdf,Alexandre N. Zerbini; Artur Andriolo; MP Heide-Jørgensen; JL Pizzorno; Y. G. Maia; GR VanBlaricom; DP DeMaster; Paulo C. Simões‐Lopes; Sérgio Carvalho Moreira; Cláudia Bethlem,Marine animal studies overview; Underwater Acoustics Research; Arctic and Antarctic ice dynamics,Ecology; Oceanography; Atmospheric Science,https://www.int-res.com/articles/meps2006/313/m313p295.pdf,218,39
Evidence of resource partitioning between humpback and minke whales around the western Antarctic Peninsula,"For closely related sympatric species to coexist, they must differ to some degree in their ecological requirements or niches (e.g., diets) to avoid interspecific competition. Baleen whales in the Antarctic feed primarily on krill, and the large sympatric prewhaling community suggests resource partitioning among these species or a nonlimiting prey resource. In order to examine ecological differences between sympatric humpback and minke whales around the Western Antarctic Peninsula, we made measurements of the physical environment, observations of whale distribution, and concurrent acoustic measurements of krill aggregations. Mantel's tests and classification and regression tree models indicate both similarities and differences in the spatial associations between humpback and minke whales, environmental features, and prey. The data suggest (1) similarities (proximity to shore) and differences (prey abundance versus deep water temperatures) in horizontal spatial distribution patterns, (2) unambiguous vertical resource partitioning with minke whales associating with deeper krill aggregations across a range of spatial scales, and (3) that interference competition between these two species is unlikely. These results add to the paucity of ecological knowledge relating baleen whales and their prey in the Antarctic and should be considered in conservation and management efforts for Southern Ocean cetaceans and ecosystems.",2008,https://doi.org/10.1111/j.1748-7692.2008.00263.x,article,NA,Ari S. Friedlaender; Gareth L. Lawson; Patrick N. Halpin,Marine animal studies overview; Underwater Acoustics Research; Arctic and Antarctic ice dynamics,Ecology; Oceanography; Atmospheric Science,NA,100,40
The role of fish in the Antarctic marine food web: differences between inshore and offshore waters in the southern Scotia Arc and west Antarctic Peninsula,"The role of fish in the Antarctic food web in inshore and offshore waters is analysed, taking as an example the coastal marine communities of the southern Scotia Arc (South Orkney Islands and South Shetland Islands) and the west Antarctic Peninsula. Inshore, the ecological role of demersal fish is more important than that of krill. There, demersal fish are major consumers of benthos and also feed on zooplankton (mainly krill in summer). They are links between lower and upper levels of the food web and are common prey of other fish, birds and seals. Offshore, demersal fish depend less on benthos and feed more on zooplankton (mainly krill) and nekton, and are less accessible as prey of birds and seals. There, pelagic fish (especially lantern fish) are more abundant than inshore and play an important role in the energy flow from macrozooplankton to higher trophic levels (seabirds and seals). Through the higher fish predators, energy is transferred to land in the form of fish remains, pellets (birds), regurgitation and faeces (birds and seals). However, in the general context of the Antarctic marine ecosystem, krill ( Euphausia superba ) plays the central role in the food web because it is the main food source in terms of biomass for most of the high level predators from demersal fish up to whales. This has no obvious equivalent in other marine ecosystems. In Antarctic offshore coastal and oceanic waters the greatest proportion of energy from the ecosystem is transferred to land directly through krill consumers, such as flying birds, penguins, and seals. Beside krill, the populations of fish in the Antarctic Ocean are the second most important element for higher predators, in particular the energy-rich pelagic Myctophidae in open waters and the pelagic Antarctic silver fish ( Pleuragramma antarcticum ) in the high Antarctic zone. Although the occurrence of these pelagic fish inshore has been poorly documented, their abundance in neritic waters could be higher than previously believed.",2002,https://doi.org/10.1017/s0954102002000111,article,NA,Esteban Barrera-Oro,Marine and fisheries research; Marine animal studies overview; Coral and Marine Ecosystems Studies,Global and Planetary Change; Ecology; Ecology,NA,165,41
West Antarctic Peninsula: An Ice-Dependent Coastal Marine Ecosystem in Transition,"The extent, duration, and seasonality of sea ice and glacial discharge strongly influence Antarctic marine ecosystems. Most organisms' life cycles in this region are attuned to ice seasonality. The annual retreat and melting of sea ice in the austral spring stratifies the upper ocean, triggering large phytoplankton blooms. The magnitude of the blooms is proportional to the winter extent of ice cover, which can act as a barrier to wind mixing. Antarctic krill, one of the most abundant metazoan populations on Earth, consume phytoplankton blooms dominated by large diatoms. Krill, in turn, support a large biomass of predators, including penguins, seals, and whales. Human activity has altered even these remote ecosystems. The western Antarctic Peninsula region has warmed by 7°C over the past 50 years, and sea ice duration has declined by almost 100 days since 1978, causing a decrease in phytoplankton productivity in the northern peninsula region. Besides climate change, Antarctic marine systems have been greatly altered by harvesting of the great whales and now krill. It is unclear to what extent the ecosystems we observe today differ from the pristine state.",2013,https://doi.org/10.5670/oceanog.2013.62,article,https://tos.org/oceanography/assets/docs/26-3_ducklow.pdf,Hugh W. Ducklow; William D. Fraser; Michael P. Meredith; Sharon Stammerjohn; Scott C. Doney; Douglas G. Martinson; Sévrine Sailley; Oscar Schofield; Deborah K. Steinberg; Hugh J. Venables; Charles D. Amsler,Marine animal studies overview; Marine and fisheries research; Arctic and Antarctic ice dynamics,Ecology; Global and Planetary Change; Atmospheric Science,https://tos.org/oceanography/assets/docs/26-3_ducklow.pdf,320,42
Humpback Whale Song and Foraging Behavior on an Antarctic Feeding Ground,"Reports of humpback whale (Megaptera novaeangliae) song chorusing occurring outside the breeding grounds are becoming more common, but song structure and underwater behavior of individual singers on feeding grounds and migration routes remain unknown. Here, ten humpback whales in the Western Antarctic Peninsula were tagged in May 2010 with non-invasive, suction-cup attached tags to study foraging ecology and acoustic behavior. Background song was identified on all ten records, but additionally, acoustic records of two whales showed intense and continuous singing, with a level of organization and structure approaching that of typical breeding ground song. The songs, produced either by the tagged animals or close associates, shared phrase types and theme structure with one another, and some song bouts lasted close to an hour. Dive behavior of tagged animals during the time of sound production showed song occurring during periods of active diving, sometimes to depths greater than 100 m. One tag record also contained song in the presence of feeding lunges identified from the behavioral sensors, indicating that mating displays occur in areas worthy of foraging. These data show behavioral flexibility as the humpbacks manage competing needs to continue to feed and to prepare for the breeding season during late fall. This may also signify an ability to engage in breeding activities outside of the traditional, warm water breeding ground locations.",2012,https://doi.org/10.1371/journal.pone.0051214,article,https://journals.plos.org/plosone/article/file?id=10.1371/journal.pone.0051214&type=printable,Alison K. Stimpert; Lindsey E. Peavey Reeves; Ari S. Friedlaender; Douglas P. Nowacek,Marine animal studies overview; Animal Vocal Communication and Behavior; Underwater Acoustics Research,Ecology; Developmental Biology; Oceanography,https://journals.plos.org/plosone/article/file?id=10.1371/journal.pone.0051214&type=printable,82,43
Spatial assessment of fin whale hotspots and their association with krill within an important Antarctic feeding and fishing ground,NA,2014,https://doi.org/10.1007/s00227-014-2506-7,article,NA,Jarrod A. Santora; Isaac D. Schroeder; Valerie J. Loeb,Marine animal studies overview; Avian ecology and behavior; Marine and coastal plant biology,Ecology; Ecology; Oceanography,NA,41,44
Ocean circulation off east Antarctica affects ecosystem structure and sea-ice extent,NA,2000,https://doi.org/10.1038/35020053,article,NA,Stephen Nicol; Tim Pauly; Nathaniel L. Bindoff; Simon W. Wright; Deborah Thiele; Graham W. Hosie; Peter G. Strutton; Eric J. Woehler,Arctic and Antarctic ice dynamics; Oceanographic and Atmospheric Processes; Marine and fisheries research,Atmospheric Science; Oceanography; Global and Planetary Change,NA,318,45
Extreme diel variation in the feeding behavior of humpback whales along the western Antarctic Peninsula during autumn,"MEPS Marine Ecology Progress Series Contact the journal Facebook Twitter RSS Mailing List Subscribe to our mailing list via Mailchimp HomeLatest VolumeAbout the JournalEditorsTheme Sections MEPS 494:281-289 (2013) - DOI: https://doi.org/10.3354/meps10541 Extreme diel variation in the feeding behavior of humpback whales along the western Antarctic Peninsula during autumn A. S. Friedlaender1,*, R. B. Tyson1, A. K. Stimpert2, A. J. Read1, D. P. Nowacek1,3 1Division of Marine Science and Conservation, Duke University Marine Laboratory, 135 Duke Marine Lab Road, Beaufort, North Carolina 28516, USA 2Naval Postgraduate School, Department of Oceanography, 833 Dyer Road, Monterey, California 93943, USA 3Department of Electrical and Computer Engineering, Pratt School of Engineering, Duke University, Durham, North Carolina 27708, USA *Email: asf7@duke.edu ABSTRACT: Most humpback whale Megaptera novaeangliae populations partition their time between prey-rich feeding and prey-deficient breeding/calving regions. How these whales feed and optimize the consumption of prey resources prior to long-distance migrations and fasting is largely unknown. We deployed multi-sensor tags on humpback whales around the western Antarctic Peninsula to describe their daily activity patterns late in the feeding season to test the hypothesis that feeding behavior varies over the diel cycle so as to maximize energy intake and limit energy expenditure. Dives were assigned to a behavioral state (feeding, resting, traveling, exploring) to determine hourly rates and to build an ethogram of activity patterns. Our results show a distinct diel pattern of whales feeding exclusively at night. Feeding depth was deeper around sunrise/sunset and shallower (~50 m) at night, consistent with diel vertical prey movement. Shallow feeding dives typically contained a single feeding lunge, a strategy known to increase feeding efficiency and maximize intake rates by maintaining proximity to the surface and reducing the energetic costs of deep diving. The lack of feeding during daytime may indicate prey being too deep for efficient foraging. Our results add information where currently there is a paucity of data describing how baleen whales optimize feeding behavior, specifically in relation to prey distribution and movement, to fuel their extraordinary energetic requirements necessary for growth, migration, and reproduction. Understanding behavioral patterns and predator/prey dynamics in rapidly changing marine environments, like the Antarctic Peninsula, is critical for understanding how these changes will affect ecosystem structure and function. KEY WORDS: Humpback whale · Foraging ecology · Tagging · Antarctica Full text in pdf format PreviousNextCite this article as: Friedlaender AS, Tyson RB, Stimpert AK, Read AJ, Nowacek DP (2013) Extreme diel variation in the feeding behavior of humpback whales along the western Antarctic Peninsula during autumn. Mar Ecol Prog Ser 494:281-289. https://doi.org/10.3354/meps10541 Export citation RSS - Facebook - Tweet - linkedIn Cited by Published in MEPS Vol. 494. Online publication date: December 04, 2013 Print ISSN: 0171-8630; Online ISSN: 1616-1599 Copyright © 2013 Inter-Research.",2013,https://doi.org/10.3354/meps10541,article,https://www.int-res.com/articles/meps2013/494/m494p281.pdf,AS Friedlaender; Reny B. Tyson; Alison K. Stimpert; AJ Read; DP Nowacek,Marine animal studies overview; Arctic and Antarctic ice dynamics; Underwater Acoustics Research,Ecology; Atmospheric Science; Oceanography,https://www.int-res.com/articles/meps2013/494/m494p281.pdf,84,46
Sources and Levels of Ambient Ocean Sound near the Antarctic Peninsula,"Arrays of hydrophones were deployed within the Bransfield Strait and Scotia Sea (Antarctic Peninsula region) from 2005 to 2009 to record ambient ocean sound at frequencies of up to 125 and 500 Hz. Icequakes, which are broadband, short duration signals derived from fracturing of large free-floating icebergs, are a prominent feature of the ocean soundscape. Icequake activity peaks during austral summer and is minimum during winter, likely following freeze-thaw cycles. Iceberg grounding and rapid disintegration also releases significant acoustic energy, equivalent to large-scale geophysical events. Overall ambient sound levels can be as much as ~10-20 dB higher in the open, deep ocean of the Scotia Sea compared to the relatively shallow Bransfield Strait. Noise levels become lowest during the austral winter, as sea-ice cover suppresses wind and wave noise. Ambient noise levels are highest during austral spring and summer, as surface noise, ice cracking and biological activity intensifies. Vocalizations of blue (Balaenoptera musculus) and fin (B. physalus) whales also dominate the long-term spectra records in the 15-28 and 89 Hz bands. Blue whale call energy is a maximum during austral summer-fall in the Drake Passage and Bransfield Strait when ambient noise levels are a maximum and sea-ice cover is a minimum. Fin whale vocalizations were also most common during austral summer-early fall months in both the Bransfield Strait and Scotia Sea. The hydrophone data overall do not show sustained anthropogenic sources (ships and airguns), likely due to low coastal traffic and the typically rough weather and sea conditions of the Southern Ocean.",2015,https://doi.org/10.1371/journal.pone.0123425,article,https://journals.plos.org/plosone/article/file?id=10.1371/journal.pone.0123425&type=printable,Robert P. Dziak; D. R. Bohnenstiehl; Kathleen M. Stafford; Haruyoshi Matsumoto; Minkyu Park; Won Sang Lee; Matt Fowler; Tai‐Kwan Lau; J. H. Haxel; David K. Mellinger,Marine animal studies overview; Arctic and Antarctic ice dynamics; Underwater Acoustics Research,Ecology; Atmospheric Science; Oceanography,https://journals.plos.org/plosone/article/file?id=10.1371/journal.pone.0123425&type=printable,40,47
"Humpback whales<i>Megaptera novaeangliae</i>and southern right whales<i>Eubalaena australis</i>in Gerlache Strait, Antarctica","Abstract During surveys conducted 2–20 April 1986 in Gerlache Strait, Antarctic Peninsula, 103 humpback whales Megaptera novaeangliae and eight right whales Eubalaena australis were sighted. The right whale sightings extend the southern limit of known distribution for the species. Humpback and right whale densities were respectively 0.22 (sd 0.23) and 0.01 (sd 0.06) whales per survey mile. Highest densities for both species were recorded inside bays, rather than in the relatively open water of Gerlache Strait. Both species were feeding on Antarctic krill Euphausia superba . Twenty-three humpback and four right whales were identified individually using photographs of natural features. Also included are sighting records of 18 southern bottlenose whales Hyperoodon planifrons .",1988,https://doi.org/10.1017/s0032247400022300,article,NA,Gregory S. Stone; William M. Hamner,Marine animal studies overview; Arctic and Antarctic ice dynamics; Marine and fisheries research,Ecology; Atmospheric Science; Global and Planetary Change,NA,26,48
MITOCHONDRIAL DNA VARIATION AND MATERNAL GENE FLOW AMONG HUMPBACK WHALES OF THE SOUTHERN HEMISPHERE,"A bstract Samples of skin tissue were collected by biopsy darting from humpback whales ( Megaptera novaeangliae ) in six seasonal habitats representing three stocks and four regions: Groups IV (western Australia), V western component (eastern Australia), V eastern component (New Zealand and Tonga) and VI (the Antarctic Peninsula and Gorgona Island, Colombia, South America) of the Southern Hemisphere. A variable section of the mitochondrial DNA control region was amplified and sequenced from 84 of these individuals, distinguishing a total of 48 unique sequences ( i. e. , mtDNA nucleotypes). Phylogenetic reconstructions suggested that these nucleotypes form three clades, corresponding to those previously described in a world‐wide survey of humpback whale mtDNA variation, although bootstrap support for two of the clades was relatively low (&lt;50%). An analysis of variance adapted for molecular information showed significant differentiation of nucleotypes among the three Groups (Stocks) and heterogeneity of haplotype diversity among the four regions. A pattern of interchange within and between oceanic basins was demonstrated by the presence of shared identical nucleotypes among humpback whales in regions of the Southern and Northern Hemispheres.",1998,https://doi.org/10.1111/j.1748-7692.1998.tb00758.x,article,NA,C. Scott Baker; Lilián Flórez‐González; B. Abernethy; H. C. Rosenbaum; Robert Slade; Juan Capella; J. L. Bannister,Marine animal studies overview; Marine and coastal plant biology; Animal Vocal Communication and Behavior,Ecology; Oceanography; Developmental Biology,NA,70,49
Temporal and Regional Variability in the Skin Microbiome of Humpback Whales along the Western Antarctic Peninsula,"ABSTRACT The skin is the first line of defense between an animal and its environment, and disruptions in skin-associated microorganisms can be linked to an animal's health and nutritional state. To better understand the skin microbiome of large whales, high-throughput sequencing of partial small subunit rRNA genes was used to study the skin-associated bacteria of 89 seemingly healthy humpback whales ( Megaptera novaeangliae ) sampled along the Western Antarctic Peninsula (WAP) during early (2010) and late (2013) austral summers. Six core groups of bacteria were present in 93% or more of all humpback skin samples. A shift was observed in the average relative abundances of these core bacteria over time, with the emergence of four additional core groups of bacteria that corresponded to a decrease in water temperature, possibly caused by season- or foraging-related changes in skin biochemistry that influenced microbial growth, or other temporal factors. The skin microbiome differed between whales sampled at several regional locations along the WAP, suggesting that environmental factors or population may also influence the whale skin microbiome. Overall, the skin microbiome of humpback whales appears to provide insight into animal- and environment-related factors and may serve as a useful indicator for animal health or ecosystem alterations. IMPORTANCE The microbiomes of wild animals are currently understudied but may provide information about animal health and/or animal-environment interactions. In the largest sampling of any marine mammal microbiome, this study demonstrates conservation in the skin microbiome of 89 seemingly healthy humpback whales sampled in the Western Antarctic Peninsula, with shifts in the bacterial community composition related to temporal and regional variability. This study is important because it suggests that the skin microbiome of humpback whales could provide insight into animal nutritional or seasonal/environment-related factors, which are becoming increasingly important to recognize due to unprecedented rates of climate change and anthropogenic impact on ocean ecosystems.",2018,https://doi.org/10.1128/aem.02574-17,article,https://aem.asm.org/content/aem/84/5/e02574-17.full.pdf,K. C. Bierlich; Carolyn A. Miller; Emelia DeForce; Ari S. Friedlaender; David W. Johnston; Amy Apprill,Marine animal studies overview; Gut microbiota and health,Ecology; Molecular Biology,https://aem.asm.org/content/aem/84/5/e02574-17.full.pdf,64,50
Sympatry and resource partitioning between the largest krill consumers around the Antarctic Peninsula,"Understanding how closely related, sympatric species distribute themselves relative to their environment is critical to understanding ecosystem structure and function and predicting effects of environmental variation. The Antarctic Peninsula supports high densities of krill and krill consumers; however, the region is warming rapidly, with unknown consequences. Humpback whales Megaptera novaeangliae and Antarctic minke whales Balaenoptera bonaerensis are the largest krill consumers here, yet key data gaps remain about their distribution, behavior, and interactions and how these will be impacted by changing conditions. Using satellite telemetry and novel spatial point-process modeling techniques, we quantified habitat use of each species relative to dynamic environmental variables and determined overlap in core habitat areas during summer months when sea ice is at a minimum. We found that humpback whales ranged broadly over continental shelf waters, utilizing nearshore bays, while minke whales restricted their movements to sheltered bays and areas where ice is present. This presents a scenario where minke whale core habitat overlaps substantially with the broader home ranges of humpback whales. While there is no indication that prey is limiting in this ecosystem, increased overlap between these species may arise as climate-driven changes that affect the extent, timing, and duration of seasonal sea ice decrease the amount of preferred foraging habitat for minke whales while concurrently increasing it for humpback whales. Our results provide the first quantitative assessment of behaviorally based habitat use and sympatry between these 2 krill consumers and offers insight into the potential effects of a rapidly changing environment on the structure and function of a polar ecosystem.",2021,https://doi.org/10.3354/meps13771,article,https://www.int-res.com/articles/feature/m669p001.pdf,AS Friedlaender; Trevor Joyce; David W. Johnston; AJ Read; DP Nowacek; Jeremy A. Goldbogen; Nick Gales; JW Durban,Marine animal studies overview; Marine and fisheries research; Marine and coastal plant biology,Ecology; Global and Planetary Change; Oceanography,https://www.int-res.com/articles/feature/m669p001.pdf,22,51
Shallow and deep lunge feeding of humpback whales in fjords of the West Antarctic Peninsula,"Abstract Humpback whales ( Megaptera novaeangliae ) belong to the class of marine mammals known as rorquals that feed through extraordinarily energetic lunges during which they engulf large volumes of water equal to as much as 70% of their body mass. To understand the kinematics of humpback lunge feeding, we attached high‐resolution digital recording tags incorporating accelerometers, magnetometers, pressure and sound recording to whales feeding on euphausiids in fjords of the West Antarctic Peninsula. Instances of near vertical lunges gave us the unique opportunity to use the signal from the accelerometer to obtain a fine scale record of the body accelerations involved in lunging. We found that lunges contain extreme accelerations reaching 2.5 m/s 2 in certain instances, which are then followed by decelerations. When animals are intensively feeding the inter‐lunge interval is similar for both deep and shallow lunges suggesting a biomechanical constraint on lunges. However, the number of lunges per dive varies from one for shallow feeding (&lt;25 m) to a median of six for deeper dives. Different feeding patterns were evident in the kinematic record, for deep and shallow feeding bouts with the much greater mean turn rates occurring in shallow feeding.",2010,https://doi.org/10.1111/j.1748-7692.2010.00427.x,article,NA,Colin Ware; Ari S. Friedlaender; Douglas P. Nowacek,Marine animal studies overview; Arctic and Antarctic ice dynamics; Underwater Acoustics Research,Ecology; Atmospheric Science; Oceanography,NA,90,52
"The not-so-silent world: Measuring Arctic, Equatorial, and Antarctic soundscapes in the Atlantic Ocean",NA,2017,https://doi.org/10.1016/j.dsr.2017.03.002,article,https://doi.org/10.1016/j.dsr.2017.03.002,Samara M. Haver; Holger Klinck; Sharon L. Nieukirk; Haru Matsumoto; Robert P. Dziak; Jennifer Miksis‐Olds,Marine animal studies overview; Animal Vocal Communication and Behavior; Underwater Acoustics Research,Ecology; Developmental Biology; Oceanography,NA,74,53
Fall feeding aggregations of fin whales off Elephant Island (Antarctica),"From 13 March to 09 April 2012 Germany conducted a fisheries survey on board RV Polarstern in the Scotia Sea (Elephant Island - South Shetland Island - Joinville Island area) under the auspices of CCAMLR. During this expedition, ANT-XXVIII/4, an opportunistic marine mammal survey was carried out. Data were collected for 26 days along the externally preset cruise track, resulting in 295 hrs on effort. &#13;\nWithin the study area 248 sightings were collected, including three different species of baleen whales (fin whale (Balaenoptera physalus), humpback whale (Megaptera novaeangliae), and Antarctic minke whale (Balaenoptera bonaerensis) and one toothed whale species, killer whale (Orcinus orca). More than 62% of the sightings recorded were fin whales (155 sightings) which were mainly related to the Elephant Island area (116 sightings). Usual group sizes of the total fin whale sightings ranged from one to five individuals, also including young animals associated with adults during some encounters. Larger groups of more than 20 whales, and on two occasions more than 100 indivuduals, were observed as well. These large pods of fin whales were observed feeding in shallow waters (&lt; 300 m) on the north-western shelf off Elephant Island, concordant with large aggregations of Antarctic krill (Euphausia superba). This observation suggests that Elephant Island constitutes an important feeding area for fin whales in early austral fall, with possible implications regarding the regulation of (krill) fisheries in this area.",2012,NA,article,https://epic.awi.de/id/eprint/30452/1/SC-64-SH9_corrected_may22.pdf,Elke Burkhardt; Caterina Lanfredi,Marine animal studies overview; Arctic and Antarctic ice dynamics; Avian ecology and behavior,Ecology; Atmospheric Science; Ecology,https://epic.awi.de/id/eprint/30452/1/SC-64-SH9_corrected_may22.pdf,5,54
"Acoustic detections of beaked whales, narrow-band high-frequency pulses and other odontocete cetaceans in the Southern Ocean using an autonomous towed hydrophone recorder",NA,2021,https://doi.org/10.1016/j.dsr2.2021.104973,article,NA,Jay Barlow; Ted Cheeseman; Jennifer S. Trickey,Marine animal studies overview; Underwater Acoustics Research; Arctic and Antarctic ice dynamics,Ecology; Oceanography; Atmospheric Science,NA,26,55
"Slow recovery of previously depleted demersal fish at the South Shetland Islands, 1983–2010",NA,2012,https://doi.org/10.1016/j.fishres.2012.02.017,article,NA,Enrique R. Marschoff; Esteban Barrera-Oro; Nadia S. Alescio; David G. Ainley,Marine and fisheries research; Coral and Marine Ecosystems Studies; Marine Bivalve and Aquaculture Studies,Global and Planetary Change; Ecology; Global and Planetary Change,NA,45,56
Behavior of satellite-tracked Antarctic minke whales (Balaenoptera bonaerensis) in relation to environmental factors around the western Antarctic Peninsula,NA,2017,https://doi.org/10.1186/s40317-017-0138-7,article,https://animalbiotelemetry.biomedcentral.com/track/pdf/10.1186/s40317-017-0138-7,Jessica F. Lee; Ari S. Friedlaender; Matthew J. Oliver; Tracy L. DeLiberty,Marine animal studies overview; Arctic and Antarctic ice dynamics; Cryospheric studies and observations,Ecology; Atmospheric Science; Atmospheric Science,https://animalbiotelemetry.biomedcentral.com/track/pdf/10.1186/s40317-017-0138-7,29,57
Synchronous mother and calf foraging behaviour in humpback whales Megaptera novaeangliae: insights from multi-sensor suction cup tags,"MEPS Marine Ecology Progress Series Contact the journal Facebook Twitter RSS Mailing List Subscribe to our mailing list via Mailchimp HomeLatest VolumeAbout the JournalEditorsTheme Sections MEPS 457:209-220 (2012) - DOI: https://doi.org/10.3354/meps09708 Synchronous mother and calf foraging behaviour in humpback whales Megaptera novaeangliae: insights from multi-sensor suction cup tags Reny B. Tyson1,*, Ari S. Friedlaender1, Colin Ware2, Alison K. Stimpert3,4, Douglas P. Nowacek1,5 1Duke University Marine Laboratory, Beaufort, North Carolina 28516, USA 2Center for Coastal and Ocean Mapping, University of New Hampshire, Durham, New Hampshire 03824, USA 3Marine Mammal Research Program, Hawai'i Institute of Marine Biology, Kailua, Hawai'i 96744, USA 4Naval Postgraduate School, Department of Oceanography, Monterey, California 93943, USA 5Pratt School of Engineering, Duke University, Durham, North Carolina 90271, USA *Email: reny.tyson@duke.edu ABSTRACT: Previously, all inferences regarding fine-scale baleen whale mother−calf relationships have come from surface observations, aerial surveys, or underwater video recordings. On May 19, 2010, we attached high-resolution digital acoustic recording tags (Dtags) to an adult female humpback whale Megaptera novaeangliae and her calf in Wilhelmina Bay (Western Antarctic Peninsula) to examine their concurrent diving and foraging behaviour. The Dtags logged ~20 h of concurrent recordings. We used cross-correlation analyses to quantify synchrony between the pair. Dive depth was positively correlated for the duration of the concurrent record and was highest when the calf's track lagged behind the mother's by 4.5 s, suggesting that the calf was 'following' its mother. Pitch and heading were positively correlated but to a lesser degree. Both animals executed feeding lunges; however, the mother foraged more intensively than the calf (792 and 118 lunges over 246 and 30 feeding dives, respectively). Also, the mother fed consistently once she initiated feeding at 16:22:00 h until the tag came off, whereas the calf executed 95.76% of its lunges between 17:00:08 and 19:28:21 h, local time. Correlation coefficients calculated per dive were highest when both animals were feeding and lowest when only the mother was feeding. In addition, 84.26 and 79.63% of the calf's lunges were performed within ±20 s and ±20 m of its mother's lunges, respectively. Our work describes the first record of a long-term continuous underwater relationship and foraging behaviour of a humpback mother−calf pair. KEY WORDS: Humpback whale · Mother and calf · Foraging · Synchrony · Antarctica Full text in pdf format PreviousNextCite this article as: Tyson RB, Friedlaender AS, Ware C, Stimpert AK, Nowacek DP (2012) Synchronous mother and calf foraging behaviour in humpback whales Megaptera novaeangliae: insights from multi-sensor suction cup tags. Mar Ecol Prog Ser 457:209-220. https://doi.org/10.3354/meps09708 Export citation RSS - Facebook - Tweet - linkedIn Cited by Published in MEPS Vol. 457. Online publication date: June 21, 2012 Print ISSN: 0171-8630; Online ISSN: 1616-1599 Copyright © 2012 Inter-Research.",2012,https://doi.org/10.3354/meps09708,article,https://www.int-res.com/articles/theme/m457p209.pdf,Reny B. Tyson; AS Friedlaender; Colin Ware; Alison K. Stimpert; DP Nowacek,Marine animal studies overview; Underwater Acoustics Research; Arctic and Antarctic ice dynamics,Ecology; Oceanography; Atmospheric Science,https://www.int-res.com/articles/theme/m457p209.pdf,42,58
"MIGRATORY DESTINATIONS OF HUMPBACK WHALES FROM THE MAGELLAN STRAIT FEEDING GROUND, SOUTHEAST PACIFIC","Historical summer feeding and winter breeding grounds of humpback whales in the southeast Pacific humpback whales (Megaptera novaeangliae) have been recorded in the west of the Antarctic Peninsula during the austral summer and off Ecuador and Colombia during the austral winter (Kellogg 1929, Mackintosh 1965, Flórez-González et al. 1998, Scheidat et al. 2000, Félix and Haase 2001). In recent years, southeast Pacific humpback whales have been found further north, off Panama and Costa Rica during the austral winter (Acevedo and Smultea 1995; Flórez-González et al. 1998; Rasmussen, personal observation), in areas also frequented by northeast Pacific humpback whales during the boreal winter (Steiger et al. 1991). Furthermore the species has recently been observed feeding in the Magellan Strait, Chile, during the austral summer and fall (Gibbons et al. 2003, Acevedo et al. 2004, Acevedo et al. 2006). Migratory connections have been established between the feeding area in the Antarctic Peninsula and wintering destinations off Ecuador and Colombia using photo-identification (Stone et al. 1990, Garrigue et al. 2002, Stevick et al. 2004) and genetic analyses (Olavarría 1999, Caballero et al. 2000, Olavarría et al. 2000), and the wintering grounds off Panama and Costa Rica using photo-identification (Rasmussen et al. 2004). The migratory destination(s) for the Magellan Strait humpback whales has not, however, been previously documented. Here we present the first evidence of a migratory connection between the Magellan Strait feeding area and wintering grounds off both the northwest coast of South America and the southwest coast of Central America. Individual humpback whales can be identified from photographs of unique pigmentation patterns on the ventral side of the fluke (Katona et al. 1979). Photo-identification catalogs have been compiled for Panama/Costa Rica, northern Colombia, Ecuador, and the Antarctic Peninsula. For two of the areas, Ecuador and Antarctic Peninsula, two catalogs exist. Photographs were taken from research and whale-watching vessels between 1991 and 2004 in wintering areas and Antarctica, and between 2003 and 2005 in the Magellan Strait. The areas sampled are described in Table 1 and illustrated in Figure 1. The comparison of the Magellan Strait humpback whale catalog and the other catalogues was undertaken manually (as a pairwise visual comparison) and with assistance of computer software (Oyarzo 2004) modified by the CEQUA researchers. Low-quality photographs were discarded, as were duplicates of whales that appeared in both Ecuadorian catalogs or in both Antarctic Peninsula catalogs. The total number of individual whales from all catalogues was thus reduced from 1,835 to 1,600. Matches with Magellan Strait whales were confirmed by members of CEQUA and by a member of the other research group from which the match was found. Location (a) of major areas where photo-identification was conducted, including details on sampling location at wintering grounds (b) and feeding areas (c, d). Shaded ellipses delimit the main areas where photo-identification was carried out. Lane shows in (c) the extent of the Magellan Strait. Whales identified in the Magellan Strait (n= 62) were not resighted in the Antarctic Peninsula (n= 508). The absence of matches between these humpback whale aggregations suggests that these represent two discrete feeding populations. The comparison of Magellan Strait humpback whales with individuals from wintering areas (n= 1,030) revealed eight matches (Fig. 2), five with Ecuador and one with each of Colombia, Costa Rica, and Panama. The seven whales sighted in Ecuador, Colombia, and Costa Rica were sighted only once in these areas. Six of these seven whales were observed in two consecutive summer feeding seasons in the Magellan Strait. The remaining individual was sighted there only once (Table 2). Photographs of individual humpback whales matched between the Magellan Strait and wintering grounds in the Eastern South and Equatorial Pacific Ocean. See Table 2 for information on field data. The individual photo-identified in both Magellan Strait and Panama was a male, as indicated by molecular methods (Gilson et al. 1998). This whale was seen in three consecutive seasons in the Magellan Strait (late summer 2003, 2004, 2005) and in both interceding winters in Panama (2003 and 2004). This finding is the first evidence of two complete migration events between feeding and breeding grounds in any Southern Hemisphere population. Moreover, the whale was observed very close temporally and geographically in both migration destinations, suggesting that site fidelity occurs in both winter breeding and summer feeding grounds. Strong maternally directed fidelity to specific feeding grounds has been demonstrated elsewhere in the world (e.g., the Gulf of Maine, Clapham et al. 1993). Humpback whales from Magellan Strait show a higher exchange rate (measured as the Interchange Index [Baker et al. 1985, Urbán et al. 2000]) with the Panama/Costa Rica regions (0.87) than with the Ecuador (0.09) and north of Colombia (0.24), although a goodness-of-fit test showed the observations were not significantly different from the expectation ratio (χ2= 0.57, df = 2, P > 0.05). However, when frequencies of matches obtained between the Magellan Strait and the areas surveyed off Ecuador, Colombia, and Panama/Costa Rica were compared using a test of proportion (comparing more than two proportion [Zar 1984]), a highly significant difference was found (χ2= 11.43, df = 2, P < 0.05). If the same analysis was conducted by grouping the closest breeding grounds according to geographic distance (a northern area grouping northern Colombia/Panama/Costa Rica and a southern area containing only Ecuador), both the Interchange Index analysis (northern = 0.47, southern = 0.10; χ2= 4.57, df = 1, P < 0.05) and frequencies of matches (χ2= 6.77, df = 1, P < 0.05) showed a closer relationship between the Magellan Strait feeding area and the northern breeding grounds. Despite the small sample size of matches among regions and of most catalogs, the multiple sightings of one individual (CEQUA#003-CRC#1031) in both the Magellan Strait and Panama (separated by ca. 6,500 km) highlight the importance of Panama as a migratory destination for at least some of the humpback whales that feed in the Magellan Strait. Furthermore, although it is not possible to rule out that Ecuador, and probably southern Colombia, Gorgona Island, also constitute migratory destinations for the Magellan Strait humpback whales, matches between these areas may represent animals in transit to or from more northern destinations located off Panama and/or Costa Rica. We hypothesize that southeast Pacific humpback whales migrate from their northernmost feeding area (Magellan Strait) primarily to the northernmost wintering areas (northern Colombia, Panama, and Costa Rica), whereas those from the southern feeding area near the Antarctic Peninsula winter mainly off Ecuador and southern Colombia, as documented by Stone et al. (1990), Garrigue et al. (2002), and Stevick et al. (2004). A similar migratory pattern seems to occur in the northeast Pacific humpback whale population, linking the southernmost wintering area in Panama/Costa Rica with the southernmost feeding area off California (Calambokidis et al. 2000). Such a possible sub structure within the southeast Pacific population has important implications for the management and assessment of population trends, given it is assumed by the International Whaling Commission (IWC) to be a panmictic breeding population, located mainly off Ecuador and Colombia (Gorgona Island), which migrates south to feed in two areas, Antarctic Peninsula and Magellan Strait (IWC 2005). Although the observations presented here confirm a link between Magellan Strait and Panama/Costa Rica humpback whales, further research is needed to support the hypothesis that the northernmost wintering grounds for the southeastern Pacific population constitute the primary destination of the whales feeding in the Magellan Strait area. It is necessary to include the arguably largest breeding ground in the southeastern Pacific, Gorgona Island, southern Colombia (Flórez-González 1991). However, given that it is highly likely that humpback whales migrating to northern wintering grounds pass through Ecuador and Colombia, satellite tagging seems to be the most adequate technique to address this question. The CEQUA researchers thank the Directors of the Fundación Centro de Estudios del Cuaternario (CEQUA) and the Instituto Antártico Chileno (INACH) for providing funding and constant support in the Magellan Strait and Antarctic Peninsula surveys, as well as Nautilus & Sermares Ltd. for support of our surveys in the Magellan Strait. They also thank A. Larrea, R. Ritter, F. Sepúlveda, S. Vasquez, J. Cabellos, J. Plana, E. Newcombe, C. S. Baker, and P. J. Clapham for various support (field assistance, laboratory analysis, and manuscript review). The study in Ecuador by Fundación Ecuatoriana para el Estudio de Mamíferos Marinos (FEMM) is supported by the Whale and Dolphin Conservation Society (WDCS). The Machalilla National Park researcher is supported by the Pacific Whale Foundation-Ecuador and she thanks whale-watching operators and naturalist guides. The Projeto Baleias/Brazilian Antarctic Program was funded by the Brazilian Council for Scientific and Technological Development (CNPq), the Ministry of Environment (MMA), and the Inter-ministerial Commission for the Resources of the Sea (CIRM)/Brazilian Navy. They thank the crews of the NApOc Ary Rongel and colleagues of the Projeto Baleias who helped in the field. Cascadia Collective Research thanks L. May-Collado, F. Garita, and L. K. and D. Bell who assisted in the field in Costa Rica and Panama.",2007,https://doi.org/10.1111/j.1748-7692.2007.00116.x,article,NA,Jorge Acevedo; Kristin Rasmussen; Fernando Félix; Cristina Castro; Martha Llano; Eduardo R. Secchi; Marco T. Saborío; Anelio Aguayo‐Lobo; Ben Haase; Meike Scheidat; Luciano Dalla Rosa; Carlos Olavarría; Paul H. Forestell; Paola Acuña; Gregory D. Kaufman; Luis A. Pastene,Marine animal studies overview; Animal Vocal Communication and Behavior,Ecology; Developmental Biology,NA,62,59
Persistent organic pollutant concentrations in blubber of 16 species of cetaceans stranded in the Pacific Islands from 1997 through 2011,NA,2014,https://doi.org/10.1016/j.scitotenv.2014.04.073,article,NA,Melannie J. Bachman; Jennifer M. Keller; Kristi L. West; Brenda A. Jensen,Toxic Organic Pollutants Impact; Mercury impact and mitigation studies; Microplastics and Plastic Pollution,"Health, Toxicology and Mutagenesis; Health, Toxicology and Mutagenesis; Pollution",NA,79,60
"BRAVOSEIS: Geophysical investigation of rifting and volcanism in the Bransfield strait, Antarctica",NA,2020,https://doi.org/10.1016/j.jsames.2020.102834,article,NA,Javier Almendros; William S. D. Wilcock; D. C. Soule; Teresa Teixidó; Luis Vizcaino; O. Ardanaz; J.L. Granja-Bruña; D. Martín-Jiménez; Xiaohui Yuan; Benjamín Heit; Mechita C. Schmidt‐Aursch; Wolfram Geissler; Robert P. Dziak; F.J. Carrión; A. Ontiveros‐Ortega; Rafael Abella; Enrique Carmona; J. F. Agüí Fernández; Nieves Sánchez; Inmaculada Serrano; Roberto Davoli; Zoe Krauss; Maleen Kidiwela; L. Schmahl,Geological formations and processes; Geology and Paleoclimatology Research; Geological and Geochemical Analysis,Earth-Surface Processes; Atmospheric Science; Geophysics,NA,32,61
SEPARATING SOUTHERN BLUE WHALE SUBSPECIES BASED ON LENGTH FREQUENCIES OF SEXUALLY MATURE FEMALES,"Abstract When sexually mature, Antarctic (true) blue whales are substantially longer than pygmy blue whales. To estimate the proportions of these two subspecies in various regions, Bayesian mixture models were fitted to catch length frequencies of sexually mature females. The extent of rounding to 5‐ft intervals was also estimated. Antarctic blue whales dominated (99.2%) pelagic catches south of 52°S, whereas pygmy blue whales dominated (99.9%) north of 52°S and in 35°–180°E. South of 60°S, only 0.7% (95% credibility interval 0.5%–1.0%) were pygmy blue whales, lower than the 7% upper bound currently assumed. Shore‐based catches from SW Africa and those before 1937 from South Georgia and the South Shetlands were estimated to contain 90%–92% Antarctic blue whales. Actual proportions were probably higher, but these data show evidence of rounding (up to 19% of records), poor length‐estimation methods, and other problems. The mean length of sexually mature female Chilean blue whales (77.1 ft, 23.5 m) was intermediate between pygmy (68.9 ft, 21.0 m) and Antarctic blue whales (83.4–86.3 ft, 25.4–26.6 m). A good fit to these data was obtained only by assuming that the Chilean whales are a separate subspecies or distinctive population. This finding is also consistent with their discrete distribution, and genetic and call type differences, compared to Antarctic and pygmy blue whales.",2007,https://doi.org/10.1111/j.1748-7692.2007.00137.x,article,NA,Trevor A. Branch; E. M. N. Abubaker; Sara Mkango; Doug S Butterworth,Marine animal studies overview; Arctic and Antarctic ice dynamics; Underwater Acoustics Research,Ecology; Atmospheric Science; Oceanography,NA,95,62
Spatiotemporal Overlap of Baleen Whales and Krill Fisheries in the Western Antarctic Peninsula Region,"In Antarctica, abundant consumers rely on Antarctic krill for food, but krill are also the subject of a commercial fishery. The fishery overlaps in time and space with the foraging areas of these consumers, thus potential competition between krill fisheries and krill consumers is a major management concern. The fishery is managed by the Commission for the Conservation of Antarctic Marine Living Resources with an ecosystem approach, according to which fishing should not interfere with either the population growth of krill, or krill-dependent consumers. Krill catches have become increasingly spatially concentrated in a small number of hotspots, raising concerns about how local depletion of krill impacts consumers. Such concentrated fishing demonstrates that there is a mismatch between the spatial and temporal scale at which krill fisheries are currently managed, and that at which fisheries operate and consumers forage. Information on the seasonal dynamics of predator abundance and their foraging behaviour is fundamental to future precautionary management of the krill fishery. We analysed the spatiotemporal distribution of two major krill consumers – humpback and minke whales – and that of krill fishing, off the Western Antarctic Peninsula. We used whale tracking data (58 humpback whale tracks and 19 minke whale tracks) to develop spatial random forest models predicting the monthly distribution of whale foraging areas from January-July. Using these predictions, we calculated spatiotemporally-explicit geographic overlap between whales and fisheries, the latter represented by krill fishing effort and catch data. Over the krill fishing season, fishing effort and catch hotspots shifted to the southwest, into the Bransfield Strait where effort and catch was highest. Predicted humpback whale foraging areas increased in the Bransfield Strait over the same period, while predicted minke whale foraging areas showed an opposite trend. For both we predicted a whale-fishing interaction hotspot in the Bransfield Strait, strongest in April and May. Our results illustrate the fine spatial scale of likely interactions between baleen whales and the krill fishery, and their concentration over the season, underlining the need for fishery management more closely aligned to the spatiotemporal scale of likely predator-fishery interactions.",2022,https://doi.org/10.3389/fmars.2022.914726,article,https://doi.org/10.3389/fmars.2022.914726,Ryan R Reisinger; Philip N. Trathan; Christopher M. Johnson; Trevor Joyce; John W. Durban; Robert L. Pitman; Ari S. Friedlaender,Marine animal studies overview; Marine and fisheries research; Marine Bivalve and Aquaculture Studies,Ecology; Global and Planetary Change; Global and Planetary Change,NA,20,63
Humpback whale abundance south of 60°S from three complete circumpolar sets of surveys,"Austral summer estimates of abundance are obtained for humpback whales (Megaptera novaeangliae) in the Southern Ocean from the IWC’s IDCR and SOWER circumpolar programmes. These surveys have encircled the Antarctic three times: 1978/79–1983/84 (CPI), 1985/86–1990/91 (CPII) and 1991/92–2003/04 (CPIII), criss-crossing strata totalling respectively 64.3%, 79.5% and 99.7% of the open-ocean area south of 60°S. Humpback whales were absent from the Ross Sea, but were sighted in all other regions, and in particularly high densities around the Antarctic Peninsula, in Management Area IV and north of the Ross Sea. Abundance estimates are presented for each CP, for Management Areas, and for assumed summer feeding regions of each Breeding Stock. Abundance estimates are negatively biased because some whales on the trackline are missed and because some humpback whales are outside the survey region. Circumpolar estimates with approximate midpoints of 1980/81, 1987/88 and 1997/98 are 7,100 (CV = 0.36), 10,200 (CV = 0.30) and 41,500 (CV = 0.11). When these are adjusted simply for unsurveyed northern areas, the estimated annual rate of increase is 9.6% (95% CI 5.8–13.4%). All Breeding Stocks are estimated to be increasing but increase rates are significantly greater than zero only for those on the eastern and western coasts of Australia. Given the observed rates of increase, the current total Southern Hemisphere abundance is greater than 55,000, which is similar to the summed northern breeding ground estimates (~60,000 from 1999–2008). Some breeding ground abundance estimates are far greater, and others far lower, than the corresponding IDCR/SOWER estimates, in a pattern apparently related to the latitudinal position of the Antarctic Polar Front.",2020,https://doi.org/10.47536/jcrm.vi.305,article,https://journal.iwc.int/index.php/jcrm/article/download/305/72,Trevor A. Branch,Marine animal studies overview; Arctic and Antarctic ice dynamics; Underwater Acoustics Research,Ecology; Atmospheric Science; Oceanography,https://journal.iwc.int/index.php/jcrm/article/download/305/72,46,64
Blue and fin whale acoustics and ecology off Antarctic Peninsula,"Blue (Balaenoptera musculus) and fin whales (B. physalus) in the Southern Ocean were subjects of extensive whaling industry during the twentieth century. Their current population numbers remain low, making population monitoring using traditional visual surveys difficult. Both blue and fin whales produce low frequency, regularly repeated calls and are suitable for acoustic monitoring. Eight, continuously recording acoustic recorders were deployed off the Western Antarctic Peninsula (WAP) between March 2001 and February 2003. Ranges to calling blue and fin whales were calculated using hyperbolic localization and multipath arrivals up to the distances of 200 and 56km, respectively. Calls of both species had high intensity, blue whales calls had the average source level 189±3dB re: 1µPa at 1m and the average fin whale call source level was 189±4dB re: 1µPa at 1m. Automatic call detection methods were used for analysis of calling blue and fin whale seasonal presence and habitat preferences. Blue whale calls were detected year round, on average 177 days/year, with peak calling in March and April, and a secondary peak in October and November. Fin whale calling rates were seasonal with calls detected between February and June (on average 51 days/year), and a peak in May. During the entire deployment period, detected calls from both species showed negative correlation with sea ice concentrations. Also, baleen whale sounds were recorded during multiple cruises off the Antarctic Peninsula using sonobuoys. Recordings from two fall cruises off the WAP were used for analyses of habitat preferences of calling blue and fin whales. The presence of calling blue whales was positively correlated with bottom depth and sea surface temperature, and negatively correlated with krill biomass in the top 100m and abundance of the rest of the zooplankton at depth (101–300m). Locations of fin whale calls were associated with a deep trough area and high Chl-a concentrations. Distribution of baleen whale calls recorded in the Scotia Sea (east of the Antarctic Peninsula) indicated that fin whales occur in open water, and blue, southern right (Eubalaena australis), minke (B. bonaerensis), and humpback whales (Megaptera novaeangliae) occur near islands or close to the ice edge.",2006,NA,article,https://escholarship.org/uc/item/50d4g0cv,Ana Širović,Marine animal studies overview; Underwater Acoustics Research; Arctic and Antarctic ice dynamics,Ecology; Oceanography; Atmospheric Science,https://escholarship.org/uc/item/50d4g0cv,7,65
"Intra-seasonal variation in feeding rates and diel foraging behaviour in a seasonally fasting mammal, the humpback whale","Antarctic humpback whales forage in summer, coincident with the seasonal abundance of their primary prey, the Antarctic krill. During the feeding season, humpback whales accumulate energy stores sufficient to fuel their fasting period lasting over six months. Previous animal movement modelling work (using area-restricted search as a proxy) suggests a hyperphagic period late in the feeding season, similar in timing to some terrestrial fasting mammals. However, no direct measures of seasonal foraging behaviour existed to corroborate this hypothesis. We attached high-resolution, motion-sensing biologging tags to 69 humpback whales along the Western Antarctic Peninsula throughout the feeding season from January to June to determine how foraging effort changes throughout the season. Our results did not support existing hypotheses: we found a significant reduction in foraging presence and feeding rates from the beginning to the end of the feeding season. During the early summer period, feeding occurred during all hours at high rates. As the season progressed, foraging occurred mostly at night and at lower rates. We provide novel information on seasonal changes in foraging of humpback whales and suggest that these animals, contrary to nearly all other animals that seasonally fast, exhibit high feeding rates soon after exiting the fasting period",2022,https://doi.org/10.1098/rsos.211674,article,https://doi.org/10.1098/rsos.211674,Ross Nichols; David E. Cade; Shirel R. Kahane‐Rapport; Jeremy A. Goldbogen; Alison K. Stimpert; Douglas P. Nowacek; Andrew J. Read; David W. Johnston; Ari S. Friedlaender,Marine animal studies overview; Arctic and Antarctic ice dynamics; Cryospheric studies and observations,Ecology; Atmospheric Science; Atmospheric Science,NA,30,66
Population genetic structure among feeding aggregations of humpback whales in the Southern Ocean,NA,2016,https://doi.org/10.1007/s00227-016-2904-0,article,NA,Ana R. Amaral; Jacqueline Loo; Hannah Jaris; Carlos Olavarría; Deborah Thiele; P. Ensor; Anelio Aguayo‐Lobo; HC Rosenbaum,Marine animal studies overview; Arctic and Antarctic ice dynamics; Marine and coastal plant biology,Ecology; Atmospheric Science; Oceanography,NA,38,67
Cetacean occurrence near the South Shetland Islands based on long-term passive acoustic monitoring,"Passive acoustic monitoring is an effective tool to investigate cetacean ecology, particularly in remote locations and over long time periods. Several cetacean species occur in Antarctic waters, but knowledge of their year-round relative abundance, distribution, and seasonality is relatively sparse. Long-term, broadband recordings were collected near the South Shetland Islands between 2014 and 2016, and spatio-temporal patterns in cetacean acoustic occurrence were investigated at three different locations within this area. Baleen whales detected included blue (Balaenoptera musculus), fin (B. physalus), and humpback whales (Megaptera novaeangliae), and several toothed whales, including sperm (Physeter macrocephalus) and killer whales (Orcinus orca) were also present in the datasets. Overall detection rates of these species varied across the recording sites and also showed strong seasonal trends. Sea ice dynamics will be explored as a possible driver for the shifts in seasonal relative abundance of cetaceans in this region of the Southern Ocean, and proximity to the Southern Antarctic Circumpolar Current Front (SACCF) will be examined to evaluate differences in habitat use across the sites.",2019,https://doi.org/10.1121/1.5136720,article,NA,Jennifer S. Trickey; Ally Rice; Alba Solsona‐Berga; Ann Bartlett; Joshua M. Jones; Bruce J. Thayre; John Hurwitz; Simone Baumann‐Pickering; Ana Širović; John A. Hildebrand; M. Vanesa Reyes Reyes; Marta Hevia; Alexander Marino; Mariana L. Melcón; Miguel A. Íñiguez,Marine animal studies overview; Arctic and Antarctic ice dynamics; Underwater Acoustics Research,Ecology; Atmospheric Science; Oceanography,NA,0,68
Using seabird and whale distribution models to estimate spatial consumption of krill to inform fishery management,"Abstract Ecosystem dynamics at the northwest Antarctic Peninsula are driven by interactions between physical and biological processes. For example, baleen whale populations are recovering from commercial harvesting against the backdrop of rapid climate change, including reduced sea ice extent and changing ecosystem composition. Concurrently, the commercial harvesting of Antarctic krill is increasing, with the potential to increase the likelihood for competition with and between krill predators and the fishery. However, understanding the ecology, abundance, and spatial distribution of krill predators is often limited, outdated, or at spatial scales that do not match those desired for effective fisheries management. We update current knowledge of predator dependence on krill by integrating telemetry‐based data, at‐sea observational surveys, estimates of predator abundance, and physiological data to estimate the spatial distribution of krill consumption during the austral summer by three species of Pygoscelis penguin, 11 species of flying seabirds, one species of pinniped, and two species of baleen whale. Our models show that the majority of important areas for krill predator foraging are close to penguin breeding colonies in nearshore areas where humpback whales also regularly feed, and along the shelf‐break, though we caution that not all known krill predators are included in these analyses. We show that krill consumption is highly variable across the region, and often concentrated at fine spatial scales, emphasizing the need for the management of the local krill fishery at relevant temporal and spatial scales. We also note that krill consumption by recovering populations of krill predators provides further evidence in support of the krill surplus hypothesis, and highlight that despite less than comprehensive data, cetaceans are likely to consume a significant proportion of the krill consumed by natural predators but are not currently considered directly in the management of the krill fishery. If management of the krill fishery is to be precautionary and operate in a way that minimizes the risks to krill predator populations, it will be necessary in future analyses, to include up‐to‐date and precise abundance and consumption estimates for pack‐ice seals, finfish, squid, and other baleen whale species not currently considered.",2022,https://doi.org/10.1002/ecs2.4083,article,https://onlinelibrary.wiley.com/doi/pdfdirect/10.1002/ecs2.4083,Victoria Warwick‐Evans; Natalie Kelly; Luciano Dalla Rosa; Ari S. Friedlaender; Jefferson T. Hinke; Jeong‐Hoon Kim; Nobuo Kokubun; JA Santora; Eduardo R. Secchi; Elisa Seyboth; Philip N. Trathan,Marine animal studies overview; Marine and fisheries research; Avian ecology and behavior,Ecology; Global and Planetary Change; Ecology,https://onlinelibrary.wiley.com/doi/pdfdirect/10.1002/ecs2.4083,42,69
Migratory preferences of humpback whales between feeding and breeding grounds in the eastern South Pacific,"Abstract Latitudinal preferences within the breeding range have been suggested for Breeding Stock G humpback whales that summer in different feeding areas of the eastern South Pacific. To address this hypothesis, humpback whales photo‐identified from the Antarctic Peninsula and the Fueguian Archipelago (southern Chile) were compared with whales photo‐identified from lower latitudes extending from northern Peru to Costa Rica. This comparison was performed over a time span that includes 18 austral seasons. A total of 238 whales identified from the Antarctic Peninsula and 25 whales from the Fueguian Archipelago were among those photo‐identified at the breeding grounds. Our findings showed that humpback whales from each feeding area were resighted unevenly across the breeding grounds, which suggests a degree of spatial structuring in the migratory pathway. Humpback whales that feed at the Antarctic Peninsula were more likely to migrate to the southern breeding range between northern Peru and Colombia, whereas whales that feed at the Fueguian Archipelago were more likely to be found in the northern range of the breeding ground off Panama. Further photo‐identification efforts and genetic sampling from poorly sampled or unsampled areas are recommended to confirm these reported connectivity patterns.",2017,https://doi.org/10.1111/mms.12423,article,https://research.wur.nl/en/publications/migratory-preferences-of-humpback-whales-between-feeding-and-bree,Jorge Acevedo; Anelio Aguayo‐Lobo; Judith Allen; Natalia Botero‐Acosta; Juan Capella; Cristina Castro; Luciano Dalla Rosa; Judith Denkinger; Fernando Félix; Lilián Flórez‐González; Frank Garita; Héctor M. Guzmán; Ben Haase; Gregory D. Kaufman; Martha Llano; Carlos Olavarría; Aldo S. Pacheco; Jordi Plana; Kristin Rasmussen; Meike Scheidat; Eduardo R. Secchi; Sebastián Silva; Peter T. Stevick,Marine animal studies overview; Marine and coastal plant biology; Arctic and Antarctic ice dynamics,Ecology; Oceanography; Atmospheric Science,NA,52,70
Geographic and temporal patterns of non-lethal attacks on humpback whales by killer whales in the eastern South Pacific and the Antarctic Peninsula,"The role and impact of killer whales Orcinus orca as predators of baleen whales has been emphasized by studies of humpback whales Megaptera novaeangliae. In this study, rake marks on the fluke were used as a proxy for predatory attacks in a sample of 2909 adult humpback whales and 133 calves from 5 breeding and 2 feeding locations in the eastern South Pacific and the Antarctic Peninsula. The goal of this study was to evaluate how often, at what age, where, and when humpback whales were more susceptible to attacks. Overall, 11.5% of adults and 19.5% of calves had rake marks on their flukes. Significant differences were found in the prevalence of scars in calves when comparing breeding (9%) vs. feeding areas (34%) (χ2 = 10.23, p < 0.01). Multi-year sighting analysis of scar acquisition in 120 adults (82% site fidelity) and 37 calves in the Magellan Strait showed no new marks after the initial sighting for the subsequent 15 yr. This finding indicates that rake marks were most probably acquired when whales were calves, which supports the belief that scar acquisition is a once in a lifetime event. The odds of having rake marks increased with time but with a significantly higher rate in calves (χ2 = 5.04, p < 0.05), which suggests an increase in predation pressure over time. Our results support the earlier hypothesis that killer whale attacks occur mostly on calves, near breeding sites, and during the first migration to feeding areas.",2018,https://doi.org/10.3354/esr00924,article,https://www.int-res.com/articles/esr2018/37/n037p207.pdf,JJ Capella; Fernando Félix; Lilián Flórez‐González; Jorge Gibbons; Ben Haase; Héctor M. Guzmán,Marine animal studies overview; Arctic and Antarctic ice dynamics,Ecology; Atmospheric Science,https://www.int-res.com/articles/esr2018/37/n037p207.pdf,14,71
"High pregnancy rates in humpback whales (<i>Megaptera novaeangliae</i>) around the Western Antarctic Peninsula, evidence of a rapidly growing population","Antarctic humpback whales are recovering from near extirpation from commercial whaling. To understand the dynamics of this recovery and establish a baseline to monitor impacts of a rapidly changing environment, we investigated sex ratios and pregnancy rates of females within the Western Antarctic Peninsula (WAP) feeding population. DNA profiling of 577 tissue samples (2010–2016) identified 239 males and 268 females. Blubber progesterone levels indicated 63.5% of the females biopsied were pregnant. This proportion varied significantly across years, from 36% in 2010 to 86% in 2014. A comparison of samples collected in summer versus fall showed significant increases in the proportion of females present (50% to 59%) and pregnant (59% to 72%), consistent with demographic variation in migratory timing. We also found evidence of annual reproduction among females; 54.5% of females accompanied by a calf were pregnant. These high pregnancy rates are consistent with a population recovering from past exploitation, but appear inconsistent with recent estimates of WAP humpback population growth. Thus, our results will help to better understand population growth potential and set a current baseline from which to determine the impact of climate change and variability on fecundity and reproductive rates.",2018,https://doi.org/10.1098/rsos.180017,article,https://royalsocietypublishing.org/doi/pdf/10.1098/rsos.180017,Logan J. Pallin; C. Scott Baker; Debbie Steel; Nicholas M. Kellar; Jooke Robbins; David W. Johnston; Doug Nowacek; Andrew J. Read; Ari S. Friedlaender,Marine animal studies overview; Arctic and Antarctic ice dynamics; Ocean Acidification Effects and Responses,Ecology; Atmospheric Science; Oceanography,https://royalsocietypublishing.org/doi/pdf/10.1098/rsos.180017,97,72
"The effects of prey demography on humpback whale (Megaptera novaeangliae) abundance around Anvers Island, Antarctica",NA,2008,https://doi.org/10.1007/s00300-008-0460-x,article,NA,Ari S. Friedlaender; William R. Fraser; Donna A. Patterson; Song S. Qian; Patrick N. Halpin,Marine animal studies overview; Arctic and Antarctic ice dynamics; Avian ecology and behavior,Ecology; Atmospheric Science; Ecology,NA,24,73
"Mitochondrial DNA diversity of the Southwestern Atlantic humpback whale (Megaptera novaeangliae) breeding area off Brazil, and the potential connections to Antarctic feeding areas",NA,2007,https://doi.org/10.1007/s10592-007-9453-5,article,NA,Márcia H. Engel; Nelson J. R. Fagundes; Howard C. Rosenbaum; Matthew S. Leslie; Philipp Sebastian Ott; Renata da Silva Schmitt; Eduardo R. Secchi; Luciano Dalla Rosa; Sandro L. Bonatto,Marine animal studies overview; Marine and coastal plant biology; Arctic and Antarctic ice dynamics,Ecology; Oceanography; Atmospheric Science,NA,48,74
Spatial and temporal catch concentrations for Antarctic krill: Implications for fishing performance and precautionary management in the Southern Ocean,NA,2022,https://doi.org/10.1016/j.ocecoaman.2022.106146,article,NA,Francisco Santa Cruz; Lucas Krüger; César A. Cárdenas,Marine and fisheries research; Arctic and Antarctic ice dynamics; Marine animal studies overview,Global and Planetary Change; Atmospheric Science; Ecology,NA,18,75
A surplus no more? Variation in krill availability impacts reproductive rates of Antarctic baleen whales,"Abstract The krill surplus hypothesis of unlimited prey resources available for Antarctic predators due to commercial whaling in the 20th century has remained largely untested since the 1970s. Rapid warming of the Western Antarctic Peninsula (WAP) over the past 50 years has resulted in decreased seasonal ice cover and a reduction of krill. The latter is being exacerbated by a commercial krill fishery in the region. Despite this, humpback whale populations have increased but may be at a threshold for growth based on these human‐induced changes. Understanding how climate‐mediated variation in prey availability influences humpback whale population dynamics is critical for focused management and conservation actions. Using an 8‐year dataset (2013–2020), we show that inter‐annual humpback whale pregnancy rates, as determined from skin‐blubber biopsy samples ( n = 616), are positively correlated with krill availability and fluctuations in ice cover in the previous year. Pregnancy rates showed significant inter‐annual variability, between 29% and 86%. Our results indicate that krill availability is in fact limiting and affecting reproductive rates, in contrast to the krill surplus hypothesis. This suggests that this population of humpback whales may be at a threshold for population growth due to prey limitations. As a result, continued warming and increased fishing along the WAP, which continue to reduce krill stocks, will likely impact this humpback whale population and other krill predators in the region. Humpback whales are sentinel species of ecosystem health, and changes in pregnancy rates can provide quantifiable signals of the impact of environmental change at the population level. Our findings must be considered paramount in developing new and more restrictive conservation and management plans for the Antarctic marine ecosystem and minimizing the negative impacts of human activities in the region.",2023,https://doi.org/10.1111/gcb.16559,article,https://onlinelibrary.wiley.com/doi/pdfdirect/10.1111/gcb.16559,Logan J. Pallin; Nick Kellar; Debbie Steel; Natalia Botero‐Acosta; C. Scott Baker; John A. Conroy; Daniel P. Costa; Christopher M. Johnson; David W. Johnston; Ross Nichols; Doug P. Nowacek; Andrew J. Read; O. Savenko; Oscar Schofield; Sharon Stammerjohn; Deborah K. Steinberg; Ari S. Friedlaender,Marine animal studies overview; Arctic and Antarctic ice dynamics; Cryospheric studies and observations,Ecology; Atmospheric Science; Atmospheric Science,https://onlinelibrary.wiley.com/doi/pdfdirect/10.1111/gcb.16559,47,76
"A major autumn feeding ground for fin whales, southern fulmars and grey-headed albatrosses around the South Shetland Islands, Antarctica",NA,2013,https://doi.org/10.1007/s00300-013-1383-8,article,NA,Claude R. Joiris; Olivier Dochy,Marine animal studies overview; Avian ecology and behavior; Arctic and Antarctic ice dynamics,Ecology; Ecology; Atmospheric Science,NA,24,77
Estimated summer abundance and krill consumption of fin whales throughout the Scotia Sea during the 2018/2019 summer season,"Abstract Among large cetaceans in the Southern Hemisphere, fin whales were the most heavily exploited in terms of numbers taken during the period of intense industrial whaling. Recent studies suggest that, whilst some humpback whale populations in the Southern Hemisphere appears to have almost completely recovered to their estimated pre-whaling abundance, much less is known about the status of Southern Hemisphere fin whales. Circumpolar estimates in the 1990s suggest an abundance of about 5500 animals south of 60° S, while the IDCR/SOWER-2000 survey for the Scotia Sea and Antarctic Peninsula areas estimated 4670 fin whales within this region in the year 2000. More recent studies in smaller regions indicate higher densities, suggesting that previous estimates are overly conservative and/or that fin whales are undergoing a substantial increase. Here we report findings from a recent multi-vessel single-platform sightings survey carried out as part of the 2019 Area 48 Survey for Antarctic krill. While fin whales were encountered throughout the entire survey area, which covered the majority of CCAMLR Management Area 48, they were particularly abundant around the South Orkney Islands and the eastern Bransfield Strait. Large feeding aggregations were also encountered within the central Scotia Sea between South Orkney Islands and South Georgia. Distance sampling analyses suggest an average fin whale density throughout the Scotia Sea of 0.0256 ( $$\text{CV}=0.149$$ <mml:math xmlns:mml=""http://www.w3.org/1998/Math/MathML""> <mml:mrow> <mml:mtext>CV</mml:mtext> <mml:mo>=</mml:mo> <mml:mn>0.149</mml:mn> </mml:mrow> </mml:math> ) whales per km 2 , which agrees well with recent density estimates reported from smaller sub-regions within the Scotia Sea. Design-based distance sampling analyses resulted in an estimated total fin whale abundance of 53,873 (CV = 0.15, 95% CI 40,233–72,138), while a density surface model resulted in a slightly lower estimate of 50,837 (CV: 0.136, 95% CI 38,966–66,324). These estimates are at least an order of magnitude greater than the previous estimate from the same region based on the IDCR/SOWER-2000 data, suggesting that fin whales are undergoing a substantial abundance increase in the South Atlantic. This may have important implications for the assessment of cetacean population trends, but also for CCAMLRs spatial overlap analysis process and efforts to implement a Feedback Management system for Antarctic krill. Our abundance estimate suggests an annual summer krill consumption by fin whales in the Antarctic Peninsula and Scotia Sea area of 7.97 (95% CI 4.94–11.91) million tonnes, which would represent around 20 times the total krill catch taken by the commercial fishery in Area 48 in the same season, or about 12.7% of the 2019 summer krill standing stock estimated from data collected during the same survey. This highlights the crucial importance of including cetacean krill predators in assessment and management efforts for living marine resources in the Southern Ocean, and particularly stresses the urgent need for a re-appraisal of abundance, distribution and ecological role of Southern Hemisphere fin whales.",2024,https://doi.org/10.1038/s41598-024-57378-3,article,https://www.nature.com/articles/s41598-024-57378-3.pdf,Martin Biuw; Ulf Lindstrøm; Jennifer A. Jackson; Mick Baines; Natalie Kelly; George McCallum; Georg Skaret; Bjørn A. Krafft,Marine animal studies overview; Arctic and Antarctic ice dynamics; Avian ecology and behavior,Ecology; Atmospheric Science; Ecology,https://www.nature.com/articles/s41598-024-57378-3.pdf,8,78
"First assessment of pollutant exposure in two balaenopterid whale populations sampled in the Svalbard Archipelago, Norway","Pollutant concentrations are poorly known for the largest animals on Earth, blue whales Balaenoptera musculus and fin whales Balaenoptera physalus. In this study, concentrations of persistent organic pollutants (POPs) were determined in blubber biopsies and stable isotope values for nitrogen (δ<sup>15</sup>N) and carbon (δ<sup>13</sup>C) were measured using skin biopsies for 18 blue whales and 12 fin whales sampled in waters surrounding the Svalbard Archipelago, Norway. The samples were collected in summer during the period 2014-2018. POPs were dominated by DDTs, PCBs and toxaphenes, with median concentrations in blue/fin whales being 208/341, 127/275 and 133/233 ng/g lipid weight, respectively. Linear models indicated that pollutant concentrations were 1.6-3 times higher in fin whales than in blue whales, which is likely related to the higher trophic positions of fin whales, as indicated by their higher δ<sup>15</sup>N. Lower δ<sup>13</sup>C in fin whales suggests that they feed at higher latitudes than blue whales; these values were not correlated with pollutant concentrations. Pollutant levels were approximately twice as high in males compared to females (intraspecifically), which indicates that females of these species offload pollutants to their offspring during gestation and lactation, similar to many other mammalian species. Pollutant concentrations in balaenopterid whales from Svalbard waters were generally much lower than in conspecific whales from the Mediterranean Sea or the Gulf of California, but higher than those in conspecifics from the Antarctic Peninsula.",2020,https://doi.org/10.1016/j.scitotenv.2020.137327,article,https://doi.org/10.1016/j.scitotenv.2020.137327,Sabrina Tartu; Aaron T. Fisk; Arntraut Götsch; Kit M. Kovacs; Christian Lydersen; Heli Routti,Marine animal studies overview; Isotope Analysis in Ecology; Mercury impact and mitigation studies,"Ecology; Ecology; Health, Toxicology and Mutagenesis",NA,15,79
Megafaunal Communities in Rapidly Warming Fjords along the West Antarctic Peninsula: Hotspots of Abundance and Beta Diversity,"Glacio-marine fjords occur widely at high latitudes and have been extensively studied in the Arctic, where heavy meltwater inputs and sedimentation yield low benthic faunal abundance and biodiversity in inner-middle fjords. Fjord benthic ecosystems remain poorly studied in the subpolar Antarctic, including those in extensive fjords along the West Antarctic Peninsula (WAP). Here we test ecosystem predictions from Arctic fjords on three subpolar, glacio-marine fjords along the WAP. With seafloor photographic surveys we evaluate benthic megafaunal abundance, community structure, and species diversity, as well as the abundance of demersal nekton and macroalgal detritus, in soft-sediment basins of Andvord, Flandres and Barilari Bays at depths of 436-725 m. We then contrast these fjord sites with three open shelf stations of similar depths. Contrary to Arctic predictions, WAP fjord basins exhibited 3 to 38-fold greater benthic megafaunal abundance than the open shelf, and local species diversity and trophic complexity remained high from outer to inner fjord basins. Furthermore, WAP fjords contained distinct species composition, substantially contributing to beta and gamma diversity at 400-700 m depths along the WAP. The abundance of demersal nekton and macroalgal detritus was also substantially higher in WAP fjords compared to the open shelf. We conclude that WAP fjords are important hotspots of benthic abundance and biodiversity as a consequence of weak meltwater influences, low sedimentation disturbance, and high, varied food inputs. We postulate that WAP fjords differ markedly from their Arctic counterparts because they are in earlier stages of climate warming, and that rapid warming along the WAP will increase meltwater and sediment inputs, deleteriously impacting these biodiversity hotspots. Because WAP fjords also provide important habitat and foraging areas for Antarctic krill and baleen whales, there is an urgent need to develop better understanding of the structure, dynamics and climate-sensitivity of WAP subpolar fjord ecosystems.",2013,https://doi.org/10.1371/journal.pone.0077917,article,https://journals.plos.org/plosone/article/file?id=10.1371/journal.pone.0077917&type=printable,Laura J. Grange; Craig R. Smith,Marine Biology and Ecology Research; Isotope Analysis in Ecology; Marine and coastal plant biology,Oceanography; Ecology; Oceanography,https://journals.plos.org/plosone/article/file?id=10.1371/journal.pone.0077917&type=printable,150,80
Size and body condition of sympatric killer whale ecotypes around the Antarctic Peninsula,"Killer whales Orcinus orca are apex predators, and their health can indicate trophic dynamics in ecosystems that support them. We used aerial photogrammetry to estimate body lengths, to better understand size differences and food requirements, and widths, to infer current nutritional condition, of killer whales in the rapidly warming waters around the Antarctic Peninsula. A remotely controlled hexacopter drone was used to collect aerial images of 242 killer whales of 3 sympatric ecotypes (Type A, n = 34; Type B1, n = 19; and Type B2, n = 189) in the austral summers between 2015/2016 and 2018/2019. Total length (TL) varied between ecotypes, with B2s being diminutive in size, indicating large differences in energy requirements. The mean length for adult females ranged from 5.82 m (B2s) to 6.93 m (B1s), and the mean for adult males ranged from 6.44 m (B2s) to 7.80 m (As). We also found significant differences in head width (HW, proxy for body condition), with B2s being significantly leaner. Although this variation may reflect natural shape differences, we also estimated divergent regression lines of HW~TL indicating that this difference was greater at larger body sizes, with some anomalously thin adult female B2s. We suggest that these dissimilarities may indicate a density-dependent response, with leaner body condition in adults with higher energetic requirements, as the abundance of B2s is almost an order of magnitude greater than that of B1s and As. We hypothesize that food limitation resulted from a decline in carrying capacity during recent reductions in sea ice and warmer ocean temperatures.",2021,https://doi.org/10.3354/meps13866,article,https://www.int-res.com/articles/meps_oa/m677p209.pdf,JW Durban; Holly Fearnbach; Adolfo Roman Ramos Paredes; Leigh S. Hickmott; D.J. Leroi,Marine animal studies overview; Arctic and Antarctic ice dynamics; Aerospace Engineering and Energy Systems,Ecology; Atmospheric Science; Aerospace Engineering,https://www.int-res.com/articles/meps_oa/m677p209.pdf,30,81
Using passive acoustics to model blue whale habitat off the Western Antarctic Peninsula,NA,2010,https://doi.org/10.1016/j.dsr2.2010.08.019,article,NA,Ana Širović; John A. Hildebrand,Marine animal studies overview; Marine and fisheries research; Arctic and Antarctic ice dynamics,Ecology; Global and Planetary Change; Atmospheric Science,NA,38,82
Preliminary trophic model of the Antarctic Peninsula Ecosystem (Sub-area CCAMLR 48.1),NA,2008,https://doi.org/10.1016/j.ecolmodel.2008.06.011,article,NA,Jorge Cornejo‐Donoso; Tarsicio Antezana,Isotope Analysis in Ecology; Marine and coastal ecosystems; Marine and fisheries research,Ecology; Oceanography; Global and Planetary Change,NA,50,83
Dynamic foraging of a top predator in a seasonal polar marine environment,NA,2017,https://doi.org/10.1007/s00442-017-3949-6,article,NA,Ben Weinstein; Ari S. Friedlaender,Marine animal studies overview; Marine and coastal plant biology; Avian ecology and behavior,Ecology; Oceanography; Ecology,NA,32,84
Does optimal foraging theory predict the foraging performance of a large air-breathing marine predator?,NA,2016,https://doi.org/10.1016/j.anbehav.2016.03.034,article,NA,Reny B. Tyson; Ari S. Friedlaender; Douglas P. Nowacek,Marine animal studies overview; Arctic and Antarctic ice dynamics; Marine and fisheries research,Ecology; Atmospheric Science; Global and Planetary Change,NA,32,85
Commercial krill fishing within a foraging supergroup of fin whales in the Southern Ocean,"Industrial whaling in the 20th century reduced the global biomass of marine mammals by over fourfold (Bar-on et al., 2018). The majority of this overexploitation occurred during a 70-year period in the Southern Ocean (1904–1978) (Rocha et al., 2014). Fin whales (Balaenoptera physalus), the second largest species of all time, accounted for half of all baleen whales harvested in the Southern Ocean, 726,461 individuals in total (Rocha et al., 2014). A recent survey estimated that ~1300 fin whales were in the southwestern Scotia Sea (Elephant Island and South Orkney Islands region) (Viquerat & Herr, 2017). This recovering population subsists primarily on Antarctic krill (hereafter ""krill""; Euphausia suberba) (Herr et al., 2022; Viquerat & Herr, 2017). The extent of competition between recovering whales and the growing krill fishery is of great interest but is poorly understood. On 13 January 2022 (17:10–19:10 local time), we observed a remarkably large aggregation of foraging fin whales 15 km northwest of Coronation Island between 60°24.44′ S, 46°04.45′ W and 60°18.29′ S, 45°53.51′ W (Figure 1 and Video S1). Eye height was 12 m above sea level, providing a visible area of 185 km2 over the passage. Viewing conditions were favorable: visibility >20 km, swell height 1–2 m, Beaufort 3 wind speed. The charted depth was between 294 and 465 m, and the nearest point of land was 14 km away (Figure 1A). The sighting occurred at the tail end of a large spring phytoplankton bloom in the southern Scotia Sea (Figure 2A,B, Appendix S1). Evidence of a mix of behavioral modes was observed, including surface feeding (distended buccal cavity) and steeply arched deeper dives (presumably nonsurface feeding). The mean (±SD) blow duration was 8.3 ± 2.9 s, and the total number of instantaneous blows visible was 143 (Figure 1E). When combined with estimates of hourly blow rate (Kopelman & Sadove, 1995), we obtained a group size estimate of 979 (95% CI: 830–1153; Figure 1D, Appendix S1) for the mixed-behavior—surface and nonsurface feeding—aggregation of fin whales. Among the fin whales were two juvenile humpback whales (Megaptera novaeangliae), a blue whale (B. musculus), Antarctic fur seals (Arctocephalus gazella), and thousands of seabirds, including prions, petrels, penguins, and albatrosses. Within this multispecies aggregation of krill predators there were also four commercial krill vessels actively harvesting krill (Figure 1B). This observation of a supergroup of ~1000 foraging fin whales is among the largest aggregations of baleen whales ever recorded (Herr et al., 2022; Viquerat & Herr, 2017). While large aggregations of baleen whales—specifically fin whales—are not new for these waters, our observation is larger than most postwhaling sightings by an order of magnitude (Herr et al., 2022; Joiris & Dochy, 2013; Santora et al., 2014; Viquerat & Herr, 2017). Further, our sighting highlights that krill fishing and high densities of foraging whales can co-occur in the Southern Ocean (Figure 1B and Video S2). This scenario presents both welfare and conservation concerns for whales as the fishery grows. In 2020 and 2021, three humpback whale fatalities were reported from krill fishing operations in the Commission for the Conservation of Antarctic Marine Living Resources (CCAMLR) Area 48 (CCAMLR, 2021). Specifically, South Orkney West—the Small-Scale Management Unit (SSMU) in CCAMLR Subarea 48.2 where we made our observation—is the global epicenter of krill fishing. Nearly 30% of all krill taken annually is harvested from this SSMU (Trathan & Grant, 2020). Under the present scenario of increasing whale densities (Zerbini et al., 2019) and krill fishing effort (CCAMLR Secretariat, 2021), whale–fishery interactions, including bycatch and direct competition for krill, are likely to increase unless action is taken. The recent combination of technological advances in fishing, reduced sea ice extent and duration, and increasing demand for krill in aquaculture feed and nutritional supplements has led to the expansion of the krill fishery (CCAMLR, 2022). Three of the four observed vessels were using continuous trawling, where the krill is transported from the cod end of the net to the vessel without having to remove the net from the water, while the remaining vessel was using conventional trawling, where the net is removed from the water. Each krill fishing vessel typically harvests 250 t day−1 but can harvest up to 800 t day−1 via continuous trawling or 400 t day−1 via conventional trawling (Nicol & Foster, 2016). Thus, while the observed combination of fishing vessels typically harvests ~1000 t day−1, they can extract 2800 t day−1. Field-based estimates of baleen whale prey consumption (Savoca et al., 2021) suggest a fin whale aggregation this size likely consumes 4000 t day−1 of krill. Thus, these fishing vessels may have harvested krill at rates similar to those of the entire supergroup of whales. Industrial krill harvesting in direct competition with foraging fin whales is concerning because the regional abundance of fin whales and krill remains far below the prewhaling baseline. Paradoxically, krill abundance in the Atlantic sector of the Southern Ocean has likely declined since the end of commercial whaling (Atkinson et al., 2004), which may be due to the loss of nutrient recycling services of the missing whales (Savoca et al., 2021; Smetacek, 2008). Fin whales and other mysticetes play a crucial role in enhancing the productivity of the Southern Ocean by catalyzing nutrient availability to the base of marine food webs (Roman et al., 2014; Savoca et al., 2021; Smetacek, 2008). Therefore, threats to whale recovery, survival, or ability to forage optimally can disrupt ecosystem functioning. Prior to krill fishing, whales and phytoplankton blooms were often spatially separated perhaps due to local top-down control of phytoplankton by krill grazing (Hardy, 1967). In contrast, our observation of an overlapping phytoplankton bloom, vast krill swarm, and supergroup of foraging whales raises the possibility that simultaneous harvesting of krill by commercial fishing vessels and a supergroup of whales depressed krill abundance and grazing pressure locally. Such potential changes to ecosystem dynamics from commercial fishing should be closely monitored. Climate change also looms large in the Southwest Atlantic, where sustained surface warming has led to ecological shifts over the past several decades (Whitehouse et al., 2008). The whale aggregation and fishing activity reported here was associated with a large spring phytoplankton bloom (Figure 2A,B,E) following an exceptionally warm austral spring and a near-record low in regional sea ice extent (Figure 2C,D). Although isolated, our observation brings into focus interactions between recovering baleen whales and the intensifying Southern Ocean krill fishery. CCAMLR is mandated to ensure ""maintenance of the ecological relationships between harvested, dependent and related populations of Antarctic marine living resources"" (CCAMLR Convention Article II.3 b). Regarding the krill fishery specifically, CCAMLR is responsible to ensure that krill predators are not harmed due to fishing. CCAMLR has typically deferred cetacean conservation and management to the International Whaling Commission (IWC), but IWC has no jurisdiction in the management of the krill fishery or bycatch. The potential for industrial-scale krill harvesting to disrupt the positive feedback loop in ocean productivity, yielded by the dynamic interplay between phytoplankton, krill, and whales (Roman et al., 2014; Savoca et al., 2021), warrants further evaluation by CCAMLR and the IWC. CCAMLR can use its management mandate to protect krill-dependent predators, including baleen whales, from adverse interactions with the krill fishery (Meyer et al., 2020). Ultimately, more research is needed to quantify how commercial krill harvesting alongside foraging predators will impact whale and krill recovery in the 21st century. Conor Ryan, Maya Santangelo, and Brent Stephenson made field observations. Conor Ryan, Matthew S. Savoca, Trevor A. Branch, and Earle A. Wilson designed the research, analyzed the data, and wrote the paper. Thanks go to Captain Aaron Wood amd the officers and crew of National Geographic Endurance. The assistance of our colleagues, videographer Eric Wehrmeister in particular, is greatly appreciated. Satellite and Argo profiling float data were collected and made freely available by the Southern Ocean Carbon and Climate Observations and Modeling (SOCCOM) project funded by the National Science Foundation, Division of Polar Programs (NSF PLR -1425989 and OPP-1936222), supplemented by NASA, and by the International Argo Program and the National Oceanic and Atmospheric Administration (NOAA) programs that contribute to it. The Argo Program is part of the Global Ocean Observing System. This work was supported by MAC3 Impact Philanthropies. The authors declare no conflict of interest. Processed data and analysis code (Ryan et al., 2023) are available in Zenodo at https://doi.org/10.5281/zenodo.7511123. We use sea ice data from the NOAA/National Snow and Ice Data Center Climate Data Record (CDR) of Passive Microwave SIC (Meier et al., 2022) and sea surface temperature from the NOAA Optimum Interpolation (OI) SST V2 product (Reynolds et al., 2002). The OI SST V2 data were accessed via the NOAA PLS website at https://psl.noaa.gov/data/gridded/data.noaa.oisst.v2.html. Appendix S1. Video S1. Video S2. Video S1 legend. Video S2 legend. Please note: The publisher is not responsible for the content or functionality of any supporting information supplied by the authors. Any queries (other than missing content) should be directed to the corresponding author for the article.",2023,https://doi.org/10.1002/ecy.4002,article,https://onlinelibrary.wiley.com/doi/pdfdirect/10.1002/ecy.4002,Conor Ryan; Maya Santangelo; Brent M. Stephenson; Trevor A. Branch; Earle Wilson; Matthew S. Savoca,Arctic and Antarctic ice dynamics; Marine animal studies overview; Underwater Acoustics Research,Atmospheric Science; Ecology; Oceanography,https://onlinelibrary.wiley.com/doi/pdfdirect/10.1002/ecy.4002,18,86
"Spatially Extensive Standardized Surveys Reveal Widespread, Multi-Decadal Increase in East Antarctic Adélie Penguin Populations","Seabirds are considered to be useful and practical indicators of the state of marine ecosystems because they integrate across changes in the lower trophic levels and the physical environment. Signals from this key group of species can indicate broad scale impacts or response to environmental change. Recent studies of penguin populations, the most commonly abundant Antarctic seabirds in the west Antarctic Peninsula and western Ross Sea, have demonstrated that physical changes in Antarctic marine environments have profound effects on biota at high trophic levels. Large populations of the circumpolar-breeding Adélie penguin occur in East Antarctica, but direct, standardized population data across much of this vast coastline have been more limited than in other Antarctic regions. We combine extensive new population survey data, new population estimation methods, and re-interpreted historical survey data to assess decadal-scale change in East Antarctic Adélie penguin breeding populations. We show that, in contrast to the west Antarctic Peninsula and western Ross Sea where breeding populations have decreased or shown variable trends over the last 30 years, East Antarctic regional populations have almost doubled in abundance since the 1980's and have been increasing since the earliest counts in the 1960's. The population changes are associated with five-year lagged changes in the physical environment, suggesting that the changing environment impacts primarily on the pre-breeding age classes. East Antarctic marine ecosystems have been subject to a number of changes over the last 50 years which may have influenced Adélie penguin population growth, including decadal-scale climate variation, an inferred mid-20th century sea-ice contraction, and early-to-mid 20th century exploitation of fish and whale populations.",2015,https://doi.org/10.1371/journal.pone.0139877,article,https://journals.plos.org/plosone/article/file?id=10.1371/journal.pone.0139877&type=printable,Colin Southwell; Louise Emmerson; John McKinlay; Kym Newbery; Akinori Takahashi; Akiko Kato; Christophe Barbraud; Karine Delord; Henri Weimerskirch,Avian ecology and behavior; Arctic and Antarctic ice dynamics; Climate variability and models,Ecology; Atmospheric Science; Global and Planetary Change,https://journals.plos.org/plosone/article/file?id=10.1371/journal.pone.0139877&type=printable,55,87
Occurrence of dwarf minke whales (Balaenoptera acutorostrata subsp.) around the Antarctic Peninsula,NA,2010,https://doi.org/10.1007/s00300-010-0884-y,article,NA,Jorge Acevedo; Carlos Olavarría; Jorge Plana; Anelio Aguayo‐Lobo; Antonio Malo Larrea; Luis A. Pastene,Marine animal studies overview; Arctic and Antarctic ice dynamics; Polar Research and Ecology,Ecology; Atmospheric Science; Ecology,NA,8,88
Feeding grounds of the eastern South Pacific humpback whale population include the South Orkney Islands,"This paper reports on two photo-identified humpback whales (Megaptera novaeangliae) that were sighted in different years in the proximity of the South Orkney Islands, at the boundary between the Scotia and Weddell seas(60854.5?S*46840.4?W and 60842.6?S*45833?W). One of the whales had been previously sighted off Ecuador, a breeding ground for the eastern South Pacific population. The other whale was subsequently resighted in Bransfield Strait, off the western Antarctic Peninsula, a well-documented feeding ground for the same population. These matches give support to a hypothesis that the area south of the South Orkney Islands is occupied by whales from the eastern South Pacific breeding stock. Consequently, we propose 408W as a new longitudinal boundary between the feeding grounds associated with the eastern South Pacific and western South Atlantic breeding stocks.",2012,https://doi.org/10.3402/polar.v31i0.17324,article,https://polarresearch.net/index.php/polar/article/download/2607/pdf_1,Luciano Dalla Rosa; Fernando Félix; PeterT. Stevick; Eduardo R. Secchi; JudithM. Allen; Kim Chater; Anthony R. Martin; Manuela Bassoi,Marine animal studies overview; Arctic and Antarctic ice dynamics; Marine and coastal plant biology,Ecology; Atmospheric Science; Oceanography,https://polarresearch.net/index.php/polar/article/download/2607/pdf_1,10,89
On the occurrence of diatoms on the skin of whales,"Abstract In the course of my official duties during whaling operations at the South Shetlands and the South Orkneys, extending over four seasons between 1913 and 1919, I have observed that whales, and particularly the very fat individuals, are frequently covered with a film of a buffish colour. This film is easily removed, but owing to the excessively dirty conditions under which whaling is carried out, it is not an easy matter to obtain it free from admixture with other substances. The Blue Whale (Balœnoptera musculus) and the Fin Whale {B.physolus) are species which are often thus coated. The film is equally thick on all parts of the skin, and it is easily seen on the white parts of the body. It is not nearly so obvious against the background of the darker parts of the skin, where it may easily be overlooked. A Blue Whale in this condition is known to the whalers as a “Sulphur-bottom.” It did not at first occur to me to investigate the cutaneous coating in question, but on examining microscopically, with a low power, a portion from a Fin Whale killed at the South Shetlands late in the season 1918-1919, I found it to consist of large numbers of what appeared to me to be Diatoms. When fresh, each of these organisms was seen to contain a yellowish speck of what seemed to be oil, near its centre. A small quantity of the film removed later from the skin of a Blue Whale, killed at the same locality, proved to agree closely, in its microscopical characters, with what had already been studied in the Fin Whale.",1920,https://doi.org/10.1098/rspb.1920.0021,article,https://doi.org/10.1098/rspb.1920.0021,A. G. Bennett,Marine animal studies overview; Cephalopods and Marine Biology; Polar Research and Ecology,"Ecology; Ecology, Evolution, Behavior and Systematics; Ecology",NA,28,90
First evidence for fin whale migration into the Pacific from Antarctic feeding grounds at Elephant Island,"This study presents the first long-distance tracks of fin whales ( Balaenoptera physalus ) equipped with satellite transmitters off the Antarctic Peninsula. Southern Hemisphere fin whales were severely depleted by twentieth century industrial whaling, yet recently, they have returned to historical feeding grounds off the northern Antarctic Peninsula, forming large aggregations in austral summers. To date, our knowledge only extended to summer behaviour, while information regarding migration routes and the location of breeding and wintering grounds are lacking. During the austral autumn of 2021, we deployed nsatellite transmitters on four fin whales at Elephant Island. Two transmitters stopped working while the animals were still at the feeding grounds, while two continued to transmit during the transition from feeding activity to migration. Both migrating animals left the feeding ground on 15 April 2021, travelling northward into the Pacific and up along the Chilean coast. The most northerly position received before all tags stopped transmitting on 1 May 2021 was at 48°S. These tracks provide initial evidence of seasonal migratory routes and a first indication toward possible locations of winter destinations. This information, even if preliminary, is critical for investigations of population connectivity, population structure and the identification of breeding grounds of Southern Hemisphere fin whales.",2022,https://doi.org/10.1098/rsos.220721,article,https://doi.org/10.1098/rsos.220721,Helena Herr; Leigh S. Hickmott; Sacha Viquerat; Simone Panigada,Marine animal studies overview; Arctic and Antarctic ice dynamics; Avian ecology and behavior,Ecology; Atmospheric Science; Ecology,NA,12,91
Linking pollutant exposure of humpback whales breeding in the Indian Ocean to their feeding habits and feeding areas off Antarctica,NA,2016,https://doi.org/10.1016/j.envpol.2016.11.032,article,https://ars.els-cdn.com/content/image/1-s2.0-S0269749116321789-fx1_lrg.jpg,Krishna Das; Govindan Malarvannan; Alin C. Dirtu; Violaine Dulau; Magali Dumont; Gilles Lepoint; Philippe Mongin; Adrian Covaci,Marine animal studies overview; Toxic Organic Pollutants Impact; Isotope Analysis in Ecology,"Ecology; Health, Toxicology and Mutagenesis; Ecology",https://ars.els-cdn.com/content/image/1-s2.0-S0269749116321789-fx1_lrg.jpg,30,92
"Year-round passive acoustic data reveal spatio-temporal patterns in marine mammal community composition in the Weddell Sea, Antarctica","To date, the majority of studies investigating marine mammal distribution and behavior take a single-species perspective, which is often driven by the logistic difficulties of collecting appropriate data at sea. Passive acoustic monitoring, provided recording tools exhibit sufficient bandwidth, has the potential to provide insights into community structure as devices operate autonomously simultaneously collecting data on baleen, pinniped and toothed whale acoustic presence. Data can provide information on local species diversity, residency times and co-occurrence. Here, we used multi-year passive acoustic data from 6 sites in the Weddell Sea, Southern Ocean, to explore how local marine mammal community compositions develop over time and in relation to sea-ice. Diversity peaked in austral late spring and early summer, shortly before seasonal sea-ice break-up. The effective number of species exhibited little variation over time, reflecting that species remain in Antarctic waters throughout austral winter. Community composition showed almost complete seasonal overturn, indicating that species replace each other throughout the year. For all 6 sites, community dissimilarity increased with increasing temporal distance, reflecting temporal trends in community composition beyond seasonality. Several species exhibited significant positive or negative co-occurrence patterns over time. These seasonal associations were consistent across all 5 oceanic sites, but partly inversed at the Western Antarctic Peninsula recording site. This study shows that the application of biodiversity metrics to passive acoustic monitoring data can foster insights into the timing of behaviors and community composition, which can boost the interpretation of responses in the light of ongoing environmental changes.",2020,https://doi.org/10.3354/meps13258,article,NA,Ilse van Opzeeland; Helmut Hillebrand,Marine animal studies overview; Marine and fisheries research; Marine and coastal plant biology,Ecology; Global and Planetary Change; Oceanography,NA,22,93
Morphological and ecological evidence for two sympatric forms of Type B killer whale around the Antarctic Peninsula,NA,2016,https://doi.org/10.1007/s00300-016-1942-x,article,https://link.springer.com/content/pdf/10.1007/s00300-016-1942-x.pdf,John W. Durban; Holly Fearnbach; D.G. Burrows; Gina M. Ylitalo; Robert L. Pitman,Marine animal studies overview; Arctic and Antarctic ice dynamics; Marine and fisheries research,Ecology; Atmospheric Science; Global and Planetary Change,https://link.springer.com/content/pdf/10.1007/s00300-016-1942-x.pdf,56,94
"Movements of humpback whales in Oceania, South Pacific","To investigate movements of humpback whales among breeding and migratory areas of Oceania in the South Pacific Ocean, comparisons of individually identified whales were undertaken using catalogues from New Caledonia, Tonga, New Zealand, the Cook Islands and French Polynesia. These locations probably represent wintering grounds or migratory areas for the Group V and VI stocks, as recognised by the International Whaling Commission for management purposes. Comparisons were also made to small samples of photos from Colombia, Ecuador and the Antarctic Peninsula, representing wintering and feeding grounds of the Group I stock. Overall, the combined catalogues contained photographs of 912 individual whales, 767 of which were from Oceania. Twelve fluke matches were made, indicating movement between the following areas: New Caledonia and New Zealand (2); New Caledonia and Tonga (6, plus one made by dorsal fin); Tonga and the Cook Islands (2); the Cook Islands and French Polynesia (1, plus one made by dorsal fin); and between Ecuador and the Antarctic Peninsula (1). These results add to previously known connections between eastern Australia and the westerly component of Oceania (New Caledonia, Tonga and New Zealand). The data also suggest little movement between Oceania and Area I (western South America and the Antarctic Peninsula), although sample sizes for the latter region were too small to conclude this with certainty. The documented movement of some whales among portions of Oceania indicates that stock assessments based on combining regional estimates of abundance are likely to be positively biased, although this may be countered by problems of heterogeneity in sampling effort and whale distribution. In contrast with the recovery exhibited in Area IV and in the western portion of Area V, humpback whale abundance appears to remain low in Oceania, presumably because of overexploitation in the feeding grounds of Area VI and the easterly component of Area V.",2023,https://doi.org/10.47536/jcrm.v4i3.837,article,https://journal.iwc.int/index.php/jcrm/article/download/837/557,Claire Garrigue; Anelio Aguayo‐Lobo; V. L. U. Amante-Helweg; C Baker; Susana Caballero; Phillip J. Clapham; Rochelle Constantine; Judith Denkinger; Michael J. Donoghue; Lilián Flórez‐González; J. Greaves; Nan Hauser; Carlos Olavarría; Constanza Pairoa; Hoyt Peckham; M. Michael Poole,Marine animal studies overview; Arctic and Antarctic ice dynamics; Underwater Acoustics Research,Ecology; Atmospheric Science; Oceanography,https://journal.iwc.int/index.php/jcrm/article/download/837/557,60,95
Within-Season Trends in Abundance and Distribution of Humpback Whales (Megaptera novaeangliae) in the Antarctic Peninsula Region,"Fine-scale knowledge of cetacean abundance and distribution throughout the Antarctic Peninsula (AP) is lacking yet essential for effective ecosystem-based fisheries management (EBFM). We investigated an important area both for migratory humpback whales (Megaptera novaeangliae) and Antarctic krill (Euphausia superba) fisheries to assess potential spatio-temporal interactions, for use in adaptive EBFM and marine protected area (MPA) consideration. We collected data using tourist cruise ships as platforms of opportunity during the austral summer of 2019/2020, followed by analysis using spatial hurdle surface modeling and satellite derived oceanographic covariates. Our results indicate that small numbers of humpback whales are present in the Bransfield and Gerlache Straits at the start of the austral summer (November), becoming increasingly abundant in late December in the northern Gerlache Strait, but becoming more dispersed throughout the northern AP in late January. Using relative abundances, we estimate that whales consume approximately 0.5 – 3.3 million tons of Antarctic krill during their feeding season. Based on our results and catch data in the study area, we conclude that there is minimal spatio-temporal overlap between humpback whales and fishery activity our study period of November – January. However, there is potential for significant interaction between the two later in the feeding season, with fisheries potentially harvesting 5.9 – 11.6% of monthly humpback whale Antarctic krill consumption in highly overlapping regions in April. Research effort needs to extend later in the season to properly quantify the spatio-temporal overlap.",2020,NA,dissertation,https://hdl.handle.net/10037/20583,John Elling Deehr Johannessen,Marine animal studies overview; Arctic and Antarctic ice dynamics,Ecology; Atmospheric Science,https://hdl.handle.net/10037/20583,0,96
Identifying overlap between humpback whale foraging grounds and the Antarctic krill fishery,NA,2017,https://doi.org/10.1016/j.biocon.2017.04.014,article,NA,Ben Weinstein; Michael C. Double; Nick Gales; David W. Johnston; Ari S. Friedlaender,Marine animal studies overview; Marine and fisheries research; Arctic and Antarctic ice dynamics,Ecology; Global and Planetary Change; Atmospheric Science,NA,61,97
Spatio-temporal persistence of top predator hotspots near the Antarctic Peninsula,"MEPS Marine Ecology Progress Series Contact the journal Facebook Twitter RSS Mailing List Subscribe to our mailing list via Mailchimp HomeLatest VolumeAbout the JournalEditorsTheme Sections MEPS 487:287-304 (2013) - DOI: https://doi.org/10.3354/meps10350 Spatio-temporal persistence of top predator hotspots near the Antarctic Peninsula Jarrod A. Santora1,2,3,*, Richard R. Veit4 1Antarctic Ecosystem Research Division, Southwest Fisheries Science Center, National Marine Fisheries Service, NOAA, La Jolla, California 92037, USA 2Farallon Institute for Advanced Ecosystem Research, 101 H Street, Suite Q, Petaluma, California 94952, USA 3Center for Stock Assessment Research, University of California, Santa Cruz, 110 Shaffer Road, Santa Cruz, California 95060, USA 3Biology Department, College of Staten Island, City University of New York, 2800 Victory Boulevard, Staten Island, New York 10314, USA *Email: jasantora@gmail.com ABSTRACT: We quantified species richness and abundance of seabirds and marine mammals in order to identify marine areas that are persistently attractive to top predators. Shipboard surveys across a 150000 km2 grid off the Antarctic Peninsula were conducted once or twice each year from 2003 to 2011 during which the distribution and abundance of top predators were mapped. We hypothesized that spatial organization of species richness and abundance hotspots reflect persistent habitat use and are regionalized according to distance from land and oceanographic boundaries. To test this, we used a new hotspot variance metric based on the percentage of time that the species richness or abundance estimate at any one location is greater than 1 standard deviation above the long term means for the entire survey grid. Species richness hotspots were based on all species sighted, while abundance hotspots were based on concentrations of 16 species: 13 seabirds (penguins, petrels and albatrosses), 1 pinniped and 2 baleen whales. Species abundance hotspots reflected 2 major groupings—those with oceanic and coastal origins. We identified 15 richness hotspots, 9 of which were in proximity to the southern Antarctic Circumpolar Current front; the 6 others were associated with major breeding colonies and the location of 2 submarine canyon systems. Our approach integrates temporal and spatial variances over 14 individual surveys and provides useful reference points for identifying ecologically important areas, refining food web models and developing spatial management of and conservation strategies for marine ecosystems. KEY WORDS: Abundance · Antarctic · Conservation · Hotspot · Persistence · Richness · Seabirds · Marine mammals · Marine spatial management Full text in pdf format PreviousCite this article as: Santora JA, Veit RR (2013) Spatio-temporal persistence of top predator hotspots near the Antarctic Peninsula. Mar Ecol Prog Ser 487:287-304. https://doi.org/10.3354/meps10350 Export citation RSS - Facebook - Tweet - linkedIn Cited by Published in MEPS Vol. 487. Online publication date: July 30, 2013 Print ISSN: 0171-8630; Online ISSN: 1616-1599 Copyright © 2013 Inter-Research.",2013,https://doi.org/10.3354/meps10350,article,https://www.int-res.com/articles/theme/m487p287.pdf,JA Santora; RR Veit,Marine animal studies overview; Marine and coastal plant biology; Avian ecology and behavior,Ecology; Oceanography; Ecology,https://www.int-res.com/articles/theme/m487p287.pdf,67,98
Pathology and causes of death of stranded cetaceans in the Canary Islands (1999-2005),"Between 1999 and 2005, 233 stranded cetaceans (comprising 19 species) were reported in the waters of the Canary Islands. Of these, 138/233 (59.2%) were subjected to a complete or partial standardized necropsy, including 4 Balaenopteridae, 9 Physeteridae, 8 Kogiidae, 27 Ziphiidae and 90 Delphinidae. Of these, 46/138 (33.3%) cetaceans were diagnosed with anthropogenic pathological categories (i.e. the cause of death was anthropogenic). These included fishing interaction (bycatch) (19 individuals), 'atypical' mass stranding events linked to naval exercises (13), ship collisions (8) and other anthropogenic-related pathology (6). 'Natural' (i.e. non-anthropogenic) causes of death accounted for another 82/138 (59.4%) cases, including infectious and non-infectious diseases (63), neonatal pathology (8), intra- and interspecific interactions (6) and mass strandings (5). The cause(s) of death could not be determined in 10/138 (7.3%) necropsied animals. The most common causes of death were ship collisions in 6/9 (66.6%) Physeteridae, 'atypical' mass stranding linked to naval exercises in 13/27 (48.1%) Ziphiidae, and 'natural' infectious and non-infectious diseases in 55/90 (61.1%) Delphinidae. Interaction with fishing activities was established as cause of death in 15/90 (16.7%) Delphinidae. These data show that a range of anthropogenic and natural single and mass mortality events occur in multiple cetacean species stranded in the Canary Islands.",2012,https://doi.org/10.3354/dao02558,article,https://www.int-res.com/articles/dao2013/103/d103p087.pdf,Manuel Arbelo; A. Espinosa de los Monteros; P. Herráez; M. Andrada; Eva Sierra; F. Rodrı́guez; PD Jepson; Antonio Fernández,Marine animal studies overview; Marine Ecology and Invasive Species,Ecology; Global and Planetary Change,https://www.int-res.com/articles/dao2013/103/d103p087.pdf,168,99
From the Antarctic Peninsula to eastern Australia: the longest migration of a humpback whale through the South Pacific Ocean,NA,2022,https://doi.org/10.1007/s42991-021-00195-2,article,NA,Jorge Acevedo; Anelio Aguayo‐Lobo; Peta Beeman; Ted Cheeseman; Carlos Olavarría,Marine animal studies overview; Arctic and Antarctic ice dynamics; Underwater Acoustics Research,Ecology; Atmospheric Science; Oceanography,NA,14,100
Characterization of fin whale song off the Western Antarctic Peninsula,"Song is produced by a variety of terrestrial and marine animals and is particularly common among baleen whales. Fin whale ( Balaenoptera physalus ) song is comprised of relatively simple 20 Hz pulses produced at regular intervals. The timing of these intervals, in addition to the presence and frequency of overtones, appears to be unique to each population. The purpose of this study was to characterize Western Antarctic Peninsula fin whale song and describe temporal pattern variations in song type and occurrence. Recordings were collected in the area from 2001–2004 and again 2014–2016. One song type was identified with a primary inter-pulse interval (IPI) of approximately 14 s and secondary IPI of 12.5 s. This song occurred in three pattern variants: singlet, doublet, and long triplet. The interval between pulses increased by 1.5 s between recording periods while the frequency of the overtones decreased from 89 Hz to 86 Hz. Song was never recorded in August and while it was recorded at other times in some years, it was consistently present in recordings from April through June across all years. While multiple pattern variants were present each year, singlets were generally the most prevalent variant. Doublets and triplets occurred from February through June, with highest levels of variants in February. In later years the triplet variant presence increased and in 2016 it comprised 53% of recorded song bouts. Further research is needed to understand the reasons why song changes over time and to examine the feasibility of using song to delineate and identify populations.",2022,https://doi.org/10.1371/journal.pone.0264214,article,https://journals.plos.org/plosone/article/file?id=10.1371/journal.pone.0264214&type=printable,Megan Wood; Ana Širović,Marine animal studies overview; Animal Vocal Communication and Behavior; Underwater Acoustics Research,Ecology; Developmental Biology; Oceanography,https://journals.plos.org/plosone/article/file?id=10.1371/journal.pone.0264214&type=printable,21,101
"Filopatría de la ballena jorobada (Megaptera novaeangliae Borowski, 1781), al área de alimentación del estrecho de Magallanes","Humpback whales migrate annually between high latitude feeding grounds and low latitude breeding grounds, exhibiting a marked degree of fidelity to migratory destinations. Southeastern Pacific humpback whales migrate between the reproductive area located principally off Ecuador and Colombia and the feeding area located around the Antarctic Peninsula. Previous studies suggested a second feeding area for this population in the Magellan Strait. This study evaluates the site fidelity of humpback whales to the Magellan Strait feeding area using photo-identification data obtained during 10 sighting cruises carried out in three austral summer seasons (2002-2003 to 2004-2005). If the Magellan Strait is a second feeding area for some whales of this population, a high return rate of the same animals photo- identified to this area than by chance would be expected. The site fidelity of humpback whales in different austral summer seasons shown a high return rate ( =78.9%). Furthermore no significant differences were found in the return rate between female and males or between different class/age categories. Finally, the high return rate humpback whale, indicate that Magellan Strait is another feeding ground at least for a part of the Southeastern Pacific humpback whales population.",2006,https://doi.org/10.4067/s0718-19572006000100004,article,http://www.scielo.cl/pdf/revbiolmar/v41n1/art04.pdf,Jorge Acevedo; Anelio Aguayo‐Lobo; Luis A. Pastene,Marine animal studies overview; Arctic and Antarctic ice dynamics; Space Exploration and Technology,Ecology; Atmospheric Science; Aerospace Engineering,http://www.scielo.cl/pdf/revbiolmar/v41n1/art04.pdf,30,102
Antarctic Futures,NA,2013,https://doi.org/10.1007/978-94-007-6582-5,book,https://research.wur.nl/en/publications/antarctic-futures-human-engagement-with-the-antarctic-environment,Tina Tin; Daniela Liggett; Patrick Maher; Machiel Lamers,Polar Research and Ecology; Spaceflight effects on biology,Ecology; Physiology,NA,48,103
Aerial surveys for Antarctic minke whales (<i>Balaenoptera bonaerensis</i>) reveal sea ice dependent distribution patterns,"Abstract This study investigates the distribution of Antarctic minke whales (AMW) in relation to sea ice concentration and variations therein. Information on AMW densities in the sea ice‐covered parts of the Southern Ocean is required to contextualize abundance estimates obtained from circumpolar shipboard surveys in open waters, suggesting a 30% decline in AMW abundance. Conventional line‐transect shipboard surveys for density estimation are impossible in ice‐covered regions, therefore we used icebreaker‐supported helicopter surveys to obtain information on AMW densities along gradients of 0%–100% of ice concentration. We conducted five helicopter surveys in the Southern Ocean, between 2006 and 2013. Distance sampling data, satellite‐derived sea‐ice data, and bathymetric parameters were used in generalized additive models (GAMs) to produce predictions on how the density of AMWs varied over space and time, and with environmental covariates. Ice concentration, distance to the ice edge and distance from the shelf break were found to describe the distribution of AMWs. Highest densities were predicted at the ice edge and through to medium ice concentrations. Medium densities were found up to 500 km into the ice edge in all concentrations of ice. Very low numbers of AMWs were found in the ice‐free waters of the West Antarctic Peninsula (WAP). A consistent relationship between AMW distribution and sea ice concentration weakens the support for the hypothesis that varying numbers of AMWs in ice‐covered waters were responsible for observed changes in estimated abundance. The potential decline in AMW abundance stresses the need for conservation measures and further studies into the AMW population status. Very low numbers of AMWs recorded in the ice‐free waters along the WAP support the hypothesis that this species is strongly dependent on sea ice and that forecasted sea ice changes have the potential of heavily impacting AMWs.",2019,https://doi.org/10.1002/ece3.5149,article,https://onlinelibrary.wiley.com/doi/pdfdirect/10.1002/ece3.5149,Helena Herr; Natalie Kelly; Boris Dorschel; Marcus Huntemann; Karl‐Hermann Kock; Linn Sophia Lehnert; Ursula Siebert; Sacha Viquerat; Rob Williams; Meike Scheidat,Arctic and Antarctic ice dynamics; Marine animal studies overview; Cryospheric studies and observations,Atmospheric Science; Ecology; Atmospheric Science,https://onlinelibrary.wiley.com/doi/pdfdirect/10.1002/ece3.5149,30,104
The Southern Ocean Exchange: porous boundaries between humpback whale breeding populations in southern polar waters,"Abstract Humpback whales ( Megaptera novaeangliae ) are a cosmopolitan species and perform long annual migrations between low-latitude breeding areas and high-latitude feeding areas. Their breeding populations appear to be spatially and genetically segregated due to long-term, maternally inherited fidelity to natal breeding areas. In the Southern Hemisphere, some humpback whale breeding populations mix in Southern Ocean waters in summer, but very little movement between Pacific and Atlantic waters has been identified to date, suggesting these waters constituted an oceanic boundary between genetically distinct populations. Here, we present new evidence of summer co-occurrence in the West Antarctic Peninsula feeding area of two recovering humpback whale breeding populations from the Atlantic (Brazil) and Pacific (Central and South America). As humpback whale populations recover, observations like this point to the need to revise our perceptions of boundaries between stocks, particularly on high latitude feeding grounds. We suggest that this “Southern Ocean Exchange” may become more frequent as populations recover from commercial whaling and climate change modifies environmental dynamics and humpback whale prey availability.",2021,https://doi.org/10.1038/s41598-021-02612-5,article,https://www.nature.com/articles/s41598-021-02612-5.pdf,Milton César Calzavara Marcondes; Ted Cheeseman; Jennifer A. Jackson; Ari S. Friedlaender; Logan J. Pallin; Marilia Olio; Leonardo Liberali Wedekin; Fábio G. Daura‐Jorge; Júlio Cardoso; Joana Santos; Roberto C. Fortes; M. Fátima Araújo; Manuela Bassoi; V. Beaver; Annette Bombosch; Christopher W. Clark; Judith Denkinger; A. Boyle; Kristin Rasmussen; O. Savenko; Isabel Cristina Ávila; Daniel M. Palacios; Amy S. Kennedy; Renata S. Sousa‐Lima,Marine animal studies overview; Arctic and Antarctic ice dynamics; Underwater Acoustics Research,Ecology; Atmospheric Science; Oceanography,https://www.nature.com/articles/s41598-021-02612-5.pdf,21,105
Migratory interchange of humpback whales (Megaptera novaeangliae) among breeding grounds of Oceania and connections to Antarctic feeding areas based on genotype matching,NA,2017,https://doi.org/10.1007/s00300-017-2226-9,article,NA,Debbie Steel; M. Eric. Anderson; Claire Garrigue; Carlos Olavarría; Susana Caballero; Simon Childerhouse; Phillip J. Clapham; Rochelle Constantine; Steve Dawson; Michael J. Donoghue; Lilián Flórez‐González; Nadine Gibbs; N Hauser; Marc Oremus; David Paton; MM Poole; Jooke Robbins; Elisabeth Slooten; Deborah Thiele; Juney Ward; C. Scott Baker,Marine animal studies overview; Avian ecology and behavior; Marine and coastal plant biology,Ecology; Ecology; Oceanography,NA,26,106
"Chinstrap penguin foraging area associated with a seamount in Bransfield Strait, Antarctica",NA,2015,https://doi.org/10.1016/j.polar.2015.10.001,article,NA,Nobuo Kokubun; Won Young Lee; Jeong‐Hoon Kim; Akinori Takahashi,Avian ecology and behavior; Marine animal studies overview; Marine and fisheries research,Ecology; Ecology; Global and Planetary Change,NA,31,107
The Anisakis simplex complex off the South Shetland Islands (Antarctica): endemic populations versus introduction through migratory hosts,"MEPS Marine Ecology Progress Series Contact the journal Facebook Twitter RSS Mailing List Subscribe to our mailing list via Mailchimp HomeLatest VolumeAbout the JournalEditorsTheme Sections MEPS 403:1-11 (2010) - DOI: https://doi.org/10.3354/meps08501 FEATURE ARTICLE The Anisakis simplex complex off the South Shetland Islands (Antarctica): endemic populations versus introduction through migratory hosts Sven Klimpel1,*, Markus W. Busch2, Thomas Kuhn1, Anika Rohde2, Harry W. Palm2 1Biodiversity and Climate Research Centre (BiK-F), Johann Wolfgang Goethe-University, Georg-Voigt-Str. 14–16, 60325 Frankfurt am Main, Germany 2Institute of Zoomorphology, Cell Biology and Parasitology, Heinrich-Heine-University Düsseldorf, Universitätsstr. 1, 40225 Düsseldorf, Germany *Email: sklimpel@gmx.net ABSTRACT: Third-stage larvae (L3) of 2 Anisakis nematode species, A. simplex C and A. pegreffii (both A. simplex sibling species complex), were isolated from migrating myctophids around the South Shetland Islands. Gymnoscopelus nicholsi were parasitized by both nematode species, at a prevalence of 22.7% for A. simplex C and 4.0% for A. pegreffii, while Electrona carlsbergi harbored A. simplex C at a prevalence of 9.1%. The ITS-1, 5.8S, and ITS-2 regions of the nematodes were identical to specimens from Pacific Canada or California (A. simplex C) and the coast of China (A. pegreffii), confirming an extensive range of distribution for both species. The occurrence in migrating myctophids coupled with rare findings from other teleosts leads to the conclusion that both species were introduced from outside the Antarctic. Consequently, they are at their most southern range in the Southern Ocean, and an earlier molecular record of A. simplex C from the elephant seal Mirounga leonina may have detected an accidental case of infection. Delphinids, which frequently occur along South America but not in the Southern Ocean, are suggested as being the typical final hosts in the life cycles of A. simplex C and A. pegreffii. The myctophids had only few prey items within their stomachs, dominated by euphausiids, including Euphausia superba and planktonic copepods. These are common intermediate hosts for anisakid nematodes and are an important component of the Antarctic food web. Regular introduction events through migrating whales and myctophids are considered responsible for the occurrence of Anisakis infection in the high Antarctic. KEY WORDS: Anisakis simplex C · Anisakis pegreffii · South Shetland Islands · Southern Ocean (Antarctica) · Myctophids · Sibling species · Zoogeography Full text in pdf format Information about this Feature Article NextCite this article as: Klimpel S, Busch MW, Kuhn T, Rohde A, Palm HW (2010) The Anisakis simplex complex off the South Shetland Islands (Antarctica): endemic populations versus introduction through migratory hosts. Mar Ecol Prog Ser 403:1-11. https://doi.org/10.3354/meps08501 Export citation RSS - Facebook - Tweet - linkedIn Cited by Published in MEPS Vol. 403. Online publication date: March 22, 2010 Print ISSN: 0171-8630; Online ISSN: 1616-1599 Copyright © 2010 Inter-Research.",2010,https://doi.org/10.3354/meps08501,article,https://www.int-res.com/articles/feature/m403p001.pdf,Sven Klimpel; MW Busch; T. Kühn; Anna Rohde; HW Palm,Parasite Biology and Host Interactions; Marine Ecology and Invasive Species; Ichthyology and Marine Biology,Ecology; Global and Planetary Change; Nature and Landscape Conservation,https://www.int-res.com/articles/feature/m403p001.pdf,50,108
"Levels and profiles of chlorinated and brominated contaminants in Southern Hemisphere humpback whales, Megaptera novaeangliae",NA,2015,https://doi.org/10.1016/j.envres.2015.02.007,article,NA,Paulo R. Dorneles; Locoro Giovanni; Eduardo R. Secchi; Alin C. Dirtu; Liesbeth Weijs; Luciano Dalla Rosa; Manuela Bassoi; Haydée A. Cunha; Alexandre de Freitas Azevedo; Adrian Covaci,Toxic Organic Pollutants Impact; Mercury impact and mitigation studies,"Health, Toxicology and Mutagenesis; Health, Toxicology and Mutagenesis",NA,35,109
"Population size and migratory connectivity of humpback whales wintering in Las Perlas Archipelago, Panama","Abstract From 2003 to 2009, we surveyed Las Perlas Archipelago off the Pacific coast of Panama 53 times between the months of August and October to estimate abundance of humpback whales and to test for a migratory connection with populations from the southern hemisphere. We identified 295 individuals using photo‐identification of dorsal fins, including 58 calves, and the population estimate for a single season was 100–300 solitary adults plus 25–50 mothers with calves; the estimated population of animals across all seasons using a mark and recapture model was over 1,000. Eight of the 139 fluke identifications were matched to whales in photograph catalogues from the Antarctic Peninsula and a ninth was matched to a whale sighted in Chilean waters; four of these nine individuals have also been sighted in Colombia. We conclude that Panama (Las Perlas Archipelago in particular) is an important calving area for humpback whales in the Southern Hemisphere. These data should provide a foundation for monitoring of population change and to increase awareness in Panama about the need to manage vessel traffic and tourism related to the whales at Las Perlas.",2014,https://doi.org/10.1111/mms.12136,article,NA,Héctor M. Guzmán; Richard Condit; Betzi Pérez‐Ortega; Juan Capella; Peter T. Stevick,Marine animal studies overview; Marine and coastal plant biology; Underwater Acoustics Research,Ecology; Oceanography; Oceanography,NA,14,110
Evidence for Size-Selective Predation by Antarctic Humpback Whales,"Animals aggregate around resource hotspots, but what makes one resource more appealing than another can be difficult to determine. In March 2020 the Antarctic fjord Charlotte Bay included &amp;gt;5× as many humpback whales as neighboring Wilhelmina Bay, a site previously known for super aggregations of whales and their prey, Antarctic krill. We used suction-cup attached bio-logging tags and active acoustic prey mapping to test the hypothesis that whale abundance in Charlotte Bay would be associated with higher prey biomass density, and that whale foraging effort would be concentrated in regions of Charlotte Bay with the highest biomass. Here we show, however, that patch size and krill length at the depth of foraging were more likely predictors of foraging effort than biomass. Tagged whales spent &amp;gt;80% of the night foraging, and whales in both bays demonstrated similar nighttime feeding rates (48.1 ± 4.0 vs. 50.8 ± 16.4 lunges/h). However, whales in Charlotte Bay foraged for 58% of their daylight hours, compared to 22% in Wilhelmina Bay, utilizing deep (280–450 m) foraging dives in addition to surface feeding strategies like bubble-netting. Selective foraging on larger krill by humpback whales has not been previously established, but suggests that whales may be sensitive to differences in individual prey quality. The utilization of disparate foraging strategies in different parts of the water column allows humpback whales to target the most desirable parts of their foraging environments.",2022,https://doi.org/10.3389/fmars.2022.747788,article,https://www.frontiersin.org/articles/10.3389/fmars.2022.747788/pdf,David E. Cade; Shirel R. Kahane‐Rapport; Ben Wallis; Jeremy A. Goldbogen; Ari S. Friedlaender,Marine animal studies overview; Arctic and Antarctic ice dynamics; Marine and coastal plant biology,Ecology; Atmospheric Science; Oceanography,https://www.frontiersin.org/articles/10.3389/fmars.2022.747788/pdf,26,111
Humpback whale (Megaptera novaeangliae) distribution and movements in the vicinity of South Georgia and the South Sandwich Islands Marine Protected Area,"Humpback whales (Megaptera novaeangliae) are showing strong recovery from commercial whaling in the western South Atlantic. In this region, humpback whales migrate annually from their winter breeding grounds off the coast of Brazil to their summer feeding grounds near to the Polar Front, an area that includes the waters of South Georgia and the South Sandwich Islands (SGSSI). This latter region includes a Marine Protected Area (MPA), which has been developed to ensure sustainable management of fisheries, and protection of foraging predators. To date, management measures within the MPA have primarily been concerned with foraging predators that rely upon Antarctic krill, including for a number of previously over-exploited species. With humpback whales increasing in the western South Atlantic, understandingnderstanding their spatiotemporal distribution within the MPA is important as it will help inform management particularly in respect of interactions between humpback whales and the regional fishery for Antarctic krill. Here we develop habitat models from the distribution and movement patterns of 16 individuals at their high-latitude feeding grounds, south of 50°S. We show that whale habitat use varies throughout the foraging period. Upon reaching their feeding ground, whales use the area to the east of the South Sandwich Islands, moving westward into the centre of the Scotia Arc and towards South Georgia during the high summer, and then expanding back towards the east in the winter. Based on these findings, we discuss the implications for the future, including necessary research required for underpinning management.",2022,https://doi.org/10.1016/j.dsr2.2022.105074,article,https://doi.org/10.1016/j.dsr2.2022.105074,Connor C. G. Bamford; Jennifer A. Jackson; Amy S. Kennedy; Philip N. Trathan; Iain J. Staniland; Artur Andriolo; Luis Bedriñana‐Romano; Emma L. Carroll; Sydney Martin; Alexandre N. Zerbini,Marine animal studies overview; Arctic and Antarctic ice dynamics; Underwater Acoustics Research,Ecology; Atmospheric Science; Oceanography,NA,21,112
Skin condition of fin whales at Antarctic feeding grounds reveals little evidence for anthropogenic impacts and high prevalence of cookiecutter shark bite lesions,"The skin condition of cetaceans, including scars, scratches, and injuries, can tell us a lot about the exposure to natural and anthropogenic impacts on individuals or populations (Baker, 1992; Herr et al., 2020; Kiszka et al., 2008; Van Bressem et al., 2006). Some features naturally accumulate over a lifetime and may be indicative of the age or sex of the animal (MacLeod, 1998). For example, many odontocete cetacean species accumulate scars inflicted by intraspecific interaction over their lifetime, with old individuals being most heavily scarred, or scarring only occurring in males as a consequence of male competition (Lee et al., 2019; Martin & Da Silva, 2006). Other features occur seasonally, like a yellowish skin coloration caused by diatoms accumulating on the skin of cetaceans during their stay in polar waters and being shed afterwards, during the dermal molt when the animals migrate to warmer waters (Bennett, 1920; Durban & Pitman, 2012; Hart, 1935; Mackintosh & Wheeler, 1929; Pitman et al., 2020). Presence of parasites may point to specific origins of migration (Iwasa-Arai et al., 2018). Cookiecutter shark (Istius spp.) bite lesions on cetaceans in high latitudes suggest movement outside the cold-water regions, as the known distribution of cookiecutter sharks is in warm temperate to tropical waters (Dwyer & Visser, 2011; Jones, 1971). Specific marks can be related to predatory scarring (Moore et al., 2003; Naessig & Lanyon, 2004) and certain characteristics tell of individual fates, such as injuries from ship strikes or interaction with fisheries (Bradford et al., 2009; Herr et al., 2020; Pettis et al., 2004; van Waerebeek et al., 2007). Reoccurring features among individuals of a population may inform about threats within their habitat (Bonneville et al., 2021; Kiszka et al., 2008; Panigada et al., 2006), and prevalent skin diseases can indicate poor habitat quality and environmental stressors (Van Bressem et al., 2009). Specific features may even serve as population markers (Best, 1977; Moore et al., 2003). After their near-extirpation by 20th century industrial whaling, fin whales (Balaenoptera physalus) of the Southern Hemisphere finally seem to be recovering (Herr et al., 2022). High densities and reoccurring large feeding aggregations at ancestral feeding grounds around the northern Antarctic Peninsula suggest increasing population numbers (Herr et al., 2022). However, the migratory origin of these animals feeding at the Antarctic Peninsula is not yet known. The population structure of Southern Hemisphere fin whales, which form a separate subspecies (Balaenoptera physalus quoyi) is yet unclear (Archer et al., 2019). It is unknown where the animals feeding at the Antarctic Peninsula migrate from, where they spend the remainder of the year, and where their breeding grounds are located. We collected high-resolution video imagery of fin whales at an Antarctic feeding ground during a dedicated abundance survey, using helicopter and drone supported cameras, and used the imagery for an assessment of the skin condition. We analyzed individual fin whales, looking for conspicuous features, including injuries, abnormal coloration, scars, and parasites as indicators for exposure to natural and anthropogenic impacts. We hypothesized that typical signs for environmental and anthropogenic impacts would be evident in the animals if they had been exposed to these effects during some part of their life history. Such information would be critical with regard to management and conservation of this recovering population, to identify and to mitigate identified pressures. Furthermore, it could provide insights on migratory origins and habitat during the breeding season. Video imagery of whales was collected during research expedition PS112 (March 18–May 5, 2018; Meyer & Wessels, 2018) of the German research ice breaker Polarstern to the Antarctic Peninsula. During an aerial survey using the on-board helicopter (BO-105), a RED Helium 6 K camera with Canon CN20 (50–1,000 mm) lens inside a GSS gyro-stabilized system attached to the helicopter was used to record fin whales encountered during survey effort from an altitude of 600 ft (~183 m). Survey effort was suspended for filming to provide sufficient time for documenting the animals. The animals were recorded from breaking the surface to submerging again, typically presenting the full length of their head and dorsum to the dorsal fin. Line-transect survey design prevented duplicate encounters of individual animals during survey flights. In addition to footage collected during the aerial survey, we launched drones (DJI Phantom 4 and Inspire II equipped with a Zenmuse X5S camera) during ship transit upon encounter of fin whales. Drones filmed the whales from an altitude of 100–150 m and did not approach the whales closer than 100 m to avoid disturbance. Altogether, 325 film sequences with a total runtime of 2.52 hr were recorded. For analysis, sequences containing complete surface intervals, showing fin whales from head to dorsal fin, were extracted and surfacing scenes clipped from these. The resulting data set consisted of 157 scenes of surfacings, adding up to a total runtime of 27 min. Scenes were screened by the same person for conspicuous features, using a video playback software (VLC player; https://www.videolan.org/vlc/). Conspicuous features were first described phenotypically. Based on the descriptions rather than presumed etiology, the following categories were established: circular white spot, pale patch, scar, dent, skin anomaly and deformation/disfigurement (for category descriptions, see Table 1). Occurrence of these features on an individual were noted as a case and the most conclusive frame(s) for identifying the feature(s) were exported and linked to the case. These exported frames were used to quantify the observed features using the free software iTag 0.7 (https://sourceforge.net/projects/itagbiology/) for counting and marking features in images. In addition to these quantifiable features, diatom coverage, i.e., yellowish and brownish skin color, was noted, if evident on the white parts of the body. All information extracted from the sequences was verified by two other persons confirming feature classification. For sequences recorded within a short time interval at the same location, we tried to note possible reappearances of individuals (looking for patterns of conspicuous features that enabled individual identification) to prevent double counts. Aerial footage did not allow for standardized photo identification, for which lateral images of specific parts of the body (blaze, chevron, and dorsal fin) are required (Agler et al., 1990; Whooley et al., 2011). For diagnosis of observed features and identification of possible agents we consulted standard handbooks of marine mammal medicine (e.g., Dierauf & Gulland, 2001) and compared our findings to published literature. Correlation between features was tested using a Pearson correlation test. A total of 109 fin whales were recorded from head to dorsal fin, of which 62 individuals exhibited at least one conspicuous feature. Altogether, 367 individual features were observed across all individuals (Table 2). The most common features were circular white spots (Figure 1; 222 spots found on 51 individual fin whales), followed by dents (Figure 2; 87 dents/20 individuals), scars (Figure 3, Figure 4; 34 scars/24 individuals), and pale patches (Figure 5; 21 patches/13 individuals). Only two cases of deformations of the fin (Figure 6) and one skin anomaly (Figure 7) were detected. 42 fin whales exhibited brownish or yellowish diatom coloring on white parts of the body (Figure 1, Figure 8). The Pearson correlation test of feature categories revealed a positive correlation of circular white spots with dents (r = 0.41), pale patches (r = 0.51) and scars (r = 0.6), and of dents with pale patches (r = 0.28) and scars (r = 0.27), and between pale patches and scars (r = 0.54) (Figure 9). Altogether, the review of body marks revealed little indication for severe impacts on the recorded fin whales. No signs of fresh injuries were detected. The scars detected were mainly small and minor, i.e., not indicative of severe trauma as e.g., inflicted by propellers during ship strikes (Byard et al., 2012; Luksenburg, 2014) or deep cuts caused by fishing gear (Moore, 2014). The largest scar recorded is depicted in Figure 4 and was likely caused by a minor injury of unknown origin. One fin whale had two linear scars on the back, perpendicular to the body axis (Figure 3), which could be indicative of interaction with fishing gear (Luksenburg, 2014). However, the scars suggest superficial abrasions rather than deep cuts. Shapes and locations of all other scars were rather unspecific and did not point to a typical agent such as fishing gear (Luksenburg, 2014; Moore et al., 2013) or predatory scarring (Corsi et al., 2022). In two fin whales the fins were classified as deformed (Figure 6), resembling disfigurement inflicted by fishing gear (Baird & Gorgone, 2005; Kiszka et al., 2008). However, no additional lesions or scars that could have provided additional indication for interaction with fishing gear were associated with either of the malformed fins. From the observed status it is not possible to finally deduce the origin of the deformities, if they were anthropogenic, inflicted by predators or maybe a congenital condition. Altogether, the counts of scars and lesions were low, pointed to minor rather than major previous injury and provided no evidence for entanglement or ship strike. Since aerial imagery has been shown to detect a high share of entanglement scars in rorqual whales (compared to vessel-based photography) (Ramp et al., 2021), we deem it unlikely that major features like entanglement scars and propeller cuts went undetected in our study, particularly given the large number of smallest features that were detected. Examples from cetaceans in human high-use marine areas show a completely different spectrum of injuries and demonstrate that signs of severe trauma can be quite common in cetacean populations (Baird & Gorgone, 2005; Bonneville et al., 2021; Herr et al., 2020; Kiszka et al., 2008). Fin whales are considered to be a predominantly offshore species (Mackintosh & Wheeler, 1929; Perrin et al., 2008). This makes them generally less prone to human impacts, which often occur in coastal areas. However, offshore activities like fishing may still have severe impacts on offshore species, e.g., in terms of interaction during depredation events (Werner et al., 2015), due to entanglement in lost or discarded fishing gear (Stelfox et al., 2016) or offshore shipping traffic (Neilson et al., 2012). Fin whales are among the most regular victims of ship strikes (Laist et al., 2001; Schoeman et al., 2020), with strike rates giving reason for concern e.g., in the heavy traffic area of the Mediterranean (Panigada et al., 2006). Prevalence of scars in fin whales of the Gulf of Maine indicate high rates of entanglement in fishing gear (Ramp et al., 2021). With these observations in mind, the pristine skin conditions of the fin whales gathering at the Antarctic Peninsula suggest that these animals do not migrate to heavily used marine areas after their feeding season in Antarctic waters. If they did, we would expect to see at least some indication for anthropogenic impacts, as is the case in e.g., fin whales from the Mediterranean (Panigada et al., 2006) or in the Gulf of St. Lawrence (Ramp et al., 2021). In addition to the rarity of scars, the complete absence of blister-like skin lesions regularly observed in other large whale populations, e.g., New Zealand blue whales, Balaenoptera musculus (Barlow et al., 2019) and blue, fin and sperm whales, (Physeter macrocephalus) in the Gulf of California (Martinez-Levasseur et al., 2011) is noteworthy. The animals recorded in our study appeared to be in good health, without any signs of severe skin disorders, lesions, or other reasons for concern as far as can be judged from visual inspection. Pale patches were found on 13 individuals. In comparison to the white circular spots, they were generally a bit larger, lighter and more grayish in color, had less defined margins, and not a particular shape. The pale patches occurred ungrouped and were of no specific pattern resembling a skin disease, e.g., tattoo-like lesions (Van Bressem et al., 2015) or poxvirus infections (Geraci et al., 1979; Van Bressem et al., 1999). Histological analyses of pale patches in dolphins have revealed indications of a healing process due to prior trauma, ectoparasite attachment, viral infection, and inflammation (Hart et al., 2012). However, pigmentation anomalies in cetaceans do not necessarily have to be pathogenic. There is natural variation in pigmentation (Alessi et al., 2014; Methion & Diaz Lopez, 2019) and features like the pale patches may also be related to natural skin shedding (Chernova et al., 2016; Reeb et al., 2007). In our study, the etiology of the pale patches remained unknown. However, there was no evidence suggesting an infectious origin. The most frequently detected features in fin whales were small white circular spots (222 spots on 51 individuals; Figure 1). These were detected on different parts of the body in varying numbers per individual (1–14; median 3). All spots were of similar size and shape. They did not resemble typical patterns of a skin disease (Baker, 1992; Bertulli et al., 2012; Kautek et al., 2019) or marks left by barnacles (Félix et al., 2006). Comparison with published documentations of similar spots on other cetaceans suggest that these may be scars from cookiecutter shark (Isistius spp.) bites (Barlow et al., 2019; Dwyer & Visser, 2011; Jones, 1971; Moore et al., 2003). Barlow et al. (2019) describe four healing phases of cookiecutter shark bite lesions in blue whales off New Zealand, of which relatively fresh wounds have subdermal tissue visible as pink (phase 1) or yellowish/brownish (phase 2) lesions, and with phase 3 wounds resembling the white circular spots detected in our study. According to Barlow et al. (2019) phase 3 represents a healed wound leaving behind a bright white scar of ovoid shape that can be smooth or indented—consistent with the circular white spots we found on the fin whales. Phase 4, as described by Barlow et al. (2019), represents a completely healed wound leaving behind a depression with returned pigmentation. This description resembles the dents (n = 87 dent/20 individuals) detected in our fin whales. Additional support for this assumption arises from the close correlation of dents and circular white spots cooccurring on the same individuals (Pearson's r = 0.41). Taking circular white spots and dents into account together, 54 fin whales (49.5%) recorded in our study had cookiecutter shark bite lesions in advanced stages of healing. However, no fresh cookiecutter shark bite lesions were found on fin whales in this study, with neither phase 1 nor phase 2 healing stages present (Barlow et al., 2019). Assuming a regular, seasonal migration of fin whales between temperate waters and the Southern Ocean (Mackintosh, 1966; Mizroch et al., 1984), this indicates a considerably faster healing process than the period of 38 months for progression from phase 2 to phase 3 as found by Barlow et al. (2019) in blue whales based on resighting data. If this were true for fin whales, at least some phase 2 lesions would have to be expected on individuals in Antarctic waters. These were neither described by the whalers, who had the full bodies of whales available for inspection (Mackintosh & Wheeler, 1929). We therefore suggest faster healing in fin whales from the Antarctic Peninsula, with lesions likely reaching phase 3 within one season. This conclusion is further supported by records of cookiecutter shark bites in Antarctic killer whales (Orcinus orca), which are also only present in advanced stages of healing when observed in Antarctic waters and for which maximum healing rates of 150 days between open wound and healed scar have been described (Dwyer & Visser, 2011). The high prevalence of cookiecutter shark bites provides some indication on the migratory origins of the fin whales at the Antarctic Peninsula. Most records of cookiecutter bites on cetaceans are attributed to I. brasiliensis (Best & Photopoulou, 2016; Dwyer & Visser, 2011; Moore et al., 2003), which has a circumpolar, predominantly tropical distribution in offshore waters, mainly between 20°N and 20°S (Ebert, 2003), with the most southerly record from Tasmania at ~41°S (Jahn & Haedrich, 1988) and a distribution in the South Atlantic no further south than 37°S (Best & Photopoulou, 2016). This distribution suggests that at least a share of the fin whales feeding at the Antarctic Peninsula move to an offshore habitat at latitudes lower than 41°S for the breeding season. However, whether all fin whales feeding at the Antarctic Peninsula belong to the same population sharing a common breeding ground remains unknown. Isistius spp. bite marks have been used as a population marker in South Atlantic Bryde's whales (Balaenoptera edeni; Best, 1977; Best & Photopoulou, 2016) and suggested as a marker for a relatively isolated fin whale population around the Cap Verde Islands, based on the fact that other than these fin whales, fin whales from surrounding areas did not have any bite marks (Moore et al., 2003). The presence or absence of bite marks on fin whales at the Antarctic Peninsula could be a population marker indicating mixing of at least two populations on the feeding ground, with only one of them spending the breeding season in waters with a high cookiecutter shark abundance. But this cannot be concluded based on this study and remains speculative. It is similarly possible that some individuals are more susceptible to cookiecutter shark bites than others. To gain more insights into population structure, tracking, and genetic or photo-identification of individuals with and without lesions would be useful for further investigation. In conclusion, our results provide indication that fin whales feeding at the Antarctic Peninsula migrate to an offshore habitat with comparably little human impact, in warm waters within the distributional range of Isistius brasiliensis. We thank the crew of the R/V Polarstern and the helicopter team of expedition PS112 for facilitating our data collection. Special thanks go to the cruise leader Bettina Meyer for supporting our work on board. We are grateful for the help of Rob Hawthorne and Cleone Fox and thank the BBC Seven Worlds, One Planet team. This work was supported by the German Research Foundation (DFG) in the framework of the priority program ""Antarctic Research with comparative investigations in Arctic ice areas"" SPP 1158 by grant HE 5696/3-1, by the Southern Ocean Research Partnership (IWC-SORP), and by the Antarctic Wildlife Research Fund. Aerial surveys were conducted by permit No. II. 2.8 – 94003-3/408 of the German Environmental Agency in accordance with the Act Implementing the Protocol of Environmental Protection to the Antarctic Treaty (AIEP). Filming was conducted under Permit No. 40/2017 under Section 3 of the Antarctic Act 1994, granted by Polar Regions Department of the Foreign & Commonwealth Office (FCO), UK. Open Access funding enabled and organized by Projekt DEAL. Helena Herr: Conceptualization; data curation; formal analysis; funding acquisition; investigation; methodology; project administration; writing – original draft; writing – review and editing. Sacha Viquerat: Conceptualization; data curation; formal analysis; investigation; methodology; writing – review and editing. Tobias Naujocks: Formal analysis; investigation; methodology; writing – review and editing. Bertie Gregory: Data curation; formal analysis; writing – review and editing. Abigail Lees: Conceptualization; formal analysis; methodology; writing – review and editing. Fredi Devas: Conceptualization; funding acquisition; methodology; project administration; resources; writing – review and editing.",2022,https://doi.org/10.1111/mms.12966,article,NA,Helena Herr; Sacha Viquerat; Tobias Naujocks; Bertie Gregory; Abigail Lees; Fredi Devas,Marine animal studies overview; Ichthyology and Marine Biology; Turtle Biology and Conservation,Ecology; Nature and Landscape Conservation; Nature and Landscape Conservation,NA,12,113
"Long-term study of at-sea distribution of seabirds and marine mammals in the Scotia Sea, Antarctica","The Scotia Sea is one of the most biologically rich regions of Antarctica, and it hosts a large community of upper trophic-level predators. Long-term at-sea monitoring provides valuable information on the Antarctic marine ecosystem and relationships among top predators. This paper presents the results of at-sea monitoring of seabirds and cetaceans over five consecutive summer seasons (2010—2014) in the Scotia Sea, Antarctica. A total of 11 656 flying birds belonging to 24 species were recorded in 884 ten-minute counts. Six Procellariiformes species were abundant: Black-browed Albatross, Cape Petrel, Southern Fulmar, Antarctic Prion, Wilson’s Storm-petrel, and Black-bellied Storm-petrel. Only three of these species accounted for 82% of the total abundance: Antarctic Prion (40%), Southern Fulmar (22%), and Cape Petrel (20%). A total of 678 baleen whalesbelonging to five species were recorded along a sampling effort of 2 351 nautical miles: Humpback, Sei, Southern Right, Fin, and Minke whales, which had different abundances during the study. The Fin Whale had the highest mean encounter rate for the 5 years (0.29 whales per nautical mile), followed by the Humpback Whale (0.09 whales per nautical mile). Annual dissimilarity in abundance of both seabirds and cetaceans occurred in conjunction with changes in the sea surface temperature and ice cover, showing the dependence of top predators on environmental changes. The largest aggregations of all top predators (seabirds and cetaceans) were recorded in two regions, west and south of the South Orkney Islands, suggesting important prey availability (especially krill) in those areas. Citation: Orgeira J L, Alderete M C, Jimenez Y G, et al. Long-term study of at-sea distribution of seabirds and marine mammals in the Scotia Sea, Antarctica. Adv Polar Sci, 2015, 26: 158-167, doi: 10.13679/j.advps.2015.2.00158",2015,https://doi.org/10.13679/j.advps.2015.2.00158,article,NA,José Luis Orgeira; Mariela del Carmen Alderete; Yohana G. Jiménez; Juan Cruz González,Marine animal studies overview; Avian ecology and behavior; Arctic and Antarctic ice dynamics,Ecology; Ecology; Atmospheric Science,NA,5,114
Lunar cycles influence the diving behavior and habitat use of short-finned pilot whales around the main Hawaiian Islands,"MEPS Marine Ecology Progress Series Contact the journal Facebook Twitter RSS Mailing List Subscribe to our mailing list via Mailchimp HomeLatest VolumeAbout the JournalEditorsTheme Sections MEPS 629:193-206 (2019) - DOI: https://doi.org/10.3354/meps13123 Lunar cycles influence the diving behavior and habitat use of short-finned pilot whales around the main Hawaiian Islands Kylie Owen1,2,*, Russel D. Andrews1,3,4, Robin W. Baird5, Gregory S. Schorr4,5, Daniel L. Webster5 1Alaska SeaLife Center, Seward, Alaska 99664, USA 2Aquatic Megafauna Research Unit, School of Veterinary and Life Sciences, Murdoch University, Murdoch, Western Australia, 6150, Australia 3School of Fisheries and Ocean Sciences, University of Alaska Fairbanks, Fairbanks, Alaska 99775, USA 4Marine Ecology and Telemetry Research, 2468 Camp McKenzie Trail NW, Seabeck, Washington 98380, USA 5Cascadia Research Collective, 218½ W. 4th Avenue, Olympia, Washington 98501, USA *Corresponding author: kylie.owen@uqconnect.edu.au ABSTRACT: The availability of light, both solar and lunar, is likely to influence the behavior of vertically migrating aquatic animals and their predators. However, the influence of light level on the diving behavior and habitat use of deep-diving cetaceans is not well understood. We used data from 28 depth-transmitting satellite tags deployed on short-finned pilot whales Globicephala macrorhynchus around the main Hawaiian Islands to examine movements and diving behavior in relation to lunar cycles and oceanographic season. During a full moon, dives were deeper (48.1%) and longer (16.7%) than during a new moon. This change appeared to be driven primarily by an increase (25.2%) in the depth of deep dives (>200 m) completed at night and an increase in the proportion of deeper daytime and twilight dives during a full moon. Dives occurred a mean of 18.3 km farther offshore (more than twice as far from shore) during a full moon compared to a new moon. During the oceanographic season with the shortest day length (fall), dives were shallower (25.4%) and shorter (14.2%) than seasons with longer days (summer). This suggests that changes in light level, both solar and lunar, affect the depth of prey targeted by pilot whales, which in turn influences pilot whale diving behavior and distribution. Future research should determine how these changes influence the feeding success and energetics of pilot whales. KEY WORDS: Diel migration · Foraging · Globicephala macrorhynchus · Lunar cycle · Oceanographic season · Solar cycle · Spatial use · Tagging · Temporal variability Full text in pdf format PreviousNextCite this article as: Owen K, Andrews RD, Baird RW, Schorr GS, Webster DL (2019) Lunar cycles influence the diving behavior and habitat use of short-finned pilot whales around the main Hawaiian Islands. Mar Ecol Prog Ser 629:193-206. https://doi.org/10.3354/meps13123 Export citation RSS - Facebook - Tweet - linkedIn Cited by Published in MEPS Vol. 629. Online publication date: October 24, 2019 Print ISSN: 0171-8630; Online ISSN: 1616-1599 Copyright © 2019 Inter-Research.",2019,https://doi.org/10.3354/meps13123,article,NA,Kylie Owen; Russel D. Andrews; Robin W. Baird; GS Schorr; DL Webster,Marine animal studies overview; Cephalopods and Marine Biology; Marine and fisheries research,"Ecology; Ecology, Evolution, Behavior and Systematics; Global and Planetary Change",NA,43,115
"Dividing up the pie: Whales, fish, and humans as competitors",NA,2013,https://doi.org/10.1016/j.pocean.2013.07.009,article,NA,James J. Ruzicka; John H. Steele; Tosca Ballerini; Sarah Gaichas; David G. Ainley,Marine and fisheries research; Marine animal studies overview; Marine Bivalve and Aquaculture Studies,Global and Planetary Change; Ecology; Global and Planetary Change,NA,26,116
Austral fall−winter transition of mesozooplankton assemblages and krill aggregations in an embayment west of the Antarctic Peninsula,"To assess krill aggregations and humpback whale Megaptera novaeangliae foraging behavior, spatial and temporal relationships between Antarctic krill Euphausia superba and zooplankton taxonomic groups were studied during an interdisciplinary cruise conducted in May and June 2009 within Wilhelmina Bay on the western side of the Antarctic Peninsula. A vesselmounted acoustic Doppler current profiler (ADCP) and a calibrated EK-60 echo sounder were used to assess circulation patterns and krill distributions in the bay, and a multiple opening and closing net (with 333 μm mesh) and environmental sensing system (MOCNESS) was used to collect live samples of mesozooplankton and krill for taxonomic composition analysis. The results from this field study complement a previous one that examined an anticyclonic bay-scale circulation of Antarctic krill. This super-aggregation of krill covered ~100 km2, had a concentration of 1000s of individuals m-2 and was associated with more than 306 humpback whales present in Wilhelmina Bay. Our results from the mesozooplankton study revealed that krill continuously conducted diel vertical migrations and formed aggregations in the inner bay, while the chlorophyll concentration at the surface decreased from 2.2 to 0.6 g C m−2 due to the decrease of daylight, and zooplankton concentrations increased from 0.5 to 1.5 g C m−2 probably from advective influx. Most zooplankton were distributed below 200 m while krill fed in the upper 150 m. The spatial and temporal correlations between krill and small- to medium-sized mesozooplankton imply that krill may become omnivorous when there is a lack of phytoplankton in the late austral fall. Though both phytoplankton and zooplankton biomasses contributed only small fractions of the daily ration needed for krill metabolism in Wilhelmina Bay, it is not clear what caused krill to aggregate on such a large scale, as this led to high mortality as a result of starvation and predation by whales and other top predators.",2012,https://doi.org/10.3354/meps09626,article,https://www.int-res.com/articles/meps2012/452/m452p063.pdf,Boris Espinasse; Meng Zhou; Y. Zhu; Elliott L. Hazen; AS Friedlaender; DP Nowacek; D Chu; François Carlotti,Marine and fisheries research; Oceanographic and Atmospheric Processes; Marine and coastal ecosystems,Global and Planetary Change; Oceanography; Oceanography,https://www.int-res.com/articles/meps2012/452/m452p063.pdf,35,117
DDTs in Balaenopterids (Cetacea) from the Chilean coast,NA,1984,https://doi.org/10.1016/0025-326x(84)90146-2,article,NA,Silvio Pantoja; Luis A. Pastene; José Becerra; Mario Silva; Víctor A. Gallardo,Marine animal studies overview; Toxic Organic Pollutants Impact; Ocean Acidification Effects and Responses,"Ecology; Health, Toxicology and Mutagenesis; Oceanography",NA,13,118
The lipid geochemistry of antarctic marine sediments: Bransfield strait,NA,1987,https://doi.org/10.1016/0304-4203(87)90056-9,article,NA,M.I. Venkatesan; I. R. Kaplan,Hydrocarbon exploration and reservoir analysis; Atmospheric and Environmental Gas Dynamics; Metabolomics and Mass Spectrometry Studies,Mechanics of Materials; Global and Planetary Change; Molecular Biology,NA,117,119
"Sightings of Antarctic minke whales, Balaenoptera bonaerensis, near the Kiev Peninsula (West Antarctica) during the summer period of 2019","Antarctic Peninsula region is experiencing one of the fastest rates of climate change on Earth. Its waters are known as important feeding grounds for the Antarctic minke whales (Balaenoptera bonaerensis). The purpose of the present study was to reveal the summer and early autumn presence of the Antarctic minke whales in the area adjacent to the Kiev Peninsula of West Antarctica and to estimate the encounter rates of the species in the area. The boat-based photo-identification cetacean studies were initiated as part of the long-term monitoring program based at the Akademik Vernadsky station near the Kiev Peninsula of West Antarctica. From 22 January to 7 April 2019, 35 boat and yacht cruises of the 821 nautical miles of total length were conducted. There were encountered 13 Antarctic minke whales in 7 sightings. The encounter rate was 0.015 whales per nautical mile. Minke whales were encountered only in 5% of the total sightings. Three more whales were opportunistically seen from the top of Galindez Island. There were single whales sighted and small groups of up to 3 specimens (Med = 2). At least 2 individuals were identified as juveniles. Primary behavior for whales in 7 sightings was foraging, and 2 groups were observed while travelling. A total 9 individuals of the Antarctic minke whales were photo-identified during the survey, and no matches were found between the different encounters. Our pilot study indicates summer and early autumn presence of the Antarctic minke whales in the area adjacent to the Kiev Peninsula. But encounter rates seem to be low in comparison with results of some previous surveys. Our results show the possibility to monitor minke whales in the area, and further long-term complex monitoring is essential for understanding the ecology and population dynamics of the Antarctic minke whales in rapidly changing marine environment of the Antarctic Peninsula.",2020,https://doi.org/10.33275/1727-7485.2.2020.654,article,http://uaj.uac.gov.ua/index.php/uaj/article/download/654/574,O. Savenko,Marine animal studies overview; Arctic and Antarctic ice dynamics; Arctic and Russian Policy Studies,Ecology; Atmospheric Science; Sociology and Political Science,http://uaj.uac.gov.ua/index.php/uaj/article/download/654/574,4,120
"Seasonal acoustic presence of marine mammals at the South Orkney Islands, Scotia Sea","Increased knowledge about marine mammal seasonal distribution and species assemblage from the South Orkney Islands waters is needed for the development of management regulations of the commercial fishery for Antarctic krill ( Euphausia superba ) in this region. Passive acoustic monitoring (PAM) data were collected during the autumn and winter seasons in two consecutive years (2016, 2017), which represented highly contrasting environmental conditions due to the 2016 El Niño event. We explored differences in seasonal patterns in marine mammal acoustic presence between the two years in context of environmental cues and climate variability. Acoustic signals from five baleen whale species, two pinniped species and odontocete species were detected and separated into guilds. Although species diversity remained stable over time, the ice-avoiding and ice-affiliated species dominated before and after the onset of winter, respectively, and thus demonstrating a shift in guild composition related to season. Herein, we provide novel information about local marine mammal species diversity, community structure and residency times in a krill hotspot. Our study also demonstrates the utility of PAM data and its usefulness in providing new insights into the marine mammal habitat use and responses to environmental conditions, which are essential knowledge for the future development of a sustainable fishery management in a changing ecosystem.",2024,https://doi.org/10.1098/rsos.230233,article,https://doi.org/10.1098/rsos.230233,Linn Åsvestad; Heidi Ahonen; Sebastian Menze; Andrew Lowther; Ulf Lindstrøm; Bjørn A. Krafft,Marine animal studies overview; Ichthyology and Marine Biology; Marine and fisheries research,Ecology; Nature and Landscape Conservation; Global and Planetary Change,NA,7,121
Variation in blubber cortisol levels in a recovering humpback whale population inhabiting a rapidly changing environment,NA,2022,https://doi.org/10.1038/s41598-022-24704-6,article,https://www.nature.com/articles/s41598-022-24704-6.pdf,Logan J. Pallin; Natalia Botero‐Acosta; Debbie Steel; C. Scott Baker; C. Casey; Daniel P. Costa; Jeremy A. Goldbogen; David W. Johnston; Nick Kellar; Michelle Modest; Ross Nichols; David G. Roberts; Megan Roberts; O. Savenko; Ari S. Friedlaender,Marine animal studies overview; Arctic and Antarctic ice dynamics; Aerospace Engineering and Energy Systems,Ecology; Atmospheric Science; Aerospace Engineering,https://www.nature.com/articles/s41598-022-24704-6.pdf,12,122
Behavioural responses of humpback whales to food-related chemical stimuli,"Baleen whales face the challenge of finding patchily distributed food in the open ocean. Their relatively well-developed olfactory structures suggest that they could identify the specific odours given off by planktonic prey such as krill aggregations. Like other marine predators, they may also detect dimethyl sulfide (DMS), a chemical released in areas of high marine productivity. However, dedicated behavioural studies still have to be conducted in baleen whales in order to confirm the involvement of chemoreception in their feeding ecology. We implemented 56 behavioural response experiments in humpback whales using two food-related chemical stimuli, krill extract and DMS, as well as their respective controls (orange clay and vegetable oil) in their breeding (Madagascar) and feeding grounds (Iceland and Antarctic Peninsula). The whales approached the stimulus area and stayed longer in the trial zone during krill extract trials compared to control trials, suggesting that they were attracted to the chemical source and spent time exploring its surroundings, probably in search of prey. This response was observed in Iceland, and to a lesser extend in Madagascar, but not in Antarctica. Surface behaviours indicative of sensory exploration, such as diving under the stimulus area and stopping navigation, were also observed more often during krill extract trials than during control trials. Exposure to DMS did not elicit such exploration behaviours in any of the study areas. However, acoustic analyses suggest that DMS and krill extract both modified the whales' acoustic activity in Madagascar. Altogether, these results provide the first behavioural evidence that baleen whales actually perceive prey-derived chemical cues over distances of several hundred metres. Chemoreception, especially olfaction, could thus be used for locating prey aggregations and for navigation at sea, as it has been shown in other marine predators including seabirds.",2019,https://doi.org/10.1371/journal.pone.0212515,article,https://journals.plos.org/plosone/article/file?id=10.1371/journal.pone.0212515&type=printable,Bertrand Bouchard; Jean‐Yves Barnagaud; Marion Poupard; Hervé Glotin; Pauline Gauffier; Sara Torres Ortiz; Thomas J. Lisney; Sylvie Campagna; Marianne Rasmussen; Aurélie Célérier,Marine animal studies overview; Diffusion and Search Dynamics; Animal Vocal Communication and Behavior,Ecology; Molecular Biology; Developmental Biology,https://journals.plos.org/plosone/article/file?id=10.1371/journal.pone.0212515&type=printable,34,123
Persistent organic pollutants in blubber of fin whales (Balaenoptera physalus) from the Southern Ocean,NA,2019,https://doi.org/10.1016/j.marpolbul.2019.05.045,article,NA,Satie Taniguchi; Fernanda Imperatrice Colabuono; Luciano Dalla Rosa; Eduardo R. Secchi; Josilene da Silva; Daniela A. Maia; Rosalinda Carmela Montone,Toxic Organic Pollutants Impact; Marine animal studies overview; Per- and polyfluoroalkyl substances research,"Health, Toxicology and Mutagenesis; Ecology; Environmental Chemistry",NA,12,124
Coprostanols in Antarctic marine sediments: A biomarker for marine mammals and not human pollution,NA,1986,https://doi.org/10.1016/0025-326x(86)90569-2,article,NA,M.I. Venkatesan; E. Ruth; I. R. Kaplan,Marine animal studies overview; Marine and coastal ecosystems; Marine Bivalve and Aquaculture Studies,Ecology; Oceanography; Global and Planetary Change,NA,70,125
Cetacean occurrence and spatial distribution: Habitat modelling for offshore waters in the Portuguese EEZ (NE Atlantic),NA,2014,https://doi.org/10.1016/j.jmarsys.2014.10.016,article,NA,Ana M. Correia; Paola Tepsich; Massimiliano Rosso; Rui Caldeira; Isabel Sousa‐Pinto,Marine animal studies overview; Cephalopods and Marine Biology; Species Distribution and Climate Change,"Ecology; Ecology, Evolution, Behavior and Systematics; Ecological Modeling",NA,64,126
Year-round acoustic monitoring of large whales in polar environments: a comparison of Davis and Bransfield Straits,"Both Davis Strait, in the Arctic between Canada and Greenland, and Bransfield Strait, in the Antarctic between the Antarctic Peninsula and the South Shetland Islands, are areas that experience extreme inter-seasonal differences in temperature, ice cover and productivity. The seasonally productive nature of both of these ice-influenced areas provides habitat for foraging large whales such as blue (Balaenoptera musculus) and fin (B. physalus) whales. In order to monitor and compare the seasonal occurrence of these species at high latitude regions at opposite ends of the globe, autonomous underwater hydrophone packages were deployed for one year in each Strait. Three instruments were deployed and recovered in Davis Strait from October 2006-07 and five in Bransfield Strait from November 2006-07. Blue and fin whales were recorded seasonally in both regions and exhibited the geographic acoustic distinctions between northern and southern hemisphere populations. Comparisons of the seasonal occurrence and the influence of ice cover on this occurrence will be compared and contrasted between north and south.",2008,https://doi.org/10.1121/1.2932528,article,NA,Kathleen M. Stafford; Malene Simon; Robert P. Dziak; David K. Mellinger,Marine animal studies overview; Underwater Acoustics Research; Arctic and Antarctic ice dynamics,Ecology; Oceanography; Atmospheric Science,NA,1,127
Recent progress on our understanding of the biological effects of mercury in fish and wildlife in the Canadian Arctic,"This review summarizes our current state of knowledge regarding the potential biological effects of mercury (Hg) exposure on fish and wildlife in the Canadian Arctic. Although Hg in most freshwater fish from northern Canada was not sufficiently elevated to be of concern, a few lakes in the Northwest Territories and Nunavut contained fish of certain species (e.g. northern pike, Arctic char) whose muscle Hg concentrations exceeded an estimated threshold range (0.5-1.0 μg g(-1) wet weight) within which adverse biological effects begin to occur. Marine fish species generally had substantially lower Hg concentrations than freshwater fish; but the Greenland shark, a long-lived predatory species, had mean muscle Hg concentrations exceeding the threshold range for possible effects on health or reproduction. An examination of recent egg Hg concentrations for marine birds from the Canadian Arctic indicated that mean Hg concentration in ivory gulls from Seymour Island fell within the threshold range associated with adverse effects on reproduction in birds. Mercury concentrations in brain tissue of beluga whales and polar bears were generally lower than levels associated with neurotoxicity in mammals, but were sometimes high enough to cause subtle neurochemical changes that can precede overt neurotoxicity. Harbour seals from western Hudson Bay had elevated mean liver Hg concentrations along with comparatively high muscle Hg concentrations indicating potential health effects from methylmercury (MeHg) exposure on this subpopulation. Because current information is generally insufficient to determine with confidence whether Hg exposure is impacting the health of specific fish or wildlife populations in the Canadian Arctic, biological effects studies should comprise a major focus of future Hg research in the Canadian Arctic. Additionally, studies on cellular interactions between Hg and selenium (Se) are required to better account for potential protective effects of Se on Hg toxicity, especially in large predatory Arctic fish, birds, and mammals.",2014,https://doi.org/10.1016/j.scitotenv.2014.05.142,review,https://doi.org/10.1016/j.scitotenv.2014.05.142,Anton M. Scheuhammer; Birgit M. Braune; Hing Man Chan; Héloïse Frouin‐Mouy; Anke Krey; Robert J. Letcher; Lisa L. Loseto; Marie Noël; Sonja Ostertag; Peter S. Ross; Mark Wayland,Mercury impact and mitigation studies; Heavy Metal Exposure and Toxicity; Toxic Organic Pollutants Impact,"Health, Toxicology and Mutagenesis; Health, Toxicology and Mutagenesis; Health, Toxicology and Mutagenesis",NA,224,128
Relative Changes in Krill Abundance Inferred from Antarctic Fur Seal,"Antarctic krill Euphausia superba is a predominant species in the Southern Ocean, it is very sensitive to climate change, and it supports large stocks of fishes, seabirds, seals and whales in Antarctic marine ecosystems. Modern krill stocks have been estimated directly by net hauls and acoustic surveys; the historical krill density especially the long-term one in the Southern Ocean, however, is unknown. Here we inferred the relative krill population changes along the West Antarctic Peninsula (WAP) over the 20th century from the trophic level change of Antarctic fur seal Arctocephalus gazella using stable carbon (δ(13)C) and nitrogen (δ(15)N) isotopes of archival seal hairs. Since Antarctic fur seals feed preferentially on krill, the variation of δ(15)N in seal hair indicates a change in the proportion of krill in the seal's diets and thus the krill availability in local seawater. For the past century, enriching fur seal δ(15)N values indicated decreasing krill availability. This is agreement with direct observation for the past ∼30 years and suggests that the recently documented decline in krill populations began in the early parts of the 20th century. This novel method makes it possible to infer past krill population changes from ancient tissues of krill predators.",2011,https://doi.org/10.1371/journal.pone.0027331,article,https://journals.plos.org/plosone/article/file?id=10.1371/journal.pone.0027331&type=printable,Tao Huang; Liguang Sun; John Stark; Yuhong Wang; Zhongqi Cheng; Qichao Yang; Song Sun,Marine animal studies overview; Arctic and Antarctic ice dynamics; Marine and fisheries research,Ecology; Atmospheric Science; Global and Planetary Change,https://journals.plos.org/plosone/article/file?id=10.1371/journal.pone.0027331&type=printable,35,129
Modeling the foraging habitat of humpback whales,"Knowing how species will respond to environmental variability and climate change requires understanding the factors that influence their distribution and movement patterns. I investigated the processes that drive individuals to concentrate in specific areas of their home range by modeling encounter rates of humpback whales (Megaptera novaeangliae) in relation to environmental variables using GIS tools, generalized additive models, and remote sensing and in situ data. I conducted this work at two foraging areas: the coastal waters of British Columbia, Canada, and the Bransfield and Gerlache Straits, Antarctica. Humpback whales in British Columbia were strongly associated with latitude and bathymetric features. The relationships with remotely sensed variables reflecting primary productivity were not consistent, but higher numbers of whales seemed to be associated with higher productivity. In fact, the highest concentrations of humpback whales appeared to reflect areas where concentration and retention processes lead to higher biological productivity, including south Dixon Entrance, middle and southwestern Hecate Strait and off Juan de Fuca Strait. Humpback whales in the Southern Ocean also preferred areas of enhanced biological productivity. In Gerlache Strait, humpback whales were associated with areas of higher chlorophyll-a concentration in the central and northern sections of the strait, which also corresponded to relatively higher temperatures and shallower mixed layer depths for the in situ data. In Bransfield Strait, humpback whales appeared to prefer the near-frontal zones and the deep basins, where surface waters are influenced by the Bransfield Current. Interannual variability in both humpback and minke whale encounter rates in Gerlache Strait was correlated with the Oceanic Niño Index, the oceanic component of ENSO. In addition to investigating species-habitat relationships with statistical models, I conducted the first study to describe the satellite-monitored movements of humpback whales on their feeding grounds along the Antarctic Peninsula. Results showed considerable individual variation in direction, speed and range of movements, and an overall pattern characterized by short- and long-distance movements between presumed foraging areas with relatively short residency times. All told, the results of my research show that humpback whale distribution within foraging habitat is influenced by physical and biological variables that enhance biological productivity.",2010,https://doi.org/10.14288/1.0069519,article,https://doi.org/10.14288/1.0069519,Luciano Dalla Rosa,Marine animal studies overview; Arctic and Antarctic ice dynamics; Underwater Acoustics Research,Ecology; Atmospheric Science; Oceanography,NA,3,130
Evidence of spatial structuring of eastern South Pacific humpback whale feeding grounds,"The eastern South Pacific humpback whale population winters primarily off Colombia and Ecuador, extending northward to the coasts of Panama and Costa Rica. It migrates south to the Fueguian Archipelago and Antarctic Peninsula waters for feeding during the austral summer. In recent years, however, humpback whales have also been observed feeding in the Corcovado Gulf, in the northern Chilean Patagonian channels, during the austral summer and fall. We examine photographically identified humpback whales in order to determine interchange or isolation of these aggregations. The apparent absence of movements of identified humpback whales among the 3 summering areas, and the differences in the proportion of white/black coloration on the fluke, suggest that each locality corresponds to a discrete feeding area for eastern South Pacific humpback whales.",2013,https://doi.org/10.3354/esr00536,article,https://www.int-res.com/articles/esr2014/22/n022p033.pdf,Jorge Acevedo; Daniela Haro; Luciano Dalla Rosa; Anelio Aguayo‐Lobo; Rodrigo Hucke‐Gaete; Eduardo R. Secchi; Jordi Plana; LA Pastene,Marine animal studies overview; Arctic and Antarctic ice dynamics,Ecology; Atmospheric Science,https://www.int-res.com/articles/esr2014/22/n022p033.pdf,25,131
Fishing down the food web of the Antarctic continental shelf and slope,"ABSTRACT The history of biotic exploitation for the continental margin (shelf and slope) of the Antarctic Large Marine Ecosystem (LME) is reviewed, with emphasis on the period from 1970 to 2010. In the Antarctic Peninsula portion, marine mammals were decimated by the 1970s and groundfish by the early 1980s. Fishing for Antarctic krill Euphausia superba began upon the demise of groundfish and now is the only fishing that remains in this region. Surveys show that cetacean and most groundfish stocks remain severely depressed, harvest of which is now prohibited by the International Whaling Commission and the Commission for the Conservation of Antarctic Marine Living Resources (CCAMLR). On the other hand, krill fishing in this region is underway and in recent years has contributed up to 72% of the Southern Ocean catch, depending on fishing conditions and the CCAMLR conservation measures in force. Elsewhere along the Antarctic continental margin, marine mammals were also severely depleted by the 1970s, followed directly by relatively low-level fisheries for krill that continued until the early 1990s. Recently in these areas, where fin-fishing is still allowed, fisheries for Antarctic toothfish Dissostichus mawsoni have been initiated, with one of this fish's main prey, grenadiers Macrourus spp., being taken significantly as by-catch. Continental margin fishing currently accounts for ~25% of the total toothfish catch of the Southern Ocean. Fishing along the Antarctic continental margin, especially the Antarctic Peninsula region, is a clear case of both the tragedy of the commons and ‘fishing down the food web’.",2013,https://doi.org/10.1017/s0032247412000757,article,NA,David G. Ainley; Daniel Pauly,Marine animal studies overview; Marine and fisheries research; Fish Ecology and Management Studies,Ecology; Global and Planetary Change; Nature and Landscape Conservation,NA,69,132
Molecular taxonomy of<i>Osedax</i>(Annelida: Siboglinidae) in the Southern Ocean,"We report the discovery of three new species of Osedax in the deep Southern Ocean, expanding the diversity and geographical range of this genus of bone‐eating worms. Osedax rogersi sp. n. and Osedax crouchi sp. n. were found on a whale skeleton at 1444 m in the Kemp Caldera in the East Scotia Sea during the Chemosynthetic Ecosystems of the Southern Ocean (ChEsSo) project. The recently described species, Osedax antarcticus , found on whale bones implanted at a depth of 550–650 m off Smith Island in the Bransfield Strait, was also found inhabiting the whale skeleton in the Kemp Caldera. Osedax crouchi as well as another new species Osedax nordenskjoeldi sp. n. have also been found on the implanted whale bones off Smith Island. These two localities are approximately 1800 km apart demonstrating a wide distribution of species within the genus. We describe the three new species, O. rogersi, O. crouchi and O . nordenskjoeldi and report the second record of O. antarcticus . We also present a new phylogenetic analysis for Osedax , including data examining genetic connectivity between the Scotia Arc and the Bransfield Strait.",2014,https://doi.org/10.1111/zsc.12057,article,NA,Diva J. Amon; Helena Wiklund; Thomas G. Dahlgren; Jon Copley; Craig R. Smith; Alan J. Jamieson; Adrian G. Glover,Marine Biology and Ecology Research; Isotope Analysis in Ecology; Coral and Marine Ecosystems Studies,Oceanography; Ecology; Ecology,NA,24,133
Abundance and distribution of fin and humpback whales at the South Orkney Islands in the austral summers 2011–2025,"Abstract Information on cetacean population status is vital for determining fisheries management strategies, especially where they overlap spatiotemporally and target the same organism. This study aims to quantify distribution and abundance of fin (Balaenoptera physalus) and humpback whales (Megaptera novaeangeliae) near the South Orkney Islands, an area in the Southern Ocean with the highest catches of Antarctic krill (Euphausia superba). Ship-based observational data were collected during the austral summers from 2011 to 2025. Most fin whale sightings were over the northern shelf-break and deeper offshore regions, with an annual density between 0.01 and 0.29 individuals per km−2 (corresponding to a summer abundance range of 648–18 083 individuals). Humpback whales were mainly sighted north of the islands but more on-shelf, with annual densities between 0 and 0.07 individuals per km−2 (average 590 individuals, with a summer abundance range of 0–4486 individuals). Summer abundances varied substantially, with fin whales increasing significantly (0.02 individuals per km−2 per year, P-value 0.03), while no monotonic increase was detected for humpback whales. This study demonstrates that the South Orkney Islands constitute a key area for fin whales during the summer season, where they play a significant role as major consumers of krill. There is further need for knowledge about cetacean krill consumption, as well as to map their annual presence in this area and to describe how krill density, biomass, and distribution vary throughout the season. This understanding is crucial to determine how whales contribute to nutrient cycling through their feeding activities, and for contributing to fisheries management regulations.",2025,https://doi.org/10.1093/icesjms/fsaf158,article,https://academic.oup.com/icesjms/article-pdf/82/9/fsaf158/64189386/fsaf158.pdf,Bjørn A. Krafft; Sebastian Menze; Georg Skaret; Ludvig Ahm Krag; Martin Biuw; Ulf Lindstrøm; Philip N. Trathan; Leif Nøttestad; Heidi Ahonen; Natalie Kelly; Andrew Lowther,Arctic and Antarctic ice dynamics; Marine animal studies overview; Underwater Acoustics Research,Atmospheric Science; Ecology; Oceanography,https://academic.oup.com/icesjms/article-pdf/82/9/fsaf158/64189386/fsaf158.pdf,0,134
"Electronic Supplement to ""SEASONAL AND DIEL CYCLES OF FIN WHALE ACOUSTIC OCCURRENCE NEAR ELEPHANT ISLAND, ANTARCTICA"" from Seasonal and diel cycles of fin whale acoustic occurrence near Elephant Island, Antarctica","This study investigates the relevance of the Elephant Island (EI) region for Southern Hemisphere fin whales (<i>Balaenoptera physalus</i>) in their annual life cycle. We collected 3 years of passive acoustic recordings (January 2013 to February 2016) northwest of EI to calculate time series of fin whale acoustic indices, daily acoustic occurrence, spectrograms, as well as the abundance of their 20 Hz pulses. Acoustic backscatter strength, sea ice concentration and chlorophyll-a composites provided concurrent environmental information for graphic comparisons. Acoustic interannual, seasonal and diel patterns together with visual information and literature resources were used to define the period of occupancy and to infer potential drivers for their behaviour. Spectral results suggest that these fin whales migrate annually to and from offshore central Chile. Acoustic data and visual information reveal their arrival at EI in December to feed without producing their typical 20 Hz pulse. For all 3 years, acoustic activity commences in February, peaks in May and decreases in August, in phase with the onset of their breeding season. Our results emphasize the importance of EI for fin whales throughout most of the year. Our recommendation is to consider EI for establishing a marine protected area to expedite the recovery of this vulnerable species.",2021,https://doi.org/10.6084/m9.figshare.14610232.v2,dataset,https://doi.org/10.6084/m9.figshare.14610232.v2,Elke Burkhardt; Ilse van Opzeeland; Boris Cisewski; Ramona M. Mattmüller; Marlene Meister; Elena Schall; Stefanie Spiesecke; Karolin Thomisch; Sarah Zwicker; Olaf Boebel,Marine animal studies overview; Underwater Acoustics Research; Scientific Research and Discoveries,Ecology; Oceanography; Statistical and Nonlinear Physics,NA,0,135
Using multi-sensor suction cup tags to quantify the kinematics of lunge feeding in humpback whales (Megaptera novaeangliae) in the water around the West Antarctic Peninsula.,"Humpback whales (Megaptera novaeangliae) feed through extraordinarily energetic lunges during which they engulf large volumes of water equal to nearly 70% of their body mass. To understand the kinematics of lunge feeding, we attached high-resolution digital recording tags incorporating accelerometers, magnetometers, pressure and sound recording (Dtag) to whales feeding on euphausiids in fjords on the West Antarctic Peninsula. Instances of near vertical lunges gave us the unique opportunity to correlate the acoustic flow noise recorded on the tag with the signal from the accelerometer and changes in pressure to obtain a fine scale record of the body accelerations involved in lunging. This can then be applied to determine lunging events regardless of body orientation. We found that lunges contain extreme accelerations reaching 2.5 m·s-2 in certain instances, which are then followed by profound decelerations. However, humpback whales appear to differ from balaenopterid whales in the speed at which they are able to accelerate and the fact that they do not come to a complete halt when finishing a lunge. When animals are intensively feeding the inter-lunge interval is similar for both deep and shallow lunges suggesting a biomechanical constraint on lunges. However, the number of lunges per dive varies from one for shallow feeding (&lt;25m) to a median of six for deeper dives that reach depths of over 350 meters. Different feeding patterns were evident in the kinematic record, for deep and shallow feeding bouts with the much greater mean turn rates occurring in shallow feeding. Our findings reveal how multi-sensor tag technology can be used to better describe the kinematics of baleen whale feeding and greatly augment our ability to understand their foraging ecology. This knowledge is particularly valuable for understanding how baleen whales in the Southern Ocean affect or may be affected by climate-driven changes in their prey",2011,NA,article,NA,Ari S. Friedlaender; Colin Ware; Reny B. Tyson; Douglas P. Nowacek,Marine animal studies overview; Arctic and Antarctic ice dynamics; Underwater Acoustics Research,Ecology; Atmospheric Science; Oceanography,NA,0,136
Temporal stability and mixed-stock analyses of humpback whales (Megaptera novaeangliae) in the nearshore waters of the Western Antarctic Peninsula,NA,2017,https://doi.org/10.1007/s00300-017-2193-1,article,NA,G. Renee Albertson; Ari S. Friedlaender; Debbie Steel; Anelio Aguayo‐Lobo; Sandro L. Bonatto; Susana Caballero; Rochelle Constantine; A. L. Cypriano-Souza; Márcia H. Engel; Claire Garrigue; Lilián Flórez‐González; David W. Johnston; Doug Nowacek; Carlos Olavarría; M. Michael Poole; Andrew J. Read; Jooke Robbins; Angela L. Sremba; Scott Baker,Marine animal studies overview; Avian ecology and behavior; Marine and coastal plant biology,Ecology; Ecology; Oceanography,NA,21,137
"A seismic swarm at the Bransfield Rift, Antarctica",NA,2021,https://doi.org/10.1016/j.jsames.2021.103412,article,NA,Judith Loureiro Olivet; Leda Sánchez Bettucci; Oscar Castro-Artola; Hernán Castro; Martín Caeiro Rodríguez; Enrique Latorres,earthquake and tectonic studies; Geological and Geochemical Analysis; High-pressure geophysics and materials,Geophysics; Geophysics; Geophysics,NA,11,138
Antarctic futures: human engagement with the Antarctic environment,"Chapter 1: Setting the scene: Human activities, environmental impacts and governance arrangements in Antarctica Tina Tin, Machiel Lamers, Daniela Liggett, Patrick T. Maher, Kevin Hughes Part I: Species and Ecosystems Chapter 2: Human Impacts on Antarctic Wildlife: predictions and speculations for 2060 Eric Woehler, David Ainley, Julia Jabour Chapter 3: Antarctic Marine Living Resources - future is not what it used to be Denzil Miller Chapter 4: Present and future conservation management of Antarctic baleen whales Rebecca Leaper, Simon Childerhouse Chapter 5: Global movement and homogenisation of biota: challenges to the environmental management of Antarctica? Kevin Hughes, Pete Convey, Ad Huiskes Chapter 6: The Effects of Human Trampling on Maritime Antarctica Soils Pablo Tejedo, Luis Pertierra, Javier Benayas Part I Summary Part II: Regional Case Studies Chapter 7: Environmental Situation and Management Challenges for the Fildes Peninsula Region Christina Braun, Fritz Hertel, Osama Mustafa, Anja Nordt, Simone Pfeiffer, Hans-UlrichPeter Chapter 8: Historical developments, drivers of change and future scenarios for human activities in Deception Island Luis Pertierra, Pablo Tejedo, Javier Benayas Chapter 9: Long Term Monitoring of Human impacts to the Terrestrial Environment at McMurdo Station Andrew G. Klein, Stephen T. Sweet, Mahlon C. Kennicutt II, Terry L. Wade, Terry A. Palmer, Paul Montagna Part II Summary Part III: Actors and Sectors Chapter 10: Valuing Antarctica: Emerging Views from International Studies Erin Neufeld, Jessica O'Reilly, Rupert Summerson, Tina Tin Chapter 11: Strategic thinking and the Antarctic wilderness: Contrasting alternative futures Ricardo Roura, Tina Tin Chapter 12: Strategic management and regulation of Antarctic tourism Julia Jabour Chapter 13: Future challenges in environmental management of National Antarctic Programs Rodolfo Sanchez, Birgit Njaastad Chapter 14: Strategic thinking for the Antarctic environment: the use of assessment tools in governance Machiel Lamers, Daniela Liggett, Tina Tin Part III Summary Chapter 15: Conclusions: Multiple dimensions of human engagement with the Antarctic environment Daniela Liggett, Machiel Lamers, Tina Tin, Patrick T. Maher Index",2014,https://doi.org/10.5860/choice.51-6762,article,NA,,Polar Research and Ecology,Ecology,NA,57,139
DETERMINING PREGNANCY FROM BLUBBER IN THREE SPECIES OF DELPHINIDS,"Abstract We quantified progesterone in 110 blubber samples from dolphins of known reproductive status in order to test the accuracy of a method to determine pregnancy status in wild cetaceans. The samples were collected from fishery‐bycaught delphinids of three species ( Delphinus delphis , Lissodelphis borealis , and Lagenorhynchus obliquidens ). We ascertained that blubber progesterone concentrations could clearly distinguish pregnant D. delphis (range 132–415 ng/g, mean 261 ng/g) from non‐pregnant mature and immature ones (range 0.92–48.2 ng/g, mean 15.2 ng/g). We found similar dramatic differences in L. borealis and L. obliquidens . These results were insensitive to various blubber sampling depths and anatomical sampling locations on the body, suggesting relative homogeneity of progesterone levels throughout the blubber. However, no trend was found in blubber progesterone concentration with fetal length, indicating that although blubber progesterone appears to distinguish pregnancy status, it is unlikely to differentiate pregnancy stage. Based on the findings presented here we suggest that this method, when coupled with projectile biopsy procedures, can be used to assess the pregnancy status of free‐ranging cetaceans and thus provide a new tool to determine pregnancy rates of wild populations.",2006,https://doi.org/10.1111/j.1748-7692.2006.00001.x,article,NA,Nicholas M. Kellar; Marisa L. Trego; Corina I. Marks; Andrew E. Dizon,Marine animal studies overview; Reproductive Physiology in Livestock; Arctic and Antarctic ice dynamics,Ecology; Agronomy and Crop Science; Atmospheric Science,NA,138,140
"Temporal patterns in the acoustic presence of marine mammals off Elephant Island, Antarctica","To develop reliable and effective management and conservation strategies for marine mammals, a profound knowledge about their distribution, as well as on the location of key habitats are essential. The waters off Elephant Island (Antarctica) are thought to serve as a feeding ground for baleen whales; however, detailed long-term information on patterns in the distribution of marine mammals in this area is still lacking for many species. This study aimed to investigate i) the acoustic biodiversity, as well as ii) inter-annual patterns, and iii) intra-annual patterns in the acoustic presence of marine mammals off Elephant Island. For this purpose, passive acoustic data collected here from January 2013 to February 2016 were analyzed both visually (in the form of spectrograms) and aurally for the presence of marine mammal vocalizations. Daily acoustic presence of marine mammals was assessed based on species-specific vocal signatures. During the overall recording period, eight marine mammal species were identified: Antarctic blue whales (Balaenoptera musculus intermedia), fin whales (B. physalus), Antarctic minke (B. bonaerensis) whales, humpback whales (Megaptera novaeanglia), Killer whales (Orcinus orca), sperm whales (Physeter macrocephalus), Leopard seals (Hydrurga leptonyx) and crabeater seals (Lobodon carcinophaga). For some species, a temporal pattern in the acoustic presence was detected, whereas other species did not exhibit a temporal pattern in their acoustic presence, but were acoustically present either year-round or rather occasionally. Antarctic minke whales were acoustically present from June to September and absent during austral summer, indicating that their acoustic presence was linked to the formation of sea-ice. Furthermore, the annual number of days with Antarctic minke whale calls declined from 2013 to 2015, which might possibly be linked to an inter-annual decrease in the sea-ice extent off Elephant Island. The amount of days with killer whale vocalizations peaked during austral winter when the amount of days with Antarctic minke whale vocalizations reached its maximum, indicating a possible link between killer whale acoustic presence and the availability of their prey (Antarctic minke whales, amongst others). Vocalizations of both seal species occurred primarily during austral winter and spring, i.e. from September to December for leopard seals and during September and October for crabeater seals, which is in accordance with their breeding period and suggests that both species were breeding off Elephant Island. Besides, vocalizations of all four baleen whale species were detected during austral winter, possibly indicating that part of the populations remained in the Southern Ocean year-round. Hence, this study adds further evidence for the hypothesis of a complex migratory behavior of baleen whales. Overall, this study suggests that the Elephant Island region serves as an important feeding and breeding habitat for several marine mammal species either year-round or seasonally. The identification of such ecologically important areas with high (acoustic) biodiversity can considerably benefit future conservation applications, such as the designation of marine protected areas.",2017,NA,dissertation,https://epic.awi.de/id/eprint/49003/1/MMeister_Bacholerarbeit.pdf,Marlene Meister,Marine animal studies overview; Animal Vocal Communication and Behavior; Underwater Acoustics Research,Ecology; Developmental Biology; Oceanography,https://epic.awi.de/id/eprint/49003/1/MMeister_Bacholerarbeit.pdf,1,141
The scale of the whale: using video-tag data to evaluate sea-surface ice concentration from the perspective of individual Antarctic minke whales,"Abstract Background Advances in biologging technology allow researchers access to previously unobservable behavioral states and movement patterns of marine animals. To relate behaviors with environmental variables, features must be evaluated at scales relevant to the animal or behavior. Remotely sensed environmental data, collected via satellites, often suffers from the effects of cloud cover and lacks the spatial or temporal resolution to adequately link with individual animal behaviors or behavioral bouts. This study establishes a new method for remotely and continuously quantifying surface ice concentration (SIC) at a scale relevant to individual whales using on-animal tag video data. Results Motion-sensing and video-recording suction cup tags were deployed on 7 Antarctic minke whales ( Balaenoptera bonaerensis ) around the Antarctic Peninsula in February and March of 2018. To compare the scale of camera-tag observations with satellite imagery, the area of view was simulated using camera-tag parameters. For expected conditions, we found the visible area maximum to be ~ 100m 2 which indicates that observations occur at an equivalent or finer scale than a single pixel of high-resolution visible spectrum satellite imagery. SIC was classified into one of six bins (0%, 1–20%, 21–40%, 41–60%, 61–80%, 81–100%) by two independent observers for the initial and final surfacing between dives. In the event of a disagreement, a third independent observer was introduced, and the median of the three observer’s values was used. Initial results ( n = 6) show that Antarctic minke whales in the coastal bays of the Antarctic Peninsula spend 52% of their time in open water, and only 15% of their time in water with SIC greater than 20%. Over time, we find significant variation in observed SIC, indicating that Antarctic minke occupy an extremely dynamic environment. Sentinel-2 satellite-based approaches of sea ice assessment were not possible because of persistent cloud cover during the study period. Conclusion Tag-video offers a means to evaluate ice concentration at spatial and temporal scales relevant to the individual. Combined with information on underwater behavior, our ability to quantify SIC continuously at the scale of the animal will improve upon current remote sensing methods to understand the link between animal behavior and these dynamic environmental variables.",2020,https://doi.org/10.1186/s40317-020-00218-8,article,https://animalbiotelemetry.biomedcentral.com/track/pdf/10.1186/s40317-020-00218-8,Jacob M. J. Linsky; Nicole Wilson; David E. Cade; Jeremy A. Goldbogen; David W. Johnston; Ari S. Friedlaender,Arctic and Antarctic ice dynamics; Marine animal studies overview; Aerospace Engineering and Energy Systems,Atmospheric Science; Ecology; Aerospace Engineering,https://animalbiotelemetry.biomedcentral.com/track/pdf/10.1186/s40317-020-00218-8,10,142
Reproductive capacity of an endangered and recovering population of humpback whales in the Southern Hemisphere,"Estimating demographic parameters is essential to assessing the recovery potential of severely depleted populations of marine mammal species such as the baleen whales, which were decimated by commercial whaling of the past century. The Oceania humpback whale Megaptera novaeangliae population is classified as endangered by the IUCN because of low numbers and a slow recovery rate. Nevertheless, an anomalously strong increase has recently been detected in the New Caledonia breeding population. To determine the drivers of population growth, reproductive parameters were estimated for the first time for a humpback whale population of Oceania. Based on an extensive monitoring program (1995-2018), recapture histories were reconstructed for 607 females and incorporated in multi-event capture-recapture models. As the females’ ages were generally unknown (87%), 2 models with contrasting age scenarios were investigated. For females of unknown age, the mature scenario assumed maturity at the first encounter, while the immature scenario assumed immaturity within 7 yr after the first encounter, unless the female was encountered breeding. These models respectively resulted in a calving interval of 1.49 yr (95% CI: 1.21-2.08) or 2.83 yr (95% CI: 2.28-3.56) and a calving rate of 0.67 or 0.35. The relatively high calving rate modelled by the mature model is consistent with high pregnancy rates recently observed in the migratory corridors of the Kermadec Islands and on the feeding grounds of the Antarctic Peninsula. Therefore, our results suggest that the recovery of the New Caledonia humpback whale population from past exploitation may be partially driven by an increased reproductive capacity.",2020,https://doi.org/10.3354/meps13329,article,https://www.int-res.com/articles/meps_oa/m643p219.pdf,Guillaume Chero; Roger Pradel; Solène Derville; Claire Bonneville; Olivier Giménez; Claire Garrigue,Marine animal studies overview; Marine and coastal plant biology; Avian ecology and behavior,Ecology; Oceanography; Ecology,https://www.int-res.com/articles/meps_oa/m643p219.pdf,8,143
"Spatial Distribution, Species Composition, and Number of Marine Mammals in the Argentine Basin, Drake Passage, East of Antarctic Peninsula, and Powell Basin in January–March 2020",NA,2021,https://doi.org/10.1007/978-3-030-78927-5_25,book-chapter,NA,С. П. Харитонов; Andrey V. Tretyakov; Alexander Mischenko; Nikolai B. Konyukhov; S. M. Artemyeva; G. Yu. Pilipenko; Matvey S. Mamayev; Alexander E. Dmitriyev,Marine animal studies overview; Arctic and Antarctic ice dynamics; Aerospace Engineering and Energy Systems,Ecology; Atmospheric Science; Aerospace Engineering,NA,6,144
Genetic differentiation between humpback whales (<i>Megaptera novaeangliae</i>) from Atlantic and Pacific breeding grounds of South America,"Abstract Humpback whales wintering in tropical waters along the Atlantic and Pacific coasts of the South American continent are thought to represent distinct populations or “stocks.” Here we present the first analysis of genetic differentiation and estimates of gene flow between these breeding stocks, based on both mitochondrial DNA (mt DNA ) control region sequences (465 bp) and 16 microsatellite loci from samples collected off Brazil ( n = 277) and Colombia ( n = 148), as well as feeding areas near the western Antarctic Peninsula ( n = 86). We found significant differentiation between Brazilian and Colombian breeding grounds at both mt DNA ( F ST = 0.058) and microsatellite ( F ST = 0.011) markers and corroborated previous studies showing genetic similarity between humpbacks from Colombia and those from Antarctic Peninsula feeding areas. Estimates of long‐term gene flow between Brazil and Colombia were low to moderate, asymmetrical, and mostly mediated by males. Assignment procedures detected some cases of interchange and individuals of admixed ancestry between breeding grounds, indicating limited mixing of individuals between these stocks. Overall, results highlight the differentiation of humpback whale breeding populations with adjacent feeding grounds. This appears to be a remarkable example of fidelity to seasonal habitat in the absence of any contemporary barriers.",2016,https://doi.org/10.1111/mms.12378,article,NA,Ana Lúcia Cypriano‐Souza; Márcia H. Engel; Susana Caballero; Carlos Olavarría; Lilián Flórez‐González; Juan Capella; Debbie Steel; Angie Sremba; Anelio Aguayo‐Lobo; Deborah Thiele; C. Scott Baker; Sandro L. Bonatto,Marine animal studies overview; Marine and coastal plant biology; Avian ecology and behavior,Ecology; Oceanography; Ecology,NA,18,145
Estimated summer abundance and krill consumption of fin whales throughout the Scotia Sea during the 2018/2019 summer season,"<title>Abstract</title> Among large cetaceans in the Southern Hemisphere, fin whales were the most heavily exploited in terms of numbers taken during the period of intense industrial whaling. Recent studies suggest that, whilst some humpback whale populations in the Southern Hemisphere appears to have almost completely recovered to their estimated pre-whaling abundance, much less is known about the status of Southern Hemisphere fin whales. Circumpolar estimates in the 1990s suggest an abundance of about 5 500 animals south of 60° S, while the IDCR/SOWER-2000 survey for the Scotia Sea and Antarctic Peninsula areas estimated 4,670 fin whales within this region in 2000. More recent studies in smaller regions indicate higher densities, suggesting that previous estimates are overly conservative and/or that fin whales are undergoing a substantial increase. Here we report findings from a recent multi-vessel single-platform sightings survey carried out as part of the 2019 Area 48 Survey for Antarctic krill. While fin whales were encountered throughout the entire survey area, which covered the majority of CCAMLR Management Area 48, they were particularly abundant around the South Orkney Islands and the eastern Bransfield Strait. Large feeding aggregations were also encountered within the central Scotia Sea between South Orkney Islands and South Georgia. Distance sampling analyses suggest an average fin whale density throughout the Scotia Sea of 0.0256 (CV=0.149) whales per km<sup>2</sup>, which agrees well with recent density estimates reported from smaller sub-regions within the Scotia Sea. Design-based distance sampling analyses resulted in an estimated total fin whale abundance of 53,873 (CV=0.15, 95% CI: 40,233 - 72,138), while a density surface model resulted in a slightly lower estimate of 50,837 (CV: 0.136, 95% CI: 38,966 - 66,324). These estimates are at least an order of magnitude greater than the previous estimate from the same region based on the IDCR/SOWER-2000 data, suggesting that fin whales are undergoing a substantial abundance increase in the South Atlantic. This may have important implications for the assessment of cetacean population trends, but also for CCAMLRs spatial overlap analysis process and efforts to implement a Feedback Management system for Antarctic krill. Our abundance estimate suggests an annual summer krill consumption by fin whales in the Antarctic Peninsula and Scotia Sea area of 7.97 (95% CI: 4.94 - 11.91) million tonnes, which would represent around 20 times the total krill catch taken by the commercial fishery in Area 48 in the same season, or about 12.7% of the 2019 summer krill standing stock estimated from data collected during the same survey. This highlights the crucial importance of including cetacean krill predators in assessment and management efforts for living marine resources in the Southern Ocean, and particularly stresses the urgent need for a re-appraisal of abundance, distribution and ecological role of Southern Hemisphere fin whales.",2024,https://doi.org/10.21203/rs.3.rs-3959755/v1,preprint,https://www.researchsquare.com/article/rs-3959755/latest.pdf,Martin Biuw; Ulf Lindstrøm; Jennifer A. Jackson; Mick Baines; Natalie Kelly; George McCallum; Georg Skaret; Bjørn A. Krafft,Marine animal studies overview; Arctic and Antarctic ice dynamics,Ecology; Atmospheric Science,https://www.researchsquare.com/article/rs-3959755/latest.pdf,1,146
A description and summary of the Antarctic Humpback Whale Catalogue,"The Antarctic Humpback Whale Catalogue (AHWC) is an international collaborative project investigating movement patterns of humpback whales in the Southern Ocean and corresponding lower latitude waters. The collection contains records contributed by 261 researchers and opportunistic sources. Photographs come from all of the Antarctic management areas, the feeding grounds in southern Chile and also most of the known or suspected low-latitude breeding areas and span more than two decades. This allows comparisons to be made over all of the major regions used by Southern Hemisphere humpback whales. The fluke, left dorsal fin/flank and right dorsal fin/flank collections represent 3,655, 413 and 407 individual whales respectively. There were 194 individuals resighted in more than one year, and 82 individuals resighted in more than one region. Resightings document movement along the western coast of South America and movement between the Antarctic Peninsula and western coast of South America and Central America. A single individual from Brazil was resighted off South Georgia, representing the first documented link between the Brazilian breeding ground and any feeding area. A second individual from Brazil was resighted off Madagascar, documenting long distance movement of a female between non-adjacent breeding areas. Resightings also include two matches between American Samoa and the Antarctic Peninsula, documenting the first known feeding site for American Somoa and setting a new long distance seasonal migration record. Three matches between Sector V and eastern Australia support earlier evidence provided by Discovery tags. Multiple resightings of individuals in the Antarctic Peninsula during more than one season indicate that humpback whales in this area show some degree of regional feeding area fidelity. The AHWC provides a powerful non-lethal and non-invasive tool for investigating the movements and population structure of the whales utilising the Southern Ocean Sanctuary. Through this methodical, coordinated comparison and maintenance of collections from across the hemisphere, large-scale movement patterns may be examined, both within the Antarctic, and from the Antarctic to breeding grounds at low latitudes.",2020,https://doi.org/10.47536/jcrm.vi.307,article,https://journal.iwc.int/index.php/jcrm/article/download/307/75,Judith Allen; Carole Carlson; Peter T. Stevick,Marine animal studies overview; Arctic and Antarctic ice dynamics; Underwater Acoustics Research,Ecology; Atmospheric Science; Oceanography,https://journal.iwc.int/index.php/jcrm/article/download/307/75,9,147
High-Frequency Modulated Signals Recorded Off the Antarctic Peninsula Area: Are Killer Whales Emitting Them?,NA,2017,https://doi.org/10.1007/s40857-017-0103-x,article,NA,M. Vanesa Reyes Reyes; Simone Baumann‐Pickering; Anne E. Simonis; Mariana L. Melcón; Jennifer S. Trickey; John A. Hildebrand; Miguel A. Íñiguez,Marine animal studies overview; Underwater Acoustics Research; Animal Vocal Communication and Behavior,Ecology; Oceanography; Developmental Biology,NA,8,148
Features of interest from a multi-season satellite survey of baleen whales on the West Antarctic Peninsula,"Abstract The application of very high-resolution satellite imagery for the purpose of studying wildlife, particularly in remote regions, has gained significant traction in recent years. With this, there has been an exponential increase in the volume of satellite data collected, which has fostered a shift towards the use of automated systems to increase processing efficiency. However, these automated systems require manually annotated data on which to be trained, which is lacking due to the time required to manually annotate satellite imagery and the lack of published records to collaboratively build large enough training datasets. Here, we present a dataset that describes a total of 819 annotated and classified Features of Interest (FOIs) from a multi-season baleen whale-focussed survey of Wilhelmina Bay on the Western Antarctic Peninsula. These data are comprised of FOIs that have been annotated and classified based on existing protocols by seven individual observers who scanned ~1,900 km 2 of WorldView-3 imagery acquired between 2018 and 2022 to expedite the creation of training datasets for automated detection models.",2025,https://doi.org/10.1038/s41597-025-06463-x,article,https://www.nature.com/articles/s41597-025-06463-x_reference.pdf,C. C. G. Bamford; H. Cubaynes; N. Kelly; P. J. Clarke; E. Longden; M. Weyn; G. Perry; H. Snead; L. Fouda; G. Macfarlane; J. A. Jackson,Marine animal studies overview; Rangeland and Wildlife Management; Arctic and Russian Policy Studies,Ecology; Ecology; Sociology and Political Science,https://www.nature.com/articles/s41597-025-06463-x_reference.pdf,0,149
Genetic diversity and population structure of humpback whales (Megaptera novaeangliae) from Ecuador based on mitochondrial DNA analyses,"Information on the genetic characterisation of humpback whales (Megaptera novaeangliae) wintering off Ecuador (Breeding Stock G) is presented. Mitochondrial DNA was extracted and sequenced from 230 skin samples collected between 2002 and 2008 to establish the genetic diversity of this population. From 182 usable samples, 41 different haplotypes were found, eight of which were new and unique. Haplotype diversity (h ± SD) was estimated to be 0.922 ± 0.012 and the nucleotide diversity (π ± SD) 0.019 ± 0.009. A comparison with other areas within the Southeast Pacific (Colombia and Magellan Strait) and the Antarctic Peninsula suggested panmixia within Breeding Stock G, even though significant differentiation was found with Magellan Strait (p &lt; 0.0001 in both FST and ΦST). An additional analysis with the exact test of population differentiation showed significant differences in haplotype frequencies between breeding areas in Ecuador and southern Colombia (p &lt; 0.01), suggesting some level of stratification at breeding grounds as supported by photo-identification studies. The Ecuadorian dataset included haplotypes reported in all three Southern Hemisphere ocean basins indicating recent gene flow within the Southern Hemisphere. The population showed a male-biased sex ratio in adult animals of 2.16:1. Further research and a larger number of samples from breeding areas in the north (Panama and Costa Rica) are required to appropriately assess the extent of structure in this population.",2023,https://doi.org/10.47536/jcrm.v12i1.593,article,https://journal.iwc.int/index.php/jcrm/article/download/593/317,Fernando Félix; Susana Caballero; Carlos Olavarría,Marine animal studies overview; Marine Bivalve and Aquaculture Studies; Marine and coastal plant biology,Ecology; Global and Planetary Change; Oceanography,https://journal.iwc.int/index.php/jcrm/article/download/593/317,14,150
Phytoplankton composition and bloom formation in unexplored nearshore waters of the western Antarctic Peninsula,NA,2019,https://doi.org/10.1007/s00300-019-02564-7,article,https://link.springer.com/content/pdf/10.1007/s00300-019-02564-7.pdf,Martina Mascioni; Gastón O. Almandoz; Adrián O. Cefarelli; Allison Cusick; Martha E. Ferrario; María Vernet,Marine and coastal ecosystems; Marine Biology and Ecology Research; Microbial Community Ecology and Physiology,Oceanography; Oceanography; Ecology,https://link.springer.com/content/pdf/10.1007/s00300-019-02564-7.pdf,36,151
Evidencing Fluid Migration of the Crust during the Seismic Swarm by Using 1D Magnetotelluric Monitoring,"We applied multi–temporal 1D magnetotelluric (MT) surveys to identify space–time anomalies of apparent resistivity (ρa) in the upper lithosphere in the Antarctic Peninsula (the border between the Antarctic and the Shetland plates). We used time series over several weeks of the natural Earth’s electric and magnetic fields registered at one MT station of the Universidad Nacional de Colombia (RSUNAL) located at Seymour–Marambio Island, Antarctica. We associated resistivity anomalies with contrasting earthquake activity. Anomalies of ρa were detected almost simultaneously with the beginning of a seismic crisis in the Bransfield Strait, south of King George Island (approximately 85.000 events were reported close to the Orca submarine volcano, with focal depths &lt; 20 km and MWW &lt; 6.9). We explained the origin of these anomalies in response to fluid migration near the place of the fractures linked with the seismic swarm, which could promote disturbances of the pore pressure field that reached some hundreds of km away.",2023,https://doi.org/10.3390/app13042683,article,https://www.mdpi.com/2076-3417/13/4/2683/pdf?version=1676802130,Carlos A. Vargas; Alexander Caneva; Juan M. Solano; Adriana M. Gulisano; J. Villalobos,Earthquake Detection and Analysis; Geophysical and Geoelectrical Methods; Seismic Waves and Analysis,Geophysics; Geophysics; Geophysics,https://www.mdpi.com/2076-3417/13/4/2683/pdf?version=1676802130,5,152
Demography of an ice-obligate mysticete in a region of rapid environmental change,"Antarctic minke whales ( Balaenoptera bonaerensis , AMW) are an abundant, ice-dependent species susceptible to rapid climatic changes occurring in parts of the Antarctic. Here, we used remote biopsy samples and estimates of length derived from unoccupied aircraft system (UAS) to characterize for the first time the sex ratio, maturity, and pregnancy rates of AMWs around the Western Antarctic Peninsula (WAP). DNA profiling of 82 biopsy samples (2013–2020) identified 29 individual males and 40 individual females. Blubber progesterone levels indicated 59% of all sampled females were pregnant, irrespective of maturity. When corrected for sexual maturity, the median pregnancy rate was 92.3%, indicating that most mature females become pregnant each year. We measured 68 individuals by UAS (mean = 8.04 m) and estimated that 66.5% of females were mature. This study provides the first data on the demography of AMWs along the WAP and represents the first use of non-lethal approaches to studying this species. Furthermore, these results provide baselines against which future changes in population status can be assessed in this rapidly changing marine ecosystem.",2022,https://doi.org/10.1098/rsos.220724,article,https://doi.org/10.1098/rsos.220724,Logan J. Pallin; K. C. Bierlich; John W. Durban; Holly Fearnbach; O. Savenko; C. Scott Baker; Elanor Bell; Mike Double; W. de la Mare; Jeremy A. Goldbogen; David W. Johnston; Nick Kellar; Ross Nichols; Douglas P. Nowacek; Andrew J. Read; Debbie Steel; Ari S. Friedlaender,Marine animal studies overview; Arctic and Antarctic ice dynamics; Cryospheric studies and observations,Ecology; Atmospheric Science; Atmospheric Science,NA,12,153
Approximating home ranges of humpback and fin whales in Drake Passage and Antarctica,"Identifying home ranges—those areas traversed by individuals in their normal foraging, mating, and parenting activities—is an important aspect of cetacean study. Understanding these ranges facilitates identification of resource use and conservation. Fin and humpback whales occur in Antarctica during the austral summer, but information regarding their home ranges is limited. Using opportunistically collected whale sighting data from eight consecutive summer seasons spanning 2010–2017, we approximate the home ranges of humpback and fin whales around Drake Passage (DRA), West of Antarctic Peninsula (WAP), South Shetland Islands (SSI), an area northwest of the Weddell Sea (WED), and around the South Orkney Islands (SOI). Approximate home ranges are identified using Kernel Density Estimation (KDE). Most fin whales occurred north and northwest of the SOI, which suggests that waters near these islands support concentrations of this species. Most humpback whales were observed around the SSI, but unlike fin whales, their distributions were highly variable in other areas. KDE suggests spatial segregation in areas where both species exist such as SOI, SSI, and WPA. Partial redundancy analysis (pRDA) suggests that the distributions of these species are more affected by spatial variables (latitude, longitude) than by local scale variables such as sea surface temperature and depth. This study presents a visual approximation of the home ranges of fin and humpback whales, and identifies variation in the effects of space and environmental variables on the distributions of these whales at different spatial scales. Citation: Orgeira J L, Alvarez F. Approximating home ranges of humpback and fin whales in Drake Passage and Antarctica. Adv Polar Sci, 2020, 31(4): 248-257, doi: 10.13679/j.advps.2020.0014",2020,https://doi.org/10.13679/j.advps.2020.0014,article,NA,José Luis Orgeira; Facundo Alvarez,Marine animal studies overview; Marine and coastal plant biology; Avian ecology and behavior,Ecology; Oceanography; Ecology,NA,1,154
"A new Parougia species (Annelida, Dorvilleidae) associated with eutrophic marine habitats in Antarctica",NA,2014,https://doi.org/10.1007/s00300-014-1614-7,article,NA,Sergi Taboada; María Bas; Conxita Àvila,Marine Biology and Ecology Research; Marine and coastal plant biology; Cephalopods and Marine Biology,"Oceanography; Oceanography; Ecology, Evolution, Behavior and Systematics",NA,12,155
Genetic diversity and population structure of humpback whales (Megaptera novaeangliae) from Ecuador based on mitochondrial DNA analyses,"Information on the genetic characterisation of humpback whales (Megaptera novaeangliae) wintering off Ecuador (Breeding Stock G) is presented. Mitochondrial DNA was extracted and sequenced from 230 skin samples collected between 2002 and 2008 to establish the genetic diversity of this population. From 182 usable samples, 41 different haplotypes were found, eight of which were new and unique. Haplotype diversity (h ± SD) was estimated to be 0.922 ±0.012 and the nucleotide diversity (π ± SD) 0.019 ± 0.009. A comparison with other areas within the Southeast Pacific (Colombia and Magellan Strait) and the Antarctic Peninsula suggested panmixia within Breeding Stock G, even though significant differentiation was found with Magellan Strait (p < 0.0001 in both FSTand ΦST). An additional analysis with the exact test of population differentiation showed significant differences in haplotype frequencies between breeding areas in Ecuador and southern Colombia (p <0.01), suggesting some level of stratification at breeding grounds as supported by photo-identification studies. The Ecuadorian dataset included haplotypes reported in all three Southern Hemisphere ocean basins indicating recent gene flow within the Southern Hemisphere. The population showed a male-biased sex ratio in adult animals of 2.16:1. Further research and a larger number of samples from breeding areas in the north (Panama and Costa Rica) are required to appropriately assess the extent of structure in this population.",2012,NA,article,NA,Muñoz Gamero,Marine animal studies overview; Marine and fisheries research; Marine and coastal plant biology,Ecology; Global and Planetary Change; Oceanography,NA,11,156
Isotopic niche overlap and partition among three Antarctic seals from the Western Antarctic Peninsula,NA,2017,https://doi.org/10.1016/j.dsr2.2017.11.005,article,NA,Silvina Botta; Eduardo R. Secchi; Tracey L. Rogers; Jonatas Henrique Prado; Renan C. de Lima; Pedro Carlini; Javier Negrete,Isotope Analysis in Ecology; Marine animal studies overview; Marine Bivalve and Aquaculture Studies,Ecology; Ecology; Global and Planetary Change,NA,37,157
"Discovery of a recent, natural whale fall on the continental slope off Anvers Island, western Antarctic Peninsula",NA,2014,https://doi.org/10.1016/j.dsr.2014.04.013,article,NA,Kathryn E. Smith; Sven Thatje; Hanumant Singh; Margaret O. Amsler; Stephanie C. Vos; James B. McClintock; Cecilia J. Brothers; Alastair Brown; Daniel Ellis; Jeffrey S. Anderson; Richard B. Aronson,Marine animal studies overview; Marine and coastal plant biology; Coral and Marine Ecosystems Studies,Ecology; Oceanography; Ecology,NA,24,158
Photo‐identification and satellite telemetry connect southern right whales from South Georgia Island (Islas Georgias del Sur) with multiple feeding and calving grounds in the southwest Atlantic,"Abstract The sub‐Antarctic waters of South Georgia Island (Islas Georgias del Sur, SG/IG) are a regularly visited feeding ground for southern right whales ( Eubalaena australis , SRW) in the southwest Atlantic. Satellite telemetry and photo‐identification records were compared to better understand the role of SG/IG in the SRW migratory network. We present the first insights from SRW satellite‐tracked from the SG/IG feeding ground, habitat use patterns in the Scotia Arc, and movements to Antarctic habitats. Photo‐identification comparisons to calving and feeding areas across the South Atlantic and a review of sightings of cetaceans reported from Bird Island (west of SG/IG) since 1979 illuminate long‐term habitat use patterns in SG/IG. We present the first recorded migratory movement between SG/IG and multiple countries: Argentina, Uruguay, and Brazil. Photo‐identification (1) linked SG/IG to a female SRW with a long‐term sighting history in Brazil, and (2) provided the first match between SG/IG and the western Antarctic Peninsula, suggesting the latter could extend the feeding area for southwest Atlantic SRW. Satellite tracking and opportunistic sightings suggest that shelf and coastal waters west of SG/IG represent an important multi‐season SRW feeding habitat and add to our overall understanding of habitats and ranges occupied by recovering southwest Atlantic SRW.",2023,https://doi.org/10.1111/mms.13089,article,https://onlinelibrary.wiley.com/doi/pdfdirect/10.1111/mms.13089,Amy S. Kennedy; Emma L. Carroll; Alexandre N. Zerbini; C. Scott Baker; Manuela Bassoi; Nazarena A. Beretta; Danielle L. Buss; Susannah Calderan; Ted Cheeseman; Martin A. Collins; Paula Costa‐Urrutia; Paul Ensor; Karina Rejane Groch; Russell Leaper; Paula A. Olson; Cecilia Passadore; Federico G. Riet‐Sapriza; Els Vermeulen; Florencia O. Vilches; Andrew G. Wood; Jennifer A. Jackson,Marine animal studies overview; Marine and coastal plant biology; Arctic and Antarctic ice dynamics,Ecology; Oceanography; Atmospheric Science,https://onlinelibrary.wiley.com/doi/pdfdirect/10.1111/mms.13089,6,159
First evidence of interchange of humpback whales (Megaptera novaeangliae) between the Magellan Strait and Antarctic Peninsula feeding grounds,NA,2021,https://doi.org/10.1007/s00300-021-02827-2,article,NA,Jorge Acevedo; Juan Capella; Ted Cheeseman; Cole C. Monnahan; Ken Southerland; Paola Acuña; Anelio Aguayo‐Lobo,Marine animal studies overview; Arctic and Antarctic ice dynamics; Marine and coastal plant biology,Ecology; Atmospheric Science; Oceanography,NA,6,160
A decade of whale watching in an important tourist desitination in the Pacific coast of Colombia: Challenges for proper management,"Uramba Bahía Málaga Natural National Park is one of the most important places visited by tourists to see humpback whales (Megaptera novaeangliae) in Colombia. Humpback whales arrive from Southern Chile and the Antarctic Peninsula every year between May and December to reproduce, give birth and rear calves. To evaluate the current state of whale-watching in Málaga we analyzed tourist visitation data from 2011 to 2019 during the peak whale-watching season (July–October), and during one week in October 2020. We found that whale-watching activity has increased considerably. In 2019, 21,186 tourists realized whale watching in Málaga. Whale watchers per month increased by 108% and monthly whale-watching boat trips increased by 140%, in the last decade. Currently there are in average 19 boat trips per day (±18.0), and most boats are small (≤15 m). Tourists came mainly from Colombia (90%). August was the most important month for whale watching. Although environmental education activities are undertaken, currently responsible whale-watching guidelines are overlooked. At present, whale-watching activity produces important economic benefits for local people and neighboring sites, with a monthly expenditure of at least $362,409 USD, but to ensure the sustainable continuity of this activity, negative impacts on whales need to be minimized. We classified management challenges into social, economic and biological aspects. From a social perspective, operators should form a whale-watching community association; this would improve cooperation amongst operators, promote good practices in whale-watching and reduce pressure on whales. Economic recommendations include 1) whale-watching trips handled mainly by local people; 2) ticket prices unification; and 3) investment in tourist facilities. Biological recommendations focus on the welfare of whales and include: 1) follow the current whalewatching recommendations strictly; 2) reduce transit speeds to below 10 knots in the area during whale season; 3) use propeller guards; 4) promote land-based whale watching; 5) implement acoustic whale tourism; 6) reinforce environmental education programs; and 7) support long-term monitoring and scientific research. Based on these three aspects, we urge environmental and ethnic authorities, conferring with relevant stakeholders, to determine the whale-watching carrying capacity of the area and to promote a responsible tourism. Authorities need to strengthen the monitoring, oversight and control of this growing tourist activity in order to ensure its long-term persistence.",2021,https://doi.org/10.5597/lajam00267,article,https://lajamjournal.org/index.php/lajam/article/download/1389/451,Isabel Cristina Ávila; Luis Fernando Ortega; Cristina Pretel; Gustavo Mayor,Marine animal studies overview,Ecology,https://lajamjournal.org/index.php/lajam/article/download/1389/451,5,161
Marine centres of origin as evolutionary engines,"The world ocean supports a dynamic system in which living organisms undergo constant movements. Although some would appear to be sedentary, all are capable of invading new territory at some stage in their life cycle. Underlying these comparatively rapid changes is a much slower evolutionary system whereby new species are formed and spread out. Depending on their place of origin and genetic resources, some of the new species may give rise to continuing phyletic lines. At the same pace, some older species approach extinction by continuing to lose territory. Over time, this evolutionary system appears to be no less dynamic than the contemporary one. In recent years, considerable attention has been paid to the East Indies as a centre of origin for the marine tropics. While other centres of origin in the Antarctic and the North Pacific have been recognized, little attention has been paid to their external influence. Yet in the cooler waters of the oceans, they are as important to those areas as the East Indies is for the tropics. Evidence indicates that evolutionary flows from all three centres contribute to a dynamic system that extends throughout the world ocean. Each of the three centres and its salient features is discussed in turn, the information is summarized, and then stated in the form of a hypothesis. Antarctica has a long history of harbouring a temperate marine fauna. That assemblage first become apparent in the Devonian when the Antarctic continent was still attached to the southern part of Gondwana. At that time, Antarctica belonged to the Malvinokaffric Realm that was distinguished by its lack of many common tropical animal groups (Boucot, 1988; Crame, 1994). This latitudinal position, suggesting the presence of relatively cool conditions, continued throughout the Mesozoic and into the early Tertiary. From the early Cretaceous to the Oligocene, a warm-temperate Weddellian Province extended from the tip of South America to Antarctica and to Australia/New Zealand. That Province disappeared with the development of colder temperature and the Antarctic Circumpolar Current (Crame, 1999). A dramatic change in the temperature zonation of the earth began with the global climatic deterioration of the middle Eocene. A new cold-temperate zone, with winter temperatures from 12 °C down to 2 °C, began to form at the highest latitudes. As a consequence, the warm-temperate waters were forced away from the poles and into lower latitudes. At one time, there was a general belief that Antarctic ice sheets did not form until the early Miocene when there was a circulation of a deep current through Drake Passage between Antarctica and Australia. But there is now evidence that ice sheets probably first formed in the Eocene c. 42 Ma (Keller et al., 1992). At Seymour Island, the La Meseta Formation of the middle-late Eocene has yielded a rich fauna of marine invertebrates as well as fossils of fishes, penguins, whales and marsupials. Some of the bivalves and decapods represent first occurrences of taxa that appeared later on at lower latitudes (Crame, 1994). At first, the Antarctic ice may have waxed and waned with minor climatic cycles, but by late Oligocene time, c. 25 Ma, it appears that a major icepack grounding event took place (Bartek et al., 1992). This is consistent with terrestrial evidence indicating the presence of glaciers and tundra by the early Oligocene (Janis, 1993). The presence of a major icepack in the Antarctic in the late Oligocene suggests that the modern, cold sea surface temperature regime (+2 °C to −2 °C) had become established. By that time, much of the rich Eocene fauna had disappeared, except for animals such as the penguins, whales, fishes, and several of the bivalves and gastropods that remained to become ancestral elements of the modern marine fauna. Late Oligocene–early Miocene fossils from other parts of Antarctica show surprisingly close resemblances to living taxa (Clarke & Crame, 1989). The shelf waters of the Antarctic and Sub-Antarctic are now occupied by a highly distinctive fauna that owes its origin to four historical factors: (1) persistence of a small ancestral group of Mesozoic and early Cenozoic taxa, (2) extinction of many early Tertiary warm-temperate species, (3) geographical isolation produced by the opening of Drake Passage, and (4) invasions by cold-temperate species from the northern hemisphere. The Antarctic Biogeographical Region is divisible into three provinces. The South Polar Province includes the Antarctic continent itself plus the South Shetland, South Orkney and South Sandwich Islands. South Georgia Island and Bouvet Island have many endemic species and each is placed in a province of its own. The Sub-Antarctic is the one biogeographical region on the world that is entirely made up of small, oceanic islands. Within that Region, The Kerguelen Province includes not only Kerguelen Island itself, but also the McDonald, Heard, Prince Edward and Crozet Islands. Macquarie Island has a high degree of endemism indicating that a Macquarie Province should be recognized (Briggs, 1995). The faunal distinctiveness of the Antarctic Region is almost incredible. In the major invertebrate groups, more than half the species are endemics (Knox, 1994). In the fishes, the endemic rate is c. 95% (Gon & Heemstra, 1990; Miller, 1993). Considering the 20+ Myr of isolation, this degree of species endemism might be expected. However, there are also large numbers of endemic genera; for fishes it is c. 70%. For one suborder of fishes, the Notothenioidei, the Antarctic is the site of a major evolutionary radiation. This group, consisting of five families, forty-six genera and 122 species (Nelson, 1994), dominates the ichthyofauna. Notothenioids often comprise 80–90% of the species in Antarctic fish catches. Some of them demonstrate remarkable adaptations to the coldest water (−1.9 °C) by having a glycoprotein in their blood that lowers the freezing point, a lack of red blood cells and aglomerular kidneys. The shelf and upper slope of the Antarctic Region supports 213 fish species. Of these, ninety-six are notothenioids, sixty-seven liparidids (Liparididae) and twenty-three zoarcids (Zoarcidae). Together these three groups comprise 88% of the fish fauna (Eastman, 2000). Unlike the latter two groups, that apparently represent invasions from the North Pacific, the notothenioids probably arose in the Antarctic vicinity. A fossil skull originally identified as a gadiform fish (Eastman & Grande, 1989) has been found to be a notothenioid (Balushkin, 1994). This fossil, from the late Eocene of Seymour Island, Antarctic Peninsula, is the first known fossil of the suborder. In the course of their evolution, the notothenioids adapted to a wide variety of ecological niches (Eastman & Grande, 1989). At the same time, they dispersed in a biogeographical sense. The most primitive (plesiomorphic) of the five families is generally considered to be the Bovichthyidae. Its distribution is almost entirely Sub-Antarctic with some species ranging as far north as New Zealand and Australia. One species inhabits freshwater streams in Australia and Tasmania. The Nototheniidae, the second most primitive family, is widely distributed in both the Antarctic and Sub-Antarctic. The remaining three families, usually considered the most advanced (apomorphic) (Iwami, 1985), are mainly confined to the Antarctic continent. This kind of phylogenetic pattern, in which the more primitive groups occupy the periphery, is a centre of origin characteristic. Notothenioid phylogeny has also been investigated using mitochondrial DNA analysis (Bargelloni et al., 2000). The results confirmed repeated dispersals outward across the Antarctic Convergence, often followed by speciation. Within the notothenioid families Nototheniidae and Channichthyidae, the most primitive genera may be seen to have peripheral distributions (Andriashev, 1986). The Notothenioidei belongs to the order Perciformes and no definite perciform fossils have been found that are older than the Tertiary (Patterson, 1993). Most authors have correlated the radiation of the suborder with the cooling and subsequent isolation of Antarctica (Anderson, 1990). However, the discovery of the late Eocene notothenioid places it in a warm-temperate fauna along with many other warm water species. Considering the impressive amount of evolutionary change that has taken place, the notothenioids may have originated in the earliest Tertiary or even in the late Cretaceous. The Antarctic is an evolutionary centre for penguins (Spheniscidae). Fossils have been found from the Eocene, Oligocene, Miocene, Pliocene and Pleistocene and all finds have been made in the circum-Antarctic area where penguins still occur (Simpson, 1974; Carroll, 1988). At times in the past, there were many more species but most of them have become extinct. The modern fauna consists of six genera and eighteen species. From their diversity centre in the Antarctic, penguins have spread to northern Chile and the Galapagos Islands, southern Africa, Amsterdam Island in the southern Indian Ocean and New Zealand. Antarctica, because of fossil discoveries in its peninsula region, has been steadily assuming greater importance as a centre of origin for Southern Ocean invertebrates. Crame (1996) published a list of living molluscan genera found in present day New Zealand, Australia, or southern South America, that have their earliest fossil records in the La Meseta Formation. The list includes ten genera in six families. In addition, several additional genera from the same formation were noted to have become even more widespread. In the same work, Crame included an extensive list of bipolar mollusca. However, almost all the examples involved relationships between the cold-temperate zones of each hemisphere rather than strictly Antarctic vs. Arctic. Two species of benthic sea-weeds of probable Antarctic origin also exist in the Arctic (van Oppen et al., 1993), but they are also broadly distributed in the cold-temperate waters of both hemispheres. The continual sinking of cold, saline water adjacent to the Antarctic continent and its subsequent movement northward at abyssal depths has had important biogeographical consequences. Historic dispersals from the Antarctic to the major ocean basins and trenches have been proposed for a large number of invertebrate families and genera (references in Vinogradova, 1997). For example, the holothurian family Elpidiidae apparently originated in the Antarctic, then dispersed northward through the Atlantic to the Arctic Ocean and also through the Pacific to the Bering Sea (Gebruk, 1990). The marine isopods in the deep sea may have been introduced to that environment via the Antarctic (Kussakin, 1973). As cold water was conducted into the deep sea from the late Eocene through the Oligocene, it caused significant extinctions. But, at the same time, it created a habitat suitable for the introduction of cold-acclimated organisms from the Antarctic. As a centre of origin, the Antarctic may have had its greatest effect on the abyssal and hadal zones. In addition to its production of species that have invaded other areas, the Antarctic has provided a refuge for phylogenetic relicts. The most generalized gadiform family is probably the Muraenolepididae. Its four species are found on the shelf and slopes of the Antarctic and Sub-Antarctic, thus inhabiting the southern periphery of the order (Andriashev, 1988; Howe, 1990). The lantern fishes of the family Myctophidae originated in the tropical waters of the Tethys Sea but the three most primitive genera are now confined to the Antarctic and Sub-Antarctic (Andriashev, 1988). For the invertebrates, Antarctica has been described as one of the last strongholds of the brachiopods, together with hexactinellid sponges and certain bivalve genera (Crame, 1994). Gastropod relicts include some genera of volutes and marginellids (Powell, 1951). The Antarctic regions have also provided a refuge for groups that have obviously invaded from the far north. Because such immigrants are not usually found in the intervening tropics, their distribution patterns are usually called bipolar. However, in most cases the term bipolar is misnomer, for the majority of the invaders appear to have originated in the northern cold-temperate seas rather than in the Arctic. Among the fishes, the dominant Antarctic groups, aside from the notothenioids, are the families Liparididae, Zoarcidae and Rajidae. The family Liparididae is of north Pacific origin (Andriashev, 1986). Members of the genus Paraliparis, a deep-water group, made their way to the Antarctic via the south American west coast. The family Zoarcidae is also of north Pacific origin and also reached Antarctic waters by moving down the west coast route and across the Scotia Ridge (Anderson, 1988). In his analysis of the history of the Rajidae, Long (1994) determined its origin to have been in the western Tethys and in the boreal seas of western Europe. It apparently dispersed to Antarctica in the early to middle Eocene along the western margin of the Atlantic. There are seven endemic rajid (skate) species in Antarctic waters. Like the notothenioids, they are represented by ancestral fossils from the late Eocene of Seymour Island. Yet the rajids have changed very little in the last 40 Myr. The three fish families and most of the molluscs that have invaded from northern seas probably did so my means of isothermic submergence. But this seems unlikely for shallow water molluscs such as the littorinids and certain buccinids (Crame, 1996). Five species of seals belonging to the family Phocidae are found in Antarctic waters. They are commonly known as the Southern elephant, Crabeater, Ross, Leopard and Weddell seals. The family originated along the shores of the North Atlantic, apparently in the Miocene. They must have reached the Antarctic early in their evolution for each of the species is placed in its own genus (Jefferson et al., 1993). One of the four southern fur seals of the family Otariidae, the Antarctic fur seal, occurs on the Antarctic Peninsula. The others occur in the Sub-Antarctic or farther north. The family originated in the north Pacific (Carroll, 1988) and, as all of the southern species belong to the same genus, their dispersal to the southern hemisphere probably occurred more recently than that of the phocids. The westward convergence of North America on Eurasia, because of the opening of the North Atlantic, apparently resulted in the formation of a terrestrial connection in the late Cretaceous c. 80 Ma (Zonenshain & Napatov, 1989). Once formed, this Bering land bridge, often called 'Beringia', separated the warm-temperate marine biota of the North Pacific from that of the Arctic–North Atlantic. It has been generally thought that Beringia continued to act as a barrier until the opening of a seaway in the Pliocene, c. 3.5 Ma (Herman & Hopkins, 1980). But recent work on bivalves (Kafanov, 1999; Marinkovitch & Gladenkov, 1999) and Cancer crabs (Harrison & Crespi, 1999) indicate that the first Cenozoic opening took place earlier, perhaps as much as 6–12 Ma. After the mid-Eocene, a series of temperature declines in the circumpolar region resulted in the southward movement of the warm-temperate zone and its replacement by a cold-temperate regime. By c. 14 Ma, fossils of numerous boreal (cold-temperate) species and genera could be found in the North Pacific (Golikov & Scarlato, 1989). But, judging from its systematic distinctiveness, that biota probably began its development in the mid-Eocene c. 40 Ma. At the same time, similar temperatures probably existed in the Arctic–North Atlantic. When the Bering Strait first opened, it may have been shallow and provided only limited passage but, by c. 3.5 Ma, it apparently allowed an unrestricted mingling of biotas that had been separated for more than 70 Myr. The event of 3.5+ Ma has been called the Great Trans-Arctic Biotic Interchange (Briggs, 1995). Its biogeographical consequences have been evaluated, with an emphasis on the molluscan faunas, by Vermeij (1991). He identified 295 molluscan species that either took part in the interchange or had descended from taxa that did. Of these, 261 were determined to be of Pacific origin compared with thirty-four of Arctic–Atlantic origin. This gives a ratio of almost 8 : 1 in favour of the Pacific. The modern molluscan species diversity in the North Pacific is approximately twice as great as that of the Arctic–Atlantic. Although many of the molluscan species seemed to have had early Pleistocene origins, Vermeij determined that the vast majority arose by anagenesis (without lineage splitting) so that it was reasonable to suppose that there has been little diversification since the early Pliocene. This means that the asymmetry of the invasions cannot be accounted for by the 2 : 1 ratio in species diversity. There are two viable hypotheses that might account for the predominate success of the invaders from the Pacific: (1) the Pacific species, having come from a more diverse ecosystem, are competitively superior, or (2) an extinction event eliminated much of the Arctic–Atlantic fauna so that it was easy for the Pacific species to occupy the vacated niches. Vermeij (1991) emphasized the importance of the latter cause which he called an 'Hypothesis of Ecological Opportunity'. This is the same idea as 'Incumbent Replacement Model' presented by Rosenzweig & McCord (1991). Both are dependent on extinction to free ecological niches so that they be occupied by an replacement occurs the of extinctions. At the of the great interchange c. 3.5+ Ma, the Arctic Ocean was and boreal (cold-temperate) still (Golikov & Scarlato, 1989). The of the c. Ma the system and the of on the northern 1989). (1994) that a major of northern hemisphere took place between and Ma. As a most of the boreal species were eliminated and the modern Arctic fauna began to Once the colder temperature of the Arctic waters by boreal species, with the of some This means that Atlantic boreal species of Pacific origin were in place at several to the cooling it is not to the success of the Pacific invaders to an extinction in the Arctic–North Atlantic. It is more that the Pacific species, the of a more highly diverse ecosystem, were the The not have been but could have involved such as or to or One must in that some invading species by This is to species that have so that the they occupy is to the that the not with a species. may be when an in an area with a more diverse It might the success of the thirty-four molluscan species that dispersed from the Arctic–Atlantic to the North Pacific. Although the molluscan are the as a of the analysis by Vermeij almost all groups of North Atlantic and fishes some species of North Pacific Among the fishes, the families Liparididae, and probably originated in the North Pacific but, the one or more species to the North Atlantic. The family on the other in the North Atlantic and two species to the North Pacific. Among the marine fur seals and of the family and the of the family originated in the North Pacific, the seals of the Phocidae are of origin (Carroll, the the red (van Oppen et al., and the genus & 1988) originated in the North Pacific, then spread to the North Atlantic. indicates that the invaders in the Atlantic have generally than species with Atlantic The apparent evolutionary consequences are of Of the species that into the Atlantic, are In the Pacific are This indicates a of for the 3.5 Myr. Vermeij that marine organisms appears to be much less than by evolutionary However, there is a in species between cold-temperate and tropical from of the biota on each of the where the has been in effect for c. indicate an high of speciation. fossils have that c. of early Pliocene boreal species in the North Pacific have become but in the boreal North Atlantic more than of the early Pliocene species have been 1989). with northern hemisphere are generally recognized as the probable Vermeij has that cooling not the North Atlantic were so much and that in must have a But there are the North Atlantic, more temperature declines than the North Pacific. The North Atlantic is a ocean with a and it is wide to the of ice from the Arctic The North Pacific is from ice and by the Bering land that has been in place important effect of the cooling of the northern was the of the boreal have noted to the first Pliocene cooling c. Ma, a boreal biota existed throughout the North Pacific and the Arctic–North Atlantic. with the of some wide ranging were by the temperature from the Arctic Ocean as well as from the northern parts of the Pacific and the Atlantic. A was the of a new Arctic Biogeographical In the Atlantic, an Arctic biota now extends southward to the Strait of in the west and to the at the of the in the are all of the waters and the northern half of In the Pacific, an Arctic biota extends southward to in the west and Island in the In each these southern that the Pliocene boreal regions were into one to the and the other to the boreal species were no to and distributions and evolutionary change began to place in each This is are now to a boreal region on each of each ocean in of its endemic species. has been in the genetic by some of the invaders from the North Pacific to the North Atlantic. groups have been recognized & One group had apparently invaded c. 3.5+ Ma, then on each of the boreal Atlantic, but group of early invaders had not on each A group evidence of a very recent a apparently made two one early and the other boreal species should not be to through the Arctic Region but there is a minor group of species. The and groups identified probably of such species. Although the biota of the Arctic Region owes most of its origin to the boreal North Pacific and North Atlantic, it has an amount of of the species are endemic of the bivalves & and of the gastropods 1989). Among the whales, there are two genera that belong to the family are the and the The is strictly Arctic the southward into the northern parts of the cold-temperate North Pacific and North Atlantic (Jefferson et al., 1993). In the Antarctic Region many more endemic species and numerous endemic The are to the 25 Myr history of the cold Antarctic biota as to less than Myr for the Arctic. In addition to having a great on the biota of the Arctic and the North Atlantic, the North Pacific also had on the southern the Antarctic and the deep The cold-temperate waters of the North Pacific from the Arctic in the Bering Sea to southern on the coast and to and northern on the west coast. That area may be into two regions and five (Briggs, 1995). The rich marine biota of the North Pacific probably a of c. 40 Myr. In an evolutionary this biota was an from warm-temperate and tropical species that to to the colder Its high of species compared with that of the North Atlantic, is the of its and more temperature It has a and the it was from the of the Arctic Ocean by the Bering land The North Pacific has a variety of organisms to the cold-temperate southern hemisphere. The took place via isothermic whereby the species could a suitable temperature by moving the at great Most cases of isothermic involved that have become separated long to become at the species or For example, the fish genus is diverse in the North Pacific, represented there by almost species. This genus is represented along the the Islands, and the tip of South & A recent has determined that a of three species may now be recognized et al., three apparently from a that took place through the Pacific the As noted in the Antarctic two other fish families of North Pacific origin are represented by numerous species the Antarctic the Liparididae and the Both are capable of deep water and probably using isothermic submergence. The Liparididae has an history that has been by The shallow water liparidids of the North Atlantic reached that area the However, of the genus Paraliparis, a deep water group, made their way to the Antarctic along the west coast of the From the Antarctic, the genus dispersed northward along the and to the Arctic As a the fauna of the Arctic–North Atlantic owes its origin to two groups, the shallow water genera come through the Arctic Ocean the deep water all the way to the Antarctic via the then reached the Arctic via the Atlantic. The Zoarcidae probably made its way south in the same as It has in Antarctic and Sub-Antarctic waters (Anderson, 1988). A tropical route has been for the fish family The southern hemisphere species of this family belong to a genus the family itself is of North Pacific origin. It has been determined that is most to a species (Nelson, with that the route was probably from southward by way of the New and the New The large or of the belong to four families, all of them found in the North Pacific. of the families are large and each of these has in the southern & that the centre of origin for the was in the North Pacific and that the southern species must have reached their present via of the southern species belong to the genus This genus also in the North Atlantic and has been taken in deep water its route south may have been through the Atlantic However, two other southern genera and not exist in the North A",2003,https://doi.org/10.1046/j.1365-2699.2003.00810.x,article,NA,John C. Briggs,Cephalopods and Marine Biology; Paleontology and Stratigraphy of Fossils; Marine Biology and Ecology Research,"Ecology, Evolution, Behavior and Systematics; Paleontology; Oceanography",NA,323,162
The 2005 Galápagos humpback whale expedition: a first attempt to assess and characterise the population in the Archipelago,"It has been known for some time that humpback whales (Megaptera novaeangliae) occur in waters of the Galápagos Islands, an oceanic archipelagolocated 1,000km west of Ecuador, South America (1°S, 91°W), but their presence there has been poorly documented. Although presumed, nolinkage has been established between Galápagos and southeast Pacific humpback whales (Breeding Stock G), the nearest breeding stock. Anexpedition to Galápagos was carried out between 31 August and 10 September 2005 to document the presence of humpback whales, their distribution,and their relationship to other stocks in the Pacific. Surveys covered 722km of the central and southern parts of the archipelago. Only one adultwith a newborn calf was found at Santa Fé Island (0°47’S, 90°05.1’W), yielding an encounter rate of 0.27 whales per 100km of survey. A hydrophonewith a response frequency range of 0.25–25kHz was dropped 25 times, but no whale sounds were heard. A skin sample was obtained by darting ofthe adult at Santa Fé, and was used for genetic analysis of the mtDNA control region. The haplotype of the Galápagos specimen has been found ina few individuals sampled previously off Colombia, Ecuador and the Antarctic Peninsula, thus establishing at least some degree of relatedness withBreeding Stock G. The observations, combined with a compilation of historical and recent sighting information in the archipelago, support the ideathat Galápagos is a breeding area for the species. Further studies are needed to establish the level of discreteness, size and other basic aspects of theGalápagos humpback whale population.",2020,https://doi.org/10.47536/jcrm.vi.304,article,https://journal.iwc.int/index.php/jcrm/article/download/304/71,Fernando Félix; Daniel M. Palacios; Sandie Salazar; Susana Caballero; Ben Haase; Jéssica Falconí,Marine animal studies overview; Marine and coastal plant biology; Underwater Acoustics Research,Ecology; Oceanography; Oceanography,https://journal.iwc.int/index.php/jcrm/article/download/304/71,5,163
"Mobilization of persistent organic pollutants in humpback whales: Insights from feeding areas in the Antarctic peninsula and Strait of Magellan to migration, breeding, and calving grounds along the Brazilian coast",NA,2023,https://doi.org/10.1016/j.marpolbul.2023.115448,article,NA,Josilene da Silva; Satie Taniguchi; Fernanda Imperatrice Colabuono; Juliana Leonel; Luciano Dalla Rosa; Eduardo R. Secchi; João Carlos Gomes Borges; Salvatore Siciliano; Jorge Acevedo; Anelio Aguayo‐Lobo; Paula Baldassin; Rosalinda Carmela Montone; Rafael André Lourenço,Toxic Organic Pollutants Impact; Marine animal studies overview; Per- and polyfluoroalkyl substances research,"Health, Toxicology and Mutagenesis; Ecology; Environmental Chemistry",NA,5,164
Changes in size of the Hope Bay Adélie penguin rookery as inferred from Lake Boeckella sediment,"Concentrations of phosphorus and copper in the sediments of Lake Boeckella (Antarctic peninsula) were used to provide an estimate of the size of the Adélie penguin rookery Pygocetis adeliae Based on dated subsamples from a sediment core, I conclude that penguins have been present in Hope Bay since 5550 BP, with the exception of a short penod around 5300 BP Their influence on the lake sediment reached a maximum at c 40 BP and has drastically declined since then The rookery started to grow between 850 and 1250 BP due to a climate deterioration The increased amount of food (mainly krill), caused by extensive fur seal hunting in the nineteenth century was probably not enough to affect rookery growth However, the drastic decline m whale stock in the 1930's and 1940's and the subsequent increase m krill abundance may have enhanced rookery growth The increasing disturbance by man in Hope Bay seems only to have changed the shape of the rookery and the penguins paths to the sea, but not to have stopped the growth of the rookery",1994,https://doi.org/10.1111/j.1600-0587.1994.tb00106.x,article,NA,Rolf Zale,Marine animal studies overview; Polar Research and Ecology; Avian ecology and behavior,Ecology; Ecology; Ecology,NA,45,165
Intra- season variations in distribution and abundance of humpback whales in the West Antarctic Peninsula using cruise vessels as opportunistic platforms,"The peer reviewed publication of the use of IAATO Expedition vessels as platforms of opportunity, from which distance sampling of cetaceans were conducted along the western Antarctic Peninsula. The raster datasets developed through the publication are also included (""Cruise 1 through Cruise 3.grd""). There are raw datasets in two formats: 1) Raw (MS Access) IFAW Logger2010 tables (http://www.marineconservationresearch.co.uk/downloads/logger-2000-rainbowclick-software-downloads/) and 2) .RData objects preprocessed by the R package LoggeR (https://github.com/embiuw/LoggeR), for distance sampling of marine mammals and seabirds from two ships of opportunity along the Western Antarctic Peninsula, Drake Passage and Scotia Sea during the 2018 - 2019 austral summer. The ships were the MS Fram and MS Midnatsol of the Hurtigruten fleet, with data collected from the start of December 2019 until late January 2020.",2022,https://doi.org/10.5281/zenodo.3784915,dataset,https://doi.org/10.5281/zenodo.3784915,"Andy Lowther; Martin Biuw; Ulf Lindstrøm; Victoria Olus; John Elling Deehr Johannessen; Gkikopoulou, Kalliopi C.; Oosthuizen, Wessel Chris; Lowther, Andy",Marine animal studies overview; Cryospheric studies and observations; Arctic and Antarctic ice dynamics,Ecology; Atmospheric Science; Atmospheric Science,NA,0,166
Krill and the Antarctic : finding the balance,"The Commission for the Conservation of Antarctic Marine Living Resources (CCAMLR) has a mandate to manage Southern Ocean resources using an ecosystem approach. In accordance with this, ecosystem models of the South Orkneys/South Georgia region (FAO Subareas 48.2 and 48.3, respectively) were constructed using the modelling software Ecopath with Ecosim. A model representing the region in the 1990s was used to assess the possible effects that an increased fishery for krill (Euphausia superbd) might have on the ecosystem. The model predicted that the expanded fishery could cause small declines in the biomass of several top predators (&lt;10%), such as Antarctic fur seals and baleen whales, and that bycatch in the krill trawl fishery could reduce some fish populations by almost 35%. Incorporating the natural annual variation in krill biomass into the model showed that predator populations could be negatively affected by years of low krill abundance, which would be further exacerbated by an increased krill fishery. The model also indicated that the traditional concept of the simple Southern Ocean food chain (i.e., primary production, krill, top predator) should be re-evaluated to consider other important intermediary species groups, such as fish and squid. Models representing the region in the past (pre-exploitation, 1900s and 1960s) were used to assess the impacts of commercial sealing, whaling and fishing in the region. Simulations suggest that the increase in Antarctic fur seals since the 1950s was not due to decreased competition for food as a result of the whaling activities in the first half of the 1900s. However, whaling may have had a positive effect on fish population sizes, especially certain commercially important species. Removing large krill predators from the simulated ecosystem, such as birds and seals, did not result in an increase in whales. Removing certain fish groups, however, had more of an acceleratory effect on whale recovery. These findings emphasize the need for a better understanding of the relative roles of species in the Southern Ocean ecosystem, as well as the natural variability of krill abundance, if management issues in the Antarctic are to be resolved.",2009,https://doi.org/10.14288/1.0074873,article,https://doi.org/10.14288/1.0074873,Emma L. Bredesen,Marine and fisheries research; Marine animal studies overview; Coral and Marine Ecosystems Studies,Global and Planetary Change; Ecology; Ecology,NA,10,167
Migratory behaviour of humpback whales in the southeastern Pacific under climate change,NA,2025,https://doi.org/10.1038/s41598-025-87489-4,article,https://doi.org/10.1038/s41598-025-87489-4,Virginie Millien; Nicole Stafiej; Fernando Félix; Héctor M. Guzmán,Marine animal studies overview; Arctic and Antarctic ice dynamics; Marine and fisheries research,Ecology; Atmospheric Science; Global and Planetary Change,NA,4,168
"Physiography of the Orca Seamount in the Bransfield Strait, Antarctic Peninsula","Extract from related chapter 5.5.2 in reference: The Orca Seamount was discovered in the central basin of the Bransfield Strait around the posit 62°26'S and 58°24'W on the west side of the Antarctic Peninsula, the most western area of the south polar continent. Through the discovery was made known in 1987, it was only during three bathymetric surveys with high resolution fan echosounders between 1993 and 1995 that the character and complete shape of a remarkable volcano seamount became evident. The data acquisition and processing revealed a spectacular crater of 350 m depth. The relative hight of this 3 km wide ""caldera"" rim is 550 m with a basal diameter of the seamount cone of 11 km. Its flanks are about 15° steep but in some places the slope reaches up to 36°. The nearly circular shape of the Orca edifice spreads outh with several pronounced spurs, trending parallel to the basin axis in a northeast-southwest direction.The Bransfield Strait is a trough-shaped basin of 400 km length and 2 km depth between the South Shetland Island Arc and the Antarctic Peninsula, formed by rifting behind the islands. The separation of the South Shetland island chain from the peninsula began possibly several million years ago. The active rifting is still going on however, and has caused recent earthquakes and volcanism along the Bransfield Strait. The Strait hosts a chain of submerged seamounts of volcanic origin with the presently inactive Ora Seamount as the most spectacular one. The South Shelfand Island owe their existence to a subduction related volcanism which is perhaps 5-10 times older than the age of Orca and the other seamounts along the central basin of the Bransfield Strait.",2005,https://doi.org/10.1594/pangaea.341126,dataset,https://epic.awi.de/id/eprint/13106/1/Hat2005a.pdf,Jörn Hatzky,Geological Studies and Exploration; Geology and Paleoclimatology Research; Methane Hydrates and Related Phenomena,Geology; Atmospheric Science; Environmental Chemistry,https://epic.awi.de/id/eprint/13106/1/Hat2005a.pdf,1,169
Sighting surveys from a ship and a helicopter in the Weddell Sea in 2006/07 and 2008/09,"Helicopter and shipboard surveys were conducted for cetaceans in the Weddell Sea from the German research vessel ‘Polarstern’. The first survey in 2006/07 started south of South Africa, went to Neumayer Station in Atka Bay (70°29.6’ S/07°57.6’ W), crossed the Weddell Sea from Neumayer to south of Elephant Island and worked around the South Shetland Islands and east of the Antarctic Peninsula in front of former Larsen A and B glaciers. The second survey covered two transects: the first more westerly one started at 57°09.3’ S/00°39.1’ E and went to Atka Bay (70°29.6’ S/07°57.6’ W) whereas the second (return leg) followed a more easterly course from Atka Bay over Maud Rise to 57°03.1’ S/12° 27.5’ W. No observations could be conducted from 63 to 57°S on the return cruise due to fog (visibility <200 m) and swell. Standard line transect survey protocols were followed while the helicopter and the ship followed track lines that could not be designed (i.e. fully randomized) in advance due to unpredictability of the ice conditions and the need to meet several objectives simultaneously. Helicopter track lines covered a total of 13 124 and, 13 417 km in 2006 and 2008 respectively while the ship survey covered 1 171 and 2 011 km respectively. We were particularly interested in the distribution and abundance of Antarctic minke whales in the pack-ice. Minke whales were primarily seen in the ice. Killer and southern bottlenose whales were also seen in the ice while all baleen whales other than minke whales, and sperm whales were only observed in open water. Humpback whales were the most frequently sighted species on the shipboard survey in 2006/07 and the helicopter survey in 2008/09. Environmental information, including proportion ice coverage, was collected continuously. One striking finding from this summary was a much higher encounter rate for all cetaceans from the ship than from the helicopter. This difference could be explained by observers on the helicopter missing more animals on the track line than those from the ship (i.e. g (0) <1); it could equally be explained if whales, were drawn to leads created while RV ‘Polarstern’ broke the ice. This discrepancy warrants closer attention",2010,NA,article,https://research.wur.nl/en/publications/sighting-surveys-from-a-ship-and-a-helicopter-in-the-weddell-sea-,Karl‐Hermann Kock; Helena Herr; Meike Scheidat; S. Braeger; Kerstin Lehnert; Linn Sophia Lehnert; J.P. Verdaat; Rob Williams; Ursula Siebert; Olaf Boebel,Arctic and Antarctic ice dynamics; Marine animal studies overview; Cryospheric studies and observations,Atmospheric Science; Ecology; Atmospheric Science,NA,1,170
Satellite tracking Antarctic minke whales (Balaenoptera bonaerensis) in a dynamic sea ice habitat along the Western Antarctic Peninsula,"The Southern Ocean and Western Antarctic Peninsula (WAP) are an ecologically vital polar marine habitat supporting rich stocks of plankton, krill, and top predators. Abiotic factors such as sea ice dynamics, sea surface temperature, and bathymetry are key predictors of the spatial distribution of plankton blooms and therefore greatly affect krill and baleen whale populations. This study aims to understand the habitat preference of Antarctic minke whales (Balaenoptera bonaerensis) with respect to sea ice dynamics and other abiotic factors around the WAP. Ship- and aerial-based surveys have suggested this mesopredator exhibits a pagophilic nature, and we provide the first satellite tag-based habitat analysis that confirms this hypothesis. As a relatively small baleen whale species, the Antarctic minke whale is well suited to life in the pack ice where larger cetacean species are unable to maneuver or hunt as successfully. Daily movements were recorded with ARGOS satellite tags and behavioral states were described using the Multi-Scale Straightness Index. Generalized additive models (GAMs) elucidated ecological relationships between the whales and the environment. The GAMs demonstrated a strong preference for sea ice habitat, where the minke whales preferred to forage close to the sea ice edge as well as within the dense pack ice. The GAMs also indicated individual preferences with respect to sea surface temperature and bathymetry, demonstrating the importance of these variables in locating dense prey aggregations. The coupled relationship between minke whales, krill, and sea ice suggests that these whales will be sensitive to changes in sea ice concentration, extent, and duration, making them particularly vulnerable to climate change. Results from this analysis will therefore be beneficial for conservation and future research.",2025,https://doi.org/10.58088/4rqx-2a86,dissertation,http://udspace.udel.edu/handle/19716/21467,Jessica F. Lee,Marine animal studies overview; Arctic and Antarctic ice dynamics; Cryospheric studies and observations,Ecology; Atmospheric Science; Atmospheric Science,http://udspace.udel.edu/handle/19716/21467,1,171
Predicted habitat and areas of ecological significance shifts of top predators in the South Shetland Islands under climate changes,"The South Shetland Islands, a critical area for primary productivity within the Southern Ocean, are significantly affected by global climate change. Seabirds and marine mammals, highly sensitive to ecological changes, are considered sentinel species within the ecosystem. Monitoring top predators and identifying Areas of Ecological Significance (AES) are essential for enhancing biodiversity conservation effectiveness and addressing future climate changes. This study employed the MaxEnt model and Zonation method to predict the distribution of suitable habitats and AES for 14 top predators in the South Shetland Islands under current and future climate scenarios. Key findings include: 1) The spatial distribution of top predators in the South Shetland Islands is predominantly influenced by bathymetry, mixed layer thickness (Mlotst), and sea ice concentration (SIC). 2) The highly suitable habitats for the Gentoo Penguin ( Pygoscelis papua ), Humpback Whale ( Megaptera novaeangliae ), and Light-mantled Albatross ( Phoebetria palpebrata ) are expected to decrease under various future scenarios. 3) The AES in the South Shetland Islands are predominantly concentrated along the southern coastal areas. 4) The AES on the western side of the islands are projected to undergo significant fluctuations, while those on the eastern side are likely to exhibit minor changes, with the central area remaining relatively stable.",2025,https://doi.org/10.3389/fmars.2025.1554232,article,https://www.frontiersin.org/journals/marine-science/articles/10.3389/fmars.2025.1554232/pdf,Yufei Dai; Denghui Yan; Yu Liu; Mingding Zhong; Minhao Gao; Hao Cheng; Wenhong Deng; Fuxing Wu,Species Distribution and Climate Change; Isotope Analysis in Ecology; Marine and fisheries research,Ecological Modeling; Ecology; Global and Planetary Change,https://www.frontiersin.org/journals/marine-science/articles/10.3389/fmars.2025.1554232/pdf,1,172
"In-situ observations of an intact natural whale fall in Palmer deep, Western Antarctic Peninsula","Abstract Whale carcasses on the seafloor support unique, ephemeral communities of organisms, and ‘natural’ whale fall sites are infrequently encountered, especially in polar regions. During a manned submersible dive in early 2017, we discovered the skeleton of an Antarctic minke whale ( Balaenoptera bonaerensis ) at 963 m in Palmer Deep, in the Western Antarctic Peninsula. The site was filmed in HD for approximately two hours, enabling visual identification of representatives from at least eight phyla, although physical sampling was not possible. The remains appeared to be in the late ‘enrichment–opportunistic’ phase (although some mobile scavengers were still present and some sulfonic activity had already commenced), with polychaetes of the order Aciculata, and family Ampharetidae, plus several amphipod species, most abundant. Novel eusirid amphipod and rhodaliid siphonophore taxa were also present. The observed faunal distribution suggests patterns consistent with reports from other Antarctic whale falls (both experimental and natural). This discovery represents the highest-latitude natural whale fall reported to date.",2023,https://doi.org/10.1007/s00300-022-03109-1,article,https://link.springer.com/content/pdf/10.1007/s00300-022-03109-1.pdf,Kathrin S. R. Bolstad; Margaret O. Amsler; C. De Broyer; Makoto Komoda; H. Iwasaki,Marine Biology and Ecology Research; Coral and Marine Ecosystems Studies; Marine animal studies overview,Oceanography; Ecology; Ecology,https://link.springer.com/content/pdf/10.1007/s00300-022-03109-1.pdf,5,173
New sightings of the Southern right whales in West Antarctic Peninsula waters,"Southern right whales (SRW) in the southwest Atlantic are recognized as slowly recovering after the massive population decline induced by harvesting. SRWs spend summer months in high-latitude feeding grounds and migrate to mid-latitude wintering grounds in autumn, where breeding occurs. Only a few sightings are known for the Antarctic waters as far south as 64° S. The West Antarctic Peninsula is a biologically productive area experiencing marine ecosystem transformations caused by climate changing at one of the fastest rates on Earth. The continental shelf of this region is important for krill stocks — a key prey source for SRW. The purpose of the present study was to reveal the austral summer and autumn presence of the SRWs in the waters of the West Antarctic Peninsula. In May—June 2009, vessel observations were made during a National Science Foundation research cruise. In March 2014, opportunistic surveys were conducted by researchers using the tour vessel as a platform of opportunity. During late March and April of 2018, January — July 2019 and March — April 2020, regular boat-based observations and vessel surveys were conducted in frames of the XXIII and XXIV Ukrainian Antarctic Expeditions, based at the Ukrainian Antarctic Akademik Vernadsky station. In our study we discuss four sightings of SRWs occurred at south of 64° S (2), and 65° S (2). On May 7, 2009, a single adult foraging SRW was sighted in Wilhelmina Bay. On March 22, 2014, an adult SRW was resting with two adult humpback whales in the northern part of the Lemaire Channel. On April 7, 2018, one SRW was sighted in a group with four humpback whales, and intensive interspecies social interactions happened. The last encounter of the SRW happened on April 24, 2020, in Gerlache Strait, near the southeastern coast of the Brabant Island — a single adult right whale was noticed while travelling. Results of our study indicate the autumn presence of some SRWs in the West Antarctic Peninsula waters — on the edge of the southern limit of known distribution for the species.",2022,https://doi.org/10.33275/1727-7485.1.2022.693,article,http://uaj.uac.gov.ua/index.php/uaj/article/download/698/608,O. Savenko; Ari S. Friedlaender,Marine animal studies overview; Arctic and Antarctic ice dynamics; Arctic and Russian Policy Studies,Ecology; Atmospheric Science; Sociology and Political Science,http://uaj.uac.gov.ua/index.php/uaj/article/download/698/608,4,174
In‐situ observations of the sensory hairs of Antarctic minke whales (<scp><i>Balaenoptera bonaerensis</i></scp>),"Abstract The sense of touch in the largest marine mammals is poorly understood. While mysticetes possess specialized sensory hairs that are present through adulthood, descriptions of these structures are based almost entirely on examination of tissues in post‐mortem individuals. Sensory hairs have rarely been observed and described in living whales. We photographed Antarctic minke whales Balaenoptera bonaerensis in the Western Antarctic Peninsula and used high‐resolution images to describe the number, distribution, orientation, and relative size of sensory hairs in freely swimming individuals. Sensory hairs were well developed. They were distributed on the tip of the lower jaw, the margins of the upper and lower jaw, and near the blowhole. Far fewer hairs were observed than reported for other mysticete species, including the related species Balaenoptera acutorostrata . Placement and apparent stiffness of sensory hairs within living tissue combined with observations and images of moving whales suggest these structures aid in detecting air and ice interfaces, and possibly, the boundaries of submerged prey fields.",2021,https://doi.org/10.1002/ar.24720,article,https://onlinelibrary.wiley.com/doi/pdfdirect/10.1002/ar.24720,Colleen Reichmuth; Caroline Casey; Ari S. Friedlaender,Marine animal studies overview; Cephalopods and Marine Biology; Animal Vocal Communication and Behavior,"Ecology; Ecology, Evolution, Behavior and Systematics; Developmental Biology",https://onlinelibrary.wiley.com/doi/pdfdirect/10.1002/ar.24720,5,175
"Preliminary Results from a Marine Geophysics Survey of Orca Volcano in the Bransfield Strait, Antarctica",NA,2019,NA,article,NA,D. C. Soule; Javier Almendros; William S. D. Wilcock; Teresa Teixidó; Luis Vizcaino; D. Martin-Jimenez,Methane Hydrates and Related Phenomena; Geology and Paleoclimatology Research,Environmental Chemistry; Atmospheric Science,NA,0,176
"Apparent digestibility of selected feed ingredients for humpback grouper, Cromileptes altivelis",NA,2003,https://doi.org/10.1016/s0044-8486(02)00463-5,article,NA,Asda Laining; Rachman Syah; Taufik Ahmad; Kevin C. Williams,Aquaculture Nutrition and Growth; Aquatic life and conservation; Fish Biology and Ecology Studies,Aquatic Science; Aquatic Science; Aquatic Science,NA,66,177
Photographic evidence of interchange between East Australia (BS E-1) and West Australia (BS-D) humpback whale breeding populations,"Documentation of humpback whale movements between east and west Australian breeding grounds have been restricted to limited historical data from ‘Discovery’ marks, and implied from song analysis and molecular data. We report on the first inter-ocean movement of a humpback whale between the Pacific Ocean, east Australia (BS-E1) and the Indian Ocean, west Australia (BS-D) confirmed by photo-ID. A single humpback whale from BS-E1 (1987) was re-sighted to BS-D (1995) breeding grounds. The identification photographs of this single whale were then compared to fifteen fluke ID catalogues containing 15,011 fluke identifications (not reconciled for duplications between catalogues) collected from 1981 - 2011, and one catalogue containing 3,555 left and 3,572 right lateral body images collected from 1990 – 2010. Catalogues searched represent individual humpback whale fluke IDs from Breeding Stocks A, B, B1, B2, C1, C2, C3, D, E1, E2, E3, F, F2, G; New Zealand (migratory corridor); and feeding areas of Antarctic Peninsula, Areas I-VI and Chile, and lateral body IDs from BS-D. This re-sight record across breeding stocks provides further evidence of longitudinal movement of humpback whales in the southern hemisphere and highlights the value of both opportunistic data collection and the importance of comparing identified individuals among catalogue holders working in adjacent and non-adjacent breeding regions.",2011,NA,report,NA,"Gregory D. Kaufman; Douglas Coughran; Allen, Judy M; Daniel Burns; Chris Burton; Christina J. Castro; Simon Childerhouse; Rochelle Constantine; Trish Franklin; Wally Franklin; Paul H. Forestell; Gales, Rosemary; Anne W. Goldizen; Nadine Gibbs; Jenner, Curt; David Paton; Michael J. Noad; Jooke Robbins; Elisabeth Slooten; Smith, Franz; Stevick, Peter","Hermeneutics and Narrative Identity; Aging, Elder Care, and Social Issues; Health, Medicine and Society",Philosophy; General Health Professions; General Health Professions,NA,6,178
"Ecosistema marino del estrecho de Bransfield, bahía Almirantazgo y alrededores de las islas Joinville y Elefante. ANTAR XXII, 2014","In the austral summer 2014, the Instituto del Mar del Peru developed the scientific XXII Peru Campaign to Antarctica, XXII ANTAR, aboard the BIC Humboldt. The results of research on the Antarctic marine ecosystem disclose the interrelationships between Antarctic krill (Euphausia superba), wildlife and accompanying flora, predators and oceanographic conditions prevailing in the middle. The sea surface temperature varied between -1.5 and 1.6 °C, associated with cold waters of the Weddell Sea, oxygen ranged between 5.3 and 8.24 mL/L. The phytoplankton community was composed of diatoms (i) central: Corethron criophilum, Proboscia alata and Rhyzosolenia styliformis; (ii) pennatales, with more frequent genres like Fragilaria sp., Fragilariopsis sp., Navicula sp. and Pseudo-nitzschia. The most important species of copepods zooplankton community were Calanoides acutus, Metridia gerlachei and Rhincalanus gigas, the quetognato Sagitta sp. and euphausiid Thysanoessa macrura. The pelagic community was dominated by krill E. superba (94.7%), followed by Salpa thompsoni (3.6%), and scyphozoas jellyfish Desmonema sp. and Peryphylla peryphylla (1.34%). Catching fish and ice lantern fish belonging to the families Channichthyidae, Paralepididae and Myctophidae was recorded. Antarctic marine biodiversity verified at depths between 90 and 161 m, was composed of 65 species belonging to 9 taxonomic groups. The dominant species in terms of relative abundance were: Asteroidea (Labidiaster annulatus, Pomachocrinus kerguelensis, Ophiuroidea 1), Teleostei (Notothenia gibberifrons, Chionodraco rastrospinosus and Chaenocephalus aceratus), Tunicata (Styela rotunda), Polychaeta (Phyllodocidae) Porifera (Sponge) Nudibranchia (Doris sp.), Cephalopoda (Paraledone sp., Eledone sp.), Cnidara (gorgonians) and Isopoda (Natatolona sp.). 25 species of seabirds belonging to 3 orders and 8 families were recorded, the most abundant species petrel (Daption capense), followed by petrel silver (Fulmarus glacialoides) and chinstrap (Pygoscelis antarctica) and 7 species marine mammals, belonging to 2 orders and 3 families, represented by observations of cetaceans (75.96%) and pinnipeds (24.04%). Among the cetaceans, they highlighted the humpback whale Megaptera novaeangliae, the fin whale Balaenoptera physalus, B. borealis and B. bonaerensis. Among the pinnipeds, Arctocephalus gazella was the most prevalent species. Wide distribution of krill in the study area were recorded, the largest acoustic densities (>1000 m/mn²) were observed around the Elephant and Joinville Islands; while lower acoustic densities (250-1000 m²/mn²) was recorded in the Bransfield Strait. One hydroacoustic biomass krill 7’330,574 t and 2’926,906 t by methods reflectivity (White Strength, TS) Stochastic Approximation Distorted Wave (SDWBA) and Greene, respectively estimated. These results were obtained greater than 2013 (876.367 t SDWBA method), mainly due to higher assessed area (Antar XXII, 21,071 nm2, 2014) compared to the previous season (Antar XXI, 8,040 nm2, 2013). The estimated around Elephant Island (4’569,039 t) biomass accounted for 62.3% of all existing biomass in the study area. High values of concentrations of Aromatic Hydrocarbons Total (HAT) and mercury in seawater in different areas Bransfield Strait, around Deception Island, south of Elephant Island and Admiralty Bay were recorded. High concentrations of mercury in samples of muscle tissue of fish N. gibberifrons (0.18 and 0.36 mg/kg) were observed.",2016,NA,article,NA,Marco Espino Sánchez; Patricia Ayón Dejo; Rodolfo Cornejo Urbina; Julio Alarcón Vélez; Luis Vásquez Espinoza; Javier Quiñones Dávila; Flor Chang; Elisa Goya Sueyoshi; Piero Villegas Apaza; Federico Velazco Castillo; Luis Quipuzcoa Olguín; David Castillo Cruz; Roberto Quesquén Liza; Sofía Rivadeneyra Villafuerte; Jonathan Correa Acosta,Cephalopods and Marine Biology; Marine Biology and Ecology Research; Space Exploration and Technology,"Ecology, Evolution, Behavior and Systematics; Oceanography; Aerospace Engineering",NA,1,179
"Intra-seasonal variation in feeding rates and diel foraging behavior in a seasonally fasting mammal, the humpback whale (Megaptera novaeangliae)","Southern hemisphere humpbacks whales are seasonally fasting mammals who concentrate foraging in summer when Southern Ocean waters are most productive, coincident when their primary prey, the Antarctic krill, are most accessible. To accumulate blubber energy stores necessary to fuel energetically costly migrations and breeding events during the winter fasting period, humpbacks optimize foraging behaviors to exploit the ephemeral distribution and behavior of their prey. While humpback foraging in fall, prior to a northward migration, is well described, foraging upon arrival to the foraging grounds in summer is poorly understood. Between 2010-2019 we deployed suction cup attached biologgers onto 83 adult humpbacks along the Western Antarctic Peninsula throughout the austral summer and early fall. Tags remained attached for 18 hours on average, recording high resolution motion, depth and audio of the animal. Using idiosyncratic motion signals, we manually detected feeding lunges for each deployment, yielding 33,246 total detected lunge events between depths of 0 – 461 meters. Our results did not support previous hypotheses of increased humpback foraging from summer to fall along the WAP, conversely, we found a 51% reduction in daily feeding rates over the same period. There was nearly continuous daylight during the early summer period where whales fed during all hours of the day, this changed such that foraging occurred mostly during nighttime hours in the fall. Changes in lunge depths observed over the season indicate that humpbacks track the diel vertical migrations of krill that appear to change over the foraging season. Our results provide novel information on seasonal changes in foraging behavior of humpback whales and demonstrate that these animals, contrary to nearly all other animals that seasonally fast, likely maximize their food intake immediately upon exiting the fasting period. More direct information on krill densities concurrent to whale foraging would allow quantification of food intake to better test this hypothesis.",2020,NA,article,https://escholarship.org/uc/item/5xz3p8mp,Ross Nichols,Marine animal studies overview; Arctic and Antarctic ice dynamics; Ocean Acidification Effects and Responses,Ecology; Atmospheric Science; Oceanography,https://escholarship.org/uc/item/5xz3p8mp,2,180
Mapping encounters between Antarctic krill fishing vessels and air-breathing krill predators using acoustic data from the fishery,"Antarctic krill is a keystone species in the Antarctic marine ecosystem and the target of a growing fishery. Given the ecological importance of krill, concerns have been raised about potential negative impacts of fishing on the Southern Ocean ecosystem. Resource-efficient approaches to fisheries monitoring are particularly valuable in this context due to the high costs associated with data collection in Antarctica. In this study, we trained a segmentation model (U-Net) to extract dives of air-breathing krill predators from more than 30,000 h of active acoustic data collected by three krill fishing vessels over six years. We were able to characterize the temporal and spatial dynamics of predator-vessel co-occurrences, which aligned well with the findings from more costly tracking studies. For example, we found that encounters with whales consistently peaked in autumn around the Antarctic Peninsula, when whales are building up fat reserves for their migration to breeding grounds. We also demonstrated that protection measures, introduced to protect breeding penguins at the Antarctic Peninsula, have simply shifted penguin-vessel encounters to the South Orkney Islands, where the affected colonies are not currently monitored. Our approach, results, and application example demonstrate how acoustic data from fishing vessels can provide important information to support fisheries management. As a by-product of fishing operations, these data are cost-effective, offering unique temporal and spatial coverage and providing a useful basis for rapid, low-level assessments of the fishery’s interaction with the wider ecosystem. This is particularly important given the unpredictable dynamics of krill fishery management decision-making.",2025,https://doi.org/10.1073/pnas.2417203122,article,https://www.pnas.org/doi/pdf/10.1073/pnas.2417203122,Dominik Bahlburg; Sebastian Menze; Bjørn A. Krafft; Andy Lowther; Bettina Meyer,Marine animal studies overview; Marine and fisheries research; Coral and Marine Ecosystems Studies,Ecology; Global and Planetary Change; Ecology,https://www.pnas.org/doi/pdf/10.1073/pnas.2417203122,4,181
Occurrence of hourglass dolphin (Lagenorhynchus cruciger) and habitat characteristics along the Patagonian Shelf and the Atlantic Ocean sector of the Southern Ocean,NA,2012,https://doi.org/10.1007/s00300-012-1217-0,article,NA,Natalia A. Dellabianca; Gabriela Scioscia; Adrián Schiavini; Andrea Raya Rey,Marine animal studies overview; Marine and fisheries research; Arctic and Antarctic ice dynamics,Ecology; Global and Planetary Change; Atmospheric Science,NA,13,182
"Is there an active hydrothermal flux from the Orca seamount in the Bransfield Strait, Antarctica?","The rifting zone of Bransfield Strait, Antarctica, is tectonically and geologically unique. It is a back-arc basin that was opened by extensional forces associated to roll-back subduction after cessation of spreading activity of the Phoenix Ridge, and the transtension of the westward ending of Scotia-Antarctica Plate boundary. The Bransfield Rift/Ridge is still active generating volcanism or magma rise to force hydrothermal activity. During the ANT-XXV/4 cruise onboard R/V “Polarstern”, standard CTD and beam transmission measurements were done to determine temperature anomaly and turbidity. Water sampling was performed to determine δ3He and to find thermophilic microorganisms to examine the Orca seamount hydrothermal activity. A temperature anomaly of ~0.08 °C, a pick of turbidity, and high value of δ3He (&gt;10%) were found inside Orca seamount. Results are consistent with a hydrothermal flux coming from the seamount. The report of the first observation of thermophilic and hyperthermophilic microorganisms in cold deep Antarctic waters is part of this study. Inside Orca seamount these microorganisms were found at three different depth levels close to the bottom. We suggest that the fluid migration from the volcano resulted from recent magmatic activity and provided the required elemental nutrients for microbial growth. Besides some thermophiles were found outside the seamount in a small quantity close to the seafloor. These would probably be related to subsidiary structures of the Orca seamount, or were transported by currents from other active volcanic sites as Deception Island. The finding of these thermophilic and hyperthermophilic microorganisms raise questions about the dispersal and their resistance in these extreme environments.",2018,https://doi.org/10.5027/andgeov45n3-3086,article,http://www.andeangeology.cl/index.php/revista1/article/download/V45n3-3086/pdf,Cristián Rodrigo; Jenny M. Blamey; Oliver Huhn; Christine Provost,Methane Hydrates and Related Phenomena; Polar Research and Ecology; Geology and Paleoclimatology Research,Environmental Chemistry; Ecology; Atmospheric Science,http://www.andeangeology.cl/index.php/revista1/article/download/V45n3-3086/pdf,10,183
"Long-term seawater temperature records at Livingston and Deception Islands, Antarctica","This study investigates seawater temperature patterns on Livingston and Deception Islands in Antarctica, where LIVMAR and DECMAR oceanographic stations are located, respectively. The research spans the period from 2015 to 2024, focusing on seasonal variations, long-term trends, and differences between the two stations. Seawater temperature data were analysed over a ten-year period, allowing for the examination of seasonal cycles, temperature extremes, and anomalies. Particular attention was paid to identifying influences from local geophysical features such as volcanic activity and glacial melt. Over these ten years, minimum temperatures have decreased, with DECMAR notably failing to record temperatures below the freezing point during the last two winters. The analysis reveals pronounced seasonality in both locations, with higher temperature peaks during the austral summer. DECMAR consistently registers higher maximum temperatures compared to LIVMAR, attributed to the volcanic activity of Deception Island. This volcanic influence introduces thermal anomalies, delays in minimum temperature occurrence, and greater variability in summer signals due to increased subsurface water flow within the volcanic plumbing system. During the austral winters, the stations exhibit distinct patterns. LIVMAR shows earlier and more variable temperature drops, while DECMAR demonstrates shorter but more stable freezing periods. These differences may result from freshwater input from the Johnson Glacier, which modifies local freezing conditions at Livingston Island, combined with the geothermal influence of Deception Island. The study identifies an overall upward trend in seawater and air temperatures, aligning with global and regional climate change patterns. The reduction in the frequency of extreme low temperature events that occurred between 2020 and 2022 during the volcano-tectonic event in the Bransfield Strait due to the eruption of the Orca volcano highlights the environmental changes affecting the South Shetland Islands region. This work underscores the importance of local geophysical processes, such as volcanic activity and glacier melt, in the regional thermal dynamics. While the similarities between LIVMAR and DECMAR reflect overarching climatic drivers, the observed differences illustrate the complexity introduced by local factors.",2025,https://doi.org/10.3389/fmars.2025.1566852,article,https://www.frontiersin.org/journals/marine-science/articles/10.3389/fmars.2025.1566852/pdf,Olga Luengo-S; Belén Rosado; Vanessa Jiménez; Amós de Gil; Jesús Gómez-Enri; Miguel Bruno; Manuel Berrocoso,Cryospheric studies and observations; Arctic and Antarctic ice dynamics; Geology and Paleoclimatology Research,Atmospheric Science; Atmospheric Science; Atmospheric Science,https://www.frontiersin.org/journals/marine-science/articles/10.3389/fmars.2025.1566852/pdf,1,184
The most southerly occurrence of humpback whales in the western Weddell Sea,"Globally, warming oceans are causing marine species to shift poleward (Melbourne-Thomas et al., 2022). The Antarctic Peninsula is a global hotspot for human-induced warming (Jones et al., 2019; Turner et al., 2020), evidenced by lessening sea ice conditions (Kumar et al., 2021), warming oceans, and the collapse of ice shelves (Etourneau et al., 2019). Warming is influencing the spatiotemporal occurrence of prey species such as Antarctic krill (Euphausia superba; Kawaguchi & Nicol, 2020), which is, in turn, influencing the foraging behaviors and demographic success of some Southern Ocean predators, e.g., crabeater seals (Erignathus barbatus; Hückstädt et al., 2020). For highly mobile marine predators, such as baleen whales, which are free from range restrictions faced by central place foragers (Orians, 1979), foraging is thought to be directly dictated by finding and accessing profitable prey patches, likely driven by the underlying environmental conditions (e.g., sea ice and chlorophyll concentrations; Bedriñana-Romano et al., 2022; Meynecke et al., 2021; Reisinger et al., 2021). There is some recent evidence that humpback whale (Megaptera novaeangliae) foraging activities have shifted southward in response to record lows in sea-ice extent and presumably spatial shifts in krill populations (Atkinson et al., 2019; Bedriñana-Romano et al., 2022; Mori et al., 2019). Southern Ocean foraging humpback whales occur in high densities in coastal regions north of and/or in proximity (10s of km) of the ice edge (15% sea ice concentration), as well as select regions adjacent to sub-Antarctic islands (e.g., South Georgia; Baines et al., 2021; Bamford et al., 2022; Bedriñana-Romano et al., 2022; Herr et al., 2016; Reisinger et al., 2021; Riekkola et al., 2018; Thiele et al., 2004). The exception is in the Ross Sea (south of ≈70°S) where humpback whales are rarely sighted even in ice-free areas, despite supporting high densities of Antarctic minke whales (Balaenoptera bonaerensis; Ainley et al., 2017, 2020; Branch, 2011; Constantine et al., 2014; Murase et al., 2013; Riekkola et al., 2018). Given the similarity between the Ross and the Weddell Seas (Drucker et al., 2011), it could be assumed that humpback whales would also be excluded from the western Weddell Sea (WS) due to the cooler water temperatures and higher sea ice concentrations encountered there (Branch, 2011; Herr et al., 2019). Many records exist of humpback whale sightings in the northwestern WS dating back to the 1970s (Branch, 2011; Herr et al., 2016). However, deep penetration of humpback whales into the western WS, south of James Ross Island (64.32°S, 57.88°W) has to our knowledge never been reported. Here, we detail two new record-breaking sightings of humpback whales in the western WS. Both sightings were made from ice-breaker class tourist vessels, which were able to access southerly regions of the western WS during a summer with a new record low in sea ice extent (February 23, 2022; Raphael & Handcock, 2022) and the now regular breakup of the Larsen A & B ice shelves (Wang et al., 2022). During survey efforts, a single trained observer surveyed one side of the ship's track from 0° to 90° (from bow to starboard beam), while a second trained observer/data logger recorded sighting information, effort type, and environmental conditions, following a distance sampling methodology (Buckland et al., 2015). Alternative use of a two-person team was considered but observing a single 90° quadrant was deemed optimal (Henderson et al., 2023). Sightings were recorded by trained observers from an observation station on the bridge. Opportunistic sightings made by observers from the bridge were also documented. Opportunistic sightings are those recorded outside on the observational quadrat (one side of the ship's track from 0° to 90°), and/or outside of “on-effort” survey periods (e.g., when sighting conditions were poor, defined as, “when observers were unable to readily detect a minke whale at 1.5 nmi [2.8 km]”). The location of the sightings and survey effort data were plotted on a satellite image corresponding to the day the sightings were made to illustrate where data was collected and under what sea ice conditions (Figure 1). Satellite images were accessed at https://earthdata.nasa.gov/labs/worldview/. All data analysis and plotting were conducted in the scientific programming language R (R Core Team, 2021), using packages “tidyverse” (Wickham et al., 2019), “sf” (Pebesma, 2018), “ggplot2” (Wickham, 2011), “terrainr” (Mahoney et al., 2022), and “raadtools” (Sumner, 2023). The novel humpback whale sightings were made on December 8 at 1230 UTC (ship's position: 64.83°S, 59.15°W) and on January 26 at 0944 UTC (ship's position: 65.31°S, 58.98°W) 30 and 90 nmi (56 and 167 km) further south than any previously reported humpback whale sighting in the western WS (Figure 1). The December 8 (2021) sighting was made by a tour participant, while observers were not conducting survey effort (with photographic evidence; Figure S1), and the January 26, 2022, sighting was made by trained observers from the observation station before commencing active effort, at an estimated distance of approximately 1.1 nmi (2 km) from the observer to the whale. Observers recorded wind speed registering 1 on the Beaufort scale, “very good” observation conditions, and small to medium ice floes in the observation field. Slow-speed maneuvering around and ramming of sea ice prevented the commencement of active effort. Figure 1 details the sea ice conditions on the day each of these sightings was made, which also document the now regular breakup of the former Larsen A & B ice shelves (compare Figure 1a and b). Humpback whales respond to dynamic environmental features (Thiele et al., 2004) which likely drive preferred prey aggregations (Herr et al., 2016; Santora et al., 2010) and thus will likely be able to continue to respond to new extremes in sea ice conditions like the more regular opening of the western WS (Jena et al., 2022). Modeling of humpback whale habitat in the 2000s (Williams et al., 2006) and 1970–2010 (Reisinger et al., 2021) suggested very low densities of whales in the western WS, while habitat suitability models from a more recent humpback whale data sets (2005–2011) indicate favorable habitat conditions for humpback whales may exist in open waters in the western WS, south of those recorded here (Bombosch et al., 2014). In the Northern Hemisphere, humpback whales are responding to dramatic changes in Arctic sea ice conditions by accessing new and profitable foraging regions (Brower et al., 2018; Moore, 2016). While for other species (such as the bowhead whale (Balaena mysticetus) that depend on cool, ice-filled waters), the retraction of sea ice is potentially restricting profitable foraging regions (Chambault et al., 2018; Kovacs et al., 2020). Southern Hemisphere humpback whales continue to recover at a relatively high rates (Bortolotto et al., 2021; Zerbini et al., 2019) and now dominate sightings from scientific surveys of the southwest Atlantic (Baines et al., 2021). Successful foraging is likely a key driver of the recovery of Southern Hemisphere humpback whales, which may be aided by the poleward expansion of their foraging grounds as previously exclusive habitats (regions of the ocean that remain ice covered) become accessible. In contrast, the possible reduction in profitable sea ice habitat for Antarctic minke whales has been linked to a probable population decline in the Southern Ocean (Branch, 2006; Filun et al., 2020; Friedlaender et al., 2014). The western WS receives little survey effort from scientific research vessels, and consequently, the lack of recorded humpback whale sightings may be a product of a lack of survey effort rather than the species not being present. The Alfred Wegener Institute and other Polarstern-based voyages have completed helicopter- and ship-based sighting surveys in the western WS; however, these surveys only reported detections of Antarctic minke whales in this region (Herr et al., 2014, 2016, 2019; Kock et al., 2010; Scheidat et al., 2011). Few others have surveyed the western WS for the occurrence of cetaceans, noting the region's absence from broad-scale IWC-led Southern Ocean surveys of the 1970s, 1980s, 1990s, and early 2000s (Branch, 2011; Branch & Butterworth, 2001). Whaling records suggest very few humpback whales were caught in the western WS (Reisinger et al., 2021), potentially due to prohibitive sea-ice conditions and/or the vessel's ice-class (Ackley et al., 2003). However, the western WS is becoming a popular tourist destination, and citizen scientists onboard Antarctic tourist expedition vessels are increasingly reporting whale sightings in this region (Figure 2 and S2). The reporting of animal sightings of various species via online platforms by citizen scientists, guides, and scientists is a useful tool for tracking range shifts in marine species (Earp & Liconti, 2020). The western Antarctic Peninsula is a hotspot of sightings reported via the research collaboration and citizen science web platform, Happywhale.com (Cheeseman et al., 2021), with the rate of reported sightings (sightings reported/year) is increasing each year to a peak of 3,193 in 2020, including 2,585 humpback whale reports alone (Figure S2). Sighting rates have reduced significantly in this region during the COVID-19 pandemic (heavily impacted seasons, 2020/2021 and 2021/2022) but are likely to return to pre-pandemic levels in the coming years with tourist traffic returning (International Association of Antarctic Tour Operators, 2021). Most sightings reported to Happywhale were of humpback whales in the Bransfield and Gerlache Strait regions (Figure 2). The most southerly sighting previously reported to Happywhale in the western WS region was from the prepandemic 2019/2020 season, with several additional humpback whale sightings further south in 2022 (Figure 1). Tourists have reported sightings of other species farther south than the previous record for humpback whales, suggesting some level of “observer effort” by citizen scientists aboard tourist vessels in the western WS region. Whether these two new sightings are an example of a species extending south in response to a changing climate or due to a lack of survey effort masking a previously unknown foraging region for humpback whales is unclear. However, this work does highlight the potential for novel biological findings from tourist vessel-based cetacean surveys and engaged citizen scientists. Tourist platforms, especially when outfitted for structured survey effort, offer great potential for establishing baseline biological data in remote, highly data-limited marine regions (Henderson et al., 2023). Further work in the western WS is needed to uncover the response of key Southern Ocean predators to a changing climate as they continue to recover from past exploitation. We thank Ponant Expeditions and the crew and staff aboard M/V Le Commandant Charcot for their gracious support of this project. We are grateful to cruise participant Pascal Ronde for their opportunistic effort and permission to use the image in Figure S1, and to all citizen scientists contributing data to Happywhale. We acknowledge the use of imagery from the NASA Worldview application (https://worldview.earthdata.nasa.gov/), part of the NASA Earth Observing System Data and Information System (EOSDIS). This research was conducted with the approval of the University of Tasmania Animal Ethics Committee (project: 24745). Angus F. Henderson: Conceptualization; data curation; formal analysis; funding acquisition; investigation; methodology; project administration; resources; software; validation; visualization; writing – original draft. Ted Cheeseman: Conceptualization; methodology; project administration; resources; writing – review and editing. Olive Andrews: Conceptualization; investigation; methodology; project administration; resources; writing – review and editing. Nadia S. Curcio: Conceptualization; data curation; investigation; methodology; project administration; resources; writing – review and editing. Maria L. Marcías: Conceptualization; data curation; methodology; project administration; resources; writing – review and editing. Mary-Anne Lea: Conceptualization; investigation; methodology; project administration; supervision; writing – review and editing. FIGURE S1: Photographed humpback whale. Photo by Pascal Ronde. FIGURE S2: Sightings reported to Happywhale for the Antarctic Peninsula region. Data from 53°–65°S, 63°–67°W are plotted in Figure 2. Please note: The publisher is not responsible for the content or functionality of any supporting information supplied by the authors. Any queries (other than missing content) should be directed to the corresponding author for the article.",2023,https://doi.org/10.1111/mms.13033,article,https://onlinelibrary.wiley.com/doi/pdfdirect/10.1111/mms.13033,Angus F. Henderson; Ted Cheeseman; Nadia Soledad Curcio; María Laura Marcías; Olive Andrews; Mary‐Anne Lea,Marine animal studies overview; Arctic and Antarctic ice dynamics; Adventure Sports and Sensation Seeking,Ecology; Atmospheric Science; Social Psychology,https://onlinelibrary.wiley.com/doi/pdfdirect/10.1111/mms.13033,2,185
The structure of Ascaris hemoglobin domain I at 2.2 A resolution: molecular features of oxygen avidity.,"The perienteric hemoglobin of the parasitic nematode Ascaris has an exceptionally high affinity for oxygen. It is an octameric protein containing two similar heme-binding domains per subunit, but recombinant constructs expressing a single, monomeric heme-binding domain (domain 1; D1) retain full oxygen avidity. We have solved the crystal structure of D1 at 2.2 A resolution. Analysis of the structure reveals a characteristic globin fold and illuminates molecular features involved in oxygen avidity of Ascaris perienteric hemoglobin. A strong hydrogen bond between tyrosine at position 10 in the B helix (tyrosine-B10) and the distal oxygen of the ligand, combined with a weak hydrogen bond between glutamine-E7 and the proximal oxygen, grips the ligand in the binding pocket. A third hydrogen bond between these two amino acids appears to stabilize the structure. The B helix of D1 is displaced laterally by 2.5 A when compared with sperm whale myoglobin. This shifts the tyrosine-B10 hydroxyl far enough from liganded oxygen to form a strong hydrogen bond without steric hindrance. Changes in the F helix compared with myoglobin contribute to a tilted heme that may also be important for oxygen affinity.",1995,https://doi.org/10.1073/pnas.92.10.4224,article,https://www.ncbi.nlm.nih.gov/pmc/articles/41916,Jie Yang; Andrew P. Kloek; Daniel E. Goldberg; F. Scott Mathews,Hemoglobin structure and function; Protein Structure and Dynamics; Legume Nitrogen Fixing Symbiosis,Cell Biology; Molecular Biology; Plant Science,NA,117,186
Gigantic mysticete predators roamed the Eocene Southern Ocean,"Abstract Modern baleen whales (Mysticeti), the largest animals on Earth, arose from small ancestors around 36.4 million years ago (Ma). True gigantism is thought to have arisen late in mysticete history, with species exceeding 10 m unknown prior to 8 Ma. This view is challenged by new fossils from Seymour Island (Isla Marambio), Antarctica, which suggest that enormous whales once roamed the Southern Ocean during the Late Eocene ( c . 34 Ma). The new material hints at an unknown species of the archaic mysticete Llanocetus with a total body length of up to 12 m. The latter is comparable to that of extant Omura's whales ( Balaenoptera omurai Wada et al . 2003), and suggests that gigantism has been a re-occurring feature of mysticetes since their very origin. Functional analysis including sharpness and dental wear implies an at least partly raptorial feeding strategy, starkly contrasting with the filtering habit of living whales. The new material markedly expands the size range of archaic mysticetes, and demonstrates that whales achieved considerable disparity shortly after their origin.",2019,https://doi.org/10.1017/s095410201800055x,article,https://www.cambridge.org/core/services/aop-cambridge-core/content/view/0EEFC32753A8909BC4E7C134F5AEA6AE/S095410201800055Xa.pdf/div-class-title-gigantic-mysticete-predators-roamed-the-eocene-southern-ocean-div.pdf,Felix G. Marx; Mónica R. Buono; Alistair R. Evans; R. Ewan Fordyce; Marcelo Reguero; David P. Hocking,Marine animal studies overview; Arctic and Antarctic ice dynamics; Underwater Acoustics Research,Ecology; Atmospheric Science; Oceanography,https://www.cambridge.org/core/services/aop-cambridge-core/content/view/0EEFC32753A8909BC4E7C134F5AEA6AE/S095410201800055Xa.pdf/div-class-title-gigantic-mysticete-predators-roamed-the-eocene-southern-ocean-div.pdf,12,187
Constraining the radiocarbon reservoir age for the Southern Ocean using whale bones salvaged from early 20th century whaling stations,"Radiocarbon dating is arguably the most common method for dating Quaternary deposits. However, accurate age assignments using radiocarbon dating are dependent on knowing the radiocarbon reservoir. For the coastal waters across Antarctica, the radiocarbon reservoirs show significant variation, ranging from 700 to 6000 years depending on the material dated and the period in question. In this study, we examine the radiocarbon reservoir age for the shallow waters of the Southern Ocean using 23 whale bones salvaged from commercial whaling operations on or near the Western Antarctic Peninsula between 1904 and 1916. The species origin of the bones had been identified previously as humpback, fin, or blue whales using sequences of mitochondrial (mt)DNA. We find an average reservoir age of 1050 ± 135 years for these 23 whale bones, with a <100-year difference in the reservoir age by species. A comparison between our results and other studies through the Holocene suggest that the Southern Ocean surface water radiocarbon reservoir age is of a similar magnitude across much of Antarctica and has not significantly changed for the last 14,000 years. Combining our new ages with existing data sets provides insight to the stability of the Southern Ocean marine radiocarbon reservoir age, enhancing our understanding of ocean ventilation and upwelling dynamics throughout the Holocene.",2024,https://doi.org/10.1016/j.quascirev.2024.108756,article,https://doi.org/10.1016/j.quascirev.2024.108756,Claire Divola; Alexander R. Simms; Angela L. Sremba; Scott Baker; Ari S. Friedlaender; John Southon,Archaeology and ancient environmental studies; Geology and Paleoclimatology Research; Pleistocene-Era Hominins and Archaeology,Paleontology; Atmospheric Science; Anthropology,NA,5,188
Use and prevalence of novel bubble-net foraging strategy in Western Antarctic humpback whales,"The innovation of new foraging strategies allows species to optimize their foraging in response to changing conditions. Humpback whales provide a good study species for this concept, as they utilize multiple novel foraging tactics across populations in diverse environments. Bubble-net feeding (BNF), commonly seen in the Northern Hemisphere, has emerged as a foraging innovation in the past 20 yr within the Western Antarctic Peninsula. Using sightings data from 2015-2023, we found that BNF was present in every study year, with an annual average of 30% of foraging sightings. This data was supplemented with 26 animal-born tags deployed over the same study period. Of these tags, 12 detected instances of BNF, with BNF making up an average of 19% of the foraging lunges detected. There were seasonal trends in BNF sightings, as it was observed significantly more often at the beginning of the feeding season (January) before declining. BNF group sizes (mean: 3.41) were significantly larger than non-BNF surface feeding groups (mean: 2.21). This observation is consistent with BNF in the Northern Hemisphere, which also appears to primarily be a group foraging strategy. The seasonal pattern and relatively recent emergence of BNF suggests that its use is likely tied to specific environmental conditions, which should be investigated by comparing BNF with variables such as prey density and light availability. The social transmission of novel foraging strategies across other populations further suggests that the prevalence of this strategy likely occurs through social learning.",2024,https://doi.org/10.3354/meps14654,article,NA,JA Allen; RC Nichols; LJ Pallin; David W. Johnston; AS Friedlaender,Marine animal studies overview,Ecology,NA,2,189
"False killer whales (Pseudorca crassidens Cetacea: Delphinidae) along the Pacific coast of Central America and Mexico: Long-term movements, association patterns and assessment of fishery interactions","Introduction: Worldwide, false killer whales (Pseudorca crassidens) are infrequently encountered, yet long-term studies have shown strong site fidelity as well as long-term associations among individuals in several locations. Detailed studies of this species have primarily been conducted around tropical oceanic islands or in the subtropical southern hemisphere. Objectives: We assess movements and association patterns among false killer whales along the Pacific coasts of the USA, Mexico, Guatemala, Nicaragua, Costa Rica including Isla del Coco, and Panama, representing one of the longest-running (albeit non-continuous) studies of this species. We also examine photos for evidence of interactions with fisheries, a known source of mortality to false killer whales. Methods: From Central America, we selected 212 individuals (50 encounter groups) out of 244 individuals (56 encounters) for inclusion in analyses based on photo quality and distinctiveness. Photos were collected on dedicated surveys from 1991-1994 and dedicated and opportunistic surveys from 1998-2022. Other than the effort off the oceanic Isla del Coco (1993-1994), surveys were undertaken in continental shelf waters. Additionally, we selected by photo quality and distinctiveness 124 (33 encounter groups) out of 189 individuals from southern California and Mexico for inclusion in these analyses. Association patterns were analyzed in SOCPROG and movements were analyzed in R. Results: Of the 328 total individuals, 158 (48.2 %) were encountered more than once, and 114 (34.8 %) were re-sighted after a year or more. The longest individual sighting history spanned 26.2 years with six re-sightings over that period between southern Costa Rica and Panama. Association and movement analyses revealed that individuals identified off southern Costa Rica and Panama linked into a single social network, with extensive movements between the two countries. Three individuals encountered off northern Costa Rica were re-sighted off northern Nicaragua, and individuals encountered off Nicaragua were encountered off Guatemala and central mainland Mexico. Nine matches were found among false killer whales between central mainland Mexico and Central America. There were no matches between the mainland coastal waters and the 33 individuals encountered around Isla del Coco. Dorsal fin disfigurements consistent with interactions with line fisheries ranged from 0 to 21 % for individuals within social clusters identified by community division. Conclusions: The infrequency of sightings combined with a high re-sighting rate of individuals and groups from the same area, suggests multiple small populations with large home ranges that include coastal waters. Small populations are sensitive to environmental changes, and as the human population grows, so do the demands on fisheries and ecotourism, which could directly impact the different populations. Additional effort in offshore areas is needed to determine the population status of false killer whales in pelagic waters, how often false killer whales using coastal waters move into pelagic waters, and the relationship between whales in the two habitats.",2023,https://doi.org/10.15517/rev.biol.trop..v71is4.57189,article,https://revistas.ucr.ac.cr/index.php/rbt/article/download/57189/57824,Annie B. Douglas; Frank Garita Alpízar; Alejandro Acevedo‐Gutiérrez; Sabre D. Mahaffy; Kristin Rasmussen; Ester Quintana‐Rizzo; Joëlle De Weerdt; Daniel M. Palacios; Damián Martínez-Fernández; Camila Lazcano‐Pacheco; Christian Daniel Ortega Ortiz; Nicola Ransome; Astrid Frisch‐Jordán; Francisco Villegas‐Zurita; John Calambokidis; Robin W. Baird,Marine animal studies overview,Ecology,https://revistas.ucr.ac.cr/index.php/rbt/article/download/57189/57824,4,190
Geographical distribution of two acoustic fin whale ( <i>Balaenoptera physalus</i> ) populations across the Weddell Sea,"Understanding and identifying population-specific acoustic features is crucial to passive acoustic monitoring-based remote sensing of population distributions. Fin whales are known to produce 20-Hz pulses, often accompanied by a simultaneous higher frequency (HF) component. The centre frequency of this component has been found to differ regionally, presumably representing a population-specific acoustic characteristic. Within the Southern Ocean, five distinct HF components have been identified so far, two of which are present in the Atlantic Sector of the Southern Ocean (ASSO) with peak frequencies around 86 and 99 Hz. This study investigates the extent to which these HF components indicate distinct acoustic fin whale populations and their spatial distribution across the ASSO. By automatically analysing passive acoustic data from 2013, across 10 recording positions, our data show that while the 99-Hz component was detected at seven recording positions throughout the ASSO, the 86-Hz HF component is only present in its western area, centred around the Western Antarctic Peninsula. Additional 2019 data from the Western Antarctic Peninsula confirmed the consistent presence of the 86-Hz component, suggesting that these components are robust indicators of distinct acoustic populations. Knowledge on population-specific key habitats is key to strategic and effective conservation efforts.",2025,https://doi.org/10.1098/rsos.241866,article,https://doi.org/10.1098/rsos.241866,Svenja Wöhle; Karolin Thomisch; Elke Burkhardt; Ilse van Opzeeland; Elena Schall,Marine animal studies overview; Underwater Acoustics Research; Animal Vocal Communication and Behavior,Ecology; Oceanography; Developmental Biology,NA,2,191
Movements and behaviour of southern right whales satellite-tracked in and beyond a subantarctic archipelago wintering ground,"The post-exploitation recovery of the south-west Atlantic southern right whale (SRW, Eubalaena australis ) population has been affected by widespread calf mortalities, resulting in the development of an International Whaling Commission Conservation Management Plan (IWC-CMP). The coastal waters around the Falkland Islands (Malvinas) comprise a recently documented wintering ground for the population. In July 2022, we deployed satellite tags on 10 SRWs to better understand their occurrence around the islands and their connectivity with other geographic regions. The animals remained in the islands for 1 to 57 d following tagging. High-use habitats comprised waters &lt;10 km off the north and north-east coasts of East Falkland, where they exhibited slow and varied movements consistent with breeding and social behaviours. Six whales, including all 3 confirmed females, subsequently continued to the major calving ground located at Peninsula Valdés (Argentina), where they remained for up to 84 d. During spring, almost all tagged whales utilised the Patagonian Shelf (70-140 m depth) as a foraging habitat. Three males travelled south-east after departing the islands and variously visited higher latitude foraging grounds including the South Orkney and South Shetland islands, Scotia Sea and Antarctic Peninsula. Telemetry provided valuable information on the spatial and temporal extent to which SRWs aggregate in Falkland Islands (Malvinas) waters during winter and supports growing evidence that the region is a high-use critical habitat supporting breeding behaviour. The region should be incorporated into future region-wide conservation efforts for the south-west Atlantic SRW population and merits recognition in the IWC-CMP.",2024,https://doi.org/10.3354/esr01371,article,https://doi.org/10.3354/esr01371,Caroline R. Weir; Sara Comesaña Fernández; Jennifer A. Jackson; Arthur J. Miller; Federico Sucunza; HW Slesser; Alexandre N. Zerbini,Marine animal studies overview; Marine and coastal plant biology,Ecology; Oceanography,NA,2,192
Variability in summer surface residence time within a West Antarctic Peninsula biological hotspot,"Palmer Deep canyon along the central West Antarctic Peninsula is known to have higher phytoplankton biomass than the surrounding non-canyon regions, but the circulation mechanisms that transport and locally concentrate phytoplankton and Antarctic krill, potentially increasing prey availability to upper-trophic-level predators such as penguins and cetaceans, are currently unknown. We deployed a three-site high-frequency radar network that provided hourly surface circulation maps over the Palmer Deep hotspot. A series of particle release experiments were used to estimate surface residence time and connectivity across the canyon. The majority of residence times fell between 1.0 and 3.5 days, with a mean of 2 days and a maximum of 5 days. We found a highly significant negative relationship between wind speed and residence time. Our residence time analysis indicates that the elevated phytoplankton biomass over the central canyon is transported into and out of the hotspot on time scales much shorter than the observed phytoplankton growth rate, suggesting that the canyon may not act as an incubator of phytoplankton productivity as previously suggested. It may instead serve more as a conveyor belt of phytoplankton biomass produced elsewhere, continually replenishing the phytoplankton biomass for the local Antarctic krill community, which in turn supports numerous top predators. This article is part of the theme issue ‘The marine system of the West Antarctic Peninsula: status and strategy for progress in a region of rapid change’.",2018,https://doi.org/10.1098/rsta.2017.0165,article,https://royalsocietypublishing.org/doi/pdf/10.1098/rsta.2017.0165,Josh Kohut; Peter Winsor; Hank Statscewich; Matthew J. Oliver; Erick Fredj; Nicole Couto; Kim S. Bernard; William R. Fraser,Marine and coastal ecosystems; Marine and fisheries research; Oceanographic and Atmospheric Processes,Oceanography; Global and Planetary Change; Oceanography,https://royalsocietypublishing.org/doi/pdf/10.1098/rsta.2017.0165,28,193
"Genetic Diversity And Connectivity Of Eastern Pacific Humpback Whales (Megaptera Novaeangliae, Borowski, 1781) Off The Coast Of Esmeraldas, Ecuador.","The genetic diversity and connectivity of humpback whales (Megaptera novaeangliae) off the coast of Esmeraldas, Ecuador is analyzed. A total of 35 samples of skin tissue were collected using a biopsy darting method during the 2010 and 2011 breeding seasons. DNA was extracted following a modified CTAB protocol. A variable section of the mitochondrial DNA control region was amplified by means of the Polimerase Chain Reaction (PCR). The PCR products were sequenced and a total of sixteen different haplotypes were determined. One of the identified haplotypes corresponded to a new unreported sequence and another one has not been reported in the Southeast Pacific but in Western Australia, New Caledonia and French Polynesia. The remaining 14 sequences were matched to previously reported haplotypes in the Southern Hemisphere and some showed a high identity level with sequences from Alaska, the South Atlantic and Indian Oceans. Haplotype diversity (h±SD) was estimated to be 1.0000 ± 0.0068 and the nucleotide diversity (π±SD) 0.020931 ± 0.010994, which reflected high genetic diversity in the Ecuadorian population of humpback whales. The Analysis of Molecular Variance (AMOVA) showed no significant differences with the populations of humpback whales of Santa Elena-Ecuador, Colombia, and the Antarctic Peninsula but significant differentiation was found between whales of Esmeraldas in the two years of the surveys and between whales of Esmeraldas and the Magellan Strait in terms of haplotype frequencies and nucleotide composition. The phylogenetic reconstruction grouped the 35 haplotypes in three of the four clades present in the Southern Hemisphere. The results of this study will make possible the understanding of connectivity of humpback whales that visit the coastal area of Ecuador with those from Galapagos and other ocean basins.",2013,NA,dissertation,NA,Denisse Dalgo Andrade,Marine animal studies overview; Marine and coastal plant biology,Ecology; Oceanography,NA,2,194
Appropriate Location and Deployment Method for Successful Iron Fertilization,"""High nutrient, low chlorophyll (HNLC)"" regions were created by locking iron into sedimentary iron sulfides with hydrogen sulfide available from volcanic eruptions in surrounding oceans. Appropriate locations and deployment methods for the iron fertilization were far from volcanoes, earthquakes and boundaries of tectonic plates to reduce the chance of iron-locking by volcanic sulfur compounds. The appropriate locations for the large-scale iron fertilization are proposed as Shag Rocks in South Georgia and the Bransfield Strait in Drake Passage in the Southern Ocean due to their high momentum flux causing efficient iron deployment. The iron (Fe) replete compounds, consisting of natural clay, volcanic ash, agar, N2-fixing mucilaginous cyanobacteria, carbon black, biodegradable plastic foamed polylactic acid, fine wood chip, and iron-reducing marine bacterium, are deployed in the ocean to stay within a surface depth of 100 m for phytoplankton digestion. The deployment method of Fe-replete composite with a duration of at least several years for the successful iron fertilization, is configured to be on the streamline of the Antarctic Circumpolar Current (ACC). This will result in high momentum flux for its efficient dispersion on the ocean surface where diatom, copepods, krill and humpback whale stay together (~100 m). Humpback whales are proposed as a biomarker for the successful iron fertilization in large-scale since humpback whales feed on krill, which in turn feed on cockpods and diatoms. The successful large-scale iron fertilization may be indicated by the return of the humpback whales if they could not be found for a long period before the iron fertilization. On-line monitoring for the successful iron fertilization focuses on the simultaneous changes of the following two groups; the increase concentration group (chlorophyll, O2, Dissolved Oxygen (DO), Di Methyl Sulfide (DMS)) and the decrease concentration group (nitrate, phosphate, silicate, CO2, Dissolved CO2 (DCO2)). The monitoring of chlorophyll-a, nitrate phosphate, and silicate concentrations after deploying the Fe-replete complex is carried out throughout the day and night for the accurate measurement of algal blooms.",2020,https://doi.org/10.4236/ojms.2020.103012,article,http://www.scirp.org/journal/PaperDownload.aspx?paperID=100933,Tai-Jin Kim,Marine and coastal ecosystems; Oceanographic and Atmospheric Processes; Marine Biology and Ecology Research,Oceanography; Oceanography; Oceanography,http://www.scirp.org/journal/PaperDownload.aspx?paperID=100933,4,195
"Preliminary characterization and diel variation of fin whale (<i>Balaenoptera physalus)</i> downsweep calls off Isla Chañaral, northern Chile","The fin whale(Balaenoptera physalus) is a large cosmopolitan cetacean whose range covers most of the world's oceans from temperate to polar latitudes (Aguayo et al., 1998; Aguilar & García-Vernet, 2018; Edwards et al., 2015; Reeves et al., 2002). The fin whale has been classified as a Vulnerable species by the IUCN (International Union for the Conservation of Nature) and as Endangered by Chile's Ministry of the Environment (http://www.mma.gob.cl), based on the sharp reduction of its populations due to intensive commercial whaling off Chile from 1964 to 1966, and off the Antarctica Peninsula from 1911 to 1929 (Clarke et al., 1978). Today, fin whales in Chile are distributed from Antofagasta (23°29′S) to Cape Horn (56°48′S), including the Juan Fernández Archipelago (Aguayo et al., 1998; Buchan et al., 2019, 2020; Pacheco et al., 2015; Pérez et al., 2006; Sepúlveda et al., 2018; Toro et al., 2016). The fin whale populations off Chile could be part of populations migrating to the Southern Ocean, but this has not yet been determined (Buchan et al., 2019; Clarke et al., 1978). Passive acoustic monitoring (PAM) has proven to be an effective tool for the study of whales, allowing the acoustic presence of whales to be determined over long periods and in remote areas (Buchan et al., 2015, 2019; Leroy et al., 2016; Mellinger & Barlow, 2003; Širović et al., 2017; Stafford et al., 2005). Particularly, fin whales emit low frequency song and nonsong calls. Song calls are low-frequency (~20 Hz) short duration (~1 s) pulsed signals whose source level can reach up to 190 dB re: 1 μPa (Širović et al., 2007; Thompson et al. 1992). These are produced in regular sequences as triplets, pairs, or individual pulses (Archer et al., 2019; Delarue et al., 2009; Hatch & Clark, 2004; Watkins et al., 1987). These songs have been reported worldwide (e.g., Buchan et al., 2019; Castellote et al., 2012; Edds, 1988; Nieukirk et al., 2004; Širović et al., 2013; Thompson et al., 1992; Watkins, 1981; Watkins et al., 1987) and appear to be produced by males only, suggesting a reproductive purpose (Croll et al., 2002). There are indications that the intervals between song pulses and the higher frequency components of song pulses could be used to identify acoustic populations (Širović et al., 2017). Nonsong calls are often called 40 Hz calls or downsweep calls (Širović et al. 2013). Fin whale downsweeps are high intensity (>180 dB re 1 μPa) and short duration signals of higher frequency than the 20 Hz song calls (e.g., Castellote et al., 2012; Garcia et al., 2019; Miller et al., 2017, 2021; Širović et al., 2007; Weirathmueller et al., 2017; Wiggins & Hildebrand, 2020). There appears to be seasonal variation in the occurrence of downsweep calls, which are more common during the late spring and summer feeding season, by comparison to 20 Hz songs being more common during the winter (Buchan et al., 2019; Oleson et al., 2014; Širović et al., 2013; Watkins, 1981). A variety of downsweep signals have been reported in areas of high productivity, suggesting that they may be associated with foraging behavior (Boisseau et al., 2008; Castellote et al., 2012; Cummings et al., 1986; Garcia et al., 2019; Romagosa et al., 2021; Schevill, 1962; Širović et al., 2013; Watkins, 1981; Wiggins & Hildebrand, 2020). Other authors have suggested that these signals are associated with social interactions (Boisseau et al., 2008). For fin whales, Širović et al. (2013) found that the number of downsweep calls were higher during the day compared to dusk and dawn in the Bering Sea and the Gulf of California but found downsweep calls to be more common during the day and at dusk in Southern California; these authors propose that diel calling changes depending on behavior and prey preference. Fin whales aggregate to feed on euphausiids (Buchan et al., 2021) in waters surrounding Isla Chañaral off northern Chile during the austral spring. Around Isla Chañaral (29°02′S, 71°36′W; Figure 1), groups of fin whales have been observed feeding in large numbers during the austral spring, summer, and autumn (Buchan et al., 2021; Pérez et al., 2006; Sepúlveda et al., 2018; Toro et al., 2016). This study focuses on characterizing the summertime acoustic repertoire of fin whales in the waters off Isla Chañaral. Passive acoustic monitoring data were collected during two periods: November 26, 2017, to August 16, 2018 (with instrument turnover on February 14 and 15), and November 28, 2018, to April 23, 2019. The subsurface mooring was deployed at a site (29°1.305′S, 71°32.336′W) with a water column depth of 104 m, with the hydrophone at a depth of 80 m (Figure 1). An Ocean Instruments SoundTrap STD300 sound recorder with an integrated hydrophone was set to a 24 kHz sampling rate and a duty cycle of either 10 min/hr (2018) or 20 min/hr (2019). Only the austral summer months (January to April) were analyzed due to this being the season with the greatest presence of whales in the area (Sepúlveda et al., 2017). Spectrograms were created with Raven Pro 1.5 software (Center for Conservation Bioacoustics, 2014) to visually identify, manually annotate, and count the number of song and nonsong fin whale calls (Figure 2). To identify the downsweep calls of fin whales, prior descriptions of these signals in the literature were used (e.g., Boisseau et al., 2008; Garcia et al., 2019; Širović et al., 2013; Watkins, 1981). All the spectrograms were made with Hann window; FFT 16,384; 50% overlap. Annotated fin whale calls were compiled using the selection table function of Raven Pro 1.5 where the minimum frequency, maximum frequency, peak frequency, duration, and signal to noise ratio (SNR) were measured (Figure 2). The measured SNR values were analyzed using the SNR NIST Quick measurement tool of Raven 1.6. Because fin whale downsweeps are similar to other calls produced by other species, such as blue whale D-calls and sei whales downsweeps (Baumgartner et al., 2008; Ou et al. 2015), the spectrogram window length was adjusted to 60 s because there are differences that allow them to be distinguished when visualized, such as the duration of the signals. Fin whale downsweeps have a duration of about 1 s while blue whale D-calls last between 1 and 4 s and sei whale calls are around 1.4 s (Baumgartner et al., 2008; Berchok et al., 2006; Madhusudhana et al., 2009; Ou et al., 2015; Watkins, 1981). To characterize fin whale downsweeps, average frequency and temporal characteristics from the selection tables were calculated and compiled over both study periods. The peak frequency distribution and duration characteristics of the recorded signals were examined by means of histograms in MATLAB. A MATLAB function suncycle (Pawlowicz, 2009) was used to determine the sunrise and sunset based on latitude and longitude. Twilight was considered to be dawn and dusk. Dawn was defined as 30 min before and 30 min after sunrise; day was defined as the period of time between the end of dawn and the beginning of dusk; dusk was defined as 30 min before and after sunset; and night was defined as the period between the end of dusk and the beginning of dawn. To determine whether there was diel variation in calls, mean adjusted call rates (calls/hr) for the three light periods (twilight, day, and night) during 2018 and 2019 were calculated using only days with at least one detection. Because the durations of each daily period are different, the calling rates were divided by the duration of the period in hours, to obtain normalized calling rates. The data were also adjusted by subtracting the average hourly detections on a day from the hourly detections for that day, thus removing the effect of variations in daily detection rates across periods (as per Wiggins et al., 2005). The null hypothesis that the calling rate is the same for the three periods of the day was evaluated with a Kruskal-Wallis and additional pairwise Wilcoxon Rank Sum test with a Bonferroni correction (as per Leroy et al., 2016; Wiggins et al., 2005). A comparison with the literature from other areas of the world was done, specifically looking at the minimum frequency, maximum frequency, peak frequency, duration, and SNR; standard deviation was also considered (if reported) or calculated using the information provided if possible. Four hundred and eighty hours of recordings were analyzed for the 2018 period and a total of 1,103 downsweep calls were annotated, and 890 hr for the 2019 period were analyzed with 355 downsweep calls annotated. Fin whale 20 Hz song calls were not found during this analysis. All signals recorded (n = 1,458) were low frequency (<140 Hz), highly irregular calls with frequencies ranging between average minimum frequency of 48.9 ± 8.1 and average maximum frequency of 81.3 ± 11.0 Hz. The mean peak frequency was 62.1 ± 9.9 Hz and the average pulse duration was 1.0 ± 0.1 s. The mean SNR was 22.2 ± 5.5 with a range of 7.3 to 41.1 (Table 1). The peak frequencies of downsweep calls were normally distributed between 36 and 108 Hz, with maximum values between 50 and 70 Hz (Figure 3). 1,458 48.1 ± 7.4 (30.1–76.0) 51.4 ± 9.0 (27.3–76.1) 48.9 ± 8.1 (27.3–76.1) 80.6 ± 10.6 (55.2–120.2) 83.3 ± 12.1 (40.2–119.8) 81.3 ± 11.0 (40.2–120.2) 61.5 ± 9.5 (36.6–104.0) 63.9 ± 10.6 (30.7–106.9) 62.1 ± 9.9 (33.7–106.9) 1.0 ± 0.1 (0.6–1.3) 1.0 ± 0.1 (0.7–1.5) 1.0 ± 0.1 (0.6–1.5) 21.9 ± 5.5 (7.3–41.1) 22.9 ± 5.2 (8.3–37.4) 22.2 ± 5.5 (7.3–41.1) The daily calls rates ranged from 0 to 14 calls/hr for 2018 and from 0 to 9 calls/hr for 2019, with the largest calls/hr in 2018 (Figure 4). For the 2018 period, the total number of calls per month was lower at the beginning of the summer (229 calls in January) and increased by the end of that season (484 calls in April). For the 2019 period, the number of calls was higher at the beginning of the summer (273 calls in January) and decreased towards the end of the summer (19 calls in April), when few calls were detected. No clear diel calling pattern was observed. The analysis of the daily cycles during the 2018 and 2019 periods showed significant differences between day, night, and twilight periods (Kruskal Wallis test for 2018 and 2019, respectively: χ2 = 23.33 and 23.84, p = 8.59e−6 and 6.66e−6). A Wilcoxon pairwise comparison test showed significantly (p = .019) higher calling rates at night compared with during the day in 2018 (Figure 5, top panel) and in contrast, 2019 showed significantly (p = .025) higher calling rates during the day compared to at night (Figure 5, bottom panel). In both years, twilight had significantly lower calling rates than either day or twilight (p = 0.002, p = 3.3−5 for 2018) and (p = 2.9−6, p = .025 for 2019). Fin whale calls detected around Isla Chañaral had a maximum frequency below 140 Hz, with the majority of calls (n = 1,222, 83.8%) having a frequency range of 80–50 Hz; these values fall within the ranges reported by other studies (Table 2). Upon comparison with the available literature (Table 2), the frequencies of downsweeps in this study were most similar to reports from the North Atlantic (Boisseau et al., 2008; Delarue 2008), but were higher than downsweeps reported for other regions (Table 2). The duration of the downsweeps in this study, i.e., 1 s, matched descriptions by Boisseau et al. (2008) for the North Atlantic, and Širović et al. (2013) and Wiggins & Hildebrand (2020) for the North Pacific (Table 2). The downsweep frequency ranges of fin whales recorded near the Reserva Marina Isla Chañaral were similar to those found near Antarctica with a frequency range between (Miller et al., 2021). — ~0.59 ~0.73 1,283 76.2 ± 16.8 (41.3–127.2) 49.9 ± 15.1 (15.8–96.4) 0.7 ± 0.2 (0.3–1.8) 81.3 ± 11.0 (40.2–120.2) 48.9 ± 8.1 (27.3–76.1) 62.1 ± 9.9 (33.7–106.9) (Peak) 1.0 ± 0.1 (0.6–1.5) A complication in comparing these data with the literature is that frequency metrics are reported differently in different studies, some studies reported characteristics based on a very small sample size (e.g., De Vreese et al., 2017) and most authors did not report peak frequency. Considering the variation in maximum and minimum frequency measurements that may arise due to variation in the SNR of signals, we propose that peak frequency may be better conserved under SNR variations and therefore is a better parameter to describe and compare the vocal repertoire of fin whales across geographic locations. Manual detection of whale vocalizations represents a challenge for researchers in the field of bioacoustics because the selection of each signal is a slow process and influenced by analyst subjectivity. Širović (2016) found that the final result of detections from the same data set can be affected by the analyst's subjectivity in identifying vocalizations due to each analyst selecting signals according to their personal criteria and experience. The presence of blue (B. musculus) and sei (B. borealis) whales (which have occasionally been seen in the north of Chile) around Isla Chañaral makes it difficult to identify fin whale calls, but an adjustment in window size and careful checking of signals allows for better identification (Acevedo et al., 2017; Ou et al., 2015; Redaelli et al., 2022; Širović et al., 2016). Fin whale downsweeps have been reported at feeding grounds, such as in Southern California and the Bering Sea, where they peak during the northern summer, based on PAM of complete annual cycles. In the North Atlantic, fin whale downsweep signals were detected in summer in the Gulf of Maine and the Gulf of Saint Lawrence, but based only on PAM during summer months (Delarue, 2008). In the Southeast Pacific, downsweeps have been reported in the Antarctic whose characteristics are similar to those found around Isla Chañaral (Miller et al., 2017, 2021). Although there are other studies on fin whale calls in Chile, these describe only 20 Hz calls and are therefore not suitable for direct comparison (Buchan et al., 2019, 2020). In this study, we analyzed 4-month periods in two consecutive summers, so we cannot comment on the seasonal occurrence of these signals, but downsweeps were present during all months analyzed. Interestingly, downsweep occurrence increased during the summer in 2018 and decreased during the summer in 2019, possibly due to changes in prey biomass between the two summer seasons. In effect, Romagosa et al. (2021) reported a significant effect of prey biomass on fin whale downsweep production. A recent study carried out with an Acoustic Zooplankton and Fish Profiler during February 2018 and 2019 revealed a higher acoustic backscatter of zooplankton in February 2018 compared to 2019 around Isla Chañaral (Oyanadel, 2020). Romagosa et al. (2021) hypothesizes that downsweep calls could provide information to other individuals about food sources where prey is abundant. In particular around Isla Chañaral, feeding activity of fin whales on Euphasia mucronata has been reported (Buchan et al., 2021; Pérez et al., 2006; Toro et al., 2016). Širović et al. (2013) found different diel patterns for fin whale downsweeps at different areas (Gulf of California, Southern California, and the Bering Sea). Here, we found a significant difference in call rates between day and night for both study periods, but the patterns were opposite for each summer seasons. In the literature on blue whale songs, some authors have proposed that diel patterns in song are linked to changes in feeding behavior but this has not been shown for fin whale calls (Leroy et al., 2016; Stafford et al., 2005; Wiggins et al., 2005). In blue and sei whales, diel calling behavior has been identified, possibly related to prey vertical migration patterns (Baumgartner & Fratantoni, 2008; Leroy et al., 2016; Stafford et al., 2005; Wiggins et al., 2005). More studies are needed to determine the behavioral context of fin whale downsweep calls and understand variations in call rates in response to environmental changes and social interactions. This is one of the first studies to describe the downsweep calls of fin whales in the Southeast Pacific. This characterization can serve as a basis for long-term PAM studies of these signals with automated detection techniques. We hope that future research will focus on achieving better characterizations of these signals globally and in the Southern Hemisphere, and a better understanding of their function. Maximiliano Vega Cortés: Formal analysis; investigation; methodology; software; validation; visualization; writing – original draft; writing – review and editing. Susannah J Buchan: Conceptualization; data curation; funding acquisition; investigation; methodology; resources; supervision; validation; writing – original draft; writing – review and editing. Carlos Olavarria: Conceptualization; funding acquisition; investigation; methodology; project administration; resources; supervision; writing – review and editing. Marcel Ramos: Methodology; supervision; writing – review and editing. Maria Valladares: Methodology; writing – review and editing.",2023,https://doi.org/10.1111/mms.13038,article,https://onlinelibrary.wiley.com/doi/pdfdirect/10.1111/mms.13038,Maximiliano Vega; Susannah J. Buchan; Carlos Olavarría; Marcel Ramos; María Valladares,Marine animal studies overview; Animal Vocal Communication and Behavior; Underwater Acoustics Research,Ecology; Developmental Biology; Oceanography,https://onlinelibrary.wiley.com/doi/pdfdirect/10.1111/mms.13038,3,196
Drone‐Based Photogrammetry Provides Estimates of the Energetic Cost of Migration for Humpback Whales Between Antarctica and Colombia,"ABSTRACT Monitoring the body condition of animals offers insights into their energetic needs, prey consumption, and vulnerability to environmental pressures. Southern hemisphere humpback whales ( Megaptera novaeangliae ) depend on Antarctic krill for their annual energy requirements. Drone‐based photogrammetry was used to assess the energetic cost of migration and reproduction for breeding stock G humpback whales. Body measurements of 103 adult whales (2017–2019) were used to estimate body condition in Colombia (breeding ground) and the Western Antarctic Peninsula (feeding ground) and seasonal change was predicted. Humpback whales reached their peak body condition between early March and late May, and their lowest between late August and early December. The change in body condition was converted into losses of blubber volume, mass, lipid, energy, and ultimately the biomass of krill required to cover migration. On average, an adult humpback whale lost 36 percentage points of its body condition over the migration, equivalent to 12 m 3 or 11,000 kg of blubber tissue, 5000 kg of lipid, 196,000,000 kJ or 57,000 kg of Antarctic krill. By linking migration and reproductive energy costs to krill biomass, our findings provide critical ecological context for understanding how environmental changes such as krill population fluctuations could impact whale populations.",2025,https://doi.org/10.1111/mms.70048,article,https://onlinelibrary.wiley.com/doi/pdfdirect/10.1111/mms.70048,Alexandre Bernier‐Graveline; Susan Bengtson Nash; K. C. Bierlich; Ari S. Friedlaender; David W. Johnston; Juliana Castrillón; Natalia Botero‐Acosta; Susana Caballero; Fredrik Christiansen,Marine animal studies overview; Arctic and Antarctic ice dynamics; Aerospace Engineering and Energy Systems,Ecology; Atmospheric Science; Aerospace Engineering,https://onlinelibrary.wiley.com/doi/pdfdirect/10.1111/mms.70048,1,197
A New Neutron Monitor at the Juan Carlos I Spanish Antarctic Station (Livingston Island-Antarctic Peninsula),"A new neutron monitor was installed at Juan Carlos I Spanish Antarctic Base (S $62^{\circ}$ $39^{'}$ $46^{''}$, W $60^{\circ}$ $23^{'}$ $20^{''}$, 12 m asl) last January 2019. The Base is located at Livingston Island (South Shetland Archipelago) close to the Antarctic Peninsula. The vertical rigidity cut-off for this new station is estimated as 3.52 GV. This new station (Antarctic Cosmic Ray Observatory) is composed by a BF3-based 3NM64 (ORCA) and 3 bare BF3 counters (ORCB). The neutron monitor is complemented by a muon telescope sharing a common room in a single stack. ORCA and ORCB with the Castilla-La Mancha neutron monitor (CaLMa) are the Spanish contribution to the Neutron Monitor Data Base. Juan Carlos I Base is a summer station, that that it operates only during the antarctic summer. This affects to communications and data transmission implying two different modes of data transmission, one minute resolution data and almost real time in summer and one hour resolution data that is sent once a day. Nevertheless, data with one minute resolution is stored in a NAS hard drive system along the year. First measurements and future plans are presented in this work.",2019,https://doi.org/10.22323/1.358.1060,article,https://pos.sissa.it/358/1060/pdf,J. J. Blanco; Oścar García Población; José Ignacio García Tejedor; J. Medina; Manuel Prieto; Alejandro López-Comazzi; Sindulfo Ayuso; R. Gómez‐Herrero; C. T. Steigies,Astrophysics and Cosmic Phenomena; Ionosphere and magnetosphere dynamics; Dark Matter and Cosmic Phenomena,Nuclear and High Energy Physics; Astronomy and Astrophysics; Nuclear and High Energy Physics,https://pos.sissa.it/358/1060/pdf,4,198
"Eocene Basilosaurid Whales from the La Meseta Formation, Marambio (Seymour) Island, Antarctica","Basal fully aquatic whales, the basilosaurids are worldwide known from Bartonian—Priabonian localities, indicating that this group was widely distributed during the late middle Eocene. In the Northern Hemisphere, fossils of basilosaurids are abundant, while records in the Southern Hemisphere are scarce and, in some cases (i.e., Antarctica), doubtful. The presence of basilosaurids in Antarctica was, until now, uncertain because most of the records are based on fragmentary materials that preclude an accurate assignment to known archaeocete taxa. Here we report the findings of mandibles, teeth, and innominate bone remains of basilosaurids recovered from the La Meseta Formation (TELM 4 Lutetian—Bartonian and; TELM 7 Priabonian), in Marambio (Seymour) Island (James Ross Basin, Antarctic Peninsula). These findings confirm the presence of Basilosauridae in the marine realm of Antarctica, increasing our knowledge of the paleobiogeographic distribution of basilosaurids during the middle—late Eocene. In addition, one of these records is among the oldest occurrences of basilosaurids worldwide, indicating a rapid radiation and dispersal of this group since at least the early middle Eocene.El registro fósil de los basilosáuridos está bien documentado durante el Bartoniano—Priaboniano en varias localidades del mundo, lo cual indica que este grupo estaba ampliamente distribuido durante el Eoceno medio tardío. En el Hemisferio Norte, el registro fósil de este grupo es abundante, a diferencia de lo que ocurre en el Hemisferio Sur donde es escaso y, en algunos casos (i.e., Antártida), dudoso. La presencia de basilosáuridos en Antártida es incierta ya que la mayoría de los registros están basados en materiales fragmentarios, lo cual imposibilita su asignación a algún grupo de arqueocetos. En la presente contribución se describen restos de basilosáuridos correspondientes a mandíbulas, dientes aislados y un hueso pélvico, recuperados de la Formación La Meseta (TELM 4 Lutetiano—Bartoniano; TELM 7 Priaboniano), Isla Marambio (Seymour), (Cuenca James Ross, Península Antártica). Este hallazgo confirma la presencia de Basilosauridae en la Antártida, contribuyendo al conocimiento de la distribución paleobiogeográfica de este grupo durante el Eoceno medio—tardío. Finalmente, uno de estos registros se encuentra entre los basilosáuridos más antiguos conocidos, indicando un rápida radiación y dispersión de este grupo al menos desde el Eoceno medio temprano.",2016,https://doi.org/10.5710/amgh.02.02.2016.2922,article,https://bioone.org/journals/ameghiniana/volume-53/issue-3/AMGH.02.02.2016.2922/Eocene-Basilosaurid-Whales-from-the-La-Meseta-Formation-Marambio-Seymour/10.5710/AMGH.02.02.2016.2922.pdf,Mónica R. Buono; Marta Fernández; Marcelo Reguero; Sergio A. Marenssi; Sergio Santillana; Thomas Mörs,Paleontology and Evolutionary Biology; Marine animal studies overview; Evolution and Paleontology Studies,Paleontology; Ecology; Paleontology,https://bioone.org/journals/ameghiniana/volume-53/issue-3/AMGH.02.02.2016.2922/Eocene-Basilosaurid-Whales-from-the-La-Meseta-Formation-Marambio-Seymour/10.5710/AMGH.02.02.2016.2922.pdf,31,199
Trophodynamic effects of climate change-induced alterations to primary production along the western Antarctic Peninsula,"Under climate change, alterations in primary production and concomitant changes in community dynamics are expected in many marine ecosystems. We used an Ecopath with Ecosim (EwE) marine ecosystem model of the western Antarctic Peninsula to simulate effects on the food web based on proposed changes in the primary production regime expected as a result of climate change. Scenarios for trophic modeling are based on published results from coupled high-resolution regional ocean sea-ice and ice-shelf models, which consider alterations in water circulation from westerly wind intensification, increases in circumpolar deep water upwelling, iron upwelling, and decreases in sea-ice extent. Modeling scenarios included 6, 15, and 41% increases in phytoplankton production with equivalent percentage decreases in ice algal production, and 1 scenario with 15% increase for phytoplankton with no change for ice algae. These scenarios were achieved through linear forcing functions within the EwE software. We framed ecosystem changes in terms of biomass, species diversity, mean trophic level, trophodynamics, and network metrics. Simulations revealed that in each scenario, mean trophic level increased, species diversity generally decreased, and energetic pathways were reorganized. Modeled changes in the planktonic invertebrate assemblage include changes in 2 key competitors, krill and salps. For example, model results predict declines in krill biomass with concomitant increases in salp biomass. In all scenarios that assumed a negative change in ice-algae production rates due to sea-ice habitat loss, whale, seal, and penguin populations were negatively affected. Changes in ecosystem structure in this sensitive region may serve as an indicator of changes expected in the Southern Ocean.",2017,https://doi.org/10.3354/meps12100,article,NA,PM Suprenand; CH Ainsworth,Ocean Acidification Effects and Responses; Marine and fisheries research; Marine and coastal ecosystems,Oceanography; Global and Planetary Change; Oceanography,NA,37,200
Living under their boats: a strategy for southern sealing in the nineteenth century – its history and archaeological potential,"During the nineteenth century, sealers working in the Southern Ocean around Antarctica had several strategies for gathering seal skins and oil. Where seals were abundant and a long period ashore was required to exploit them, a stone shelter was often constructed or a cave was occupied. Where fewer seals were seen, and where accessible beaches were very small, sealers went ashore by whale boat and slept under the upturned boat for the short period needed to kill the seals. Living under upturned boats was also a practice used by crews of wrecked sealing ships; boats provided short-term shelter in emergencies, and also when sealers travelled to secure food or other resources to survive. The paper looks at the background of this strategy, the historical sources describing life under the boats and the experiences of the sealers involved. It then uses a series of models to hypothesise what the archaeological evidence of boat camps might look like. Finally, this paper describes two archaeological sites in the South Shetland Islands that display characteristics of boat camps, and suggests that further surveys for boat camp sites in the Antarctic and sub-Antarctic regions are needed in future.",2018,https://doi.org/10.1080/2154896x.2018.1468606,article,NA,Michael Pearson,Polar Research and Ecology; Historical and Cultural Archaeology Studies; Maritime and Coastal Archaeology,Ecology; Anthropology; Archeology,NA,6,201
Fossil proxies of near-shore sea surface temperatures and seasonality from the late Neogene Antarctic shelf,NA,2013,https://doi.org/10.1007/s00114-013-1075-9,article,NA,Nicola Clark; Mark Williams; Daniel J. Hill; Patrick G. Quilty; John L. Smellie; Jan Zalasiewicz; Melanie J. Leng; Michael A. Ellis,Geology and Paleoclimatology Research; Methane Hydrates and Related Phenomena; Isotope Analysis in Ecology,Atmospheric Science; Environmental Chemistry; Ecology,NA,13,202
Short Communication: Lateralised lungefeeding behaviour in Southern Hemisphere fin whales at Antarctic feeding grounds,"Balaenopterids use dynamic feeding lunges to capture prey, often performing roll manoeuvres which may demonstrate a side preference or laterality. In this study, we use aerial video footage of fin whales (Balaenoptera physalus) feeding at Elephant Island, Antarctica, to investigate laterality in the Southern Hemisphere fin whale subspecies B. p. quoyi. Right‐biased lateralisation was observed in all 63 recorded side lunges, 57 of which displayed visible lunge directions, the majority being clockwise (98.3%). These results complement existing information on lateralised feeding behaviour in Northern Hemisphere fin whales, confirming a strong right‐sided bias across the different fin whale subspecies.",2024,https://doi.org/10.47536/jcrm.v25i1.947,article,https://journal.iwc.int/index.php/jcrm/article/download/947/756,Alexander Nicolas Rychwalski; Helena Herr,Marine animal studies overview; Hemispheric Asymmetry in Neuroscience; Animal Vocal Communication and Behavior,Ecology; Cognitive Neuroscience; Developmental Biology,https://journal.iwc.int/index.php/jcrm/article/download/947/756,1,203
Expedition Diary: The Voyage to Antarctica,NA,2017,https://doi.org/10.1007/978-3-319-67268-7_3,book-chapter,NA,Mary R. Tahan,Polar Research and Ecology,Ecology,NA,2,204
Categorical data analysis using discretization of continuous variables to investigate associations in marine ecosystems,"Abstract Understanding and predicting interactions between predators and prey and their environment are fundamental for understanding food web structure, dynamics, and ecosystem function in both terrestrial and marine ecosystems. Thus, estimating the conditional associations between species and their environments is important for exploring connections or cooperative links in the ecosystem, which in turn can help to clarify such directional relationships. For this purpose, a relevant and practical statistical method is required to link presence/absence observations with biomass, abundance, and physical quantities obtained as continuous real values. These data are sometimes sparse in oceanic space and too short as time series data. To meet this challenge, we provide an approach based on applying categorical data analysis to present/absent observations and real‐number data. The real‐number data used as explanatory variables for the present/absent response variable are discretized based on the optimal detection of thresholds without any prior biological/ecological information. These discretized data express two different levels, such as large/small or high/low, which give experts a simple interpretation for investigating complicated associations in marine ecosystems. This approach is implemented in the previous statistical method called CATDAP developed by Sakamoto and Akaike in 1979. Our proposed approach consists of a two‐step procedure for categorical data analysis: (1) finding the appropriate threshold to discretize the real‐number data for applying an independent test; and (2) identifying the best conditional probability model to investigate the possible associations among the data based on a statistical information criterion. We perform a simulation study to validate our proposed approach and investigate whether the method's observation includes many zeros (zero‐inflated data), which can often occur in practical situations. Furthermore, the approach is applied to two datasets: (1) one collected during an international synoptic krill survey in the Scotia Sea west of the Antarctic Peninsula to investigate associations among krill, fin whale ( Balaenoptera physalus ), surface temperature, depth, slope in depth (flatter or steeper terrain), and temperature gradient (slope in temperature); (2) the other collected by ecosystem surveys conducted during August–September in 2014–2017 to investigate associations among common minke whales, the predatory fish Atlantic cod, and their main prey groups (zooplankton, 0‐group fish) in Arctic Ocean waters to the west and north of Svalbard, Norway. The R code summarizing our proposed numerical procedure is presented in S4S1.",2024,https://doi.org/10.1002/env.2867,article,https://onlinelibrary.wiley.com/doi/pdfdirect/10.1002/env.2867,Hiroko Kato Solvang; Shinpei Imori; Martin Biuw; Ulf Lindstrøm; Tore Haug,Bayesian Modeling and Causal Inference; Marine and fisheries research; Statistical Methods and Applications,Artificial Intelligence; Global and Planetary Change; Statistics and Probability,https://onlinelibrary.wiley.com/doi/pdfdirect/10.1002/env.2867,2,205
"Seismicity in the Bransfield Strait, Antarctica, using temporal Ocean Bottom Seismographs data","The Bransfield Basin, located between the South Shetland Island and the Antarctic Peninsula in Western Antarctica, is formed by slab rollback of the South Shetland Trench and complementary extensional. The region also has large and small active volcanoes like the Orca volcano. Various earthquakes have occurred due to tectonic movement and volcanic activities. Since the Mw 4.9 earthquake struck at a depth of 10 km in the vicinity of South Shetland Islands on 29 August 2020 (USGS), moderate earthquakes have constantly been reported adjacent to Bransfield Basin like an earthquake swarm.The Extreme Geoscience Team (EGG) at the Korea Polar Research Institute (KOPRI) has been operating a seismic station at the King Sejong station. Other countries have been running their seismic stations in the South Shetland Islands, such as the Antarctic Seismographic Argentinean Italian Network (ASAIN) and Chilean seismic stations, to monitor local earthquakes associated with back-arc spreading and submarine volcanic activities in this area. However, these seismic stations are located on the islands, and the inter-station distance is over 50 km. To make up for the poor coverage of seismic stations, we installed 5 OBSs in the earthquake swarm area between 2020 and 2021.Using cross-correlation with onland seismic data and OBSs data, we conducted the template matching analysis and detected 67,952 events from August 29, 2020, to December 31, 2021. We relocated 2,313 epicenters of the seismic events by manually picking the first arrival of the P-wave. We found that the earthquake swarm&amp;#8217;s epicenters were mainly concentrated in the central basin of the Bransfield Strait.We categorize the characteristics of the earthquake near Bransfield Basin. We will contribute to understanding the dynamics and evolution of subduction zones in Bransfield Basin.&amp;#160;",2024,https://doi.org/10.5194/egusphere-egu24-1332,preprint,https://doi.org/10.5194/egusphere-egu24-1332,Jinhoon Jung; Yongcheol Park; Won Sang Lee; Seewon Park,Methane Hydrates and Related Phenomena; Seismic Imaging and Inversion Techniques; Hydrocarbon exploration and reservoir analysis,Environmental Chemistry; Geophysics; Mechanics of Materials,NA,1,206
Evidence of sociality and group foraging in Antarctic minke whales (Balaenoptera bonaerensis),NA,2024,https://doi.org/10.1007/s00265-024-03481-4,article,NA,Jenny Allen; David E. Cade; Caroline Casey; Sarah Weindorf; David W. Johnston; Jacob M. J. Linsky; Jeremy A. Goldbogen; Doug P. Nowacek; Ari S. Friedlaender,Marine animal studies overview; Arctic and Antarctic ice dynamics,Ecology; Atmospheric Science,NA,2,207
Antarctic krill and ecosystem monitoring survey off the South Orkney Islands in 2018,"Environmental monitoring along 5 set transect lines off South Orkney Islands in the Southern Ocean have been carried out annually (since 2011) by the Institute of Marine Research, Norway. Data are used to calculate biomass of Antarctic krill (Euphausia superba) as well as mapping distribution and demographic composition of krill, but also other macrozooplankton and fish taxa. Visual sightings of cetaceans and pinnipeds are registered systematically along the transects during daylight hours. During this year's survey, a pilot photo-drone project was also undertaken to investigate the potential of employing this type of technology to monitor body-size of individual whales to form the basis for calculating energetics and prey needs. Personnel were also deployed on Powell Island with breeding chinstrap penguins to satellite-tag penguins. At the same time, we maneuvered an unmanned sail drone, fitted with an echosounder, via satellite communication into what is known to be the preferred feeding area for chinstraps that breed at Powell Island. This data will be used to study swarm types in relation to penguins foraging strategies as well as assessing potential spatiotemporal overlaps with fisheries. Herein we report on the survey activities from 2023 and present some preliminary results.",2018,NA,report,http://hdl.handle.net/11250/2560283,Bjørn A. Krafft; Georg Skaret; Ludvig Ahm Krag; Ronald Pedersen,Arctic and Russian Policy Studies; Food Industry and Aquatic Biology; Indigenous Studies and Ecology,Sociology and Political Science; Food Science; General Health Professions,NA,1,208
"The Portuguese industrial pelagic longline fishery in the Northeast Atlantic: Catch composition, spatio-temporal dynamics of fishing effort, and target species catch rates","The multispecific and highly dynamic nature of pelagic longline fisheries demands a holistic view that will likely benefit the development of effective management strategies. This study aims to provide an integrated perspective of the Portuguese longline fishery targeting swordfish Xiphias gladius and blue shark Prionace glauca in the Northeast Atlantic, regarding fishing dynamics, target species catches and associated bycatch. Data from 896 observed fishing sets (887,641 hooks) collected between 2015 and 2020 were used in a cluster analysis to group sets according to the target species. These sets were investigated for spatio-temporal patterns, and the relationship between target species catches and environmental and operational characteristics were examined using generalized additive mixed models (GAMM). A total of 46,306 individuals from 54 species (30 fish, 11 sharks, 2 manta rays, 6 cetaceans, 2 sea turtles and 2 seabirds) were recorded. Swordfish and blue shark comprised over 88.3% of the total catch in numbers (33.6% and 54.7%, respectively). Overall, most of the fishing effort occurred west off mainland Portugal, congregated during autumn when vessels targeted mostly swordfish, and dispersed over the region during spring and summer, when vessels targeted mostly blue shark. The bycatch of sea turtles and a relatively higher diversity of bony fish species, yet low catch in terms of abundance, appeared more associated with sets identified as targeting swordfish. Recorded catch of tunas Thunnus spp. and pelagic sharks, such as the shortfin mako Isurus oxyrinchus and the porbeagle Lamna nasus, were more associated with blue shark sets. Bigeye thresher Alopias superciliosus, thresher Alopias vulpinus, pelagic stingray Pteroplatytrygon violacea and lancetfish Alepisauros ferox were found equally associated with both targeted species. Management strategies for the region are discussed in light of these new findings.",2023,https://doi.org/10.1016/j.fishres.2023.106730,article,https://doi.org/10.1016/j.fishres.2023.106730,Hugo Parra; Christopher K. Pham; Miguel Machete; M. Begoña Santos; Karen A. Bjorndal; Frédèric Vandeperre,Marine and fisheries research; Ichthyology and Marine Biology; Coral and Marine Ecosystems Studies,Global and Planetary Change; Nature and Landscape Conservation; Ecology,NA,15,209
Population structure of Southern Hemisphere humpback whales,"The humpback whale was almost driven to extinction by commercial whaling in the Southern Ocean. Little is known about the degree of interchange among the remaining Southern Hemisphere populations. This thesis aimed to assess the connectivity among breeding grounds, feeding areas and migratory corridors of humpback whales using mitochondrial and nuclear DNA markers. The population structure of humpback whale populations in breeding grounds across the South Pacific and eastern Indian oceans was investigated, with an interest in the origins of whales in eastern Polynesia, using an extensive collection of mitochondrial DNA (mtDNA) sequences (n = 1,112; 470 base pairs in length). Samples were obtained from living whales at six breeding grounds: New Caledonia, Tonga, Cook Islands, French Polynesia (Society Islands), Colombia and western Australia. We found significant differentiation, at both the haplotype and nucleotide level, among the six breeding grounds (FST = 0.033; ΦST = 0.022) and for most pair-wise comparisons. The differentiation of the eastern Polynesia&#13;\nhumpback whales is consistent with the hypothesis of a relic subpopulation, rather&#13;\nthan vagrancy or colonization from known neighbouring breeding grounds. Regardless of their origin, it seems probable that islands of eastern Polynesia are now the primary breeding grounds for humpback whales feeding in the management Area VI (170°W – 120°W) of the Antarctic, as defined by the International Whaling Commission.&#13;\nA population of humpback whales migrates along the western South American coast, with breeding grounds mainly off Colombia and Ecuador and feeding areas off the western coast of the Antarctic Peninsula and in the channels and fjords ofsouthern Chile. We analysed the genetic relationship between humpback whales from these two summer feeding areas of the eastern South Pacific population to assess the potential heterogeneity in the migratory pattern of the population. We compared mitochondrial DNA control region sequences from 132 whales from the Antarctic Peninsula and 52 whales from the Magellan Strait areas. An AMOVA&#13;\nshowed significant differences between the two feeding areas (FST = 0.180; ΦST =&#13;\n0.169). A phylogenetic analysis showed both areas are represented in the AE clade that is only found in the Southern Hemisphere in the Colombian breeding ground. Genetic and previous demographic data (based on photo-identification) strongly suggest that both feeding areas are related to the same breeding ground but that heterogeneity exists among the feeding areas of this population, similar to that observed in the North Pacific and North Atlantic populations of humpback whales.Humpback whales migrating through eastern Australia and New Zealand have been linked with those breeding off northeastern Australia, New Caledonia, Fiji&#13;\nand Tonga, forming a single stock (Breeding Stock E). We investigated the relationship between the New Caledonian and Tongan breeding grounds, based on interchange of individual whales (genetically identified) and population genetic differentiation (mitochondrial DNA control region sequences and nuclear DNA microsatellites). We found significantly higher recapture probabilities within each breeding ground compared to the recapture probability between them using&#13;\ngenetic identification, and significant differences at the population level in the FST and ΦST for mitochondrial and nuclear markers. These analyses suggest differentiation among the Breeding Stock E, supporting a proposed sub-stock division for New Caledonia (E2) and Tonga (E3). Historically, humpback whales off New Zealand coasts were caught during their migratory journeys between Antarctic feeding areas and tropical breeding grounds in the South Pacific. Here we investigated the genetic diversity of New Zealand humpback whales, comparing mitochondrial DNA control region sequence data with that from breeding grounds across the South Pacific (New Caledonia, Tonga, Cook Islands, French Polynesia and Colombia) and eastern Indian (western Australia) Oceans. We analyzed 30 samples collected around New Zealand, revealing 20 haplotypes. All haplotypes were found in New Caledonia and some were also found in other breeding grounds. New Zealand humpback whale haplotype diversity and nucleotide diversity were similar to those from the compared breeding grounds, but were significantly different at haplotype level&#13;\nfrom the Cook Islands, French Polynesia and Colombia breeding grounds. We found significant differences at haplotype level with the same three locations when a pair-wise AMOVA was performed. Three breeding grounds (western Australia, New Caledonia and Tonga) did not show significant differences at either nucleotide or haplotype levels. This genetic evidence and the available demographic data suggest a closer relationship of the New Zealand stock with New Caledonia and to a lesser extent with Tongan whales, supporting New Zealand as a primary migratory corridor for the humpback whales breeding in these western Pacific Islands.",2008,NA,article,NA,Carlos Olavarría,Marine animal studies overview; Marine and coastal plant biology,Ecology; Oceanography,NA,5,210
"Seismic exploration of the sea floor using fin whale songs and seismic airguns in the Bransfield Strait, Antarctica","Abstract The use of seismic airguns has an environmental impact that is especially intense in relation to marine mammals. As a result, new techniques are being explored to replace or complement this tool. In this study, we test our ability to obtain seismic information about the shallow seafloor structure using fin whale songs as an alternative seismic source. We analyse data collected by ocean-bottom seismometers deployed around Orca volcano in the Bransfield Strait, Antarctica, in 2019. We detected fin whale calls and designed an algorithm to calculate their locations and origin times. We used a relative approach to reduce location uncertainty based on the similarity of waveforms between consecutive calls. We were able to calculate the trajectory of a fin whale that crossed over Orca volcano. Strikingly, the whale path coincided partially with a multi-channel seismic profile carried out with airgun shots. This coincidence allowed us to investigate the performance of the whale calls as seismic sources, comparing them to the almost co-located airgun profile. We constructed receiver gathers using both whale calls and airgun shots. The main features of the whale call sections are consistent with the results obtained using the airgun source. We conclude that although this method has some drawbacks, such as the unpredictable behaviour of whales and the smaller power and lower resolution capabilities of the whale calls compared to the airgun surveys, it is still a feasible alternative as a complement for active-source seismic studies in the marine environment.",2025,https://doi.org/10.1017/s0954102025100163,article,https://www.cambridge.org/core/services/aop-cambridge-core/content/view/0392E823B835107093EC92FEA49BB811/S0954102025100163a.pdf/div-class-title-seismic-exploration-of-the-sea-floor-using-fin-whale-songs-and-seismic-airguns-in-the-bransfield-strait-antarctica-div.pdf,Rosa María Vergara-González; Javier Almendros; Teresa Teixidó,Marine animal studies overview; Underwater Acoustics Research; Arctic and Antarctic ice dynamics,Ecology; Oceanography; Atmospheric Science,https://www.cambridge.org/core/services/aop-cambridge-core/content/view/0392E823B835107093EC92FEA49BB811/S0954102025100163a.pdf/div-class-title-seismic-exploration-of-the-sea-floor-using-fin-whale-songs-and-seismic-airguns-in-the-bransfield-strait-antarctica-div.pdf,1,211
A review of Southern Hemisphere humpback whaling by period and catch location,"Comprehensive Assessments of the seven Southern Hemisphere humpback whale (Megaptera novaeangliae) breeding stocks require an understanding of their respective catch histories. A lack of information on humpback whale catches from American, British and French open‐boat (or pre‐modern) pelagic and land‐based whaling from 1760 to the late 1920s from some fleets precludes detailed estimations of catch histories from this era. We therefore provide a review of the whaling of the species across the Southern Hemisphere by modern whaling period, during which some 215,928 humpback whales are estimated to have been taken between 1903 and 1973, comprising land‐based, moored floating factory, and both regulated and unregulated illegal pelagic whaling. Between 1904 and 1914, humpback whales were the main catch at South Georgia and the South Shetland Islands, while, at further Southern Ocean land stations, catch efforts were carried out from the South Orkney, the South Sandwich and Kerguelen Archipelagos, with more limited success. Off the coasts of South America, humpback whales were taken off the west coast and from the Brazilian coast between 1905 and 1963. Southern African catch records show extensive humpback catches from whaling stations across the coast from Madagascar to Gabon from 1908 to 1963, as do catch records from Australia and New Zealand across the same period. A rapid growth in pelagic whaling across the Southern Ocean from 1923 onwards resulted in extensive humpback catches until 1963, despite significant temporal and spatial restrictions. Although humpback whales were totally protected across the Southern Hemisphere by the International Whaling Commission from October 1963, the Soviet Union fleets violated catch and reporting regulations from 1947 to 1973, resulting in significant illegal catches. Additional unregulated catches were made by the Olympic Challenger fleet between 1950 and 1955 in the Antarctic and off the west coast of South America. The information compiled in this review is critical to the evaluation of the whaling impact on each breeding stock, and for future status assessments of the species, and can provide evidence of the historical distributions of the species in breeding and feeding grounds.",2024,https://doi.org/10.47536/jcrm.v25i1.859,review,https://journal.iwc.int/index.php/jcrm/article/download/859/767,Elisa Seyboth; S. Paarman; Cherry Allison; Jan‐Olaf Meynecke; Jessie De Bie; Ken Findlay,Marine animal studies overview; Arctic and Antarctic ice dynamics; Underwater Acoustics Research,Ecology; Atmospheric Science; Oceanography,https://journal.iwc.int/index.php/jcrm/article/download/859/767,1,212
Observations on Marine Mammals and Seabirds in the Antarctic: Ecological Fingerprints of Seaside Distributions during the 79th Voyage of the R/V Akademik Mstislav Keldysh,"A survey of the expedition on the R/V Akademik Mstislav Keldysh in the waters south of the southernmost tip of Argentina, in the Drake Passage, as well as in the vicinities of the Antarctic Peninsula, the Scotia Sea, and the northern part of the Weddell Sea, was undertaken during two trips: January 16–February 6 (hereafter, January) and February 8–March 3 (hereafter, February), 2020. We propose a new method for analyzing the results of ecological studies and, based on this method, present new information on the ecology and spatial distribution of marine mammals and seabirds of the Antarctic. A number of marine mammal and seabird species showed similar ecological fingerprints, indicating their similar spatial distributions and the same relations to the environmental conditions regardless of their systematic position. The fin whale, the humpback whale, the snow petrel, the Adélie penguin, the Antarctic petrel, and the southern fulmar showed similar specific patterns of ecological fingerprints in January, showing the association of these species to the sea areas with icebergs and/or cut ice. In February, the allocation of the whale species to icy areas weakened what was mirrored in their ecological fingerprints, while all the above-mentioned bird species still preserved this association. The ecological fingerprints clearly circumscribe the broadness of the abiotic ecological niche occupied by individual species or species clusters. Ecological fingerprints are capable of showing changes in species distribution areas in certain periods (the southern royal albatross), in the strategy of the area usage patterns (the Antarctic fur seal), as well as in other ecological features, including those not yet considered.",2022,https://doi.org/10.1134/s1062359022080088,article,NA,С. П. Харитонов; A. V. Tretyakov; А. Л. Мищенко; N. B. Konyukhov; A. E. Dmitriev; S. M. Artemyeva; G. Yu. Pilipenko,Marine and environmental studies; Food Industry and Aquatic Biology; Environmental and Biological Research in Conflict Zones,"Oceanography; Food Science; Management, Monitoring, Policy and Law",NA,2,213
Behavioral and environmental context of Antarctic minke whale vocalizations,"Acoustic signaling is the predominant form of communication between cetaceans, and understanding the behavioral state of calling individuals can provide insights into their function. We used multi-sensor tags equipped with concurrent video and acoustic recorders to characterize the vocal repertoire and associated behavior of Antarctic minke whales around the Antarctic Peninsula. Whale vocalizations were sorted into distinct call types based on several known acoustic parameters including 90% call duration, frequency bandwidth, and frequency quartiles. Call types were then compared to concurrent video and sensor data to determine the behavioral state and environmental conditions surrounding vocalizing individuals. We found several distinct sound types ranging in frequency from 180–560 Hz, consisting of pulse trains, down-sweeps, growls, and other sound types not previously described. These sounds are produced during distinct behavioral states including foraging, traveling, socializing, and resting and are emitted both in solitary and in groups of up to five animals. Additionally, vocalizations were emitted in both open water and sea ice conditions. By combining acoustic recordings with animal-borne video, our results represent a significant advancement in our understanding of Antarctic minke whale behavior and improve our capacity to acoustically monitor this species in a rapidly changing Antarctic region.",2019,https://doi.org/10.1121/1.5136723,article,NA,Sarah Weindorf; Dave Cade; Caroline Casey; Ari S. Friedlaender; Jeremy A. Goldbogen; Emma Levy; Jacob M. J. Linsky; Douglas P. Nowacek,Marine animal studies overview; Animal Vocal Communication and Behavior; Underwater Acoustics Research,Ecology; Developmental Biology; Oceanography,NA,1,214
Stable isotope analysis of ancient and modern gentoo penguin egg membrane and the krill surplus hypothesis in Antarctica,"Abstract The ‘krill surplus’ hypothesis in Antarctica posits that the historic depletion of krill-eating whales and seals in the 18–20th centuries provided a surplus of krill in the Southern Ocean that benefited penguins. A previous study which examined stable isotopes in ancient and modern tissues of Adélie penguin ( Pygoscelis adeliae ) provides support for this hypothesis. Specifically, a significant decrease in δ 13 C and δ 15 N values occurred in modern versus ancient tissues from an apparent dietary shift from fish to krill associated with the purported krill surplus. Here, we present new data on gentoo penguin ( Pygoscelis papua ) tissues from active and abandoned colonies at three locations in the Antarctic Peninsula. We found an overall, but weak, decrease in modern versus fossil δ 15 N and δ 13 C values of gentoo penguin egg membrane with considerable variation across three breeding sites. Dietary mixing models suggest that shifts between fish and krill in gentoo penguins were likely not as strong as those previously observed in Adélie penguins. This weaker signal probably results from the greater reliance on fish in their diets, past and present, though we cannot rule out declines in primary productivity or other ecosystem shifts which also could account for declines in δ 13 C and δ 15 N values.",2013,https://doi.org/10.1017/s0954102012000740,article,NA,Steven D. Emslie; Michael J. Polito; William P. Patterson,Isotope Analysis in Ecology; Marine and fisheries research; Marine animal studies overview,Ecology; Global and Planetary Change; Ecology,NA,33,215
Fisheries interaction data suggest variations in the distribution of sperm whales on the Kerguelen Plateau,"The emergence of longline fishing for Patagonian toothfish (Dissostichus eleginoides) on the Kerguelen Plateau over the past two decades is concomitant with the development of depredation-type interactions by sperm whales (Physeter macrocephalus). Through a unique collaboration between the French and the Australian fisheries operating respectively around Kerguelen, and Heard Island and McDonald Islands (HIMI), this study preliminarily investigated the spatio–temporal variations of the rate of occurrence of sperm whale depredation on the Kerguelen Plateau. Between 2011 and 2016, sperm whales depredated toothfish on 29.1% of all longline sets and over 49.4% of the fished area. The probability of vessels to experience depredation decreased with the latitude and decreased in winter. Vessels operating in Kerguelen experienced significantly higher rates of occurrence of sperm whale depredation (33.2 ± 4.5% of sets; 48.2 ± 7.2% of the area) than vessels operating in HIMI (3.1 ± 1.2% of sets; 5.4 ± 2.0% of the area) over the 2011–2016 period, but also during any season of the year. The results suggested that heterogeneity in the distribution of sperm whales is likely a key driver of depredation. The Kerguelen Plateau fisheries represent a unique opportunity to investigate the spatial factors influencing this distribution, and therefore to predict the occurrence of depredation.",2019,NA,article,https://eprints.utas.edu.au/31734/1/135125%20-%20Fisheries%20interaction%20data%20suggest%20variations%20in%20the%20distribution%20of%20sperm%20whales%20on%20the%20Kerguelen%20Plateau.pdf,Paul Tixier; Dirk Welsford; Mary‐Anne Lea; Mark A. Hindell; Christophe Guinet; Anaïs Janc; Gaétan Richard; Nicolas Gasco; Guy Duhamel; Rhys Arangio; Maria Ching Villanueva; Lavinia Suberg; John P. Y. Arnould,Marine animal studies overview; Marine and coastal plant biology; Marine and fisheries research,Ecology; Oceanography; Global and Planetary Change,https://eprints.utas.edu.au/31734/1/135125%20-%20Fisheries%20interaction%20data%20suggest%20variations%20in%20the%20distribution%20of%20sperm%20whales%20on%20the%20Kerguelen%20Plateau.pdf,5,216
Potential Impact of Carbonate Chemistry Change (&amp;lt;i&amp;gt;p&amp;lt;/i&amp;gt;CO&amp;lt;sub&amp;gt;2&amp;lt;/sub&amp;gt;) on Krill andKrill-based Food chain in the Southern Ocean with emphasis onEmbryogenesis of Antarctic krill,"Abstract. In the Southern Ocean, it is still not certain that overall krill biomass may decline because of drastic increase in pCO2, and consequent decline in pH. However, there is evidence that ecological vacuums created by krill population collapses caused by ecosystem shifts in Western Antarctic Peninsula (WAP) region led to replacement of Antarctic krill Euphausia superba by soft-bodied salps Salpa thomsoni. There is yet another questionable hypothesis that by the end of 21st century, ocean acidification stress, coupled with thermal increase, may synergistically induce physiologically critical stress to Antarctic krill in some areas of the Southern Ocean, egg development of krill may drastically decrease and in the 23rd century krill may even become extinct. I have earlier reported on normal krill egg development in relation to thermal change and high pressure (George and Stromberg, 1985). Recent experiments on krill development under different pCO2 conditions by Kawaguchi et al. (2011, 2013) suggest that we may witness 20 to 70 % reduction in Antarctic Krill by 2100 as direct consequence of pH decline. Such a scenario may lead to demise of krill-eating top-predators like baleen whales, seals and different species of Antarctic penguin populations. We now know that Adelaide penguins are decreasing in Bransfield Strait region off of the Western Antarctic Peninsula but increasing in Ross Sea region. Such a shift in breeding colonies moving from northern to southern WAP region and Ross Sea areas is not attributed to any decline in krill biomass but recent decadal melting of sea-ice as documented by remote sensing (George and Hayden, 2017). In this paper the main focus revolves around implications of changing chemistry of the Southern Ocean caused by absorption of anthropogenic carbon dioxide.",2017,https://doi.org/10.5194/bg-2017-207,article,https://www.biogeosciences-discuss.net/bg-2017-207/bg-2017-207.pdf,Robert Y. George,Marine and fisheries research; Ocean Acidification Effects and Responses; Physiological and biochemical adaptations,Global and Planetary Change; Oceanography; Ecology,https://www.biogeosciences-discuss.net/bg-2017-207/bg-2017-207.pdf,2,217
ORCA (Antarctic Cosmic Ray Observatory): 2018 Latitudinal Survey,"A set of detectors devoted to investigate secondary cosmic rays has performed a latitudinal observation from Vigo (Spain) to Juan Carlos I Spanish Antarctic Station (Livingston Island, Antarctic Peninsula) aboard the Sarmiento de Gamboa oceanographic vessel from November $14^{th}$ to January $2^{nd}$. The experiment is split into two modules, one composed by a stack of 3NM64, three BF3 bare counters (NEMO) and a muon telescope (MITO) with a mini neutron monitor in a $20^{\\prime}$ maritime container on the Sarmiento de Gamboa$^{\\prime}$s deck and a second module (TRISTAN) consisting of a set of 3 RPC planes with a lead layer in between the second and the third plane placed in a separate temperature controlled room below the ship$^{\\prime}$s deck. The complete set of instruments is the Antarctic Cosmic Ray Observatory (ORCA) that has been be installed in the Juan Carlos I Spanish Antarctic Base in Livingston Island (Antarctica). The latitudinal survey took ORCA throughout the South Atlantic magnetic anomaly along the Brazilian coast. ORCA is able to measure fluxes of neutrons of different energies, charged particles (mostly muons) and muon incident directions on the detector surface. In this work, we present the preliminary results of the latitudinal survey.",2019,https://doi.org/10.22323/1.358.1059,article,https://pos.sissa.it/358/1059/pdf,J. J. Blanco; Óscar García-Población; Ignacio García-Tejedor; C. T. Steigies; J. Medina; Manuel Prieto; Alejandro López-Comazzi; Sindulfo Ayuso; R. Gómez‐Herrero; J. A. Garzón; Damián García‐Castro; P. Cabanelas; Almudena Gomis-Moreno; Víctor Villasante‐Marcos; B. Heber; Анна Морозова; G. Kornakov; T. Kurtukian‐Nieto; A. Blanco; L. Lopes; J.P. Saravia; Helena Krüger; Du Toit Strauss; V. G. Yanke; ORCA team,Astrophysics and Cosmic Phenomena; Solar and Space Plasma Dynamics; Dark Matter and Cosmic Phenomena,Nuclear and High Energy Physics; Astronomy and Astrophysics; Nuclear and High Energy Physics,https://pos.sissa.it/358/1059/pdf,3,218
"Colonisation of stranded whale bones by lichens and mosses at Hennequin Point, King George Island, Antarctica","ABSTRACT This paper presents the details of lichens and mosses found on whale vertebrae substratum in the Admiralty Bay area, King George Island, Antarctica. Samples were taken in the coastal area at Hennequin Point, a relict of the Antarctic whaling era. The samples were collected from the upper surface of the whale bones found in the study area during the austral summer 2010–2011. A total of 15 lichen and two moss species were found. All species sampled are known in the Admiralty Bay area, both as pioneers and in more advanced succession stages in ice-free areas. These results suggest that the colonisation of whale bones is not new for Antarctic plants, but it is an additional substrate on which these plants can develop. A map showing the distribution of colonised bones and details of the usual substrata for the lichens and mosses found in this study are provided.",2018,https://doi.org/10.1017/s0032247418000062,article,NA,Margéli Pereira de Albuquerque; Jair Putzke; Adriano Luís Schünemann; Frederico Costa Beber Vieira; Filipe de Carvalho Victória; Antônio Batista Pereira,Polar Research and Ecology; Geology and Paleoclimatology Research; Lichen and fungal ecology,"Ecology; Atmospheric Science; Ecology, Evolution, Behavior and Systematics",NA,6,219
Reference observations for validating and tuning operating models for krill fishery management in Area 48,"In 2007 WG-SAM defined a set of reference observations for validating and tuning proposed models to evaluate krill catch allocation options for Area 48 (the SAM calendar). The observations, which were endorsed by WG-EMM, were largely qualitative and relative. We used available data to translate these observations into numerical terms (the numerical calendar). We provide spatially-resolved reference points for the density of krill, and the abundance of “generic” seals, penguins and whales in 1970, 2007 and at least one intermediate year. Recent work on baleen whales indicates a higher growth rate than that suggested by WG-SAM, so the numerical calendar for this taxon deviates from the SAM calendar. The numerical calendar is a partly subjective interpretation of limited data and should not be considered a definitive description of the relevant dynamics. This exercise resulted in population sizes for several taxa that are adjusted for asynchronous observations and are potentially more suitable for initialising models than those published in Hill et al (2007).",2008,NA,article,NA,Simeon L. Hill; Jefferson T. Hinke; Éva E. Plagányi; George M. Watters,Marine and fisheries research; Marine animal studies overview; Marine Bivalve and Aquaculture Studies,Global and Planetary Change; Ecology; Global and Planetary Change,NA,4,220
"Exploring submarine Antartic volcanism: Petrologic-geochemical study of the submarine volcanoes Edifice C, Three Sisters, Orca and Gebra Seamount (Bransfield Strait, Antarctica)","Premio del curso internacional de espectometría de masas por ablación láser de la Universidad de Perugia, 2021.",2025,https://doi.org/10.14201/gredos.167267,dissertation,https://gredos.usal.es/bitstream/10366/167267/1/Polo%20S%c3%a1nchez%2c%20Antonio.pdf,Antonio Polo Sánchez,Methane Hydrates and Related Phenomena; Polar Research and Ecology; Geology and Paleoclimatology Research,Environmental Chemistry; Ecology; Atmospheric Science,https://gredos.usal.es/bitstream/10366/167267/1/Polo%20S%c3%a1nchez%2c%20Antonio.pdf,0,221
Historical perspective of Otto Nordenskjöld's Antarctic penguin fossil collection and Carl Wiman's contribution,"ABSTRACT The early explorer and scientist Otto Nordenskjöld, leader of the Swedish South Polar Expedition of 1901–1903, was the first to collect Antarctic penguin fossils. The site is situated in the northeastern region of Seymour Island and constitutes one of the most important localities in the study of fossilised penguins. The task of describing these specimens together with fossilised whale remains was given to Professor Carl Wiman (1867–1944) at Uppsala University, Sweden. Although the paradigm for the systematic study of penguins has changed considerably over recent years, Wiman's contributions are still remarkable. His establishment of grouping by size as a basis for classification was a novel approach that allowed them to deal with an unexpectedly high morphological diversity and limited knowledge of penguin skeletal anatomy. In the past, it was useful to provide a basic framework for the group that today could be used as ‘taxon free’ categories. First, it was important to define new species, and then to establish a classification based on size and robustness. This laid the foundation for the first attempts to use morphometric parameters for the classification of isolated penguin bones. The Nordenskjöld materials constitute an invaluable collection for comparative purposes, and every year researchers from different countries visit this collection.",2017,https://doi.org/10.1017/s0032247417000249,article,https://www.cambridge.org/core/services/aop-cambridge-core/content/view/E8678D759663ABEA59735E57DBBDDF5F/S0032247417000249a.pdf/div-class-title-historical-perspective-of-otto-nordenskjold-s-antarctic-penguin-fossil-collection-and-carl-wiman-s-contribution-div.pdf,Carolina Acosta Hospitaleche; Jonas Hagström; Marcelo Reguero,Paleontology and Evolutionary Biology; Ichthyology and Marine Biology; Marine animal studies overview,Paleontology; Nature and Landscape Conservation; Ecology,https://www.cambridge.org/core/services/aop-cambridge-core/content/view/E8678D759663ABEA59735E57DBBDDF5F/S0032247417000249a.pdf/div-class-title-historical-perspective-of-otto-nordenskjold-s-antarctic-penguin-fossil-collection-and-carl-wiman-s-contribution-div.pdf,10,222
"Consumption of Antarctic krill Euphausia superba by mackerel icefish, Champsocephalus gunnari off the South Orkney Islands: filling an information gap in the current ecosystem-based management approach",NA,2024,https://doi.org/10.1007/s00300-024-03270-9,article,NA,Jose Antonio Canseco; Nicolás Alegría; Edwin J. Niklitschek,Marine and fisheries research; Isotope Analysis in Ecology; Fish Ecology and Management Studies,Global and Planetary Change; Ecology; Nature and Landscape Conservation,NA,2,223
Eocene turtles and whales from New Zealand,"This thesis documents eleven specimens of Eocene turtles (Reptilia: Testudines: Dermochelyidae, Cheloniidae) and seven specimens of archaeocete whales (Mammalia: Cetacea: Basilosauridae) from New Zealand. All taxa derive from marine sediments from the New Zealand Bortonian, Kaiatan and Runangan Stages (late middle to late Eocene).&#13;\n&#13;\nThe first fossil record of the family Dermochelyidae (genus Psephophorus) from the Southern&#13;\nHemisphere is based on five specimens from the Waihao Greensand near Waimate in South Canterbury, and a dermochelyid humerus from the Burnside Mudstone near Dunedin. One large specimen from the Waihao Greensand is the holotype of the new species Psephophorus terrypratchetti Kohler, 1995b; other specimens are referred to this species. Comparisons with specimens from overseas show that the New Zealand Psephophorus fossils are distinctive in that keels are lacking on their secondary carapace, and primary carapace elements are more pronounced than in geologically younger species elsewhere. A cladistic analysis of dermochelyids, together with a new interpretation of the evolution of their secondary carapace, supports an early Tertiary origin for this group of marine turtles. Changes in the secondary armour during the late Pliocene to earliest Pleistocene are probably linked to a cooling world climate. The New Zealand Psephophorus fossils represent one of the earliest records of this genus worldwide. Elsewhere in the Southern Hemisphere, Eocene dermochelyids (undescribed) have been reported from Seymour Island, Antarctic Peninsula.&#13;\n&#13;\nOther fossil turtles from New Zealand include sparse non-dermochelyid material from the West Coast of the South Island and one specimen from the North Island (Kaipara Harbour, Northland). These fragments also indicate marine animals, which could not, however, be identified beyond family level. The New Zealand record of fossil turtles differs from the Australian record in that there are no terrestrial turtles reported from New Zealand, and no Tertiary marine turtles from Australia. This discrepancy may be explained by differences in preservation and accessibility of marine facies, but may also be due to insufficient prospecting work.&#13;\n&#13;\nCetacean fossils (archaeocetes) are known from two formations, the Waihao Greensand in South Canterbury and the Mangatu Mudstone near Gisborne in the North Island. The six specimens from the Waihao Greensand are Bortonian to Kaiatan in age; they represent animals related to the dorudontine genus Zygorhiza, and an animal more than twice as large which could not be placed within a known archaeocete group. The age for the single specimen from the North Island, which is also referred to the dorudontine genus Zygorhiza, can only be given as middle to late Eocene. The La Meseta Formation of Seymour Island represents the nearest location from which archaeocetes and Eocene dermochelyids are reported. Large, nondorudontine cetacean fossils from Seymour Island may represent the same taxon as the large archaeocete fossil from New Zealand. The New Zealand archaeocetes form, apart from an isolated find from early Lutetian strata in Senegal, the second oldest record for Dorudontinae worldwide, and one of very few substantiated records of archaeocetes in the Southern Hemisphere; they are seen as an indicator for an early colonisation of southern seas by archaic whales.&#13;\n&#13;\nBecause most of the archaeocete specimens and all but one dermochelyid derived from Bortonian to Kaiatan greensands in the Waihao River Basin, this area was mapped in detail. A fine-stratigraphy is established for the Waihao Greensand in the study area, based on two widespread index horizons, which are used to link outcrops and to establish the relative age of the different units of Waihao Greensand as exposed in different parts of this area. A depositional model for the Waihao Greensand is given, showing that the sediment was deposited during a steady rise in sea-level under tropical to subtropical conditions; it can be correlated approximately to a middle Lutetian to middle Bartonian age.",1996,NA,dissertation,NA,Richard Köhler,Marine animal studies overview; Evolution and Paleontology Studies; Ichthyology and Marine Biology,Ecology; Paleontology; Nature and Landscape Conservation,NA,5,224
The potential effects of marine habitat change on Antarctic seabirds,"The continent of Antarctica and the waters of the Southern Ocean surrounding it have substantial influence on regional and global climate processes. The principal mechanisms relate to: long-term patterns of change in sea and air temperature and ice extent, relating to the annual cycle of advance and retreat of sea ice and to the melting of ice shelves; longer distance links arising from the Southern Ocean acting as the connection between the Atlantic, Indian and Pacific Oceans, and the influence of north-flowing Antarctic bottom water on global climate and ocean/atmosphere links to tropical and more temperate processes such as the El Niño Southern Oscillation (ENSO) and the North Atlantic Oscillation (NAO). Many of these processes also contribute to generation of the nutrient-rich conditions that sustain some of the world's greatest concentrations of seabirds and seals, principally along the Antarctic Peninsula and on the sub-Antarctic Islands. Holocene palaeoclimate records and ornithogenic soil profiles and contents indicate substantial fluctuations in the presence, abundance and diet of Adelie Penguins Pygoscelis adeliae, consequent upon warming events and linked ice/glacier retreats over the last 6000 years. More recently, the successive removal of fur seals, whales and some fish species have caused major food-web perturbations. Nevertheless, the current rate of change in the climate of Antarctica suggests an unprecedented potential for changes to oceanographic processes that affect top predators like seabirds. However, very few Antarctic/sub-Antarctic bird species depend on intertidal habitats and would therefore be immediately vulnerable to rising sea-level. Nevertheless, sea-level rise could adversely affect Kelp Gull Larus dominicanus (specializing in limpets) and two regional endemics, the Antarctic Pipit Anthus antarcticus (a strandline forager in winter) and South Georgia Pintail Anas georgica (virtually confined to beaches and bays in winter when its tussock and pond habitats are snow- and ice-covered). Sheathbills Chionis spp., a family endemic to the Antarctic, also favour coastal habitats, but their versatile feeding habits (particularly as scavengers on seal and seabird colonies) and the migratory habit of the Greater Sheathbill Chionis alba should preclude any serious consequences of sea-level rise. Species restricted to life within a few kilometres of shorelines, such as Gentoo Penguin Pygoscelis papua and members of the Blue-eyed Shag Phalacrocorax atriceps agg. complex, have deep-diving capacity (to 100–150 m), linked to exploiting chiefly bentho-pelagic prey. The vertical amplitude of their niche is likely to preclude most of the envisaged effects of habitat change in the region, except that they depend to some extent on prey advected into their habitat. The many species of albatross and petrel breeding mainly at sub-Antarctic islands are usually regarded as wide-ranging across oceanic habitats. However, recent satellite-tracking studies have shown that many if not most of these species, although having vast ranges, actively forage in restricted parts of these, characterized by particular bathymetric and/oceanographic features and conditions. Shelves and shelf margins are of particular importance to some species (e.g. most penguins, Black-browed Albatross Thalassarche melanophrys, White-chinned Petrel Procellaria aequinoctialis) whereas frontal regions, especially the Antarctic Polar Front, are particularly important for Grey-headed Albatross Thalassarche chrysostoma and King Penguin Aptenodytes patagonicus. This greatly increases the likelihood that changes in nutrient availability in upwelling and frontal areas and/or shifts in oceanographic domains could have important consequences for species inhabiting sub-Antarctic islands, which cannot easily move their breeding sites as productive habitats and conditions change. From 20 years of monitoring studies at South Georgia, there is already evidence from the reproductive performance of predators of a significant change in average levels of prey (especially krill) availability and of an increased frequency of years of very low breeding success. However, the major impacts are likely to affect the ice-associated species of the Antarctic Continent and the Marginal Ice Zone (MIZ). Species extensively and/or seasonally dependent on the latter habitat (e.g. Adelie Penguin, Snow Petrel Pagodroma nivea, Light-mantled Albatross Phoebetria palpebrata, Short-tailed Shearwater Puffinus tenuirostris) may be positively (if continental breeders) or negatively (if sub-Antarctic breeders) affected by a southward shift and/or reduction in extent of the MIZ. Because of the key role of the MIZ in the reproduction and recruitment of Antarctic Krill Euphausia superba, potential changes here may also, with other oceanographic domain changes, contribute to a shift away from krill-dominated trophic pathways to those favouring copepods and mesopelagic fish, especially lantern fish Myctophidae. This would have basin-, even ocean-, wide consequences for higher predators, including seabirds. For species extensively dependent on fast ice and associated polynya (areas of open water) (e.g. Snow Petrel, Antarctic Petrel Thalassoica antarctica, Emperor Penguin Aptenodytes forsteri), changes in the duration and persistence of ice cover and of polynya could have serious consequences, even in the relatively short term. Information on the biology of such species is inadequate to assess which changes would have the most important demographic consequences. For Emperor Penguins, however, their need for persistent polynya during winter incubation, and for suitable fast ice during chick-rearing and for the autumn moult indicates significant potential vulnerability at most stages of their annual cycle and several stages of their life cycle. Although most of the Antarctic marine avifauna is likely to be able to persist or adapt, the effects on certain high-latitude ice-associated species and on others of already unfavourable conservation status (e.g. most albatrosses, some petrels and penguins) could be serious on fairly short time scales. As it is unrealistic to expect direct mitigation and management action of the effects of climate change on marine systems, this places a premium on action now in respect of highly precautionary sustainable use of existing resources (including minimizing other sources of anthropogenic mortality (e.g. fishery by-catch)), to reduce the risk of potential instability in Antarctic marine food webs.",2004,https://doi.org/10.1111/j.1474-919x.2004.00332.x,article,https://onlinelibrary.wiley.com/doi/pdfdirect/10.1111/j.1474-919X.2004.00332.x,John P. Croxall,Avian ecology and behavior; Marine animal studies overview; Isotope Analysis in Ecology,Ecology; Ecology; Ecology,https://onlinelibrary.wiley.com/doi/pdfdirect/10.1111/j.1474-919X.2004.00332.x,10,225
Bone-eating worms and wood-eating bivalves: characterising the ecology of deep-sea organic falls from multiple ocean basins,"Large organic inputs to the deep seafloor such as the remains of whales or pieces of wood are termed ‘organic falls’. Despite over 30 years of research on these interesting deep-sea habitats, we still have only a basic understanding of their taxonomic composition and for some ocean basins, no natural or experimental studies have ever been conducted. The degree of connectivity between these isolated habitats, as well as how quickly organic matter is remineralised by specialist organic-fall fauna (e.g bone-eating Osedax worms and wood-eating Xylophaga molluscs) is poorly known.<br/><br/>In this thesis, I report the discovery of the first Antarctic whale fall and the diverse assemblage of fauna encrusting it (Chapter 2). The microdistribution of fauna on the whale bones provided evidence for the ‘oil-gradient’ hypothesis that more lipid-rich bones support a greater abundance of sulfophilic bacterial mats, which are also correlated with the abundance of grazing fauna. The abundance of Osedax species on bones however, showed a negative correlation with the bacterial-mat cover, and hence the greatest abundance was on bones predicted to have the lowest lipid content. The Osedax species discovered were investigated in detail (Chapter 3) and revealed two new species and a third previously-known species; Osedax rogersi sp. nov., Osedax crouchi sp. nov. (described in this thesis and associated paper) and Osedax antarcticus. The new species, O. crouchi as well as another new species, Osedax nordenskioeldi sp. nov. (also described in this thesis and associated paper) and Osedax antarcticus were also found on implanted whale bones off Smith Island in the Bransfield Strait. These two localities are approximately 1800 km apart demonstrating the remarkable dispersal capability of species within this genus.<br/><br/>As well as the Antarctic study, I report on wood and bone-colonisation experiments on the Southwest Indian Ridge at two seamounts. A large number of species were found colonising the deployments; 53 species at Coral Seamount and 38 species at Atlantis Bank seamount with only 11 species in common and several putative new species present. Apart from Xylophaginae and Idas bivalves, few organic-fall specialists were present, possibly as there were major differences between the two seamounts suggesting that there were barriers to dispersal (Chapter 4). The wood deployments from each seamount were investigated in further detail using X-ray micro-computed tomography to examine the nature of intact Xylophaga borings, the comparative abundances and population size structures of the species, their rates of growth and their consumption rates of wood (Chapter 5). Two more sets of samples from the Mid-Cayman Spreading Centre and the Tongue of the Ocean, Bahamas were scanned also. The wood at each deployment site was colonized by a different species of Xylophaga. This novel analysis has shown that an individual Xylophaga can bore between 0.235 and 0.606 cm3 of wood per year depending on the species, emphasising the importance of the genus Xylophaga with regard to wood remineralisation in the deep sea and its role as an ecosystem engineer.",2014,NA,dissertation,https://eprints.soton.ac.uk/361854/1/Amon%252C%2520Diva_PhD.pdf,Diva J. Amon,Marine Biology and Ecology Research; Marine and environmental studies; Ocean Acidification Effects and Responses,Oceanography; Oceanography; Oceanography,https://eprints.soton.ac.uk/361854/1/Amon%252C%2520Diva_PhD.pdf,6,226
Plankton and nekton community structure in the vicinity of the South Sandwich Islands (Southern Ocean) and the influence of environmental factors,"The South Sandwich Islands (SSI) are a biologically productive archipelago situated in the eastern Scotia Sea to the south of the eastward flowing Antarctic Circumpolar Current (ACC). The islands support important populations of higher predators, including several penguin species, seals and humpback whales. Despite this, the plankton ecology of the region has been little studied and information on mesoscale structure and environmental forcing of plankton ecology is particularly limited. We conducted a comprehensive oceanographic and net sampling campaign during the CCAMLR Area 48 Survey (January and February 2019), incorporating phytoplankton, mesozooplankton and macrozooplankton/nekton. Satellite chlorophyll-a (chl-a) data showed the development of a large bloom that was initiated two months prior to our study period at the south-eastern edge of the archipelago and propagated northwards along the eastern side, limited to the east by mesoscale features associated with the southern boundary of the ACC (SB). Multivariate cluster analysis revealed distinct mesoscale structure within the plankton community, with four spatially defined groups of phytoplankton and macrozooplankton/nekton, and three cluster groups of mesozooplankton. North of the SB, we found some spatial congruence between the three plankton assemblages, with a distinct, spatially coherent, cluster in each, corresponding to a warmer water community. Here, biomass was dominated by mesozooplankton, particularly calanoid copepods Rhincalanus gigas, Calanus propinquus, C. simillimus and Euchaetidae. The corresponding phytoplankton community was dominated by small diatoms, particularly Thalassionema spp., Pseudo-nitzschia spp., Fragilariopsis spp. and Chaetoceros spp., whilst Themisto gaudichaudii, Euphausia triacantha and myctophids were the major contributors to the macrozooplankton/nekton community. South of the SB, there was some spatial congruence between phytoplankton and macrozooplankton/nekton community structure on the western side of the archipelago, as well as on the eastern side that corresponded to the location of the bloom, but less association with mesozooplankton structure. Macrozooplankton/nekton structure was strongly driven by environmental conditions 1–2 months prior to the survey, including sea-ice distribution, surface phytoplankton concentration and productivity, whilst mesozooplankton was more tightly coupled to in-situ prevailing conditions such as surface temperature and integrated chl-a. Top-down pressure between trophic levels may have also had an influence on spatial patterns although direct evidence is lacking. Antarctic krill (Euphausia superba) was found with relatively low biomass at our net sampling sites (median biomass of 0.04 mg m−3 or &lt;0.01 g m−2) while myctophids and the euphausiid Thysanoessa spp. predominated. We suggest that the highly productive and species rich pelagic community of the SSI supports multiple trophic pathways, and that off-shelf these may operate independently of Antarctic krill.",2022,https://doi.org/10.1016/j.dsr2.2022.105073,article,https://doi.org/10.1016/j.dsr2.2022.105073,Cecilia M. Liszka; Sally Thorpe; Marianne Wootton; Sophie Fielding; Eugene J. Murphy; Geraint A. Tarling,Marine Biology and Ecology Research; Marine and coastal ecosystems; Marine and fisheries research,Oceanography; Oceanography; Global and Planetary Change,NA,9,227
Changes in plant communities and soil attributes in the “Cousteau’s whale bone skeleton” tourist attraction area in Keller Peninsula after 48 years,"Ice-free areas of Antarctica represent an important study region that helps us understand how human activity affects plant communities and soil properties. The goal of this study was to determine the changes in plant composition and soil properties around a whale bone skeleton (WB) near Ferraz Station, King George Island, Antarctica from 1972 to 2020 (48 years). The WB was assembled in 1972 by Jacques-Yves Cousteau and his team. It is located in a large moss field and visited by many tourists. We studied the plant composition and development based on historical and recent photographs and phytosociological studies from 1986 to 2020. The soil was sampled in February 2009 to determine general properties. The results showed that human activity surrounding the WB directly affected the plant community composition and soil properties. The Syntrichia cushions were positively affected by the calcium deposits from bone dissolution. The principal component analysis revealed that mineralization of the bones increased soil nutrient assembly. A strong phosphatization process was observed in the WB area, similar to that in ornithogenic soils. The WB on the marine terrace enhanced soil fertility and changed the plant community.",2022,https://doi.org/10.1590/0001-3765202220191467,article,https://www.scielo.br/j/aabc/a/SjPwbZXhrwg5fXwCKsP48XB/?lang=en&format=pdf,Jair Putzke; Carlos Ernesto Gonçalves Reynaud Schaefer; André Thomazini; Márcio Rocha Francelino; ADRIANO L. SCHÜNNEMAN; Frederico Costa Beber Vieira; Marisa Terezinha Lopes Putzke; Daniela Schmitz; Bruna Lúcia Laindorf; Antônio Batista Pereira,Polar Research and Ecology; Geology and Paleoclimatology Research; Biocrusts and Microbial Ecology,"Ecology; Atmospheric Science; Ecology, Evolution, Behavior and Systematics",https://www.scielo.br/j/aabc/a/SjPwbZXhrwg5fXwCKsP48XB/?lang=en&format=pdf,5,228
Ecosystem-Based Fishery Management of Antarctic Krill (Euphausia superba) to Support Baleen Whales and other Predators Production Adapted for Potential Climate Change Effects,"Antarctic krill is an important component of the zooplankton production in the Southern Ocean and is a major food source for baleen whales. The role of commercial fishing and predation by whales on Krill abundance has been investigated here using the innovative ecosystem-based fishery management, EBFM which maintains the krill to whale food web ecosystem stability. The literature indicates the Krill fishery may have been overfished, so it was reduced to the current annual upper limit of 0.62 million tonnes for support other predators of krill, such as seals, penguins and flying sea birds. However, recent literature suggests a moderate reduction in krill catch in the Antarctic Peninsula area due to its importance for whale migration to temperate areas. The Peninsula area catch was estimated to be reduced by about 10% due to additional concerns about climate change effects on krill abundance in the Southern Ocean, reducing overall catch to 0.556 million tonnes, moderately higher than the maximum taken in 2022. Hence, the krill biomass fishing was reduced to allow for predation by baleen whales and other predators, giving a full ecosystem-based fishing mortality similar to that previously estimated to maintain krill production in the Southern Ocean.",2025,https://doi.org/10.14302/issn.2637-6075.jpae-25-5464,article,https://doi.org/10.14302/issn.2637-6075.jpae-25-5464,Bruce R. Hodgson,Marine animal studies overview; Marine and fisheries research; Marine Bivalve and Aquaculture Studies,Ecology; Global and Planetary Change; Global and Planetary Change,NA,1,229
Long haul,NA,2007,https://doi.org/10.1016/j.cub.2007.04.009,article,http://www.cell.com/article/S0960982207012493/pdf,Nigel Williams,Marine animal studies overview,Ecology,http://www.cell.com/article/S0960982207012493/pdf,1,230
Persistent organic pollutants and fatty acids in humpback whales: Antarctic and Chilean feeding and Brazilian breeding sites,NA,2024,https://doi.org/10.1016/j.scitotenv.2024.178170,article,NA,Cristian Taboada Timoszczuk; Satie Taniguchi; Josilene da Silva; Leonel Pereira; Luciano Dalla Rosa; Eduardo R. Secchi; Javier Negrete; João Carlos Gomes Borges; Salvatore Siciliano; Paula Baldassin; Jorge Acevedo; Anelio Aguayo‐Lobo; Pedro Fruet; Márcia Caruso Bı́cego; Rafael André Lourenço,Marine animal studies overview; Arctic and Antarctic ice dynamics,Ecology; Atmospheric Science,NA,1,231
The influence of biopsy site and pregnancy on stable isotope ratios in humpback whale skin,"Abstract Rationale Stable isotope analysis (SIA) of free‐swimming mysticetes using biopsies is often limited in sample size and uses only one sample per individual, failing to capture both intra‐individual variability and the influence of demographic and physiological factors on isotope ratios. Methods We applied SIA of δ 13 C and δ 15 N to humpback whale ( Megaptera novaeangliae ) biopsies taken during the foraging season along the western Antarctic Peninsula to quantify intra‐individual variation from repeatedly sampled individuals, as well as to determine the effect of biopsy collection site, sex, and pregnancy on isotope ratios. Results There was substantial variability in δ 13 C from multiple biopsies taken from the same individuals, though δ 15 N was much more consistent. Side of the body (left versus right) and biopsy location (dorsal, anterior, ventral, and posterior) did marginally affect the isotopic composition of δ 15 N but not δ 13 C. Pregnancy had a significant effect on both δ 13 C and δ 15 N, where pregnant females were depleted in both when compared to non‐pregnant females and males. Conclusions These results indicate that isotopic signatures are influenced by multiple endogenous and exogenous factors and emphasize value in accounting for intra‐individual variability and pregnancy status within a sampled population. Placed within an ecological context, the endogenous variability in δ 13 C observed here may be informative for future isotopic analyses.",2024,https://doi.org/10.1002/rcm.9746,article,https://onlinelibrary.wiley.com/doi/pdfdirect/10.1002/rcm.9746,Devin C. Fraleigh; Logan J. Pallin; Ari S. Friedlaender; Jay Barlow; Annette E. Henry; Danielle M. Waples; Teris Oglesby; Alyson H. Fleming,Marine animal studies overview; Isotope Analysis in Ecology; Marine and coastal plant biology,Ecology; Ecology; Oceanography,https://onlinelibrary.wiley.com/doi/pdfdirect/10.1002/rcm.9746,1,232
Quantifying photogrammetric accuracy for measuring humpback whales using Unmanned Aerial Systems,"Photogrammetry is the practice of obtaining accurate and valid measurements from 2D images. This practice can be useful in applications where it is dangerous or difficult to reach the target. In recent years, this practice is becoming more common in the marine science field to measure large and potentially dangerous marine mammals. Even more recently, Unmanned Aerial Systems (UAS) technology is being utilized to further minimize the dangers to humans, as well as to decrease the disturbance to animals\nTo establish the accuracy of measurements taken from aerial imagery with UAS technology, this study calculates the distortion values from 3 different cameras, on three different UAS platforms. Lens correction values were calculated for images taken with the three cameras, a GoPro 4 Black, an Olympus E-pm2, and a Sony a5100. These lens correction values were then applied to images taken on the ground of a wooden board approximately 99.9cm long. The static ground images were taken every 10 meters up to 50 meters, to calculate the impact that distance and distortion has on the accuracy of photogrammetric measurements. Finally, each camera was attached to a different UAS platform, GoPro 4 Black with a 3D Robotics Iris+, Olympus E-pm2 with a Microcomputer HexaXL, and the Sony a5100 with a LemHex44. Images were taken at varying altitudes and were then able to be compared to the static ground images to quantify the impact that UAS has on the accuracy. The 3D Robotics Iris+ altitude measurements needed for photogrammetric calculations were derived solely from the onboard barometric sensor, while the MikroKopter and the LemHex44, altitude data were collected by an onboard barometric sensor as well as a Lightware SF11 pulse laser altimeter, thus allowing a comparison of the improved measurements obtained by using a more accurate reading of altitude.\n\tThese methods were then applied to images of humpback whales (Megaptera novaeangliae) collected in the Antarctic Peninsula in January and February of 2017 with the Sony a5100. A total of 48 individuals were measured for total length, and due to the UAS testing it is known that these measurements are within 1.664 cm of the true length of the whales. Additionally, width measurements of mother calf pairs were compared allowing for an important first step in establishing important time periods of growth and size differences in genders.",2017,NA,article,http://hdl.handle.net/10161/14118,E.A. Mason,Marine animal studies overview; Underwater Vehicles and Communication Systems,Ecology; Ocean Engineering,http://hdl.handle.net/10161/14118,1,233
Distribución de mamíferos marinos y su relación con el krill en el estrecho de Bransfield. ANTAR XXI,"The observations were made along 332.14 nm, during the Expedition Peru Antar XXI, from 15th to 22nd February 2013 along the Bransfield Strait and surroundings of Gibbs island. A total of 86 sightings of marine mammals were recorded: 55 cetaceans and 31 pinnipeds. Out of the 135 individuals of marine mammals; 96 were cetaceans and 39 were pinnipeds. The three species of cetaceans identified belonged to the Family Balaenopteridae: humpback whale (Megaptera novaeangliae), fin whale (Balaenoptera physalus) and minke whale (Balaenoptera bonaerensis). The relative abundances indices were: 0.361 individual per 10 nm observed for fin whales, 0.481 individuals per 10 nm observed minke whales and 0.840 individuals per 10 nm observed for humpback whales. The pinnipeds identified belonged to a single species of the Familiy Otariidae: Antarctic fur seals (Arctocephalus gazella), which accounted for 36.05% of the mammal sightings. Relative abundance of pinnipeds was 1.174 individuals per 10 miles observed. Humpback whales were associated with krill aggregations on top of the water column, while minke whales were associated with krill aggregations in deeper areas.",2016,NA,article,http://biblioimarpe.imarpe.gob.pe/handle/123456789/3100,Regina Aguilar; Delia Vega Valencia,Marine animal studies overview; Space Exploration and Technology,Ecology; Aerospace Engineering,NA,0,234
"Sightings of cetaceans in the Western Antarctic Peninsula during the first joint Turkish-Ukrainian Antarctic Research Expedition, 2016","During the cetacean surveys of the first Turkish-Ukrainian Antarctic Research Expedition conducted on 5-8 April 2016 in Lemaire Channel, Penola Strait, Flanders Bay, southern Gerlache Strait, and southern Neumayer Channel in the Western Antarctic Peninsula, 74 humpback whales (Megaptera novaeangliae) in 24 sightings and 11 Antarctic minke whales (Balaenoptera bonaerensis) in 6 sightings were recorded. The overall encounter rate (number of sightings/survey effort in nautical miles) was 0.333 (0.266 for humpback whale, 0.066 for Antarctic minke whale). According to the sighting distribution, the Lemaire Channel and Penola Strait are important migration and feeding habitats for whales. Five humpback whales were photo-identified individually by natural features on their flukes; one of them had a match in the Antarctic Humpback Whale Catalogue. The matched individual was first recorded on 30 August 2007 at Salinas, Ecuador.",2017,NA,article,https://figshare.com/articles/journal_contribution/Sightings_of_cetaceans_in_the_Western_Antarctic_Peninsula_during_the_first_joint_Turkish-Ukrainian_Antarctic_Research_Expedition_2016/20607705,Bayram Öztürk; Mehmet Tonay; Melike Öz; İ. Noyan Yılmaz; Halim Aytekin Ergül; Ayaka Amaha Öztürk,Marine animal studies overview,Ecology,NA,0,235
II.—Observations on the Auditory Organ in the Cetacea,"Early in September of this year I received from the Falkland Islands a box, dispatched by Mr G. Millen Coughtrey, a former student of the University, now an employé in the New Zealand Whaling Company. It contained a number of specimens which illustrated the anatomy of the auditory apparatus in the Cetacea. The whales were caught in the South Atlantic, mostly at South Shetland, though some were from Graham's Land, at which place he had been whaling last season.",1914,https://doi.org/10.1017/s0370164600013225,article,NA,W. E. S. Turner,Marine animal studies overview,Ecology,NA,2,236
Extremophilic Life in Our Oceans as Models for Astrobiology,"Earth harbors vast ecosystems that support life (psychrophilic, barophilic and chemosynthetic) adapted to conditions that may occur on other planets in the universe. We define organisms that inhabit severe ecosystems as extremophiles whether this life persists on Earth or other planets. The Southern Ocean harbors marine life which has adapted to near-freezing conditions, coupled with new low oxygen zones that can lead to hypoxic zones as in the upwelling low-latitude areas of the eastern edges of the world's oceans. In my research in the Southern Ocean around Antarctica, I encountered austral summer blooms of diatoms and vast biomass of krill aggregations (swarms) along the western Antarctic Peninsula (WAP); but now krill and its predators (penguins, baleen whales and seals) are threatened by the rapid warming of recent decades and further adversely impacted by formation of low pH and low oxygen zones in the deep water column of the Amundsen Sea, where ice shelves melted (1973–2003), creating the new Elizabeth City State University Bay. Secondly, in the past four decades we have also discovered unique hydrothermal warm deep-sea chemosynthetic communities and cold seepage ecosystems with peculiar marine life adapted to a toxic marine environment. This chapter discusses how life originated, and comments on the evolution of life that perhaps exists on planets other than Earth. A third ecosystem discussed in this chapter is the so-called ultra-abyssal or hadal zone that supports unique fauna in extreme depths (6,000–10,000 meters) and, therefore, under perpetual hyperbaric conditions in the trenches of the world's oceans. This chapter also focuses on the Puerto Rico Trench, the only trench in the North Atlantic Ocean. Climate-change-induced processes may even slow down major ocean currents such as the Antarctic bottom water (AABW) flowing into the lower hadal or ultra-abyssal zone at a depth greater than 8000 meters in the Puerto Rico Trench, with potential creation of hypoxic hadal zones at extreme ocean depths.",2020,https://doi.org/10.1002/9781119593096.ch7,other,NA,Robert Y. George,Marine Biology and Ecology Research; Polar Research and Ecology; Microbial Community Ecology and Physiology,Oceanography; Ecology; Ecology,NA,2,237
Public Perception of Cetacean Conservation in the DC Metropolitan Area,"This study aims to assess the knowledge, attitudes, and perceptions held by the public about cetaceans (whales, dolphins and porpoises) and the conservation issues they are facing. The District of Columbia metropolitan area served as the sample area and residents were the focal population for these assessments. The survey was conducted via face-to-face interviews using a standardized questionnaire. The main questions asked were: 1. What did the survey respondents perceive to be the greatest threats to cetacean populations? 2. What was the effect of demographic factors such as age, gender, education level, political leaning, and profession on level of basic knowledge about cetaceans? 3. What is the effect of age, gender, education level, political leaning, and profession on support for marine conservation and education legislative initiatives? The eight threats that the largest percentage of respondents (N=260) listed as a “serious threat” included: commercial whaling (49.6%); entanglement in fishing gear (38.1%); marine litter/debris (53.1%); introduction of exotic species (31.2%); bacteria/viruses from sewage (48.1%); oil spills (58.1)%; loss of coral reefs (39.2%); lack of political interest (38.1%); and climate change (37.7%). A majority of participants did not know that the United States conducts any kind of whaling - 81.5% were unaware of aboriginal whaling in Alaska. Neither could participants correctly identify the most endangered whale and porpoise species in North America (88.9%, 90.4% failed, respectively) or the world (93.1%, 96.9% failed, respectively). About three-quarters (77.7%) of participants had not heard of the US Marine Mammal Protection Act. Respondent participation in water-borne activities was the factor most strongly associated with more pro-cetacean behavior and higher levels of knowledge about cetaceans. Age was also found to be correlated with behavior toward cetaceans, with increasing age showing less pro-cetacean behaviors (such as supporting cetacean conservation legislation). A higher average level of knowledge was also found to be correlated with more pro-cetacean attitudes and behaviors. In order to minimize the impacts that human actions and behaviors have on cetaceans, it is important to understand the current level of knowledge and perception of cetacean conservation issues held by the public, policy makers, and managers. The results of this study will provide useful information for management and decision-making communities involved in marine conservation efforts. The low levels of knowledge observed in this study indicate that increased efforts to educate the public about cetaceans, and the conservation issues they are facing, may be needed in order to increase support for more cetacean conservation legislation and initiatives.",2016,https://doi.org/10.13021/mars/7196,dissertation,https://doi.org/10.13021/mars/7196,Kristen Donahue,Marine animal studies overview; Indigenous Studies and Ecology; Animal Vocal Communication and Behavior,Ecology; General Health Professions; Developmental Biology,NA,1,238
"MITO, a new directional muon telescope design. First observations","The Muon Impact Tracer and Observer (MITO) is a new cosmic ray detector, part of the Antarctic Cosmic Ray Observatory (ORCA), recently deployed by the University of Alcalá at the Juan Carlos I Spanish Antarctic Station (JCI) on Livingston Island, Antarctic Peninsula (S62º39’46”, W60º23’20”, 12 m asl). MITO is composed of two stacked 100 cm x 100 cm x 5 cm BC-400 organic scintillators, eight photomultiplier tubes (PMTs) with corresponding light guides, a 16 cm lead separation layer, and an electronic data acquisition module able to register muon flux and pulse amplitude data. The goal of this setup is to provide a real-time estimation of the muon impact points on each scintillator and, thus, the muon arrival directions, based on the comparison of the pulse heights registered by each PMT. The electronic data acquisition module has been designed using different approaches and processing technologies (analogue and digital) producing some theoretically equivalent and redundant results which can be compared and used for better reliability. In this work we present the MITO design and discuss the preliminary results of the latitudinal survey of cosmic ray fluxes performed during its cruise aboard the Sarmiento de Gamboa oceanographic research vessel from Vigo (Spain) to the Antarctic Peninsula, from November 14th, 2018 to January 2nd, 2019.",2019,https://doi.org/10.22323/1.358.0180,article,https://pos.sissa.it/358/180/pdf,Sindulfo Ayuso; José Ignacio García Tejedor; J. J. Blanco; R. Gómez‐Herrero; Oścar García Población; J. Medina; Manuel Prieto; Alejandro López Comazzi,Astrophysics and Cosmic Phenomena; Dark Matter and Cosmic Phenomena; Neutrino Physics Research,Nuclear and High Energy Physics; Nuclear and High Energy Physics; Nuclear and High Energy Physics,https://pos.sissa.it/358/180/pdf,2,239
Project BRAVOSEIS: DEPAS ocean-bottom seismometer operations in the Bransfield Strait in 2019-2020,"BRAVOSEIS (Bransfield Volcano Seismology) is an interdisciplinary project exploring volcanism in the Bransfield back-arc basin, Antarctica. Partners from Spain (amongst others UGR, project leader), Germany (AWI, GFZ) and the US (CUNY, UW, WHOI) performed various geophysical onshore and offshore measurements in the Antarctic seasons 2017-2018, 2018-2019 and 2019-2020. A key element of the project was the operation of a large long-term amphibious network of broadband seismometer in the Bransfield Strait, on the adjoining South Sheltland Islands, and on the Antarctic Peninsula.Nine broadband coean-bottom seismometer (OBS) from the German Instrument Pool of Amphibian Seismology (DEPAS) were deployed as part of this network with RV Sarmiento de Gamboa in January 2019 (cruise SDG076). They were distributed along the entire basin, one station supplemented a dense array of short-period OBS around the Orca seamount. Eight instruments could be recovered in February 2020 with RV Hespérides (cruise HE0188), one OBS is still missing. All stations recorded data for the full deployment period. Unfortunately, the clock drift of all stations turned out to be non-linear, a skew measurement was possible for four stations only.",2021,https://doi.org/10.1594/pangaea.934130,dataset,https://doi.pangaea.de/10.1594/PANGAEA.934130,Mechita C. Schmidt‐Aursch; Javier Almendros; Wolfram Geissler,Seismic Waves and Analysis; Underwater Acoustics Research; Seismic Imaging and Inversion Techniques,Geophysics; Oceanography; Geophysics,NA,1,240
"Role of Chemosynthetic Thermophilic Communities on the Biogeochemical Cycles of Minerals in the Orca Seamount Area, Antarctica","The Orca Seamount is a submarine volcanic structure, located in a tectonic area of the Bransfield Strait, characterized by cortical extension and roll back-type subduction. Recent investigations have described the presence of hydrothermal activity and thermophilic microorganisms in this submarine volcano, raising questions regarding the role these microorganisms might play in the environment. The presence of hydrothermal activity interacting with cold Antarctic marine waters has probably exerted a great impact on the chemistry of the Orca Seamount area, providing different types of substrates capable to support complex microbial communities. In this work, we further study the Orca Seamount area with respect to the mineralogy present in this environment and the role microorganisms might play in the biogeochemical cycles. Here we show that the assemblage of minerals detected in the Orca Seamount area is like those commonly found in other hydrothermal environments, consistent with previous investigations reporting hydrothermal activity in this zone. Sulfur- and iron-bearing minerals in addition to inorganic soluble compounds are able to support chemosynthetic microbial communities inhabiting the Orca Seamount. The role of these microorganisms on the sulfur, iron, and carbon cycle is discussed and analyzed in the context of the mineralogy and conditions of the environment.",2021,https://doi.org/10.1080/01490451.2021.1966141,article,NA,Maximiliano J. Amenábar; Litsy Martinez; Maylee Yuan; Ximena Contardo; Luis Moroni Cerpa Cornejo; Cristián Rodrigo; Jenny M. Blamey,Microbial Community Ecology and Physiology; Methane Hydrates and Related Phenomena; Polar Research and Ecology,Ecology; Environmental Chemistry; Ecology,NA,1,241
"Number of the Most Abundant Sea Mammal Species in the Vicinities of the Antarctic Peninsula, Scotia Sea and Powell Basin Area","Observations were conducted from the Research Vessel “Akademik Mstislav Keldysh” in the Drake Passage, vicinities of the Antarctic Peninsula, Scotia Sea and the northern part of the Weddel Sea during two voyages in January–early March 2020 (the vessel trip number 79) and during the single voyage in January–February 2022 (trip number 87). Data allow to evaluate the number of the most abundant sea mammals in the area near South Shetland Islands, Scotia Sea and Powell Basin. Observation area of 2022 in the Antarctic were located in about 150 km eastwards of the area of 2020. The area under survey of a little bit greater than 343 th. square km in January-February 2020 held approximately 1200 Humpback Whales (Megaptera novaeangliae) and 2800 Fin Whales (Balaenoptera physalus). In 2022 this area held approximately 2500 Fin Whales and again 1200 or more amount of Humpback Whales. Numbers of the Antarctic Fur Seals in each season here assessed approximately 2000-3000 animals. Type of distribution of these two whale species along the vessel track pointed on the absence of food competition either within or between these species during Antarctic summers of 2020 and 2022. It was possible to evaluate the total numbers of the Antarctic Fur Seal (Arctocephalus gazella), however this evaluation appeared to be less precise than the same ones for Humpback Whales and Fin Whales.",2023,https://doi.org/10.31857/s0030157423040068,article,NA,С. П. Харитонов; A. V. Tretyakov; P. V. Chukmasov; A. D. Chernechky; Alexander Mischenko; N. B. Konyukhov; A. E. Dmitriev; S. M. Artemyeva; G. Yu. Pilipenko; M. S. Mamaev; L. G. Tretyakova; В. В. Рожнов,Marine animal studies overview; Bat Biology and Ecology Studies; Isotope Analysis in Ecology,"Ecology; Ecology, Evolution, Behavior and Systematics; Ecology",NA,0,242
"Number of the Most Abundant Marine Mammals Species in the Vicinities of the Antarctic Peninsula, Scotia Sea, and Powell Basin","Abstract—Observations were conducted from the R/V Akademik Mstislav Keldysh in the Drake Passage, the vicinities of the Antarctic Peninsula, the Scotia Sea, and the northern Weddell Sea during two cruises in January–early March 2020 (cruise 79) and during a single cruise in January–February 2022 (cruise 87). The data make it possible to assess the number of the most abundant sea mammals in the area near the South Shetland Islands, Scotia Sea, and Powell Basin. The 2022 observation area in the Antarctic was located about 150 km east of the 2020 area. The survey area, which was a bit larger than 343 000 km2 in January–February 2020, hosted approximately 1200 humpback whales (Megaptera novaeangliae) and 2800 fin whales (Balaenoptera physalus). In 2022, this area hosted approximately 2500 fin whales and again more than 1200 humpback whales. The numbers of the Antarctic fur seals in each season here were assessed at approximately 2000–3000 animals. The type of distribution of these two whale species along the track of the vessel indicated the absence of intra- or interspecies food competition during the austral summers of 2020 and 2022. It was possible to evaluate the total numbers of Antarctic fur seal (Arctocephalus gazella); however, this assessment appeared less precise than the same ones for humpback and fin whales.",2023,https://doi.org/10.1134/s0001437023040069,article,NA,С. П. Харитонов; A. V. Tretyakov; P. V. Chukmasov; A. D. Chernetsky; Alexander Mischenko; N. B. Konyukhov; A. E. Dmitriev; S. M. Artemyeva; G. Yu. Pilipenko; M. S. Mamaev; L. G. Tretyakova; В. В. Рожнов,Marine animal studies overview; Arctic and Antarctic ice dynamics,Ecology; Atmospheric Science,NA,0,243
The First Standardized Scoring System to Assess the Welfare of Free‐Ranging Indo‐Pacific Humpback Dolphins (<scp><i>Sousa chinensis</i></scp>),"ABSTRACT The assessment of wild animal welfare has recently gained interest and represents a novel, complementary approach to monitoring free‐ranging populations for conservation purposes. However, few attempts have been made to develop standardized welfare assessment tools for free‐ranging animals. In the present study, a preliminary scoring system for the welfare assessment of Indo‐Pacific humpback dolphins (IPHDs) was created using the Five Domains Model. During a series of online meetings, the panel established the scoring unit, the contribution of each parameter to the four physical/functional domains, the inferred mental states and impact intensity associated with each of these parameters, and the method of aggregating parameter scores within and among domains. The resulting framework includes a total of 53 parameter scores. A total of 20 welfare‐status and 33 welfare‐alerting parameters were identified; these are aggregated into two overall welfare grades for enhancement (positive experiences) and compromise (negative experiences). The panel attributed confidence scores to the intensity impact reflected by each parameter and associated mental states. As expected, these scores reflect higher confidence in welfare‐status than welfare‐alerting parameters; welfare compromise was also attributed higher confidence than welfare enhancement and Domain 1 (Nutrition) globally received higher confidence scores than other domains. As with any expert elicitation study, subjective biases likely exist; these can be reduced through further research on the suggested parameters. The framework uses current knowledge and has been developed to enable continual improvement as further evidence becomes available on various parameters. This study represents an important step in the development of a welfare assessment tool (WAT) for IPHDs. Next steps include defining measurement methods and thresholds for scoring parameter intensities, followed by reliability testing. This WAT can then be used to systematically monitor populations of IPHDs in a way that will better inform conservation measures and ensure their effectiveness.",2024,https://doi.org/10.1002/aqc.70004,article,https://onlinelibrary.wiley.com/doi/pdfdirect/10.1002/aqc.70004,Agathe Serres; Rebecca M. Boys; Ngaio J. Beausoleil; Sara Platto; Fabienne Delfour; Songhai Li,Marine animal studies overview; Animal Behavior and Welfare Studies; Cephalopods and Marine Biology,"Ecology; Small Animals; Ecology, Evolution, Behavior and Systematics",https://onlinelibrary.wiley.com/doi/pdfdirect/10.1002/aqc.70004,3,244
Whale bones: a key and endangered substrate for cryptogams in Antarctica,NA,2021,https://doi.org/10.1007/s00300-021-02944-y,article,NA,Jair Putzke; Carlos Ernesto Gonçalves Reynaud Schaefer; Pedro Manuel Villa; Pedro Henrique Araújo Almeida,Marine and coastal plant biology; Cephalopods and Marine Biology; Geology and Paleoclimatology Research,"Oceanography; Ecology, Evolution, Behavior and Systematics; Atmospheric Science",NA,1,245
Tourism in the Antarctic,"Ecotourism and adventure tours offer unique tourism opportunities in the Antarctic! Are you prepared to make the most of them?Tourism in the Antarctic analyzes tourism activities in the most remote tourist destination in the world! It establishes visitor profiles; discusses the impacts of tourism on the region; and explores barriers, opportunities, and future directions in Antarctic tourism. The emergence of ecotourism has turned Antarctica into an increasingly popular tourist destination for intrepid travelers. During the 1999/2000 season, approximately 15,000 passengers visited Antarctica by ship. Tourism in the Antarctic discusses the new and exciting opportunities for tourism business operators in the region, as well as the ramifications of increased numbers of visitors to this unique environment.In these pages, you will find discussions of issues related to Antarctic tourism including: regulation of the tourism industry under the Antarctic Treaty System, and self-regulation provided by business operators trends and predictions for numbers of visitors to the region tourist attractions that are natural, man-made, spiritual, or scientific in nature wildlife of Antarctica: seals and whales, flying sea birds, penguins, etc. international law as it relates to the region ship-based tourism opportunities from yachts and small expedition-type vessels to very large cruise ships and icebreakers air- and land-based tourism opportunities in the region from private expeditions to overflights an overview of current tourism operations in other remote areas: the Arctic region, the Galapagos Islands, Alaska, New Zealand's Sub-Antarctic Islands, and moreThe author's observations and experiences during cruises to the Antarctic Peninsula, the sub-Antarctic islands and the Ross Sea, as well as during overflights of Antarctica, are the basis of this unique volume. Generously embellished with charts and tables that make it easy to track activities, opinions, trends, and environmental statistics, this book is an essential reference for anyone teaching, studying, or planning to operate a tourism business in this part of the world.",2013,https://doi.org/10.4324/9780203048214,book,NA,Thomas Bauer,Polar Research and Ecology; Cruise Tourism Development and Management,Ecology; Transportation,NA,2,246
"Exploring and verifying the acoustic presence of southern right whales (<i>Eubalaena australis</i>) off Elephant Island, Antarctica","Passive acoustic monitoring (PAM) can be used to monitor acoustic presence and behaviour of cetaceans, providing continuous, long-term, and seasonally unbiased data. The efficiency of PAM methods, however, depends on the ability to detect and correctly interpret acoustic signals. The upcall is the most prevalent vocalization of the southern right whale (Eubalaena australis) and is commonly used as a basis for PAM studies on this species. However, previous studies report difficulties to distinguish between southern right whale upcalls and similar humpback whale (Megaptera novaeangliae) vocalizations with certainty. Recently, vocalizations comparable to southern right whale upcalls were detected off Elephant Island, Antarctica. In this study, these vocalizations were structurally analyzed, and call characteristics were compared to (a) confirmed southern right whale vocalizations recorded off Argentina and (b) confirmed humpback whale vocalizations recorded in the Atlantic Sector of the Southern Ocean. Based on call features, detected upcalls off Elephant Island could be successfully attributed to southern right whales. Measurements describing slope and bandwidth were identified as the main differences in call characteristics between species. With the newly gained knowledge from this study, additional data can be analyzed providing further insight into temporal occurrence and migratory behaviour of southern right whales in Antarctic waters.",2023,https://doi.org/10.1121/10.0019633,article,https://pubs.aip.org/asa/jasa/article-pdf/153/6/3301/18002182/3301_1_10.0019633.pdf,Svenja Wöhle; Elke Burkhardt; Ilse van Opzeeland; Elena Schall,Marine animal studies overview; Animal Vocal Communication and Behavior; Underwater Acoustics Research,Ecology; Developmental Biology; Oceanography,https://pubs.aip.org/asa/jasa/article-pdf/153/6/3301/18002182/3301_1_10.0019633.pdf,0,247
The Oxford Economic Atlas,NA,1925,https://doi.org/10.1038/116640e0,article,https://www.nature.com/articles/116640e0.pdf,,,,https://www.nature.com/articles/116640e0.pdf,2,248
"Prevalence of Oesophageal Varices in Newly Diagnosed Chronic Liver Disease Patients at The Jos University Teaching Hospital, Jos","Background : Variceal bleeding is an important complication of portal hypertension and a major cause of death in patients with chronic liver disease (CLD) world wide. This study was carried out to document the occurrence of oesophageal varices and its clinical correlates among 80 Nigerian patients with CLD. Patients and Methods: Eighty patients with CLD were stratified into three groups based on Child- Turcotte- pugh's classification for severity of CLD in a one year study. They had upper gastrointestinal endoscopy to detect and characterize varices. Results : Sixty (75%) of the patients had oesophageal varices at endoscopy with 88.3% having grade 2 or 3 varices while 73.3% had moderate/large varices. Thirty five percent of the varices had “red signs” with “red whale” markings as the predominant red sign. Gastric varices were seen in 12.5%. Variceal size was significantly associated with severity of liver disease (P<0.05) as 90% of the patients with varices presented with Child's class B or C. A multiple logistic regression analysis identified advancing age, ascites, shrunken liver span and low platelet count as independent predictors of oesophageal varices. Conclusion : A large proportion of Nigerian CLD patients have advanced at-risk-for-bleeding oesophageal varices at diagnosis. Early diagnosis of CLD in Nigerians is warranted. Key words : Prevalence, Oesophageal varices, Chronic liver disease, Cirrhosis",2011,NA,article,https://www.ajol.info/index.php/nmj/article/view/102820,IG Achinge; AO Malu; EN Okeke; Emmanuel I. Agaba; MA Misauno,Liver Disease and Transplantation; Liver Disease Diagnosis and Treatment; Organ Transplantation Techniques and Outcomes,Hepatology; Epidemiology; Surgery,NA,7,249
Seismicity of Deception Island volcano (Antarctica) from 2011–2022 surveys,"Abstract Since 1994, the Andalusian Institute of Geophysics of the University of Granada group has been monitoring the seismic activity of Deception Island volcano (South Shetland Islands, Antarctica) during summer surveys. In this review, we analyse long-period and volcanic-tectonic events, including tremor episodes, recorded from 2011–2012 to 2021–2022 surveys with a local network and a seismic array. The seismo-volcanic activity on Deception Island occurs very locally, mainly as a result of tectonic destabilization induced by volcanic activity along with regional stresses, as a consequence of rifting and subduction processes spanning the South Shetland Islands, Bransfield Strait and Antarctica Peninsula. During this period, two changes to the volcanic alert level due to different volcanic parameters can be highlighted. The first of them was caused by the 2014–2015 seismic swarm as a consequence of a great regional perturbation located to the north-east of Deception Island, which spread around to the entire volcano. The second one, in the 2019–2020 survey, was established as a result of a significant increase in deformation parameters as a prelude of the August 2020 massive earthquake swarm that occurred in the Bransfield Strait, near the Orca submarine volcano. Furthermore, in the previous 2018–2019 survey, a peak of seismic activity was also recorded.",2025,https://doi.org/10.1017/s0954102025100151,article,https://doi.org/10.1017/s0954102025100151,Enrique Carmona; Rosa Martín; Vanessa Jiménez; Javier Almendros; Inmaculada Serrano; Daniel Stich; Rafael Abella,Geological and Geochemical Analysis; Geology and Paleoclimatology Research; Seismic Waves and Analysis,Geophysics; Atmospheric Science; Geophysics,NA,0,250
Antarctic Peninsula Mysticete Whales: Conservation and Research,"This paper reports original research from two recent studies in the Antarctic Peninsula area, reviews past sighting information and policies affecting mysticete whales, and recommends future research. Due to poor management by the International Whaling Commission, mysticete whales are among the most severely depleted species groups in the Antarctic. The combined total Antarctic harvest from 1920 to 19867 for blue Balaenoptera musculus, fin B. physalus, sei B. borealis, minke B. acutorostrata and humpback Megaptera novaeangliae whales was over one million animals. The effect of this hunting pressure is the dominant factor determing the present status of Antarctic mysticete whales and has probaly altered the trophic relationships of these and other Antarctic fauna. Dramatic changes, probably resulting from over-hunting, may have occurred in the species compositon of mysticete whales of the Peninsula area. Published estimates of abundance for mysticete whales of Antarctica do not agree with recent sightings data from the Antarctic Peninsula area. Fin, blue and sei whales were not seen and there are no records of these species from the Peninsula area during reent years. Humpback and right whale Eubalaena australis abundances appear greater than published estimates predict. New threats to whale populations are emerging as a result of growing interest in the Antarctic krill Euphausia superba fishery. The Antarctic Peninsula area is one of the primary sites of this krill fishery. the 1982 Convention for the Conservation of Antarctic Marine Living Resources (CCAMLR) rquires signatory nations to manage living resources from an ecosystem perspective, to maintain ecological relationships between harvested, dependent and related species and to restore depleted populatins. Mysticete whales prey on krill in the Antarctic and will be a key compenent in ecosystem models. Considering the uncertain status of mysticete whale populations, the emrging krill fishery, and the needs of the CCAMLR scientifi committee, additional surveys are needed in the Antarctic Peninsula area to provide current information on the composition, relative abundances and trophic relationships of these cetaceans for managementand ecosystem monitoring purposes.",1989,NA,article,https://digitalcommons.uri.edu/ma_etds/289,Gregory S. Stone,Marine animal studies overview,Ecology,https://digitalcommons.uri.edu/ma_etds/289,0,251
A molluscan record of Late Cenozoic climate and palaeoseasonality from Antarctica and South America,"Shallow marine late Neogene and Quaternary sedimentary deposits around coastal&#13;\nAntarctica and South America contain abundant fossil bivalves, but these have rarely been&#13;\nutilised for palaeoclimate work. Due to their incremental growth, bivalves contain a wealth&#13;\nof information relating to the environment they were living in, including temperature (using&#13;\nδ[superscript 18]O) and productivity (using δ[superscript 13]C). A repeatable method of assessing the preservational&#13;\nstate of fossil bivalves using a combination of techniques has been developed to ensure&#13;\nonly pristine material is analysed for stable isotopes. These include inspection of the&#13;\nlamellar structure under an optical microscope, observation of luminescence using&#13;\ncathodoluminescence and identification of internal crystal structure using scanning electron&#13;\nmicroscopy. A targeted study of modern pectinid, cardiid and hiatellid bivalves confirm&#13;\ntheir suitability for reconstructing sea surface temperatures (SSTs), although in the case of&#13;\nhiatellids an understanding of the local environment is essential for an accurate&#13;\ninterpretation of oxygen isotope records.&#13;\nStable isotope analysis of pristine late Neogene (ca. 6.5 to 2.5 Ma) pectinid bivalves from&#13;\nJames Ross Island, Antarctic Peninsula and pectinid, cardiid and hiatellid bivalves from the&#13;\nVestfold and Larsemann Hills in the East Antarctic, record two distinct environmental&#13;\nsignals: 1) warmer than present summer SSTs of up to +4.5°C, consistent with a number of&#13;\nother shallow-shelf and deeper water marine fossil proxies, including bryozoans,&#13;\nsilicoflagellates and cetaceans, and with General Circulation Model simulations (e.g.&#13;\nPlioMIP) and, 2) seasonal fluxes of freshwater from local ice sheets, artificially decreasing&#13;\nδ[superscript 18]O ratios.&#13;\nStable isotope analysis of late Pliocene to Quaternary (ca. 3.5 to 0.2 Ma) Chlamys bivalves&#13;\nand Argopecten purpuratus from the Mejillones Peninsula and Coquimbo, northern Chile,&#13;\nidentify similar SSTs (+13 to +18°C) compared to present and suggest El Niño-Southern&#13;\nOscillation (ENSO) variation has been present in the south-eastern Pacific since the late&#13;\nPliocene, a signal consistent with climate model predictions.&#13;\nThis study emphasises the importance of developing new climate proxies that identify&#13;\nseasonal variation, and which can be used in conjunction with other environmental proxies&#13;\nto provide detailed palaeoclimate data for little studied Neogene successions of the coastal&#13;\nzones of Antarctica and the south-eastern Pacific.",2014,NA,dissertation,http://hdl.handle.net/2381/29324,Nicola Clark,Paleontology and Stratigraphy of Fossils; Marine Biology and Ecology Research; Cephalopods and Marine Biology,"Paleontology; Oceanography; Ecology, Evolution, Behavior and Systematics",http://hdl.handle.net/2381/29324,2,252
Use of social sounds by humpback whales (<i>Megaptera novaeangliae</i>) in the Western Antarctic Peninsula feeding grounds,"Humpback whales (Megaptera novaeangliae) are renowned for the complex structured songs produced by males. A second, relatively understudied area of humpback acoustic communication concerns un-patterned sounds known as “social sounds,” produced by both males and females. This paper explores the use of non-song sounds by humpback whales on the Western Antarctic Peninsula feeding ground. To obtain high quality, close range recordings of humpback whale social sounds, digital acoustic tags (DTAGs) were placed on humpback whales exhibiting foraging behavior during the austral autumn of 2009 and 2010. Overall vocalization rates of two types of social sounds, “wops” and “grunts,” showed that there was not a significant diurnal pattern in call production, suggesting that perhaps these calls are not used exclusively for foraging on the feeding ground. These results enhance our understanding of this acoustically advanced species, and will also be useful in conservation and management efforts. The acoustic parameters of the calls that were identified can be used in the development of automatic detection algorithms, and the behavioral contexts during call production can assist in interpretation of passive acoustic monitoring research on humpback whales, and potentially other baleen whale species as well.",2012,https://doi.org/10.1121/1.4755302,article,NA,Michelle Nicole Klein; Douglas P. Nowacek,Marine animal studies overview; Underwater Acoustics Research; Animal Vocal Communication and Behavior,Ecology; Oceanography; Developmental Biology,NA,0,253
Table 1_Predicted habitat and areas of ecological significance shifts of top predators in the South Shetland Islands under climate changes.docx,"The South Shetland Islands, a critical area for primary productivity within the Southern Ocean, are significantly affected by global climate change. Seabirds and marine mammals, highly sensitive to ecological changes, are considered sentinel species within the ecosystem. Monitoring top predators and identifying Areas of Ecological Significance (AES) are essential for enhancing biodiversity conservation effectiveness and addressing future climate changes. This study employed the MaxEnt model and Zonation method to predict the distribution of suitable habitats and AES for 14 top predators in the South Shetland Islands under current and future climate scenarios. Key findings include: 1) The spatial distribution of top predators in the South Shetland Islands is predominantly influenced by bathymetry, mixed layer thickness (Mlotst), and sea ice concentration (SIC). 2) The highly suitable habitats for the Gentoo Penguin (Pygoscelis papua), Humpback Whale (Megaptera novaeangliae), and Light-mantled Albatross (Phoebetria palpebrata) are expected to decrease under various future scenarios. 3) The AES in the South Shetland Islands are predominantly concentrated along the southern coastal areas. 4) The AES on the western side of the islands are projected to undergo significant fluctuations, while those on the eastern side are likely to exhibit minor changes, with the central area remaining relatively stable.",2025,https://doi.org/10.3389/fmars.2025.1554232.s001,dataset,NA,Yufei Dai (621612); Denghui Yan (17933461); Yu Liu (6938); Mingding Zhong (20851862); Minhao Gao (21159626); Hao Cheng (103394); Wenhong Deng (7872677); Fuxing Wu (10871472),,,NA,0,254
Enzymic Degradation Products of ω-Heparin (Whale Heparin),"ω-Heparin isolated from whale organs was digested with an eliminase [heparin lyase, EC 4.2.2.7] prepared from crude heparinase, which was obtained from α-heparin-adapted flavobacteria. The digestion products were then fractionated into 16 fractions by ion-exchange column chromatography on Dowex-1. Subsequently, the resulting fractions were purified by rechromatography on Dowex-1 and or by preparative paper chromatography, yielding almost quantitatively purified compounds in fractions 2, 4, 5, 6, and 12. In addition, compounds 10a and 15a were isolated in a homogeneous state from fractions 10 and 15. Compounds 2, 4, 5, 6, 10a, 12, and 15a were characterized and identified as N-acetylglucosamine,Δ4, 5-hexosyluronic acid-N-acetylglucosamine, N-sulfated glucosamine, Δ4,5-hexosyluronic acid-N-sulfated glucosamine, N-, 6-O-disulfated glucosamine, and most probably sulfated Δ4, 5-hexosyluronic acid-N-sulfated glucosamine and sulfated Δ4,5-hexosyluronic acid-N-, 6-O-disulfated glucosamine, respectively, by chemical and enzymic studies together with infrared and ultraviolet spectral analyses. Furthermore, the major fractions (fractions 12, 13, 14, and 15) were each shown to contain two or three sulfate residues per unsaturated disaccharide unit. The total yield of unsaturated oligosaccharides was 66.6% of the starting material, while the major fractions accounted for 48.2%. In agreement with previous data, the major glucosaminidic linkages of ω-heparin appear to be 1-4. The present study suggests that ω-heparin has a more complex structure than α-heparin.",1974,https://doi.org/10.1093/oxfordjournals.jbchem.a130512,article,NA,Noboru Ototani; Kaname Nakamura; Zensaku Yosizawa,Proteoglycans and glycosaminoglycans research; Glycosylation and Glycoproteins Research; Carbohydrate Chemistry and Synthesis,Cell Biology; Molecular Biology; Organic Chemistry,NA,6,255
Myc Expression and Tumor-Infiltrating T Cells Are Associated with Response in Patients (Pts) with Relapsed/Refractory Diffuse Large B-Cell Lymphoma (r/r DLBCL) Treated with Tisagenlecleucel in the Juliet Trial,"Background: Tisagenlecleucel (tisa-cel; autologous anti-CD19 CAR-T cell therapy) has demonstrated durable responses and a manageable safety profile in adult pts with r/r DLBCL in the JULIET trial. Here we report updated efficacy results with a 40 month median follow-up and associations with baseline Myc overexpression in tumor and tumor microenvironment (TME) characteristics. Methods: JULIET is a global, phase 2 trial of tisa-cel in adult pts with r/r DLBCL. The relationship between Myc overexpression (Myc+: &amp;gt;40% by immunohistochemistry [IHC]), TME characteristics (including CD3+ T-cell infiltration, myeloid-derived suppressor cells [MDSCs], and LAG3 expression by fluorescent IHC) with efficacy outcomes (Month 3 [M3] response, duration of response [DOR], progression-free survival [PFS], and overall survival [OS]), and genomic mutation profile with M3 response were assessed. Results: As of February 20, 2020 (median follow-up of 40.3 mo), 115 pts received tisa-cel infusion. Among the 61 pts with a response, the relapse-free probability was 60.4% at 24 and 30 mo; median DOR was not reached (95% CI, 10-not estimable [NE]). Median OS among all 115 infused pts was 11.1 months (95% CI, 6.6-23.9). Survival probability at 12, 24, and 36 months was 48.2%, 40.4%, and 36.2%, respectively. Median OS of pts with CR (n=37) or PR (n=7) at M3 was not reached; 80% of CR pts had an OS benefit of 20 months or longer. No new safety signals were detected. Of the 23 pts with ongoing CR and B-cell count available, 11 had CD19+ B cells recovered back to normal after 1 year, with similar patterns observed for CD20+ and CD22+ B cells. Of 111 pts whose baseline archival tumor biopsies were tested for baseline Myc expression, 73 were Myc+ and 38 were Myc−. Baseline Myc− status was associated with improved outcomes compared with Myc+ pts, including longer median DOR (not reached vs 19 months [95% CI, 3.4-NE]), PFS (6.2 months [95% CI, 2.9-NE] vs 2.5 months [95% CI, 1.7-3.0]; Fig.1A), and OS (21 months [95% CI, 10-NE] vs 7.8 months [95% CI, 4.6-18]). In the TME analysis of baseline biopsy, lack or low frequency of tumor-infiltrating CD3+ T cells (cutoff of ≤3%; n=16) was associated with shorter median PFS (2.2 months [95% CI, 0.92-2.8] vs 4.2 months [95% CI, 2.6-21]; Fig.1B) and OS (7 months [95% CI, 1.8-12] vs 21 months [95% CI, 6.7-NE]) compared with pts with &amp;gt;3% CD3+ T cells (n=64). Interrogation of checkpoint molecule expression on tumor-infiltrating CD3+ cells revealed that pts with the highest frequency of LAG3+CD3+ cells out of entire CD3+ T cell population (cutoff of &amp;gt;20%; n=12) at baseline had decreased median PFS (2.1 [95% CI, 0.82-3.1] vs 4.2 months [95% CI, 2.4-21]) and OS (4.3 [95% CI, 2.7-10] vs 21 months [95% CI, 10-NE]) compared with pts with ≤20% LAG3+CD3+ T cells (n=68). No differences in baseline clinical characteristics were observed in subgroups by Myc, CD3+, and LAG3+CD3+ expression. Additionally, in a small dataset, pts with the highest frequency of CD11b+HLA-DR− cells that represent MDSC phenotype at baseline were enriched with nonresponders. In a survival tree analysis including infiltrating T cells, LAG3+ CD3+ cells, Myc, and LDH, pts with Myc− status and normal pre-infusion LDH levels (n=16) had longer PFS compared with normal LDH and Myc+, and pts with LDH 1- to 2-fold or &amp;gt;2-fold above the upper limit of normal, with the latter group having a poor PFS. Whole exome sequencing of 46 baseline tumor samples was performed. No significant association with response was observed in mutations at the single-gene level. The correlation between molecular subtypes and M3 response was also investigated. Samples grouped into newly identified DLBCL subtypes (Chapuy et al. Nat Med. 2018; Schmitz et al. N Engl J Med. 2018; Wright et al. Cancer Cell. 2020) did not reveal an association with response, although the small sample size may limit interpretation. Conclusions: Updated long-term data with 40 months median follow-up from the JULIET trial demonstrate sustained benefit in responding pts; in particular 80% of CR pts had a long-term OS (≥20 months). Taken together, the results suggest that Myc overexpression, or an unfavorable immunosuppressive TME with restricted T-cell response, may impact CAR-T cell efficacy in pts with DLBCL. Disclosures Jaeger: AbbVie: Honoraria; Novartis: Consultancy, Honoraria, Research Funding; Gilead: Honoraria, Research Funding; BMS/Celgene: Consultancy, Honoraria, Research Funding; Karyopharm: Honoraria; CDR Life AG: Consultancy, Research Funding; Miltenyi: Consultancy, Honoraria; F. Hoffmann-La Roche: Honoraria, Research Funding. Bishop:Incyte: Honoraria, Speakers Bureau; CRSPPR Therapeutics: Membership on an entity's Board of Directors or advisory committees, Research Funding; Autolus: Membership on an entity's Board of Directors or advisory committees; Novartis: Membership on an entity's Board of Directors or advisory committees, Research Funding; Kite: Honoraria, Membership on an entity's Board of Directors or advisory committees, Research Funding, Speakers Bureau; BMS: Honoraria, Speakers Bureau. Salles:Autolus: Consultancy, Membership on an entity's Board of Directors or advisory committees; Amgen: Honoraria, Other: Educational events; BMS: Honoraria; Merck: Consultancy, Honoraria, Membership on an entity's Board of Directors or advisory committees, Other: Educational events; Novartis, Servier, AbbVie, Karyopharm, Kite, MorphoSys: Consultancy, Honoraria, Membership on an entity's Board of Directors or advisory committees, Other: Educational events; Roche, Janssen, Gilead, Celgene: Consultancy, Honoraria, Membership on an entity's Board of Directors or advisory committees, Other: Educational events; Takeda: Consultancy, Honoraria, Membership on an entity's Board of Directors or advisory committees, Other: Educational events; Epizyme: Consultancy, Honoraria. Schuster:Novartis, Genentech, Inc./ F. Hoffmann-La Roche: Research Funding; AlloGene, AstraZeneca, BeiGene, Genentech, Inc./ F. Hoffmann-La Roche, Juno/Celgene, Loxo Oncology, Nordic Nanovector, Novartis, Tessa Therapeutics: Consultancy, Honoraria. Maziarz:Incyte, Kite, BMS/Celgene, PACT Pharma, Orca BioSystems, and Omeros: Honoraria; Novartis and Juno: Research Funding; Novartis and Athersys: Other: DSMB participant; Novartis, Incyte, CRISPR Therapeutics, Artiva Biotherapeutics, and AlloVir: Consultancy; Athersys: Patents &amp; Royalties. Han:Novartis Pharmaceuticals Corporation: Current Employment. Savchenko:Novartis Pharmaceuticals Corporation: Current Employment. Roscoe:Navigate BioPharma Services, Inc., a Novartis Subsidiary: Current Employment. Orlando:Novartis Institutes for BioMedical Research: Current Employment. Knoblock:Novartis Pharmaceuticals Corporation: Current Employment. Tiwari:Novartis: Current Employment. Bubuteishvili Pacaud:Novartis: Current Employment. Corradini:Daiichi Sankyo: Consultancy, Honoraria; Celgene: Consultancy, Honoraria, Other: Travel and accommodations paid by for; Gilead: Consultancy, Honoraria, Other: Travel and accommodations paid by for; Incyte: Consultancy; Janssen: Consultancy, Honoraria; Kite: Consultancy, Honoraria; KiowaKirin: Consultancy, Honoraria; Novartis: Consultancy, Honoraria, Other: Travel and accommodations paid by for; F. Hoffman-La Roche Ltd: Consultancy, Honoraria; Sanofi: Consultancy, Honoraria; Servier: Consultancy, Honoraria; Takeda: Consultancy, Honoraria, Other; BMS: Other; AbbVie: Consultancy, Honoraria, Other: Travel and accommodations paid by for; Amgen: Consultancy, Honoraria, Other: Travel and accommodations paid by for.",2020,https://doi.org/10.1182/blood-2020-137045,article,NA,Ulrich Jaeger; Michael Bishop; Gilles Salles; Stephen J. Schuster; Richard T. Maziarz; Xia Han; Alexander Savchenko; Nathan Roscoe; Elena J. Orlando; Dawson Knoblock; Ranjan Tiwari; Lida Pacaud; Paolo Corradini,CAR-T cell therapy research; Biosimilars and Bioanalytical Methods; Cancer Immunotherapy and Biomarkers,Oncology; Immunology; Oncology,NA,31,256
Modeling the spatial and temporal dynamics of foraging movements of humpback whales (Megaptera novaeangliae) in the Western,"Background: A population of humpback whales (Megaptera novaeangliae) spends the austral summer feeding on Antarctic krill (Euphausia superba) along the Western Antarctic Peninsula (WAP). These whales acquire their annual energetic needs during an episodic feeding season in high latitude waters that must sustain long-distance migration and fasting on low-latitude breeding grounds. Antarctic krill are broadly distributed along the continental shelf and nearshore waters during the spring and early summer, and move closer to land during late summer and fall, where they overwinter under the protective and nutritional cover of sea ice. We apply a novel space-time utilization distribution method to test the hypothesis that humpback whale distribution reflects that of krill: spread broadly during summer with increasing proximity to shore and associated embayments during fall. Results: Humpback whales instrumented with satellite-linked positional telemetry tags (n = 5), show decreased home range size, amount of area used, and increased proximity to shore over the foraging season. Conclusions: This study applies a new method to model the movements of humpback whales in the WAP region throughout the feeding season, and presents a baseline for future observations of the seasonal changes in the movement patterns and foraging behavior of humpback whales (one of several krill-predators affected by climate-driven changes) in the WAP marine ecosystem. As the WAP continues to warm, it is prudent to understand the ecological relationships between sea-ice dependent krill and krill predators, as well as the interactions among recovering populations of krill predators that may be forced into competition for a shared food resource.",2015,NA,article,NA,Antarctic Peninsula; Corrie Curtice; David W. Johnston; Hugh W. Ducklow; Nick Gales; Patrick N. Halpin; Ari S. Friedlaender,Marine animal studies overview; Arctic and Antarctic ice dynamics; Cryospheric studies and observations,Ecology; Atmospheric Science; Atmospheric Science,NA,0,257
Long-term resightings of humpback whales (Megaptera novaeangliae) off Ecuador (SH-64- SH24),"This technical report presents the longest documented live resighting records of humpback whales (Megaptera novaeangliae) identified in Ecuadorian waters. The study was presented to the International Whaling Commission Scientific Committee in 2013 as document SC/64/SH24. Using photo-identification data collected between 1996 and 2011 in Machalilla National Park, Ecuador, and comparative catalogues from Antarctica, the Strait of Magellan, Colombia, and Chile, the report documents long-term individual resighting histories spanning 10 to 26 years. Fifteen individually identified whales were resighted over decadal time scales, providing the first direct evidence of longevity and extended site fidelity for humpback whales wintering off Ecuador. The most notable case documents a resighting interval of 26 years, representing the longest confirmed live resighting record for a humpback whale in Ecuadorian waters and the earliest documented migratory connection between Ecuador and Antarctic feeding grounds. Additional long-term records further confirm migratory linkages between Ecuadorian breeding areas, the Strait of Magellan, and the Antarctic Peninsula. This report provides critical baseline information on age, longevity, and migratory connectivity of humpback whales belonging to the Southeast Pacific breeding stock (Stock G). The findings contribute to regional and international understanding of humpback whale population structure, migration dynamics, and conservation, and demonstrate the value of long-term photo-identification collaborations across multiple countries.",2013,https://doi.org/10.5281/zenodo.18166714,report,https://doi.org/10.5281/zenodo.18166714,Cristina Castro Ayala; Jorge Acevedo; Anelio Aguayo; Judith Allen; Juan Capella; Luciano Dalla Rosa; Lilian Flores-Gonazález; Gregory Kaufman; Paul H. Forestell; Meike Scheidat; Eduardo Tomankievicz Secchi; Peter Stevich; Marcos César O. Santos,,,NA,0,258
Long-term resightings of humpback whales (Megaptera novaeangliae) off Ecuador (SH-64- SH24),"This technical report presents the longest documented live resighting records of humpback whales (Megaptera novaeangliae) identified in Ecuadorian waters. The study was presented to the International Whaling Commission Scientific Committee in 2013 as document SC/64/SH24. Using photo-identification data collected between 1996 and 2011 in Machalilla National Park, Ecuador, and comparative catalogues from Antarctica, the Strait of Magellan, Colombia, and Chile, the report documents long-term individual resighting histories spanning 10 to 26 years. Fifteen individually identified whales were resighted over decadal time scales, providing the first direct evidence of longevity and extended site fidelity for humpback whales wintering off Ecuador. The most notable case documents a resighting interval of 26 years, representing the longest confirmed live resighting record for a humpback whale in Ecuadorian waters and the earliest documented migratory connection between Ecuador and Antarctic feeding grounds. Additional long-term records further confirm migratory linkages between Ecuadorian breeding areas, the Strait of Magellan, and the Antarctic Peninsula. This report provides critical baseline information on age, longevity, and migratory connectivity of humpback whales belonging to the Southeast Pacific breeding stock (Stock G). The findings contribute to regional and international understanding of humpback whale population structure, migration dynamics, and conservation, and demonstrate the value of long-term photo-identification collaborations across multiple countries.",2013,https://doi.org/10.5281/zenodo.18166715,report,https://doi.org/10.5281/zenodo.18166715,Cristina Castro Ayala; Jorge Acevedo; Anelio Aguayo; Judith Allen; Juan Capella; Luciano Dalla Rosa; Lilian Flores-Gonazález; Gregory Kaufman; Paul H. Forestell; Meike Scheidat; Eduardo Tomankievicz Secchi; Peter Stevich; Marcos César O. Santos,,,NA,0,259
"Supplementary_soundfiles.zip from Seasonal acoustic presence of marine mammals at the South Orkney Islands, Scotia Sea","Increased knowledge about marine mammal seasonal distribution and species assemblage from the South Orkney Islands waters is needed for the development of management regulations of the commercial fishery for Antarctic krill (<i>Euphausia superba</i>) in this region. Passive Acoustic Monitoring (PAM) data were collected during the autumn and winter seasons in two consecutive years (2016, 2017), which represented highly contrasting environmental conditions due to the 2016 El Niño event. We explored differences in seasonal patterns in marine mammal acoustic presence between the two years in context of environmental cues and climate variability. Acoustic signals from five baleen whale species, two pinniped species and odontocete spp. were detected and separated into guilds. Although species diversity remained stable over time, the ice-avoiding and ice-affiliated species dominated before and after the onset of winter, respectively, and thus demonstrating a shift in guild composition related to season. Herein, we provide novel information about local marine mammal species diversity, community structure and residency times in a krill hotspot. Our study also demonstrates the utility of PAM data and its usefulness in providing new insights into the marine mammal habitat use and responses to environmental conditions, which are essential knowledge for the future development of a sustainable fishery management in a changing ecosystem.",2023,https://doi.org/10.6084/m9.figshare.24806177,dataset,https://doi.org/10.6084/m9.figshare.24806177,Linn Åsvestad; Heidi Ahonen; Sebastian Menze; Andrew Lowther; Ulf Lindstrøm; Bjørn A. Krafft,Marine animal studies overview; Animal Vocal Communication and Behavior; Underwater Acoustics Research,Ecology; Developmental Biology; Oceanography,NA,0,260
"Supplementary_material.zip from Seasonal acoustic presence of marine mammals at the South Orkney Islands, Scotia Sea","Increased knowledge about marine mammal seasonal distribution and species assemblage from the South Orkney Islands waters is needed for the development of management regulations of the commercial fishery for Antarctic krill (<i>Euphausia superba</i>) in this region. Passive Acoustic Monitoring (PAM) data were collected during the autumn and winter seasons in two consecutive years (2016, 2017), which represented highly contrasting environmental conditions due to the 2016 El Niño event. We explored differences in seasonal patterns in marine mammal acoustic presence between the two years in context of environmental cues and climate variability. Acoustic signals from five baleen whale species, two pinniped species and odontocete spp. were detected and separated into guilds. Although species diversity remained stable over time, the ice-avoiding and ice-affiliated species dominated before and after the onset of winter, respectively, and thus demonstrating a shift in guild composition related to season. Herein, we provide novel information about local marine mammal species diversity, community structure and residency times in a krill hotspot. Our study also demonstrates the utility of PAM data and its usefulness in providing new insights into the marine mammal habitat use and responses to environmental conditions, which are essential knowledge for the future development of a sustainable fishery management in a changing ecosystem.",2023,https://doi.org/10.6084/m9.figshare.24806174,dataset,https://doi.org/10.6084/m9.figshare.24806174,Linn Åsvestad; Heidi Ahonen; Sebastian Menze; Andrew Lowther; Ulf Lindstrøm; Bjørn A. Krafft,Marine animal studies overview; Animal Vocal Communication and Behavior,Ecology; Developmental Biology,NA,0,261
Distribution and toxicity assessment of polychlorinated biphenyls(PCBs) in tissues of sperm whale from the Yellow Sea of China,"To investigate the accumulation status and distribution patterns of polychlorinated biphenyls(PCBs) in sperm whale from Yellow Sea of China,the concentrations of 23 polychlorinated biphenyls(PCBs) were measured using GC/MS in different tissues of sperm whale.Formation characteristics and toxic equivalency of PCBs were analyzed as well.PCBs contents in four tissues of sperm whale ranged from 0.0005 μg/g to 1.39 μg/g.The tissue that had the highest concentration of PCBs was spermaceti oil,followed by blubber,muscle and blood.The levels of PCBs in the spermaceti oil and blubber tissues were close,which were two orders of magnitude higher than those in muscle tissues,and four orders of magnitude higher than those in blood tissues.The concentrations of PCB congeners in those tissues ranged from 0.07 ng/g to 324 ng/g.Distribution of different PCBs suggested that the concentration of PCB118,PCB138,PCB153 and PCB180 were higher than other congeners.Hexachlorobiphenyls accounted for 48.1% to 58.0% of total PCB Homologs groups in different tissues.The PCBs congeners which contained more than five chlorine atoms took 86.1% to 100.0% in the total PCBs in those tissues.The TEQs of PCBs in those tissues ranged from 4.40 pg/g to 1763 pg/g,while the weight of PCBs in the sperm whale was about 20 g.Comparing with the levels of PCBs in the tissues of sperm whale from other sea area,results suggested that the sperm whale from Yellow Sea of China was in a mild degree of PCBs pollution.",2013,NA,article,NA,Weihua Lu,Toxic Organic Pollutants Impact; Mercury impact and mitigation studies; Marine animal studies overview,"Health, Toxicology and Mutagenesis; Health, Toxicology and Mutagenesis; Ecology",NA,1,262
"A “13-Hz” short call recorded off Elephant Island, Antarctica – By which species is it emitted?","Over the last years passive acoustic recording devices were used frequently to observe baleen whales acoustic presence in the Southern Ocean. During previous analyses a low frequency call was detected that had not been observed before in recordings from the passive acoustic recording device at 61°00.88’ S and 55°58.53’ W off Elephant Island, Antarctica, further referred to as “13-Hz” short call. The name was chosen on the basis of the frequency and duration of the call. Due to signal characteristics of the sound and known acoustic presence from previous studies, fin and blue whales were considered as potential producers of this call. Previous analysis detected the “13-Hz” short call in Austral fall, therefore, data from March to June of 2014 were analysed to associate the hourly presence of the “13-Hz” short call with the presence of either ’20-Hz’ fin whale pulses or Antarctic blue whale z-calls. Additionally, the “13-Hz” short call characteristics were investigated (n = 75). Furthermore, temporal distances between single “13-Hz” short calls to vocalizations of fin and blue whales were investigated (n = 518). The “13-Hz” short call had a frequency range of 11 ± 1 Hz to 14 ± 1 Hz and a mean duration of 2 ± 1 seconds. The temporal distribution analysis showed a positive correlation between the occurrence of fin whale pulses and “13-Hz” short calls and a negative correlation of blue whale z-calls and the “13-Hz” short call. The investigation of the temporal distances between the “13-Hz” short call and fin and blue whale calls showed a non-normal distribution of the data for both species, but a more normal distribution of the data for blue whale z-calls, suggesting an association with fin whale pulses. Overall, the results indicate that fin whales could be the producers of the “13-Hz” short call, but further investigation is necessary to confirm this hypothesis. Further investigation could include analysis of more data as well as the use of a continuous passive acoustic recording, or the use of different methods such as tagging, simultaneous visual surveys and the comparison with vocalizations of other fin whale populations in different regions.",2018,NA,dissertation,https://epic.awi.de/id/eprint/49005/1/GanzLisa_StudentResearchProject_2018.pdf,Lisa Ganz,Marine animal studies overview; Underwater Acoustics Research; Animal Vocal Communication and Behavior,Ecology; Oceanography; Developmental Biology,https://epic.awi.de/id/eprint/49005/1/GanzLisa_StudentResearchProject_2018.pdf,0,263
Citizen Scientists in Antarctica: FjordPhyto Approach to Understand Climate Change Affected Environments.,"Citizen Scientists in Antarctica: FjordPhyto Approach to Understand Climate Change Affected Environments. Allison M. Lee Many people dream of taking a bucket-list vacation to “the 7th continent”—Antarctica—to set their eyes on the extreme landscapes and charismatic wildlife. For the longest time, I did too, but I never thought realistically, for financial reasons, that it would happen for me anytime soon. Then, in 2013, I was given the opportunity to travel there, as a working scientist. I felt like I had landed on the moon! Antarctica has no inhabitants, and no one country has a legal claim to the land. Through the Antarctic Treaty, the entire continent remains devoted to peaceful and scientific activities. Nowhere else in the world do so many countries recognize the need to come together to protect the unique wildness of a place. I felt privileged to be one of the few scientists able to walk around this icy lunar landscape—a place where less than 5,000 total researchers work on station during the sunlit months. While typically thought of as a place for science, it also has a growing tourism community. Tourism to the peninsula is governed by the International Association of Antarctic Tour Operators (IAATO) and the latest counts for the number of visitors to the peninsula reached over 51,700 during the 2017–2018 season. Visitors outnumber scientists nearly 10:1. Scientists constantly consider the broader impacts their work has in the world; it got me thinking: was there a way to engage this enthusiastic, explorer-minded community in Antarctic science? As an avid traveler myself, I often volunteered on international researcher projects masquerading as a tourist: biodiversity projects in the Amazon, macaw projects in Peru, and big cat projects in Africa. It became my preferred way to vacation. I later learned this style of eco-tourism is a form of citizen science—a method of data gathering and community engagement that can provide impactful experiences to everyone involved. Could we include citizen scientists in the legacy of Antarctic research? [End Page 21] In 2016, I started a graduate program at Scripps Institution of Oceanography in California, USA working in a lab dedicated to understanding Antarctic phytoplankton. Our research questions explore phytoplankton in relationship to glacial freshwater within fjord ecosystems. My advisor already had connections with a couple of the tour ships and conveniently, most of the landing sites tour vessels visit are concentrated along the fjords that line the coast of the West Antarctic Peninsula. We saw a real opportunity to engage these visitors in our research while expanding the spatial and temporal questions we could ask scientifically. Within a year, we worked with knowledgeable tour guide staff to develop the FjordPhyto citizen science project. The FjordPhyto project currently operates along the West Antarctic Peninsula. This region of the world is experiencing the fastest rates of warming globally. With this warmth, glaciers melt. Melted freshwater from the glacier enters the marine environment through the coastal fjord regions. Changes in the water chemistry can change the types of phytoplankton blooming. If the types of phytoplankton change, the animals that rely on consuming specific species may also change—producing a cascading effect in the ecosystem. As an example, Antarctic krill are the key species of the Southern Ocean food web. Krill are known to eat a particular type of phytoplankton called a diatom. These krill, in turn, provide food for seals, whales, and penguins. If freshwater alters what type of phytoplankton we see, perhaps a reduction in diatoms, resulting in the krill food changing, what are the ramifications to the rest of the animals living in these marine environments? Coastal fjords in Antarctica are very under-studied systems. Despite the large data gap that exists, recent research is revealing these fjords to be hotspots for biodiversity. Researchers compete through grants for time on the two US ships that operate in Antarctica, and often have to plan years in advance for the few weeks they’ll be able to go to sea. As the climate changes, conditions on the peninsula are changing. The timing of phytoplankton blooms could shift. In this remote region of the world, citizen science is enabling different...",2019,https://doi.org/10.1353/nib.2019.0010,article,NA,Allison M. Lee,Polar Research and Ecology; Species Distribution and Climate Change; Microbial Community Ecology and Physiology,Ecology; Ecological Modeling; Ecology,NA,1,264
"Migratory movements of humpback whales (Megaptera novaeangliae) between Machalilla National Park, Ecuador and the Southeast Pacific (IWC SC/60/SH23)","This report was presented to the Scientific Committee of the International Whaling Commission (IWC) as paper SC/60/SH23. It documents migratory movements of Southern Hemisphere humpback whales (Megaptera novaeangliae) identified through photo-identification between breeding areas in the tropical Southeast Pacific (Ecuador, Colombia, Costa Rica, and Peru) and feeding grounds in the Antarctic Peninsula and Magellan Strait. The study highlights the importance of international collaboration and shared photo-identification catalogues to understand migration patterns and site fidelity in this population.",2008,https://doi.org/10.5281/zenodo.18213871,report,https://doi.org/10.5281/zenodo.18213871,Cristina Castro Ayala; Jorge Acevedo; Judy Allen; Luciano Dalla Rosa; Lilian Flórez-González; Anelio Aguayo; Kristin Rasmussen; Frank Garita; Paul H. Forestell; Eduardo Secchi; Ignacio García Godos; Gregory Kaufman; Meike Scheidat,,,NA,0,265
"Migratory movements of humpback whales (Megaptera novaeangliae) between Machalilla National Park, Ecuador and the Southeast Pacific (IWC SC/60/SH23)","This report was presented to the Scientific Committee of the International Whaling Commission (IWC) as paper SC/60/SH23. It documents migratory movements of Southern Hemisphere humpback whales (Megaptera novaeangliae) identified through photo-identification between breeding areas in the tropical Southeast Pacific (Ecuador, Colombia, Costa Rica, and Peru) and feeding grounds in the Antarctic Peninsula and Magellan Strait. The study highlights the importance of international collaboration and shared photo-identification catalogues to understand migration patterns and site fidelity in this population.",2008,https://doi.org/10.5281/zenodo.18213872,report,https://doi.org/10.5281/zenodo.18213872,Cristina Castro Ayala; Jorge Acevedo; Judy Allen; Luciano Dalla Rosa; Lilian Flórez-González; Anelio Aguayo; Kristin Rasmussen; Frank Garita; Paul H. Forestell; Eduardo Secchi; Ignacio García Godos; Gregory Kaufman; Meike Scheidat,,,NA,0,266
Occurrence and Distribution of Fin Whales (Balaenoptera physalus) and Humpback Whales (Megaptera novaeangliae) in the Atlantic Sector of Antarctica,"Abstract—The occurrence and distribution of fin whales and humpback whales along the route of the R/V Akademik Mstislav Keldysh in the Atlantic sector of Antarctica in January and February 2022 were studied. The features of the whales' distribution were considered depending on the depth of the water area, the abundance and age of krill, and the Chl-a concentration in the water. The highest occurrence of fin whales was found in the deep waters of the Powell Basin and the Orkney Trench, where the highest concentrations of adult krill were recorded. The highest occurrence of humpback whales was observed in shallow Bransfield Strait, where small and young krill predominated. The dependence of the occurrence of whales on the concentration of chlorophyll was not confirmed.",2023,https://doi.org/10.1134/s0001437023040033,article,NA,A. D. Chernetsky; P. V. Chukmasov; V. V. Krasnova; A. V. Tretiakov; L. G. Tretiakova; D. G. Bitiutskiy; С. А. Мошаров; Pavel A. Salyuk,Marine animal studies overview; Arctic and Antarctic ice dynamics; Polar Research and Ecology,Ecology; Atmospheric Science; Ecology,NA,0,267
Categorical data analysis using discretization of continuous variables to investigate associations in marine ecosystems,"Understanding and predicting interactions between predators and prey and their environment are fundamental for understanding food web structure, dynamics, and ecosystem function in both terrestrial and marine ecosystems.Thus, estimating the conditional associations between species and their environments is important for exploring connections or cooperative links in the ecosystem, which in turn can help to clarify such causal relationships. For this purpose, a relevant and practical statistical method is required to link presence/absence observations with biomass, abundance, and physical quantities obtained as continuous real values.These data are sometimes sparse in oceanic space and too short as time series data. To meet this challenge, we provide an approach based on applying categorical data analysis to present/absent observations and real-number data.This approach consists of a two-step procedure for categorical data analysis:1) finding the appropriate threshold to discretize the real-number data for applying an independent test;and 2) identifying the best conditional probability model to investigate the possible associations among the data based on a statistical information criterion.We conduct a simulation study to validate our proposed approach. Furthermore, the approach is applied to two datasets: 1) one collected during an international synoptic krill survey in the Scotia Sea west of the Antarctic Peninsula to investigate associations among krill, fin whale (Balaenoptera physalus),surface temperature, depth, slope in depth, and temperature gradient; 2) the other collected by ecosystem surveys conducted during August-September in 2014 - 2017 to investigate associations among common minke whales, the predatory fish Atlantic cod, and their main prey groups in Arctic Ocean waters to the west and north of Svalbard, Norway.",2023,https://doi.org/10.48550/arxiv.2308.14505,preprint,https://arxiv.org/pdf/2308.14505,Hiroko Kato Solvang; S. Imori; Martin Biuw; Ulf Lindstrøm; Tore Haug,Bayesian Methods and Mixture Models; Marine animal studies overview; Marine and fisheries research,Artificial Intelligence; Ecology; Global and Planetary Change,https://arxiv.org/pdf/2308.14505,0,268
A pragmatic utopia: should the Ross Sea be designated a Marine Protected Area?,"The Ross Sea is a prominent embayment in the Antarctic continent, of around&#13;\n650,000km2 – an area equal to two percent of the Southern Ocean.&#13;\nApproximately two-thirds of this area is covered by the Ross Ice Shelf. The region&#13;\nis widely recognised as being the last ecosystem on Earth that is little affected by&#13;\nhuman interference. The Ross Sea is home to a plethora of unusual, unique and&#13;\nglobally rare species; the area has high levels of biological diversity, productivity&#13;\nand endemism, all of which suggest the area is worth protecting.&#13;\nHistorically, there has been some exploitation of the seal and whale populations&#13;\nof the Ross Sea. More recently, the area has been subject to tourism, scientific&#13;\nwhaling, and commercial fishing for the Antarctic toothfish. Of particular concern&#13;\nis the growing presence of fishing vessels taking part in illegal, unregulated and&#13;\nunreported (IUU) fishing activities. The Antarctic toothfish has life-history traits&#13;\nthat make the species vulnerable to exploitation, and little is understood about&#13;\nits breeding biology. IUU fishing is worrisome because it represents an unknown&#13;\nlevel of extraction for a species that appears to hold a crucial position in the Ross&#13;\nSea food web.&#13;\nMarine Protected Areas (MPAs) have been gaining popularity worldwide as a&#13;\nmanagement tool for protecting areas of special biological importance. Currently&#13;\nit is difficult to create and manage MPAs in areas beyond national jurisdiction –&#13;\nthat is, the high seas – but for some areas, regional fisheries management&#13;\norganisations exists. The Southern Ocean is one such place, where the&#13;\nmanagement falls under the auspices of CCAMLR, the Convention on the&#13;\nConservation of Antarctic Marine Living Resources, and the associated&#13;\nCommission. CCAMLR successfully created the first ever high seas MPA in the&#13;\nSouthern Ocean near the South Orkney Islands in 2010. We believe this sets an&#13;\nimportant precedent for what could be achieved in the Ross Sea.&#13;\nThis paper presents three possible plans for creating an MPA in the Ross Sea.&#13;\nPlan A would see the entire Ross Sea become a no-take area indefinitely. Plan B&#13;\nwould create a network of MPA sub-areas within the Ross Sea. Plan C would&#13;\ncreate a management intervention in the form of a moratorium on all extractive&#13;\nresource use (fishing, whaling, bioprospecting) in the Ross Sea for 30 years. The&#13;\nrole of CCAMLR and the relative merits of the three options are discussed.&#13;\nFinally, some options are presented for how an MPA in the Ross Sea could be&#13;\nenforced. The Royal New Zealand Navy has boats suitable for enforcement work&#13;\nin the Southern Ocean; the Air Force already conducts surveillance activities, and&#13;\nthe future acquisition of an unmanned drone is another possibility. However the&#13;\nmost successful outcomes would be achieved via cooperative enforcement taken&#13;\nby a number of nations with interests in the Southern Ocean.&#13;\nTo conclude, the authors suggest protection of the Ross Sea is both feasible and&#13;\nwarranted. The time to act is now",2011,NA,article,http://hdl.handle.net/10092/14316,Kate Beer; Robert C. Brears; Lacey Briars; Gabriela Roldán,Coastal and Marine Management; Coral and Marine Ecosystems Studies; Marine and fisheries research,"Management, Monitoring, Policy and Law; Ecology; Global and Planetary Change",http://hdl.handle.net/10092/14316,2,269
"GNSS-Based Models of Displacement, Stress, and Strain in the SHETPENANT Region: Impact of Geodynamic Activity from the ORCA Submarine Volcano","The South Shetland Islands and Antarctic Peninsula (SHETPENANT region) constitute a geodynamically active area shaped by the interaction of major tectonic plates and active magmatic systems. This study analyzes GNSS time series spanning from 2017 to 2024 to investigate surface deformation associated with the 2020–2021 seismic swarm near the Orca submarine volcano. Horizontal and vertical displacement velocities were estimated for the preseismic, coseismic, and postseismic phases using the CATS method. Results reveal significant coseismic displacements exceeding 20 mm in the horizontal components near Orca, associated with rapid magmatic pressure release and dike intrusion. Postseismic velocities indicate continued, though slower, deformation attributed to crustal relaxation. Stations located near the Orca exhibit nonlinear, transient behavior, whereas more distant stations display stable, linear trends, highlighting the spatial heterogeneity of crustal deformation. Stress and strain fields derived from the velocity models identify zones of extensional dilatation in the central Bransfield Basin and localized compression near magmatic intrusions. Maximum strain rates during the coseismic phase exceeded 200 νstrain/year, supporting a scenario of crustal thinning and fault reactivation. These patterns align with the known structural framework of the region. The integration of GNSS-based displacement and strain modeling proves essential for resolving active volcano-tectonic interactions. The findings enhance our understanding of back-arc deformation processes in polar regions and support the development of more effective geohazard monitoring strategies.",2025,https://doi.org/10.3390/rs17142370,article,https://www.mdpi.com/2072-4292/17/14/2370/pdf?version=1752140013,Belén Rosado; Vanessa Jiménez; Alejandro Pérez-Peña; Rosa Martín; Amós de Gil; Enrique Carmona; Jorge Gárate; Manuel Berrocoso,GNSS positioning and interference; Geophysics and Gravity Measurements; earthquake and tectonic studies,Aerospace Engineering; Oceanography; Geophysics,https://www.mdpi.com/2072-4292/17/14/2370/pdf?version=1752140013,0,270
"Passive acoustic data allow exploring spatio-temporal patterns in marine mammal community composition in the Weddell Sea, Antarctica","To date, the majority of studies investigating marine mammal distribution and behavior take a single-species perspective, which is often driven by the logistic difficulties of collecting appropriate data at sea. Passive acoustic monitoring tools, provided these exhibit sufficient bandwidth, have the potential to provide insights into community structure as devices operate autonomously simultaneously collecting data on baleen, pinniped and toothed whale acoustic presence. Data can provide information on local species diversity, residency times and patterns in species co-occurrence. &#13;\nUsing multi-year passive acoustic data from 6 sites in the Weddell Sea, Atlantic sector of the Southern Ocean, we here explore how local marine mammal community compositions develop over time.&#13;\nWe show that the effective number of species exhibited little variation over time, reflecting that species remain in Antarctic waters throughout austral winter. Community composition showed almost complete seasonal overturn, recognizing that species replace each other throughout the year. For all 6 sites, community dissimilarity increased with increasing temporal distance reflecting temporal trends in community composition beyond seasonality. Several species exhibited significant positive or negative co-occurrence patters over time, suggesting predator-prey relationships, competition for prey species as well as acoustic interference between co-occurring species. These seasonal associations were consistent across and between all oceanic sites, but partly inversed at the Western Antarctic Peninsula recording site. This study shows that the application of biodiversity metrics to PAM data can foster insights to the timing of behaviors and community composition, which can boost the interpretation of responses in the light of ongoing environmental changes.",2019,NA,article,NA,Ilse van Opzeeland; Helmut Hillebrand,Marine animal studies overview; Cephalopods and Marine Biology; Marine and fisheries research,"Ecology; Ecology, Evolution, Behavior and Systematics; Global and Planetary Change",NA,0,271
Characterization of fin whale song off the Western Antarctic Peninsula,"Song is produced by a variety of terrestrial and marine animals and is particularly common among baleen whales. Fin whale (Balaenoptera physalus) song is comprised of relatively simple 20 Hz pulses produced at regular intervals. The timing of these intervals, in addition to the presence and frequency of overtones, appears to be unique to each population. The purpose of this study was to characterize Western Antarctic Peninsula fin whale song and describe temporal pattern variations in song type and occurrence. Recordings were collected in the area from 2001–2004 and again 2014–2016. One song type was identified with a primary inter-pulse interval (IPI) of approximately 14 s and secondary IPI of 12.5 s. This song occurred in three pattern variants: singlet, doublet, and long triplet. The interval between pulses increased by 1.5 s between recording periods while the frequency of the overtones decreased from 89 Hz to 86 Hz. Song was never recorded in August and while it was recorded at other times in some years, it was consistently present in recordings from April through June across all years. While multiple pattern variants were present each year, singlets were generally the most prevalent variant. Doublets and triplets occurred from February through June, with highest levels of variants in February. In later years the triplet variant presence increased and in 2016 it comprised 53% of recorded song bouts. Further research is needed to understand the reasons why song changes over time and to examine the feasibility of using song to delineate and identify populations.",2022,NA,article,https://doaj.org/article/febb65807b5b49c3a73b60303946028a,Megan Epler Wood; Ana Širović,Marine animal studies overview; Underwater Acoustics Research; Animal Vocal Communication and Behavior,Ecology; Oceanography; Developmental Biology,NA,0,272
Occurrence of seabirds and marine mammals in the pelagic zone of the Patagonian Sea and north of the South Orkney Islands,"The Patagonian Sea is one of the most productive ecosystems in the Southern Hemisphere. Unlike other coastal regions, however, few studies exist on the top predators in its pelagic zone. In March 2017, a survey of seabirds and marine mammals was carried out on board the R/V Puerto Deseado in the Patagonian Sea, which extends from the South Atlantic Ocean to the north of the South Orkney Islands, Antarctica. Four of the five oceanographic regimes described in this region were studied, and 23 seabird species and five marine mammal species were recorded. Great shearwater Puffinus gravis , Antarctic prion Pachyptila desolata , and fin whale Balaenoptera physalus were the most abundant species. In the 2615 km traveled, two hotspots for top predators were found, coinciding with frontal zones: one in the shelf-break front and the other in the Southern Front of the Antarctic Circumpolar Current. The highest bird diversity and the greatest cetacean concentrations were recorded in the polar regime in the presence of low ice-field debris (5%). The results suggest that at the end of the austral summer, the distribution of top predators in this section of the South Atlantic Ocean is highly unequal. Some oceanic areas have a few species aggregations which contrast with the vast pelagic areas that have scarce species presence and activity. The hotspots were associated with high-productivity areas, but it is likely that they were also facilitated by the time of year (post-reproductive season), as most of the species were concentrated and had fed prior to their migrations. Citation: Orgeira J L. Occurrence of seabirds and marine mammals in the pelagic zone of the Patagonian Sea and north of the South Orkney Islands. Adv Polar Sci, 2018, 29(1): 25-33, doi: 10.13679/j.advps.2018.1.00025",2018,https://doi.org/10.13679/j.advps.2018.1.00025,article,NA,José Luis Orgeira,Arctic and Russian Policy Studies; Marine animal studies overview; Polar Research and Ecology,Sociology and Political Science; Ecology; Ecology,NA,0,273
Featured Articles in This Month's Animal Behaviour,NA,2016,https://doi.org/10.1016/j.anbehav.2016.04.009,article,NA,Ana Sendova-Franks; Susan A. Foster,Marine animal studies overview; Ocean Acidification Effects and Responses; Arctic and Antarctic ice dynamics,Ecology; Oceanography; Atmospheric Science,NA,0,274
"Fin whale (Balaenoptera physalus) acoustic presence off Elephant Island (South Shetland Islands), Antarctica","Summertime visual observations suggest that the region around Elephant Island may serve as an important feeding area for fin whales. To explore its year-round relevance, passive acoustic recordings collected northwest of Elephant Island (61°0.88’S, 55°58.53’W) from January 2013 to February 2016 were analysed for seasonal and diel patterns of fin whale 20 Hz calls. Calls were detected year-round, although in some years calls were not present during all months. For all years, fin whale calls were consistently present from March to July for more than 90% of days per month. From August to January, percentage of days with calls varied between years, with presence exceeding 75% of days per month throughout 2014, whereas in 2015 calls were absent in October and November. In 2013, fin whale calling dropped in August and increased again towards October and November. Quantitative analyses of power spectral density for the 20-Hz and 89-Hz fin whale bands, showed that fin whale acoustic power in both frequency bands followed a Gaussian-like temporal pattern, increasing in late January, peaking during April-May and decreasing in late August for all years. A second shoulder peak in PSD seemed to occur during the second part of July showing strongest for the upper fin whale band, followed by a rapid decrease, after which SNR for both bands dropped to zero. Diel patterns in call activity were analysed for a 10-month subset of the data from 2013. Fluctuations in call rates did not follow a diel pattern nor correspond to local insolation. &#13;\nThe observed peaks in fin whale call activity correspond to the periods during which fin whale super groups have been observed visually in this region. Our year-round acoustic analysis indicates that the Elephant Island region likely carries an important role for fin whales throughout the entire year.",2019,NA,article,https://epic.awi.de/id/eprint/50748/1/WMMC_Burkhardt_2019.pdf,Elke Burkhardt; Olaf Boebel; Boris Cisewski; Ramona Maja Mattmueller; Marlene Meister; Elena Schall; Stefanie Spiesecke; Karolin Thomisch; Sarah Zwicker; Ilse van Opzeeland,Marine animal studies overview; Underwater Acoustics Research; Animal Vocal Communication and Behavior,Ecology; Oceanography; Developmental Biology,https://epic.awi.de/id/eprint/50748/1/WMMC_Burkhardt_2019.pdf,0,275
Minke whales lunge to feed under sea ice,"Highly manoeuvrable and built like torpedoes, minke whales are the most common whales in Antarctic waters, yet the animals could be living on a knife edge as their sea-ice homes dwindle rapidly. ‘Sea ice in the area around the Antarctic Peninsula has decreased dramatically in the last 30 years,’ warns Ari Friedlaender from Oregon State University, USA, ‘yet we do not know how critical the sea ice is as a habitat for the whales.’ Given the pressing need to understand what the whales require to survive in their challenging and changing environment, Friedlaender and colleagues from the Southern Ocean Research Partnership – an international group of researchers dedicated to non-lethal whale research – headed south to tag minke whales in their Antarctic home to find out more about their lifestyle (p. 2851).However, tagging a minke whale is much trickier than tagging other species that inhabit the icy waters. ‘Minke whales are fast moving and they don't spend a lot of time at the surface’, says Friedlaender. However, when Nick Gales, Doug Nowacek, Andy Read and Friedlaender encountered a pod of 35–40 minke whales in the Antarctic's Wilhelmina Bay, the team's luck was in. ‘We very rarely see these large groups, so we knew that this was an extraordinary case’, says Friedlaender. He recalls that the whales appeared to be socialising and were distracted from the scientists, which allowed them to manoeuvre the boat gently in amongst the animals. Describing how he took his chance to land the tag on a whale's back just as the animal descended beneath a chunk of ice, Friedlaender chuckles and says, ‘It was a textbook delivery.’ But then he recalls the next nail-biting 3 minutes while the team waited for the whale to resurface. ‘We realised that we had just put a $25K tag on an animal that went under the ice and if it fell off there we were never getting it back’, he laughs. Fortunately, the tag stayed in place for an incredible 19 h, and when the team successfully tagged another whale a few days later, they were able to collect a further 8 h of precious dive data.Teaming up with Jeremy Goldbogen and Dave Johnston to analyse the whales' orientation, depth and acceleration – which showed when the whales lunged to engulf mouthfuls of krill – Friedlaender could see that the minkes' behaviour was very different from that of other whales. Blue whales lunge up to four times during a dive and smaller humpbacks lunge up to 12 times per dive, so Friedlaender and his colleagues were astounded to see the minke whales lunging as many as 24 times during a single dive. ‘They lunge over 100 times an hour, almost once every 30 seconds', marvels Friedlaender. And when the trio analysed the dive patterns, they realised that the whales have three different strategies.Friedlaender explains that the first two types of dive looked like classic whale dives. In the first, the animals remained near the surface and lunged one to two times, while in the second dive type the whales plummeted to depths of 100 m and lunged about 15 times. However, when they analysed the third type of dive, they realised that it was completely unique. The whales were swimming just beneath the surface of the water and were feeding at incredibly high rates. And when the team checked the locations of the dives they realised that the whales were skimming the underside of the ice. ‘The whales were feeding just underneath the surface where the sea ice meets the water and where the krill were aggregating’, says Friedlaender.Having proved that it is not necessary to kill whales to understand their feeding behaviour, Friedlaender and his colleagues are keen to return to tag more minke whales to learn more about how the animals interact with their surroundings. ‘Tagging opens up a huge window of opportunity to study the Antarctica ecosystem in a much more holistic way’, says Friedlaender.",2014,https://doi.org/10.1242/jeb.111567,article,https://journals.biologists.com/jeb/article-pdf/217/16/2815/1883590/is2815-2817.pdf,Kathryn Knight,Marine animal studies overview; Arctic and Antarctic ice dynamics,Ecology; Atmospheric Science,https://journals.biologists.com/jeb/article-pdf/217/16/2815/1883590/is2815-2817.pdf,0,276
"Mobilization of Persistent Organic Pollutants in Humpback Whales (Megaptera Novaeangliae) from Feeding Areas Around the Antarctic Peninsula and Strait of Magellan and Migration, Breeding and Calving Grounds on the Brazilian Coast",NA,2022,https://doi.org/10.2139/ssrn.4263858,article,https://doi.org/10.2139/ssrn.4263858,Josilene da Silva; Satie Taniguchi; Fernanda Imperatrice Colabuono; Juliana Leonel; Daniela Alves Maia da Silva; Luciano Dalla Rosa; Eduardo R. Secchi; João Carlos Gomes Borges; Márcia Caruso Bı́cego; Salvatore Siciliano; Jorge Acevedo; Anelio Aguayo‐Lobo; Paula Baldassin; Rosalinda Carmela Montone; Rafael André Lourenço,Marine animal studies overview,Ecology,NA,0,277
Collection of opportunistic sighting data from the Southern Ocean collected in March 2023 (MSM115),"Collection of cetacean sightings recorded during research cruise on Maria S. Merian collected during March 2023 along the Western Antarctic Peninsula. Data were collected whenever conditions for the dedicated line transect survey for cetaceans were not met. At least two observers were stationed on the observation deck, or, if conditions were harsh, on the bridge, logging all sightings of cetaceans. This data set includes all opportunistic observations of fin whales and aggregations, i.e. all observations made during station work or transit.",NA,https://doi.org/10.1594/pangaea.984262,dataset,https://doi.pangaea.de/10.1594/PANGAEA.984262,"Viquerat, Sacha; Herr, Helena",,,NA,0,278
Earlier Sightings of Humpback Whales in Antarctica,"Nigel Bonner has documented sightings of humpbacks Megaptera novaeangliae off the west coast of the Antarctic Peninsula which seem to indicate some recovery of stocks ( Oryx 16, 3: 231–232). It may therefore be worth placing on record the following sightings of this species made from Argentine Islands for 1970/72, when I was stationed at the British Antarctic Survey base.",1982,https://doi.org/10.1017/s0030605300018093,article,https://www.cambridge.org/core/services/aop-cambridge-core/content/view/D5599787F9C69E0B74C569684D5B4AAA/S0030605300018093a.pdf/div-class-title-earlier-sightings-of-humpback-whales-in-antarctica-div.pdf,Peter Kinnear,Marine animal studies overview; Marine and coastal plant biology; Cephalopods and Marine Biology,"Ecology; Oceanography; Ecology, Evolution, Behavior and Systematics",https://www.cambridge.org/core/services/aop-cambridge-core/content/view/D5599787F9C69E0B74C569684D5B4AAA/S0030605300018093a.pdf/div-class-title-earlier-sightings-of-humpback-whales-in-antarctica-div.pdf,0,279
"Winter records of killer whales (Orcinus orca) in the waters of the Wilhelm archipelago, West Antarctica","Killer whales (Orcinus orca (Linnaeus, 1758); KWs) are apex marine predators. In Antarctica, they have diverse trophic interactions and belong to five known ecotypes that have substantial differences in morphology, ecology, and acoustic repertoire. Around the Antarctic Peninsula, two distinct sympatric forms of Type B KWs are the most common. Both ecotypes have similar pigmentation patterns, but the larger form has been observed to feed mainly on seals (B1), and a smaller form feed on Pygoscelis penguins (B2). The waters of the West Antarctic Peninsula are experiencing marine ecosystem transformations caused by climate change at one of the fastest rates on Earth. Little is known about the austral winter distribution and ecology of KWs in this changing environment. The purpose of the present study was to reveal the winter distribution and ecology patterns of KWs in the waters of the Wilhelm Archipelago. Boat-based visual and photo-identification observations were performed. The boat cruises were conducted within 14 nautical miles of the Ukrainian Akademik Vernadsky Research Station, Galindez Island. In 2019, 10 surveys of a total of 194 nm were conducted: 4 trips in June and 6 in July. In 2021, 37 surveys of a total of 605 nm were conducted: 12 trips in June, 14 in July, and 11 in August. Surveys were performed when the ice conditions were suitable. During both winters, we managed to record only three groups of KWs. A group of 7 KWs was encountered on 27 June 2019 near Hovgaard and Pleneau islands. The group consisted of adults of both sexes and juvenile individuals. In the same area, on 13 July 2021, another group of KWs was observed, consisting of at least 5 individuals (up to 7). This group included 1 adult male, 2 adult females, a calf, and a juvenile of unknown sex. A comparison of the photos showed different individuals in the two groups. According to the external morphology patterns, it was determined that both groups belong to Type B, most likely of a smaller form (B1). Large gatherings of Pygoscelis penguins were observed in this area during the winter in both years. On 22 July 2021, a group of KWs consisting of 2 adult males was observed in the Penola Strait. Detailed observations of their joint feeding on a crabeater seal (Lobodon carcinophaga Hombron &amp; Jacquinot, 1842) were collected. According to external morphology patterns and behaviour, they belong to a large form of Type B ecotype (B2). As Antarctic krill (Euphausia superba Dana, 1850) move inshore during winter, the Pygoscelis penguins and crabeater seals likely took advantage of ice-free areas to feed on it, and their gatherings could attract KWs of both Type B ecotypes. Future work should include collecting photogrammetry data, skin biopsy samples, feeding behaviour observations, and acoustic recordings to clearly differentiate between KW ecotypes and better understand their winter distribution and ecological patterns in this rapidly changing marine ecosystem.",2022,https://doi.org/10.15407/tu2417,article,http://dx.doi.org/10.15407/tu2417,O. Savenko,Marine animal studies overview; Arctic and Antarctic ice dynamics; Arctic and Russian Policy Studies,Ecology; Atmospheric Science; Sociology and Political Science,NA,0,280
Comparing passive acoustic data of Aural and Sono.Vault recordings off Elephant Island for September 2013,"In this study, we compare marine mammal acoustic presence data from two passive acoustic recording devices, Aural and Sono.Vault that recorded simultaneously off of Elephant Island northwest of the Western Antarctic Peninsula, to evaluate the effect of sampling rate and recording duty cycle on acoustic observations. Passive acoustic recordings sampled with two different sample rates (2.5 kHz and 16 kHz) and two recording duty cycles (five minutes per hour vs continuous) were compared. The aim of the study was to explore how a standard-used sampling rate and duty cycle compares to continuous recordings in terms of information about marine mammal acoustic presence. Applying a recording duty cycle can enable a longer recording period while at the same time effectively reducing data analyzing time. The analysis shows that there is no large difference in the results, when comparing duty cycled Aural data sampled with a frequency range of 16 kHz versus 2.5 kHz. Only killer whales (Orcinus orca) were detected more often in the data with higher sample rate, due to their high frequency vocalizations. The comparison of continuous Sono.Vault versus subsampled Aural data with a frequency range of 2.5 kHz displays that, as expected, with the continuous recording of Sono.Vault species are detected more often than in the sub-sampled recording of Aural. As a conclusion for this research site a sample rate of 2.5 kHz is suggested to be sufficient. To obtain reliable results on the occurrence of species, recordings may be continuous, although higher duty cycles than the one investigated here may also produce good results, but need to be investigated.",2020,NA,article,http://oops.uni-oldenburg.de/4620/1/hots_ir_oops_2020.pdf,"Karoline Hots; Ilse van Opzeeland; Gabriele Gerlach; Torequilla Roca, Irene","Hermeneutics and Narrative Identity; Aging, Elder Care, and Social Issues; Health, Medicine and Society",Philosophy; General Health Professions; General Health Professions,http://oops.uni-oldenburg.de/4620/1/hots_ir_oops_2020.pdf,0,281
Humpback whale song on the Western Antarctic Peninsula feeding ground.,"Humpback whale song is a complex and highly stereotyped acoustic display believed to be associated with breeding activities. The song has primarily been recorded from male whales on the low-latitude breeding grounds, though singing has also been documented on some feeding grounds during late fall and early spring using stationary passive acoustic recorders. Here, the song was documented with animal-bourne tags in a relatively unstudied population of humpback whales along the Western Antarctic Peninsula feeding ground during late fall (May and June). DTAGs were attached for 24-h periods to six whales in 2009 and eight whales in 2010 to record sound production and body orientation. Song chorusing has been present on all tag acoustic records analyzed to date, and multiple whales tagged in 2010 were actively singing. Song bouts in the 2010 records were generally less than one dive cycle in duration and were often surrounded by periods of social sound production. This is the first description of humpback whale song in the Antarctic, and its frequent occurrence is indicative of the amount of social activity on this feeding ground. These data suggest that humpback whale mating cycles may be more driven by season than by physical location.",2010,https://doi.org/10.1121/1.3508907,article,NA,Alison K. Stimpert; Douglas P. Nowacek; Ari S. Friedlaender; Lindsey E. Peavey Reeves,Marine animal studies overview; Underwater Acoustics Research; Marine and coastal plant biology,Ecology; Oceanography; Oceanography,NA,0,282
Notes on Antarctic rocks collected by Mr C. E. Borchgrevink,"28° Fahr. Penguinswere about in great numbers, and no difficulty was experienced in killing some of them.On the 14th December, in latitude 66° 44' S. and longitude 164° 0' E., as the Antarctic approached Balleny Island, the ice floes greatly increased in size, and some of them were observed to carry stones and earth.So thick and dangerous was the ice that a vessel, dependent wholly upon sails, could not have existed, and even with steam those on board ran very considerable risk, and had one or two narrow escapes.They decided to run eastward, following in the track of the Erebus and Terror.On Christmas Eve they saw the midnight sun in latitude 66° 47' S. and longitude 174"" 8' E., and at midnight on the 31st December the sun was again shining brightly.Altogether they were thirty-eight days in working their way through the pack ice, and then they got into a clear, smooth, open expanse of sea.They steered straight for Cape Aclare in Victoria Land, which they first sighted on Jan. 16.Mr. Borchgrevink describes it as a square bluff of basaltic rock.The i* }e t e of the air here was 32°, and of the water 30°, and the sky was perfectly clear.Cape Adare rose to a height of 3,779feet.Near Mount Sabine a peak was sighted clear of snow, considered to be a volcano recently in eruption.On January 1 8th, they sighted Possession Island, where Sir James Ross landed fifty-four years before and planted the British flag.They found an immense quantity of penguins, and a large portion of the island, which they judged to be about three hundred and sixty acres in extent, was covered with a deep layer of guano.Small plants were found there by Mr. Borchgrevink growing on the rocks up to thirty feet above sea level.These have subsequently been identified as lichens.On the 20th February they steamed still further southward, ami ^ted a new cape which they named Cape Oscar, in honour oi the King of Sweden and Norway, whose birthday it happened t0 l^.On the 22nd they were in latitude 74° S., and no whales being visible they decided to return northwards to Cape Adare, where they landed, being the first human beings who had ever set foot on that territory.Their landing place was a sort of peninsula, which formed a complete breakwater for the inner bay, through which they steered.Immense swarms of penguins were on the cape, on which they nested as high up as 1,000 feet.Mr.Borchgrevink and his party after landing, collected specimens of the rock, and they also found some signs of vegetation, consisting of lichens (?) like those met with by them at Possession Island.Throughout the whole of their voyage they had a comparatively high temperature, and they met with great numbers of sperm whales.The minimum temperature which they encountered within the Antarctic circle was 25° Fahr., and the maximum was 46°, while all through the ice pack it kept at 28°.The mean temperature for January 1895 was 32-5° Fahr., and for February 30° Fahr.While at Possession Island and Cape Adare Mr. Borchgrevink collected specimens of the different varieties of rock obtainable at those localities.Several of the specimens from Cape Adare are in the form of waterworn pebbles, which were picked up by Mr.Borchgrevink on the shores of that headland.(3) Summary of Antarctic Geology.-The observations of the Antarctic explorers mentioned above prove that (a) eruptive, (b) sedimentary, and (c) metamorphic rocks are well represented m Antarctica.If the (a) Eruptive rocks be divided into respectively plutonic, and volcanic groups, we find that the former comprises granite, pegmatite, granulites rich in microcline and muscovite, syenite, diorite, diabase etc., and the latter pumice, andesites partly hornblendic, augite-labradorite rocks (augite-andesites 1), basalts, basic scoriae, palagonite tuffs.(b) Sedimentary rocks-These comprise the Cuczdlcea rocks of Cape Seymour, with fossil wood of Lower Tertiary Age, numerous fragments of limestone, partly molluscan, partly foraminiferal, the latter Tertiary, the former of doubtful geological age, some more Active (?).Deception Island-Large partly submerged crater with numerous fumaroles, dormant (?) 800 -1,800 ft., 17-Christensen Volcano Active Small.18. Sarsee Volcano ... Active » A -Specimens from Cape Adare.Garnetiferous-Granulitic-Aplite, (No. 4).This rock is the only representative of the acid-group among e sPeci<nens.In the mass it is a white, noncrystalline, aggregate of quartz and felspar granules.Numerous small, well-^vstallized red garnets are present, also numerous crystals of Ck tourmaline.In section the granulitic texture is very",1895,https://doi.org/10.5962/p.359226,article,https://www.biodiversitylibrary.org/partpdf/359226,Tannatt William Edgeworth David; William F Smeeth; J A Schofield,Geology and Paleoclimatology Research; Pleistocene-Era Hominins and Archaeology; Geochemistry and Geologic Mapping,Atmospheric Science; Anthropology; Artificial Intelligence,https://www.biodiversitylibrary.org/partpdf/359226,5,283
"Fin whale (Balaenoptera physalus) acoustic presence off Elephant Island, Antarctica","Recent visual observations suggest that the region around Elephant Island serves as an important feeding area for fin whales. Passive acoustic recordings collected northwest of Elephant Island (61°0.88’S, 55°58.53’W) from January 2013 to February 2016 were analysed manually for seasonal and diel patterns of fin whale 20 Hz calls.&#13;\nOverall, calls were detected year-round, although in some years calls were not present during all months. For all years, fin whale calls were consistently present from February to July for more than 90% of days per month. &#13;\nFrom August to January, percentage of days with calls varied between years, with presence exceeding 75% of days per month throughout 2014, whereas in 2015 calls were absent in October and November. In 2013, fin whale calling dropped in August and increased again towards November (present 80% of days per month). Diel patterns in call activity were analysed for a 10-month subset of the data from 2013. Fluctuations in call rates did not follow a diel pattern nor correspond to local insolation. &#13;\nDuring peak calling period, maximum calls amounted approximately to 80 per 10-minute file.&#13;\nFluctuations in call presence outside the peak calling period may be explained by variation in local ice conditions as drift may temporally force the animals away to areas with reduced ice concentrations. Furthermore, delays in the timing of migration between age groups, sexes and/or reproductive classes may also affect temporal patterns in the clustering of calls. The observed peaks in fin whale call activity correspond to the periods during which fin whale super groups have been repeatedly observed visually in this region. Our year-round acoustic analysis indicates that the Elephant Island region is likely to play an important role for fin whales throughout the remainder of the year.",2018,NA,article,https://epic.awi.de/id/eprint/47472/2/Poster_ECS_2018.pdf,Elke Burkhardt; Olaf Boebel; Boris Ciesewski; Ramona Maja Mattmueller; Marlene Meister; Elena Schall; Stefanie Spiesecke; Karolin Thomisch; Ilse van Opzeeland,Marine animal studies overview; Underwater Acoustics Research; Arctic and Antarctic ice dynamics,Ecology; Oceanography; Atmospheric Science,https://epic.awi.de/id/eprint/47472/2/Poster_ECS_2018.pdf,0,284
"Seismicity in the Bransfield Strait, Antarctica, for the Period 2020–2023 as Recorded from LIVV Seismic Station","The Bransfield Strait is situated between the Antarctic Peninsula and the South Shetland Archipelago. The seismic regime of the area is characterized by volcanic and tectonic activity, expressed in shallow, weak to moderate earthquakes. The global seismic networks locate the stronger earthquakes in this region. Weak events are recorded by standalone stations installed on the Antarctic continent and neighbouring islands, the number of which is not sufficient for good location. In the study, we present the processing of the seismic data for the period from January 2020 to January 2023 registered by Bulgarian Antarctic station LIVV and the produced results. The single-station localization method was applied and calculated, epicentres were compared with those listed in the European Mediterranean Seismological Centre catalogue. In the study period, the seismic pattern is dominated by swarm volcanic seismicity around Orca volcano, as well as three earthquake clusters of unknown origin in the vicinity of Livingston Island.",2023,https://doi.org/10.7546/crabs.2023.12.07,article,https://proceedings.bas.bg/index.php/cr/article/download/439/428,Valentin Buchakchiev; Dragomir Dragomirov; Elitza Pandourska; Gergana Georgieva; Liliya Dimitrova,earthquake and tectonic studies; Earthquake Detection and Analysis; Seismology and Earthquake Studies,Geophysics; Geophysics; Artificial Intelligence,https://proceedings.bas.bg/index.php/cr/article/download/439/428,0,285
Autonomous towed hydrophone system detects many beaked whales and other cetacean species in waters of the Southern Ocean,"A SoundTrap ST300HF hydrophone recorder in a streamlined, flooded towbody was towed behind expeditionary tourism vessels on trips to South Georgia and the South Sandwich Islands and to the Antarctic Peninsula in December 2019—February 2020. Recordings were analyzed to identify acoustic detections of cetacean species. Identified species included sperm whales (Physeter macrocephalus) and southern bottlenose whales (Hyperoodon planifrons). Acoustic detections also included echolocation pulses from several previously described beaked whale pulse types (BW37 and BW58) as well as a possibly new type of beaked whale echolocation pulse. Narrow-band high-frequency (NBHF) echolocation signals (typical of porpoises and some dolphin species) were detected at several locations, and one of these coincided with a sighting of hourglass dolphins (Lagenorhynchus cruciger). Unidentified large delphinids were also detected several times. This study shows the utility of a simple towed hydrophone system on a vessel of opportunity to study the distribution of cetaceans in rough seas that are difficult to study by visual survey methods. Additional research is needed to link the unidentified echolocation signals to known species throughout waters of the Southern Ocean.",2021,https://doi.org/10.1121/10.0004453,article,NA,Jay Barlow; Ted Cheeseman; Jenny S. Trickey,Marine animal studies overview; Underwater Acoustics Research,Ecology; Oceanography,NA,0,286
Humpback whale (Megaptera novaeangliae) mother and calf foraging behavior: insights from multi-sensor suction cup tags,"On May 19 th , 2010 we attached non-invasive high-resolution digital acoustic recording tags (Dtags), which incorporate accelerometers, magnetometers, pressure and sound recording simultaneously to an adult humpback whale (Megaptera novaeangliae) and her calf foraging on euphausids in Wilhelmina Bay along the Western Antarctic Peninsula. The Dtags remained on the animals overnight and logged 20 hours of concurrent recordings. We used TrackPlot to make and synchronize a pseudo-track of each whale’s dive behavior and movements. Using the acoustic flow noise recorded by the tag correlated with the signal from the tags accelerometer and changes in pressure, we documented extreme decelerations (ca. 2.5 m·s -2 ) indicative of foraging lunges on both tags. Both animals executed foraging lunges, however, the mother foraged more intensively than the calf throughout the tag records (N = 820 foraging lunges and N = 118, respectively). Additionally, the female foraged consistently throughout the night, while the calf executed 97.5% of its lunges between 17:00 and 22:05. The female’s mean (± SD) inter-lunge interval was longer than the calf’s (46.39 ± 8.01 sec, 33.72 ± 10.32 sec, respectively; P < 0.001) and was consistent throughout the night (y = 0.03x + 45.62, r 2 = 0.0003). When the calf was not foraging it would sometimes still dive in synchrony with its mother, who was actively lunging, while other times it would coast in the upper water column. While the animals appeared to be diving in synchrony with one another for much of the tag duration, we used the acoustic records of each Dtag to confirm if the animals were within close proximity of one another, e.g., a call from one whale recorded within <1 sec on the other’s tag. Our results provide the first simultaneous Dtag records of balaenopterid mother and calf diving and foraging behavior.",2010,NA,article,NA,Wilhelmina Bay,Marine animal studies overview; Underwater Acoustics Research; Marine and fisheries research,Ecology; Oceanography; Global and Planetary Change,NA,0,287
First Description of Migratory Behavior of Humpback Whales From an Antarctic Feeding Ground to a Tropical Breeding Ground,"<title>Abstract</title> <bold>Background:</bold> Despite exhibiting one of the longest migrations in the world, half of the humpback whale migratory cycle has remained unexamined; until this point, no study has provided a continuous description of humpback whale migratory behavior from a feeding ground to a breeding ground. We present new information on the satellite derived offshore migratory movements of 16 humpback whales from Antarctic feeding grounds to South American breeding grounds. Satellite locations were used to demonstrate migratory corridors, while the impact of departure date on migration speed was assessed using a linear regression, and a Bayesian hierarchical state-space animal movement model was utilized to investigate the presence of feeding behavior en route. <bold>Results</bold>: 35,642 Argos locations from 16 tagged whales from 2012-2017 were collected. The 16 whales were tracked for an average of 38.5 days of migration (range 10-151 days). The length of individually derived tracks ranged from 645–6,381 km. Humpbacks were widely dispersed geographically during the initial and middle stages of their migration but convened in two bottleneck regions near the southernmost point of Chile as well as Peru’s Illescas Peninsula. The state space model found almost no instances of ARS, a proxy for feeding behavior, along the migratory route. The linear regression assessing whether departure date affected migration speed found suggestive but inconclusive support for a positive trend between the two variables. No clear stratification by sex or reproductive status, either in migration speed, departure date, or route choice, was found.<bold>Conclusions:</bold> Southern hemisphere humpback whale populations are recovering quickly from intense commercial whaling and, around the Antarctic Peninsula, are doing so in the face of a rapidly changing environment. The current lack of scientific knowledge on marine mammal migration is a major barrier to cetacean conservation. This multi-year study sets a baseline against which the effects of climate change on humpback whales can be studied across years and conditions and provides an excellent starting point for the investigation into humpback whale migration.",2021,https://doi.org/10.21203/rs.3.rs-224086/v1,preprint,https://www.researchsquare.com/article/rs-224086/latest.pdf,Michelle Modest; Ladd M. Irvine; Virginia Andrews‐Goff; William A. Gough; David W. Johnston; Douglas P. Nowacek; Logan J. Pallin; Andrew F. Read; Reny Tyson Moore; Ari S. Friedlaender,Marine animal studies overview; Animal Vocal Communication and Behavior,Ecology; Developmental Biology,https://www.researchsquare.com/article/rs-224086/latest.pdf,0,288
Southern Hemisphere Humpback Whale Song in Pacific Central America,"The humpback whale (Megaptera novaeangliae) is a species of marine mammal famed for its charisma and song. This thesis focuses on the population of whales that feeds in the Pacific waters off the coast of Chile and the Antarctic Peninsula and breeds in the Pacific waters off the coast of Ecuador and Central America, which constitutes a poorly known breeding ground. Studies have previously shown that these whales are capable of cultural transmission, which is to pass on song elements over space and time, allowing scientists to track them around the world. Cultural transmission implies acoustic contact and can assist in establishing migratory routes and population overlaps. This thesis has 3 distinct studies which have been segregated by chapters. The first and last chapters of this thesis serve as an introduction and conclusion respectively. In chapter 2, I describe the average breeding song of 2016 of Costa Rica using data collected with autonomous hydrophone recorders. I found 14 phrases grouped into 4 themes. This song changed over the season and varied between individuals, consistent with other studies. In chapter 3, I describe the pace of song change between the period of 2007-2017 using data collected in Panama and Costa Rica. The pace of change increased over this period, suggesting that this population is not acoustically isolated. In chapter 4, we examine the effects of engine noise of acoustic behavior. We find that whales are significantly more quiet in the presence of engine noise. In countries where ecotourism is present, like Costa Rica, the education of boat drivers and fishing industry is imperative to the preservation of this species. Countries fortunate enough to have these creatures call their waters home have an obligation to protect them against anthropogenic threats through education and the implementation of eco-friendly policy.",2018,NA,article,https://scholarworks.uvm.edu/cgi/viewcontent.cgi?article=1255&context=hcoltheses,Emma Chereskin,Marine animal studies overview; Animal Vocal Communication and Behavior; Underwater Acoustics Research,Ecology; Developmental Biology; Oceanography,https://scholarworks.uvm.edu/cgi/viewcontent.cgi?article=1255&context=hcoltheses,0,289
A new neutron monitor at the Juan Carlos I Spanish Antarctic Station (Livingston Island-Antarctic Peninsula),"Last January 2019, a new neutron monitor was installed at Juan Carlos I Spanish Antarctic Station (62º 39’ 46’’ S, 60º23’20’’ W, 12 m asl) located in Livingston Island (South Shetland Archipelago) close to the Antarctic Peninsula. The vertical rigidity cut-off for this new station is estimated as 3.52 GV. This new station (ORC) is composed of a BF3-based 3NM64 (ORCA) and 3 bare BF3 counters (ORCB). The neutron monitor is complemented by a muon telescope sharing a common room in a single stack. ORCA and ORCB with the Castilla-La Mancha neutron monitor (CaLMa) are the Spanish contributions to the Neutron Monitor Data Base. Because Juan Carlos I station is a summer station, one minute data is providing once a day during the Antarctic summer. One hour data are sent once a day during Antarctic winter. First measurements and future plans are provided in this work.",2021,https://doi.org/10.38072/2748-3150/p18,book-chapter,https://macau.uni-kiel.de/servlets/MCRFileNodeServlet/macau_derivate_00002377/kiel-up_ 2748-3150_p18.pdf,J. J. Blanco; Oścar García Población; Juan Ignacio García Tejedor; Sindulfo Ayuso; Alejandro López-Comazzi; Iván Vrublevskyy; C. T. Steigies,Gamma-ray bursts and supernovae; Astrophysics and Cosmic Phenomena; Nuclear Physics and Applications,Astronomy and Astrophysics; Nuclear and High Energy Physics; Radiation,https://macau.uni-kiel.de/servlets/MCRFileNodeServlet/macau_derivate_00002377/kiel-up_ 2748-3150_p18.pdf,0,290
Admiralty Bay and Arctowski Station of Polish Academy of Sciences,"The South Shetlands Islands were discover and annexed for the British Crown in 1819. In 1821 a Russian expedition lead by F.Bellingshausen gave King George Island the name Waterloo. The name Admiralty Bay given by British sealer and appeared on maps in 1822. After the complete eradication of fur seals, at the end of 19th Century whaling vessels were developed. Testimony to the near-shore nature of the early whaling are the whale bones found on the shore of Admiralty Bay. There were no permanent bases in Admiralty Bay up to 1946/47 when the British military group set up on MacKellar Peninsula base “G”. Later Argentineans built a small hut which was used periodically. British base was closed in 1961. In December 1976 two Polish ships set sail from Gdynia, bound for Antartica. This expedition was lead by me. Henryk Arctowski Station was establish on King George Island, on shore of Admiralty Bay. In 1983/84 Brazil established station on MacKellar Peninsula and Peruvians established their Machu Pichu. Near Polish station American have their ornithological hut functioning each summer season. Polish studies in Admiralty Bay have evaluated and recognized many environmental (local warming) and biological processes, the species composition and biomasss of the principal groups of marine and terrestrial plants and animals. Now a day the new methods are needed for modern research and it will be develop with cooperation of Institute of Biochemistry and Biophysics of the Polish Academy of Sciences. Research vessel is also necessary.",2011,NA,article,NA,Stanisław Rakuza-Suszczewski,Botany and Plant Ecology Studies; Nutrition and Health Studies,"Plant Science; Public Health, Environmental and Occupational Health",NA,0,291
Semiparametric Copula Estimation for Spatially Correlated Multivariate Mixed Outcomes: Analyzing Visual Sightings of Fin Whales from Line Transect Survey,"For marine biologists, ascertaining the dependence structures between marine species and marine environments, such as sea surface temperature and ocean depth, is imperative for defining ecosystem functioning and providing insights into the dynamics of marine ecosystems. However, obtained data include not only continuous but also discrete data, such as binaries and counts (referred to as mixed outcomes), as well as spatial correlations, both of which make conventional multivariate analysis tools impractical. To solve this issue, we propose semiparametric Bayesian inference and develop an efficient algorithm for computing the posterior of the dependence structure based on the rank likelihood under a latent multivariate spatial Gaussian process using the Markov chain Monte Carlo method. To alleviate the computational intractability caused by the Gaussian process, we also provide a scalable implementation that leverages the nearest-neighbor Gaussian process. Extensive numerical experiments reveal that the proposed method reliably infers the dependence structures of spatially correlated mixed outcomes. Finally, we apply the proposed method to a dataset collected during an international synoptic krill survey in the Scotia Sea of the Antarctic Peninsula to infer the dependence structure between fin whales (Balaenoptera physalus), krill biomass, and relevant oceanographic data.",2023,https://doi.org/10.48550/arxiv.2312.12710,preprint,https://arxiv.org/pdf/2312.12710,Tomotaka Momozaki; Tomoyuki Nakagawa; Shonosuke Sugasawa; Hiroko Kato Solvang,Marine animal studies overview; Bayesian Methods and Mixture Models; Statistical Methods and Bayesian Inference,Ecology; Artificial Intelligence; Statistics and Probability,https://arxiv.org/pdf/2312.12710,0,292
Leadership in difficult times,NA,2003,https://doi.org/10.1016/s0741-5214(03)00465-8,article,http://www.jvascsurg.org/article/S0741521403004658/pdf,James M. Seeger,Human Resource and Talent Management,Organizational Behavior and Human Resource Management,http://www.jvascsurg.org/article/S0741521403004658/pdf,5,293
Table S4: from Demography of an ice-obligate mysticete in a region of rapid environmental change,"Antarctic minke whales (<i>Balaenoptera bonaerensis</i>, AMW) are an abundant, ice-dependent species susceptible to rapid climatic changes occurring in parts of the Antarctic. Here, we used remote biopsy samples and estimates of length derived from unoccupied aircraft system (UAS) to characterize for the first time the sex ratio, maturity, and pregnancy rates of AMWs around the Western Antarctic Peninsula (WAP). DNA profiling of 82 biopsy samples (2013–2020) identified 29 individual males and 40 individual females. Blubber progesterone levels indicated 59% of all sampled females were pregnant, irrespective of maturity. When corrected for sexual maturity, the median pregnancy rate was 92.3%, indicating that most mature females become pregnant each year. We measured 68 individuals by UAS (mean = 8.04 m) and estimated that 66.5% of females were mature. This study provides the first data on the demography of AMWs along the WAP and represents the first use of non-lethal approaches to studying this species. Furthermore, these results provide baselines against which future changes in population status can be assessed in this rapidly changing marine ecosystem.",2022,https://doi.org/10.6084/m9.figshare.21383953,dataset,https://doi.org/10.6084/m9.figshare.21383953,Logan J. Pallin; K. C. Bierlich; John W. Durban; Holly Fearnbach; O. Savenko; C. Scott Baker; Erica H. Bell; Mike Double; W. de la Mare; Jeremy A. Goldbogen; David W. Johnston; Nick Kellar; Ross Nichols; Douglas P. Nowacek; Andrew J. Read; Debbie Steel; Ari S. Friedlaender,Geology and Paleoclimatology Research; Marine and environmental studies,Atmospheric Science; Oceanography,NA,0,294
Spatial Variability of Macro- and Mesozooplankton in the Bransfield Strait in January 2020,"The spatial distribution of the biomass of macro- and mesozoopankton species, as well as the size and sex structure of the species Euphausiasuperba (krill), Salpathompsoni, and Ihlearacovitzai in Bransfield Strait during the Antarctic summer of 2020 were studied. Krill is at the heart of the food chain of the Antarctic ecosystem because numerous populations of seabirds, seals and whales feed on krill. In recent decades, the Antarctic ecosystem has been under significant changes caused by global warming, but the nature and extent of this impact on krill stocks, especially its juveniles in the Bransfield Strait, remains insufficiently studied. In recent decades, the Antarctic ecosystem has been experiencing significant changes associated with global warming, but the nature and extent of this impact on krill stocks, especially its juveniles in the Bransfield Strait, remains insufficiently studied. At the same time, this particular region is a highly productive zone of the Antarctic ecosystem and one of the areas where concentrations of Antarctic krill accumulate. The aim of this study was to study the spatial variability of the structure, numbers and biomass of zooplankton in the Bransfield Strait during the Antarctic summer of 2020. Zooplankton samples in Bransfield Strait were collected with Bongo net in January 2020. The samples were processed on the research vessel in the intervals between sampling according to the standard procedure. At all stations studied, the main zooplankton biomass was by salps (S. thompsoni and I. racovitzai). According to the index of coenotic significance, salps were of primary importance in the zooplanktocenosis, in which E. superba occupied the third place with biomass ranged from 6.3 to 96.3 mg/m3, and krill was meet only in the northwestern deep-water part of the Bransfield Strait. This is due to food competition between salps (S. thompsoni, I. racovitzai) and krill. The presence of krill in the deep-water part of the Bransfield Strait is explained by its introduction from the Bellingshausen Sea due to the prevalence of western winds. The biomass of other zooplankton species in all areas of the strait happened very small in comparison with that of salps and krill and was distributed uniformly. When comparing the ratio of the biomass of the above species obtained during the expedition with the data of the 90s and 2000s, there is a clear trend of an increase in salps and a decrease in E. superba, that is probably associated with the general trend of an increase in water temperature in the Antarctic waters. Thus, the example of Bransfield Strait clearly shows a negative correlation between the biomass of salps and krill.",2023,https://doi.org/10.31857/s0030157423040044,article,NA,К. М. Горбатенко; Vladimir Yakovenko,Marine and fisheries research; Marine and coastal ecosystems; Marine Biology and Ecology Research,Global and Planetary Change; Oceanography; Oceanography,NA,0,295
"International Collaborative Project : Hydroacoustic Monitoring of Tectonic and Volcanic Activity Within the Bransfield Strait and Western Scotia Sea, Antarctica","Global seismic networks provide good azimuthal coverage throughout the world including the Arctic Basin, but in the southern hemisphere, global seismic catalog show very low levels of seismicity, in part reflecting the poor station coverage within this part of the world and dearth of array stations within the southern hemisphere. However, source of shallow submarine volcanism, many of which are unexplored, exist throughout, within the transtensional sections of the South Scotia Ridge and along the South Sandwich Back-Arc, Antarctica. Previous observations have highlighted the potential for hydroacoustic observation in the Polar Seas. During the last decade, the value of hydroacoustic monitoring of ocean floor seismicity has been demonstrated through work using the U.S. Navy's SOund SUrveillance System (SOSUS) and array of moored Autonomous Underwater Hydrophones (AUHs). As a result, the analysis of hydroacoustic data has revolutionized our understanding of mid-ocean ridge eruptive processes, has illuminated the complex structure of subduction zones and transform faults and has shown great promise as a tool in addressing a variety of tectonic problems. In observance of the International Polar Year (2007-2008), KOPRI, collaborating with NOAA/OSU and Lamont-Doherty Earth Observatory (LDEO), has deployed AUH to record seismicity from along the Antarctic Peninsula and western Scotia Sea. This array will take advantage of the efficient propagation of sound in the oceans to detect and locate the acoustic (T-wave) signals of (>2.5-3.0 mb) earthquakes, as well as volcanic tremor, ice movement, and marine mammals from throughout the region. We will utilize the hydroacoustic waveform data to accomplish a number of tasks, including: a) Examine the overall temporal and spatial pattern of earthquake production along the Antarctic Peninsula and western Scotia Sea b) Evaluate the occurrence and distribution of submarine volcanic activity (using earthquake activity) in this region c) Record iceberg tremor to estimate the number and distribution of large icebergs in the Scotia Sea and the acoustic signature of ice breakup and movement within the Antarctic Peninsula region, d) Monitor volcanic arc and back-arc spreading centers for volcanic tremor and constrain those factors controlling its generation in the submarine environment, and e) Assess the type and distribution of baleen whale populations in the region where little previous information exits. As earthquakes can be used to track lithospheric processes, analyzing their distribution and association with magmatic, tectonic, hydrothermal and glacial/sea ice activity is paramount in accomplishing our goals. The polar regions also play key roles in our global environment and an important question is how are changes in ice mass linked with volcano-tectonic seafloor processes. Implementing polar observation systems would help document these linkages. This project also provides a new ocean sensor; a cold-water capable, deep-ocean hydrophone has been developed and tested that can be used in the polar oceans.",2005,NA,article,NA,Minkyu Park; Robert P. Dziak; D. R. Bohnenstiehl; Haru Matsumoto; Young Keun Jin,Seismic Waves and Analysis; earthquake and tectonic studies; Seismic Imaging and Inversion Techniques,Geophysics; Geophysics; Geophysics,NA,0,296
Occurrence Download,"A dataset containing 14500 species occurrences available in GBIF matching the query: { ""or"" : [ ""DatasetKey is Weddell Seal census, Vestfold Hills, Antarctica"", ""DatasetKey is EPOS3: SeaStars (Echinodermata, Asteroidea)"", ""DatasetKey is (Table 1) Distribution and numerical abundance of foraminifera of sediment core CRP-3"", ""DatasetKey is Bacteria and chlorophyll-a water column observations (surface to ~150m), April-August 2001, Continental Margin Western Antarctic Peninsula, GLOBEC"", ""DatasetKey is Mitochondrial lineages in the Antarctic sea slug Doris kerguelenensis"", ""DatasetKey is MNA (Section of Genoa) associated collection of CCFEE (Tuscia University) - Antarctic Fungi"", ""DatasetKey is (Appendix) Relative abundance of some calcareous nannofossils in ODP Hole 119-738C"", ""DatasetKey is Counts of Quaternary foraminifera of sediment core CRP-1 (App. 1)"", ""DatasetKey is Occurence of foraminifera and other microfossils in sediment core CRP-2/2A (Table 1)"", ""DatasetKey is Antarctic Krill occurrence data from Australian expeditions"", ""DatasetKey is MNA (Section of Genoa) and NIWA Invertebrate Collection - Ross Sea Tanaidacea"", ""DatasetKey is Cetacean Sightings Survey and Southern Ocean Cetacean Program - BROKE-West"", ""DatasetKey is (Table 1) Abundance of planktonic foraminifera in ODP Hole 113-689B, large size fraction"", ""DatasetKey is (Table 2a) Downcore distribution of live benthic foraminifera of sediment core PS1394-1, Weddell Sea"", ""DatasetKey is Abundance of macrozoobenthos in surface sediments sampled during POLARSTERN cruise ANT-V/1"", ""DatasetKey is (Table 2) Distribution of Lower Cretaceous calcareous nannofossils in ODP Hole 113-693A"", ""DatasetKey is (Table 2) Abundance of planktonic foraminifera in ODP Hole 113-689B, small size fraction"", ""DatasetKey is Diversity of total live benthic foraminiferal assemblages in South Atlantic surface sediments"", ""DatasetKey is Table I: Birds observed at the Weddell Sea during the period: 6 December 1955 to 19 January 1956"", ""DatasetKey is Occurence of monothalamous foraminifera in Admiralty Bay, King George Island, West Antarctica (Table 1, 2)"", ""DatasetKey is Antarctic Foraminiferans"", ""DatasetKey is Antarctic pycnogonids"", ""DatasetKey is Late Cretaceous ostracods recorded from ODP Hole 113-689B"", ""DatasetKey is Whale log - observations from ANARE voyages"", ""DatasetKey is Antarctic fish Gobionotothen gibberifrons"" ] } The dataset includes 14500 records from 25 constituent datasets; see https://api.gbif.org/v1/occurrence/download/0087131-160910150852091/datasets/export for details. Data from some individual datasets included in this download may be licensed under less restrictive terms.",2017,https://doi.org/10.15468/dl.8x7q4m,dataset,https://doi.org/10.15468/dl.8x7q4m,GBIF.Org User,Satellite Image Processing and Photogrammetry,Ocean Engineering,NA,0,297
"Molecular identification of whales remains from the Keller Peninsula, Admiralty Bay, King George Island, Antarctica","At the beginning of the 20th century, intense whaling activity took place in the South Shetland Islands, which is represented today in the form of ruins and numerous whale bones scattered along several Antarctic beaches. Despite being exposed to a harsh environment throughout the last decades, the present manuscript tried to answer if these bone remains still have viable DNA to allow species' identification using molecular methods. Several individuals were collected from the shores of Keller Peninsula, Admiralty Bay, Antarctica, and submitted to DNA extraction, amplification and Sanger sequencing. The challenging identification of these bone fragments proved to be still feasible. Mitochondrial DNA was successfully extracted, amplified and sequenced. A database with 43 sequences including previously published and newly determined sequences were built and enabled the precise identification to species level for some of the collected samples, therefore shedding light on the whales species that inhabited the region and how their overexploitation seems to have affected modern day presence of these species within the study area.",2024,https://doi.org/10.1590/0001-3765202420240502,article,https://doi.org/10.1590/0001-3765202420240502,DAFNE ANJOS; Anna Luiza dos Santos Donato; Rodrigo Goldenberg-Barbosa; Elizeu Fagundes de Carvalho; C.R.L. Amaral,Marine animal studies overview; Cephalopods and Marine Biology; Marine and coastal plant biology,"Ecology; Ecology, Evolution, Behavior and Systematics; Oceanography",NA,0,298
The marine soundscape off Elephant Island: A Southern Ocean coastal habitat,"Here we present a comprehensive description of the acoustic environment approximately 31 km west-northwest of Minstrel Point, Elephant Island, Antarctica at 210 m water depth based on three years (Jan 2013 – Feb 2016) of subsampled (5 min per hour) passive acoustic recordings. Long-term spectrograms reveal a notable recurrence of acoustic environments between years. Fin and Antarctic blue whale calls dominate the low (&lt; 100 Hz) part of the biophonic spectrum energetically from end of January to late July/early August. November through early January are dominated by leopard seal vocalizations at around 300 Hz. Concurrently, the geophonic spectrum exhibits strong fluctuations between days, both due to storm and tidal influences, causing flow and shackle noise from the instrumentation itself. Manual analysis of every second day of the subsampled data by visual and aural screening (employing short term spectrograms) was used to examine the data in greater detail for additional acoustic contributions and to assign the various acoustic signatures to their sources. Six cetacean and two pinniped species were identified based on their acoustic signatures and analysed for seasonal and diel patterns in occurrence. Anthrophonic signatures were attributed to air guns on 3 % of the analysed days. Vessel noise was noted between 10 and 12% of days on annual averages, occurring mainly in austral summer and fall with sporadic events throughout the remainder of the year.",2018,NA,article,https://epic.awi.de/id/eprint/47474/1/Poster_ECS_2018.pdf,Elke Burkhardt; Olaf Boebel; Boris Ciesewski; Ramona Maja Mattmueller; Marlene Meister; Elena Schall; Stefanie Spiesecke; Karolin Thomisch; Ilse van Opzeeland,Marine animal studies overview; Underwater Acoustics Research; Animal Vocal Communication and Behavior,Ecology; Oceanography; Developmental Biology,https://epic.awi.de/id/eprint/47474/1/Poster_ECS_2018.pdf,0,299
Long-term resightings of humpback whales off Ecuador,"This paper reports on the long-term re-sight histories of fifteen photo-identified humpback whales encountered to date transiting Ecuadorian waters. It also provides information about connections to feeding area destinations. Whale EC1261 has been resighted over a 26 year span and provides insight into age and potential longevity of this species in the stock G. The resighting of whale EC1261 provides the earliest connection from Ecuador to Antarctica. and supports previous findings that Antarctic Peninsula is the main feeding area of humpback whales migrating to Ecuadorian waters. Although there are only a low percentage of re-sighted animals between Ecuador and the Strait of Magellan, two records represent long-term observations of 17 and 21 years. Resightings of these whales previously confirmed the Straits of Magellan as a feeding area (Gibbons et al, 1998; Gibbons et al, 2003; Acevedo et al. 2007; Capella et al. 2008). These results are based on the individual identification of the ventral surface of humpback whale tails. This method has been used extensively by researchers, NGO’s and government institutions in Antarctica, Chile, and Colombia",2012,NA,article,https://research.wur.nl/en/publications/long-term-resightings-of-humpback-whales-off-ecuador,Christina J. Castro; Jorge Acevedo; Anelio Aguayo‐Lobo; James G. Allen; Juan Capella; Luciano Dalla Rosa; L. Flores-González; Gregory D. Kaufman; Paul H. Forestell; Meike Scheidat; Eduardo R. Secchi; Peter T. Stevick; Marcos César de Oliveira Santos,Marine animal studies overview; Marine and coastal plant biology; Arctic and Antarctic ice dynamics,Ecology; Oceanography; Atmospheric Science,NA,0,300
Occurrence Download,"A dataset containing 2907 species occurrences available in GBIF matching the query: { ""or"" : [ ""DatasetKey is MNA (Section of Genoa) and NIWA Invertebrate Collection - Ross Sea Tanaidacea"", ""DatasetKey is Cetacean Sightings Survey and Southern Ocean Cetacean Program - BROKE-West"", ""DatasetKey is (Table 1) Abundance of planktonic foraminifera in ODP Hole 113-689B, large size fraction"", ""DatasetKey is (Table 2a) Downcore distribution of live benthic foraminifera of sediment core PS1394-1, Weddell Sea"", ""DatasetKey is Abundance of macrozoobenthos in surface sediments sampled during POLARSTERN cruise ANT-V/1"", ""DatasetKey is (Table 2) Distribution of Lower Cretaceous calcareous nannofossils in ODP Hole 113-693A"", ""DatasetKey is (Table 2) Abundance of planktonic foraminifera in ODP Hole 113-689B, small size fraction"", ""DatasetKey is Diversity of total live benthic foraminiferal assemblages in South Atlantic surface sediments"", ""DatasetKey is Table I: Birds observed at the Weddell Sea during the period: 6 December 1955 to 19 January 1956"", ""DatasetKey is Occurence of monothalamous foraminifera in Admiralty Bay, King George Island, West Antarctica (Table 1, 2)"", ""DatasetKey is Antarctic Foraminiferans"", ""DatasetKey is Antarctic pycnogonids"", ""DatasetKey is Late Cretaceous ostracods recorded from ODP Hole 113-689B"", ""DatasetKey is Whale log - observations from ANARE voyages"", ""DatasetKey is Antarctic fish Gobionotothen gibberifrons"" ] } The dataset includes 2907 records from 15 constituent datasets; see https://api.gbif.org/v1/occurrence/download/0079862-160910150852091/datasets/export for details. Data from some individual datasets included in this download may be licensed under less restrictive terms.",2017,https://doi.org/10.15468/dl.dwvjqn,dataset,https://doi.org/10.15468/dl.dwvjqn,GBIF.Org User,Satellite Image Processing and Photogrammetry,Ocean Engineering,NA,0,301
Spatial Variability of Macro- and Mesozooplankton in the Bransfield Strait in January 2020,"The spatial distribution of the biomass of macro- and mesozoopankton species, as well as the size and sex structure of the species Euphausia superba (krill), Salpa thompsoni, and Ihlea racovitzai in the Bransfield Strait during the Antarctic summer of 2020 were studied. Krill is at the heart of the food chain of the Antarctic ecosystem because numerous populations of seabirds, seals, and whales feed on them. In recent decades, the Antarctic ecosystem has been under significant changes caused by global warming, but the nature and extent of this impact on krill stocks, especially its juveniles in the Bransfield Strait, remains insufficiently studied. At the same time, this particular region is a highly productive zone of the Antarctic ecosystem and one of the areas where concentrations of Antarctic krill accumulate. The aim of this research was to study the spatial variability of the structure, numbers, and biomass of zooplankton in the Bransfield Strait during the Antarctic summer of 2020. Zooplankton samples in the Bransfield Strait were collected with a Bongo net in January 2020. The samples were processed on the research vessel in the intervals between sampling according to the standard procedure. At all stations studied, the main zooplankton biomass consisted of salps (S. thompsoni and I. racovitzai). According to the coenotic significance index, salps were of primary importance in the zooplanktocenosis, in which E. superba occupied third place with a biomass ranging from 6.3 to 96.3 mg/m3; krill was encountered only in the northwestern deep-water part of the Bransfield Strait. This is due to food competition between salps (S. thompsoni, I. racovitzai) and krill. The presence of krill in the deep-water part of the Bransfield Strait is explained by its introduction from the Bellingshausen Sea due to the prevalence of western winds. The biomass of other zooplankton species in all areas of the strait was very small vesus that of salps and krill and was uniformly distributed. When comparing the ratio of the biomass of the above species obtained during the expedition with the data of the 1990s and 2000s, there is a clear trend of an increase in salps and a decrease in E. superba, probably associated with the general trend of an increase in water temperature in Antarctic water. Thus, the case study of the Bransfield Strait clearly shows a negative correlation between the biomass of salps and krill.",2023,https://doi.org/10.1134/s0001437023040045,article,NA,К. М. Горбатенко; Vladimir Yakovenko,Marine and fisheries research; Marine and coastal ecosystems; Oceanographic and Atmospheric Processes,Global and Planetary Change; Oceanography; Oceanography,NA,0,302
"Capturing Variability Marine Soundscapes: Elephant Island, Antarctica – A Case Study","Here we present a comprehensive description of the acoustic environment approximately 31 km west-northwest of Minstrel Point, Elephant Island, Antarctica at 210 m water depth based on three years (Jan 2013 – Feb 2016) of subsampled (5 min per hour) passive acoustic recordings. Long-term spectrograms reveal a notable recurrence of acoustic environments between years.&#13;\nFin and Antarctic blue whale calls dominate the low (&lt; 100 Hz) part of the biophonic spectrum energetically from end of January to late July/early August. November through early January are dominated by leopard seal vocalizations at around 300 Hz. Concurrently, the geophonic spectrum exhibits strong fluctuations between days, both due to storm and tidal influences, causing flow and shackle noise from the instrumentation itself.&#13;\nManual analysis of every second day of the subsampled data by visual and aural screening (employing short term spectrograms) was used to examine the data in greater detail for additional acoustic contributions and to assign the various acoustic signatures to their sources. Six cetacean and two pinniped species were identified based on their acoustic signatures and analysed for seasonal and diel patterns in occurrence. Anthrophonic signatures were attributed to air guns on 3 % of the analysed days. Vessel noise was noted between 10 and 12 % of days on annual averages, occurring mainly in austral summer and fall with sporadic events throughout the remainder of the year. This work illustrates the value of soundscape studies and provides a first step towards understanding the actual contribution of sound sources in their respective acoustic context and overall local noise budget.",2019,NA,article,NA,Elke Burkhardt; Olaf Boebel; Marlene Meister; Stefanie Spiesecke; Karolin Thomisch; Ilse van Opzeeland,Marine animal studies overview; Underwater Acoustics Research; Animal Vocal Communication and Behavior,Ecology; Oceanography; Developmental Biology,NA,0,303
Unravelling the ecosystem – how have our actions in the past made predicting the future more difficult?,"Penguins are important and sensitive indicators of ecosystem change. However, most ecological studies of penguins are constrained by logistics, so temporal dynamics of populations have generally been inferred from local studies, often ignoring the complex spatial heterogeneity of population processes and underlying environmental relationships. In collaboration with US colleagues during a recent study of the Antarctic Peninsula we analysed diverse census data from a long-term regional population survey to provide evidence of disparate trends for different penguin species, showing local studies are not always good predictors of change. Aggregating data at the regional scale allowed us to quantify rates of regional population change in a way not previously possible, providing ecological insight and critical management information. These results were reinforced by another study of penguins at South Georgia which revealed that local monitoring data do not tell the full story. The study considered whether competition between penguins and marine mammals may have caused observed declines in penguin numbers. Such effects might be evident elsewhere, consistent with the recovery of marine mammal populations, including whales. These findings are important for krill fisheries management and for understanding climate and competition effects on higher predator population ecology.",2012,NA,article,NA,Phil Trathan,Avian ecology and behavior; Marine and coastal plant biology; Marine and fisheries research,Ecology; Oceanography; Global and Planetary Change,NA,0,304
Occurrence Download,"A dataset containing 12113 species occurrences available in GBIF matching the query: { ""or"" : [ ""DatasetKey is Weddell Seal census, Vestfold Hills, Antarctica"", ""DatasetKey is MNA (Section of Genoa) and NIWA Invertebrate Collection - Ross Sea Tanaidacea"", ""DatasetKey is Cetacean Sightings Survey and Southern Ocean Cetacean Program - BROKE-West"", ""DatasetKey is (Table 1) Abundance of planktonic foraminifera in ODP Hole 113-689B, large size fraction"", ""DatasetKey is (Table 2a) Downcore distribution of live benthic foraminifera of sediment core PS1394-1, Weddell Sea"", ""DatasetKey is Abundance of macrozoobenthos in surface sediments sampled during POLARSTERN cruise ANT-V/1"", ""DatasetKey is (Table 2) Distribution of Lower Cretaceous calcareous nannofossils in ODP Hole 113-693A"", ""DatasetKey is (Table 2) Abundance of planktonic foraminifera in ODP Hole 113-689B, small size fraction"", ""DatasetKey is Diversity of total live benthic foraminiferal assemblages in South Atlantic surface sediments"", ""DatasetKey is Table I: Birds observed at the Weddell Sea during the period: 6 December 1955 to 19 January 1956"", ""DatasetKey is Occurence of monothalamous foraminifera in Admiralty Bay, King George Island, West Antarctica (Table 1, 2)"", ""DatasetKey is Antarctic Foraminiferans"", ""DatasetKey is Antarctic pycnogonids"", ""DatasetKey is Late Cretaceous ostracods recorded from ODP Hole 113-689B"", ""DatasetKey is Whale log - observations from ANARE voyages"", ""DatasetKey is Antarctic fish Gobionotothen gibberifrons"" ] } The dataset includes 12113 records from 16 constituent datasets; see https://api.gbif.org/v1/occurrence/download/0080480-160910150852091/datasets/export for details. Data from some individual datasets included in this download may be licensed under less restrictive terms.",2017,https://doi.org/10.15468/dl.g0bxga,dataset,https://doi.org/10.15468/dl.g0bxga,GBIF.Org User,Satellite Image Processing and Photogrammetry,Ocean Engineering,NA,0,305
Occurrence Download,"A dataset containing 12113 species occurrences available in GBIF matching the query: { ""or"" : [ ""DatasetKey is Weddell Seal census, Vestfold Hills, Antarctica"", ""DatasetKey is MNA (Section of Genoa) and NIWA Invertebrate Collection - Ross Sea Tanaidacea"", ""DatasetKey is Cetacean Sightings Survey and Southern Ocean Cetacean Program - BROKE-West"", ""DatasetKey is (Table 1) Abundance of planktonic foraminifera in ODP Hole 113-689B, large size fraction"", ""DatasetKey is (Table 2a) Downcore distribution of live benthic foraminifera of sediment core PS1394-1, Weddell Sea"", ""DatasetKey is Abundance of macrozoobenthos in surface sediments sampled during POLARSTERN cruise ANT-V/1"", ""DatasetKey is (Table 2) Distribution of Lower Cretaceous calcareous nannofossils in ODP Hole 113-693A"", ""DatasetKey is (Table 2) Abundance of planktonic foraminifera in ODP Hole 113-689B, small size fraction"", ""DatasetKey is Diversity of total live benthic foraminiferal assemblages in South Atlantic surface sediments"", ""DatasetKey is Table I: Birds observed at the Weddell Sea during the period: 6 December 1955 to 19 January 1956"", ""DatasetKey is Occurence of monothalamous foraminifera in Admiralty Bay, King George Island, West Antarctica (Table 1, 2)"", ""DatasetKey is Antarctic Foraminiferans"", ""DatasetKey is Antarctic pycnogonids"", ""DatasetKey is Late Cretaceous ostracods recorded from ODP Hole 113-689B"", ""DatasetKey is Whale log - observations from ANARE voyages"", ""DatasetKey is Antarctic fish Gobionotothen gibberifrons"" ] } The dataset includes 12113 records from 16 constituent datasets; see https://api.gbif.org/v1/occurrence/download/0080485-160910150852091/datasets/export for details. Data from some individual datasets included in this download may be licensed under less restrictive terms.",2017,https://doi.org/10.15468/dl.i2ey1r,dataset,https://doi.org/10.15468/dl.i2ey1r,GBIF.Org User,Satellite Image Processing and Photogrammetry,Ocean Engineering,NA,0,306
Occurrence Download,"A dataset containing 12113 species occurrences available in GBIF matching the query: { ""or"" : [ ""DatasetKey is Weddell Seal census, Vestfold Hills, Antarctica"", ""DatasetKey is MNA (Section of Genoa) and NIWA Invertebrate Collection - Ross Sea Tanaidacea"", ""DatasetKey is Cetacean Sightings Survey and Southern Ocean Cetacean Program - BROKE-West"", ""DatasetKey is (Table 1) Abundance of planktonic foraminifera in ODP Hole 113-689B, large size fraction"", ""DatasetKey is (Table 2a) Downcore distribution of live benthic foraminifera of sediment core PS1394-1, Weddell Sea"", ""DatasetKey is Abundance of macrozoobenthos in surface sediments sampled during POLARSTERN cruise ANT-V/1"", ""DatasetKey is (Table 2) Distribution of Lower Cretaceous calcareous nannofossils in ODP Hole 113-693A"", ""DatasetKey is (Table 2) Abundance of planktonic foraminifera in ODP Hole 113-689B, small size fraction"", ""DatasetKey is Diversity of total live benthic foraminiferal assemblages in South Atlantic surface sediments"", ""DatasetKey is Table I: Birds observed at the Weddell Sea during the period: 6 December 1955 to 19 January 1956"", ""DatasetKey is Occurence of monothalamous foraminifera in Admiralty Bay, King George Island, West Antarctica (Table 1, 2)"", ""DatasetKey is Antarctic Foraminiferans"", ""DatasetKey is Antarctic pycnogonids"", ""DatasetKey is Late Cretaceous ostracods recorded from ODP Hole 113-689B"", ""DatasetKey is Whale log - observations from ANARE voyages"", ""DatasetKey is Antarctic fish Gobionotothen gibberifrons"" ] } The dataset includes 12113 records from 16 constituent datasets; see https://api.gbif.org/v1/occurrence/download/0080479-160910150852091/datasets/export for details. Data from some individual datasets included in this download may be licensed under less restrictive terms.",2017,https://doi.org/10.15468/dl.ayiz6y,dataset,https://doi.org/10.15468/dl.ayiz6y,GBIF.Org User,Satellite Image Processing and Photogrammetry,Ocean Engineering,NA,0,307
"Metagenomic analysis of the fungal community present in unimpacted and oil-impacted soil, South Shetland Islands, maritime Antarctica",NA,2026,https://doi.org/10.1007/s11274-026-04791-7,article,NA,Marahia Isabel Guevara Robayo; Jonathan Holger Cordovillo Armijo; Luiz Henrique Rosa; Michel Rodrigo Zambrano Passarini,Polar Research and Ecology; Microbial Community Ecology and Physiology; Protist diversity and phylogeny,Ecology; Ecology; Molecular Biology,NA,0,308
Occurrence Download,"A dataset containing 16418 species occurrences available in GBIF matching the query: { ""or"" : [ ""DatasetKey is Weddell Seal census, Vestfold Hills, Antarctica"", ""DatasetKey is Electron Micrograph Database - Terrestrial and Limnetic Specimens"", ""DatasetKey is (Appendix B) Planktic foraminiferal assemblages from ODP Holes 113-689B and 113-690B"", ""DatasetKey is Southern Ocean Cnidarian Collections"", ""DatasetKey is Invertebrate collection of the Seto Marine Biological Laboratory, Kyoto University"", ""DatasetKey is Type Localities for organisms and fossils first described from Antarctica"", ""DatasetKey is Antarctic Marine Species Sequence Data"", ""DatasetKey is EPOS3: SeaStars (Echinodermata, Asteroidea)"", ""DatasetKey is (Table 1) Distribution and numerical abundance of foraminifera of sediment core CRP-3"", ""DatasetKey is Bacteria and chlorophyll-a water column observations (surface to ~150m), April-August 2001, Continental Margin Western Antarctic Peninsula, GLOBEC"", ""DatasetKey is Mitochondrial lineages in the Antarctic sea slug Doris kerguelenensis"", ""DatasetKey is MNA (Section of Genoa) associated collection of CCFEE (Tuscia University) - Antarctic Fungi"", ""DatasetKey is (Appendix) Relative abundance of some calcareous nannofossils in ODP Hole 119-738C"", ""DatasetKey is Counts of Quaternary foraminifera of sediment core CRP-1 (App. 1)"", ""DatasetKey is Occurence of foraminifera and other microfossils in sediment core CRP-2/2A (Table 1)"", ""DatasetKey is Antarctic Krill occurrence data from Australian expeditions"", ""DatasetKey is MNA (Section of Genoa) and NIWA Invertebrate Collection - Ross Sea Tanaidacea"", ""DatasetKey is Cetacean Sightings Survey and Southern Ocean Cetacean Program - BROKE-West"", ""DatasetKey is (Table 1) Abundance of planktonic foraminifera in ODP Hole 113-689B, large size fraction"", ""DatasetKey is (Table 2a) Downcore distribution of live benthic foraminifera of sediment core PS1394-1, Weddell Sea"", ""DatasetKey is Abundance of macrozoobenthos in surface sediments sampled during POLARSTERN cruise ANT-V/1"", ""DatasetKey is (Table 2) Distribution of Lower Cretaceous calcareous nannofossils in ODP Hole 113-693A"", ""DatasetKey is (Table 2) Abundance of planktonic foraminifera in ODP Hole 113-689B, small size fraction"", ""DatasetKey is Diversity of total live benthic foraminiferal assemblages in South Atlantic surface sediments"", ""DatasetKey is Table I: Birds observed at the Weddell Sea during the period: 6 December 1955 to 19 January 1956"", ""DatasetKey is Occurence of monothalamous foraminifera in Admiralty Bay, King George Island, West Antarctica (Table 1, 2)"", ""DatasetKey is Antarctic Foraminiferans"", ""DatasetKey is Antarctic pycnogonids"", ""DatasetKey is Late Cretaceous ostracods recorded from ODP Hole 113-689B"", ""DatasetKey is Whale log - observations from ANARE voyages"", ""DatasetKey is Antarctic fish Gobionotothen gibberifrons"" ] } The dataset includes 16418 records from 31 constituent datasets; see https://api.gbif.org/v1/occurrence/download/0084733-160910150852091/datasets/export for details. Data from some individual datasets included in this download may be licensed under less restrictive terms.",2017,https://doi.org/10.15468/dl.33ddxb,dataset,https://doi.org/10.15468/dl.33ddxb,GBIF.Org User,Satellite Image Processing and Photogrammetry,Ocean Engineering,NA,0,309
Ship based cetacean survey in the Southern Ocean 2023 (MSM115),"Distance sampling survey for cetaceans in the Southern Ocean along the Western Antarctic Peninsula conducted on board of Maria S. Merian in March 2023. Effort related sighting data collected during a dedicated survey for cetaceans following distance sampling methodology. We conducted a dedicated line transect distance sampling survey, zig-zagging across the outer shelf-edge from the South Sandwich Islands to the South Orkney Islands. Whenever weather permitted, a team of three observers was placed on the observation deck (at 20 m height ASL) with a starboard and a portside observer scanning the area from the trackline to 90° abeam of the vessel up to the horizon, and a data recorder positioned inside the observation room. The observers reported all sightings, including information on distance (via reticules provided by Fujinon MTRC-SX binoculars that were used for distance estimation only) and horizontal angle to the detected group via radio to the data recorder. Groups of 15 or more individuals were classified as 'aggregations'. Groups with less than 15 animals are henceforth referred to as 'solitary groups' to distinguish them from aggregations. Sighting conditions were assessed and continuously updated, including information on sea-state (Beaufort scale), glare (taking levels from 0: none to 2: intense) and subjective sighting conditions for large whales (good, moderate, poor, or unacceptable as judged by the observers). The data recorder entered all information directly into a computer, logging all sightings and updates of environmental conditions together with position and time stamp. The team members rotated positions every 30 minutes between the three positions. One on-duty team member was replaced every 30 minutes with a fresh observer, so that the maximum duty cycle for a single observer would not surmount 1h 30 minutes.",NA,https://doi.org/10.1594/pangaea.984312,dataset,https://doi.pangaea.de/10.1594/PANGAEA.984312,"Viquerat, Sacha; Herr, Helena",,,NA,0,310
Spatial Assessment of Antarctic Krill (Euphausia superba) in the Palmer Long-Term Ecological Research (LTER) Study Site using Acoustic Doppler Current Profiler (ADCP) Technology,"Antarctic krill (Euphausia superba) play an integral role in the ecological community of the Southern Ocean. Information to monitor biomass and distribution is extremely important to scientists and managers, particularly due to recent warming trends along the Western Antarctic Peninsula. Active acoustic systems provide a robust, reliable method for measuring krill biomass and distribution. The intent of this project was to develop tools and methodologies in MatLab and ArcGIS to assess variations in krill patch size, latitudinal and longitudinal distribution, as well as depth dependent patterns. Pre-processed acoustic Doppler current profiler (ADCP) backscatter data, from one-month cruises over 5 years, were used as a template to produce maps, tables, and graphs. The standardized output products allow for qualitative comparisons across multiple years within the Palmer Long Term Ecological Research (LTER) study site. Eventually, whale satellite-tag data can be cross-referenced to determine if the spatial scale of whale feeding behavior coincides with the krill patch size or location; which is critical to interpreting changes within the ecosystem and the foraging dynamics of predators.\nThe initial section of the report presents an overview of Antarctic krill behavior and life history, regional warming implications, and the history of the LTER and acoustic biomass surveys. Technical information is presented concerning the operation of an ADCP and data processing; ADCP data require correction and calibration for use in biomass backscatter measurement. A literature review of previous studies provides context of current knowledge within the field, and highlights shortcomings that this project will address.\n\nNext, the study site and data collection methods are discussed, including the acquisition, processing, and storage of acoustic data. Two datasets used as templates in script development, from Meng Zhou and the Common Ocean Data Access System (CODAS), are described in Data Analysis. The ArcGIS Data Import, ADCP Average and Integration, and User Selection models provide methods to manipulate data on a variety of spatial scales. These tools allow the user to select an area of interest and determine the resolution of the resultant acoustic backscatter data based on the needs of the study. Output tables are then used to create maps and plots of biomass for further analysis in ArcMap and MatLab.\n\nThe third section discusses qualitative results from five LTER cruises. Histograms of depth-integrated, latitude and longitude, and depth-separated backscatter data provided the basis for comparative analysis within a single year. Large aggregations are found inshore and within protected bays of the local islands surrounding the Western Antarctic Peninsula. As ship transects move offshore and south, size and intensity of acoustic return decreases. Additionally, depth correlated patterns show high backscattering values near the surface, with a slight drop off, and potentially bimodal signal as the signal moves deeper through the water column.\n\nFinally, a discussion of the results shows that there is indeed variation in patch size, distribution, and depth dependent patterns across each year based on the ADCP data processed to this point. The backscatter data based at this point on uncorrected, uncalibrated acoustic returns agrees with previous studies, which described retentive patterns that keep krill entrained in local bays during the austral summer. This is in contrast to the eastern Antarctic, in which krill move offshore as summer approaches. Location and depth patterns were not as apparent due to limitations within the dataset that did not allow for precise relative estimates of biomass. These patterns can be illuminated through further investigation into the CODAS data, or the acquisition of post-processed data. Furthermore, by obtaining actual biomass estimates, we can determine if patch size or location is an indicator of whale feeding preference. The tools developed provided an introductory investigation into krill spatiotemporal availability, but also recognized the need for more directed research into the implications of these changes on the ecosystem.",2017,NA,article,NA,Nicholas Alcaraz,Marine animal studies overview; Marine and fisheries research; Cephalopods and Marine Biology,"Ecology; Global and Planetary Change; Ecology, Evolution, Behavior and Systematics",NA,0,311
Occurrence Download,"A dataset containing 14023 species occurrences available in GBIF matching the query: { ""or"" : [ ""DatasetKey is Cnidarios del proyecto Macrofauna Corpoguajira"", ""DatasetKey is Depletion fishing in the rivers Grote Nete and Kleine Nete in Flanders, Belgium"", ""DatasetKey is Weddell Seal census, Vestfold Hills, Antarctica"", ""DatasetKey is MNA (Section of Genoa) and NIWA Invertebrate Collection - Ross Sea Tanaidacea"", ""DatasetKey is Cetacean Sightings Survey and Southern Ocean Cetacean Program - BROKE-West"", ""DatasetKey is (Table 1) Abundance of planktonic foraminifera in ODP Hole 113-689B, large size fraction"", ""DatasetKey is (Table 2a) Downcore distribution of live benthic foraminifera of sediment core PS1394-1, Weddell Sea"", ""DatasetKey is Abundance of macrozoobenthos in surface sediments sampled during POLARSTERN cruise ANT-V/1"", ""DatasetKey is (Table 2) Distribution of Lower Cretaceous calcareous nannofossils in ODP Hole 113-693A"", ""DatasetKey is (Table 2) Abundance of planktonic foraminifera in ODP Hole 113-689B, small size fraction"", ""DatasetKey is Diversity of total live benthic foraminiferal assemblages in South Atlantic surface sediments"", ""DatasetKey is Table I: Birds observed at the Weddell Sea during the period: 6 December 1955 to 19 January 1956"", ""DatasetKey is Occurence of monothalamous foraminifera in Admiralty Bay, King George Island, West Antarctica (Table 1, 2)"", ""DatasetKey is Antarctic Foraminiferans"", ""DatasetKey is Antarctic pycnogonids"", ""DatasetKey is Late Cretaceous ostracods recorded from ODP Hole 113-689B"", ""DatasetKey is Whale log - observations from ANARE voyages"", ""DatasetKey is Antarctic fish Gobionotothen gibberifrons"" ] } The dataset includes 14023 records from 18 constituent datasets; see https://api.gbif.org/v1/occurrence/download/0080760-160910150852091/datasets/export for details. Data from some individual datasets included in this download may be licensed under less restrictive terms.",2017,https://doi.org/10.15468/dl.5t4i09,dataset,https://doi.org/10.15468/dl.5t4i09,GBIF.Org User,Satellite Image Processing and Photogrammetry,Ocean Engineering,NA,0,312
Occurrence Download,"A dataset containing 14023 species occurrences available in GBIF matching the query: { ""or"" : [ ""DatasetKey is Cnidarios del proyecto Macrofauna Corpoguajira"", ""DatasetKey is Depletion fishing in the rivers Grote Nete and Kleine Nete in Flanders, Belgium"", ""DatasetKey is Weddell Seal census, Vestfold Hills, Antarctica"", ""DatasetKey is MNA (Section of Genoa) and NIWA Invertebrate Collection - Ross Sea Tanaidacea"", ""DatasetKey is Cetacean Sightings Survey and Southern Ocean Cetacean Program - BROKE-West"", ""DatasetKey is (Table 1) Abundance of planktonic foraminifera in ODP Hole 113-689B, large size fraction"", ""DatasetKey is (Table 2a) Downcore distribution of live benthic foraminifera of sediment core PS1394-1, Weddell Sea"", ""DatasetKey is Abundance of macrozoobenthos in surface sediments sampled during POLARSTERN cruise ANT-V/1"", ""DatasetKey is (Table 2) Distribution of Lower Cretaceous calcareous nannofossils in ODP Hole 113-693A"", ""DatasetKey is (Table 2) Abundance of planktonic foraminifera in ODP Hole 113-689B, small size fraction"", ""DatasetKey is Diversity of total live benthic foraminiferal assemblages in South Atlantic surface sediments"", ""DatasetKey is Table I: Birds observed at the Weddell Sea during the period: 6 December 1955 to 19 January 1956"", ""DatasetKey is Occurence of monothalamous foraminifera in Admiralty Bay, King George Island, West Antarctica (Table 1, 2)"", ""DatasetKey is Antarctic Foraminiferans"", ""DatasetKey is Antarctic pycnogonids"", ""DatasetKey is Late Cretaceous ostracods recorded from ODP Hole 113-689B"", ""DatasetKey is Whale log - observations from ANARE voyages"", ""DatasetKey is Antarctic fish Gobionotothen gibberifrons"" ] } The dataset includes 14023 records from 18 constituent datasets; see https://api.gbif.org/v1/occurrence/download/0080739-160910150852091/datasets/export for details. Data from some individual datasets included in this download may be licensed under less restrictive terms.",2017,https://doi.org/10.15468/dl.jbrzqn,dataset,https://doi.org/10.15468/dl.jbrzqn,GBIF.Org User,Satellite Image Processing and Photogrammetry,Ocean Engineering,NA,0,313
Occurrence Download,"A dataset containing 14023 species occurrences available in GBIF matching the query: { ""or"" : [ ""DatasetKey is Cnidarios del proyecto Macrofauna Corpoguajira"", ""DatasetKey is Depletion fishing in the rivers Grote Nete and Kleine Nete in Flanders, Belgium"", ""DatasetKey is Weddell Seal census, Vestfold Hills, Antarctica"", ""DatasetKey is MNA (Section of Genoa) and NIWA Invertebrate Collection - Ross Sea Tanaidacea"", ""DatasetKey is Cetacean Sightings Survey and Southern Ocean Cetacean Program - BROKE-West"", ""DatasetKey is (Table 1) Abundance of planktonic foraminifera in ODP Hole 113-689B, large size fraction"", ""DatasetKey is (Table 2a) Downcore distribution of live benthic foraminifera of sediment core PS1394-1, Weddell Sea"", ""DatasetKey is Abundance of macrozoobenthos in surface sediments sampled during POLARSTERN cruise ANT-V/1"", ""DatasetKey is (Table 2) Distribution of Lower Cretaceous calcareous nannofossils in ODP Hole 113-693A"", ""DatasetKey is (Table 2) Abundance of planktonic foraminifera in ODP Hole 113-689B, small size fraction"", ""DatasetKey is Diversity of total live benthic foraminiferal assemblages in South Atlantic surface sediments"", ""DatasetKey is Table I: Birds observed at the Weddell Sea during the period: 6 December 1955 to 19 January 1956"", ""DatasetKey is Occurence of monothalamous foraminifera in Admiralty Bay, King George Island, West Antarctica (Table 1, 2)"", ""DatasetKey is Antarctic Foraminiferans"", ""DatasetKey is Antarctic pycnogonids"", ""DatasetKey is Late Cretaceous ostracods recorded from ODP Hole 113-689B"", ""DatasetKey is Whale log - observations from ANARE voyages"", ""DatasetKey is Antarctic fish Gobionotothen gibberifrons"" ] } The dataset includes 14023 records from 18 constituent datasets; see https://api.gbif.org/v1/occurrence/download/0080737-160910150852091/datasets/export for details. Data from some individual datasets included in this download may be licensed under less restrictive terms.",2017,https://doi.org/10.15468/dl.jpfv95,dataset,https://doi.org/10.15468/dl.jpfv95,GBIF.Org User,Satellite Image Processing and Photogrammetry,Ocean Engineering,NA,0,314
Occurrence Download,"A dataset containing 14023 species occurrences available in GBIF matching the query: { ""or"" : [ ""DatasetKey is Cnidarios del proyecto Macrofauna Corpoguajira"", ""DatasetKey is Depletion fishing in the rivers Grote Nete and Kleine Nete in Flanders, Belgium"", ""DatasetKey is Weddell Seal census, Vestfold Hills, Antarctica"", ""DatasetKey is MNA (Section of Genoa) and NIWA Invertebrate Collection - Ross Sea Tanaidacea"", ""DatasetKey is Cetacean Sightings Survey and Southern Ocean Cetacean Program - BROKE-West"", ""DatasetKey is (Table 1) Abundance of planktonic foraminifera in ODP Hole 113-689B, large size fraction"", ""DatasetKey is (Table 2a) Downcore distribution of live benthic foraminifera of sediment core PS1394-1, Weddell Sea"", ""DatasetKey is Abundance of macrozoobenthos in surface sediments sampled during POLARSTERN cruise ANT-V/1"", ""DatasetKey is (Table 2) Distribution of Lower Cretaceous calcareous nannofossils in ODP Hole 113-693A"", ""DatasetKey is (Table 2) Abundance of planktonic foraminifera in ODP Hole 113-689B, small size fraction"", ""DatasetKey is Diversity of total live benthic foraminiferal assemblages in South Atlantic surface sediments"", ""DatasetKey is Table I: Birds observed at the Weddell Sea during the period: 6 December 1955 to 19 January 1956"", ""DatasetKey is Occurence of monothalamous foraminifera in Admiralty Bay, King George Island, West Antarctica (Table 1, 2)"", ""DatasetKey is Antarctic Foraminiferans"", ""DatasetKey is Antarctic pycnogonids"", ""DatasetKey is Late Cretaceous ostracods recorded from ODP Hole 113-689B"", ""DatasetKey is Whale log - observations from ANARE voyages"", ""DatasetKey is Antarctic fish Gobionotothen gibberifrons"" ] } The dataset includes 14023 records from 18 constituent datasets; see https://api.gbif.org/v1/occurrence/download/0080758-160910150852091/datasets/export for details. Data from some individual datasets included in this download may be licensed under less restrictive terms.",2017,https://doi.org/10.15468/dl.9zct24,dataset,https://doi.org/10.15468/dl.9zct24,GBIF.Org User,Satellite Image Processing and Photogrammetry,Ocean Engineering,NA,0,315
Occurrence Download,"A dataset containing 14023 species occurrences available in GBIF matching the query: { ""or"" : [ ""DatasetKey is Cnidarios del proyecto Macrofauna Corpoguajira"", ""DatasetKey is Depletion fishing in the rivers Grote Nete and Kleine Nete in Flanders, Belgium"", ""DatasetKey is Weddell Seal census, Vestfold Hills, Antarctica"", ""DatasetKey is MNA (Section of Genoa) and NIWA Invertebrate Collection - Ross Sea Tanaidacea"", ""DatasetKey is Cetacean Sightings Survey and Southern Ocean Cetacean Program - BROKE-West"", ""DatasetKey is (Table 1) Abundance of planktonic foraminifera in ODP Hole 113-689B, large size fraction"", ""DatasetKey is (Table 2a) Downcore distribution of live benthic foraminifera of sediment core PS1394-1, Weddell Sea"", ""DatasetKey is Abundance of macrozoobenthos in surface sediments sampled during POLARSTERN cruise ANT-V/1"", ""DatasetKey is (Table 2) Distribution of Lower Cretaceous calcareous nannofossils in ODP Hole 113-693A"", ""DatasetKey is (Table 2) Abundance of planktonic foraminifera in ODP Hole 113-689B, small size fraction"", ""DatasetKey is Diversity of total live benthic foraminiferal assemblages in South Atlantic surface sediments"", ""DatasetKey is Table I: Birds observed at the Weddell Sea during the period: 6 December 1955 to 19 January 1956"", ""DatasetKey is Occurence of monothalamous foraminifera in Admiralty Bay, King George Island, West Antarctica (Table 1, 2)"", ""DatasetKey is Antarctic Foraminiferans"", ""DatasetKey is Antarctic pycnogonids"", ""DatasetKey is Late Cretaceous ostracods recorded from ODP Hole 113-689B"", ""DatasetKey is Whale log - observations from ANARE voyages"", ""DatasetKey is Antarctic fish Gobionotothen gibberifrons"" ] } The dataset includes 14023 records from 18 constituent datasets; see https://api.gbif.org/v1/occurrence/download/0080748-160910150852091/datasets/export for details. Data from some individual datasets included in this download may be licensed under less restrictive terms.",2017,https://doi.org/10.15468/dl.e6nf0c,dataset,https://doi.org/10.15468/dl.e6nf0c,GBIF.Org User,Satellite Image Processing and Photogrammetry,Ocean Engineering,NA,0,316
Occurrence Download,"A dataset containing 14023 species occurrences available in GBIF matching the query: { ""or"" : [ ""DatasetKey is Cnidarios del proyecto Macrofauna Corpoguajira"", ""DatasetKey is Depletion fishing in the rivers Grote Nete and Kleine Nete in Flanders, Belgium"", ""DatasetKey is Weddell Seal census, Vestfold Hills, Antarctica"", ""DatasetKey is MNA (Section of Genoa) and NIWA Invertebrate Collection - Ross Sea Tanaidacea"", ""DatasetKey is Cetacean Sightings Survey and Southern Ocean Cetacean Program - BROKE-West"", ""DatasetKey is (Table 1) Abundance of planktonic foraminifera in ODP Hole 113-689B, large size fraction"", ""DatasetKey is (Table 2a) Downcore distribution of live benthic foraminifera of sediment core PS1394-1, Weddell Sea"", ""DatasetKey is Abundance of macrozoobenthos in surface sediments sampled during POLARSTERN cruise ANT-V/1"", ""DatasetKey is (Table 2) Distribution of Lower Cretaceous calcareous nannofossils in ODP Hole 113-693A"", ""DatasetKey is (Table 2) Abundance of planktonic foraminifera in ODP Hole 113-689B, small size fraction"", ""DatasetKey is Diversity of total live benthic foraminiferal assemblages in South Atlantic surface sediments"", ""DatasetKey is Table I: Birds observed at the Weddell Sea during the period: 6 December 1955 to 19 January 1956"", ""DatasetKey is Occurence of monothalamous foraminifera in Admiralty Bay, King George Island, West Antarctica (Table 1, 2)"", ""DatasetKey is Antarctic Foraminiferans"", ""DatasetKey is Antarctic pycnogonids"", ""DatasetKey is Late Cretaceous ostracods recorded from ODP Hole 113-689B"", ""DatasetKey is Whale log - observations from ANARE voyages"", ""DatasetKey is Antarctic fish Gobionotothen gibberifrons"" ] } The dataset includes 14023 records from 18 constituent datasets; see https://api.gbif.org/v1/occurrence/download/0080762-160910150852091/datasets/export for details. Data from some individual datasets included in this download may be licensed under less restrictive terms.",2017,https://doi.org/10.15468/dl.d8smxw,dataset,https://doi.org/10.15468/dl.d8smxw,GBIF.Org User,Satellite Image Processing and Photogrammetry,Ocean Engineering,NA,0,317
Occurrence Download,"A dataset containing 14023 species occurrences available in GBIF matching the query: { ""or"" : [ ""DatasetKey is Cnidarios del proyecto Macrofauna Corpoguajira"", ""DatasetKey is Depletion fishing in the rivers Grote Nete and Kleine Nete in Flanders, Belgium"", ""DatasetKey is Weddell Seal census, Vestfold Hills, Antarctica"", ""DatasetKey is MNA (Section of Genoa) and NIWA Invertebrate Collection - Ross Sea Tanaidacea"", ""DatasetKey is Cetacean Sightings Survey and Southern Ocean Cetacean Program - BROKE-West"", ""DatasetKey is (Table 1) Abundance of planktonic foraminifera in ODP Hole 113-689B, large size fraction"", ""DatasetKey is (Table 2a) Downcore distribution of live benthic foraminifera of sediment core PS1394-1, Weddell Sea"", ""DatasetKey is Abundance of macrozoobenthos in surface sediments sampled during POLARSTERN cruise ANT-V/1"", ""DatasetKey is (Table 2) Distribution of Lower Cretaceous calcareous nannofossils in ODP Hole 113-693A"", ""DatasetKey is (Table 2) Abundance of planktonic foraminifera in ODP Hole 113-689B, small size fraction"", ""DatasetKey is Diversity of total live benthic foraminiferal assemblages in South Atlantic surface sediments"", ""DatasetKey is Table I: Birds observed at the Weddell Sea during the period: 6 December 1955 to 19 January 1956"", ""DatasetKey is Occurence of monothalamous foraminifera in Admiralty Bay, King George Island, West Antarctica (Table 1, 2)"", ""DatasetKey is Antarctic Foraminiferans"", ""DatasetKey is Antarctic pycnogonids"", ""DatasetKey is Late Cretaceous ostracods recorded from ODP Hole 113-689B"", ""DatasetKey is Whale log - observations from ANARE voyages"", ""DatasetKey is Antarctic fish Gobionotothen gibberifrons"" ] } The dataset includes 14023 records from 18 constituent datasets; see https://api.gbif.org/v1/occurrence/download/0080733-160910150852091/datasets/export for details. Data from some individual datasets included in this download may be licensed under less restrictive terms.",2017,https://doi.org/10.15468/dl.cza4hv,dataset,https://doi.org/10.15468/dl.cza4hv,GBIF.Org User,Satellite Image Processing and Photogrammetry,Ocean Engineering,NA,0,318
Western_Antarctic_Peninsula_humpback_whale_body_condition_data.csv,"Dataset used in analysis from: <br> Bierlich KC, Hewitt J, Schick R, Pallin L, Dale J, Friedlaender A, Christiansen F, Sprogis KR, Dawn AH, Bird CN, Larsen GD, Nichols R, Shero MR, Goldbogen J, Read AJ and Johnston DW (2022) Seasonal gain in body condition of foraging humpback whales along the Western Antarctic Peninsula. Front. Mar. Sci. 9:1036860. doi: 10.3389/fmars.2022.1036860 <br> Since the output of the uncertainty model is a posterior distribution for each measurement, we summarize each measurement using the mean of the posterior distribution and describe the uncertainty as the variance and 95% highest posterior density (HPD) intervals. So, for total length (TL), use TL.mean as the equivalent of a point estimate for TL. Use TL.var for the variance, and TL.lower and TL.upper for the lower and upper HPD interval, respectively. TL.cv is the coefficient of variation (CV%) of the posterior distribution. Same goes for body condition, which we measure as body area index (BAI). <br> Explanation of some other headers: class = reproductive clas pregnant = pregnancy status from biopsy sample analysis of progesterone mom_calf = indicates if individual is a ""mom"" or a ""calf"" mom_calf_pair = indicates the mom and calf pair number datetime = date w/ GMT time season = austral spring to fall; Season 1 (2016-2017), Season 2 (2017-2018), Season 3 (2018-2019) seasonal_duration = the number of days since the ""start"" of the season, which we set as Nov. 1 Lab = Duke University Marine Robotics and Remote Sensing (MaRRS) Lab or Fredrik Christiansen (FC) Aircraft = type of drone Flight = the flight ID Focal_Length = focal length (mm) of the camera Sw = sensor width of camera (mm) Iw = image width of camera (px)",2022,https://doi.org/10.6084/m9.figshare.21528801,dataset,https://doi.org/10.6084/m9.figshare.21528801,K. C. Bierlich,Arctic and Antarctic ice dynamics,Atmospheric Science,NA,0,319
"Supplementary material from ""High pregnancy rates in humpback whales (<i>Megaptera novaeangliae</i>) around the Western Antarctic Peninsula, evidence of a rapidly growing population""","Antarctic humpback whales are recovering from near extirpation from commercial whaling. To understand the dynamics of this recovery and establish a baseline to monitor impacts of a rapidly changing environment, we investigated sex ratios and pregnancy rates of females within the Western Antarctic Peninsula (WAP) feeding population. DNA profiling of 577 tissue samples (2010–2016) identified 239 males and 268 females. Blubber progesterone levels indicated 63.5% of the females biopsied were pregnant. This proportion varied significantly across years, from 36% in 2010 to 86% in 2014. A comparison of samples collected in summer versus fall showed significant increases in the proportion of females present (50% to 59%) and pregnant (59% to 72%); consistent with demographic variation in migratory timing. We also found evidence of annual reproduction among females; 54.5% of females accompanied by a calf were pregnant. These high pregnancy rates are consistent with a population recovering from past exploitation, but appear inconsistent with recent estimates of WAP humpback population growth. Thus, our results will help to better understand population growth potential and set a current baseline from which to determine the impact of climate change and variability on fecundity and reproductive rates.",2018,https://doi.org/10.6084/m9.figshare.c.4069274.v1,article,https://doi.org/10.6084/m9.figshare.c.4069274.v1,Logan J. Pallin; C. Scott Baker; Debbie Steel; Nicholas M. Kellar; Jooke Robbins; David W. Johnston; Doug Nowacek; Andrew J. Read; Ari S. Friedlaender,Marine animal studies overview; Arctic and Antarctic ice dynamics,Ecology; Atmospheric Science,NA,0,320
Aspectos contables y financieros de las opciones,"Antarctic humpback whales are recovering from near extirpation from commercial whaling. To understand the dynamics of this recovery and establish a baseline to monitor impacts of a rapidly changing environment, we investigated sex ratios and pregnancy rates of females within the Western Antarctic Peninsula (WAP) feeding population. DNA profiling of 577 tissue samples (2010-2016) identified 239 males and 268 females. Blubber progesterone levels indicated 63.5% of the females biopsied were pregnant. This proportion varied significantly across years, from 36% in 2010 to 86% in 2014. A comparison of samples collected in summer versus fall showed significant increases in the proportion of females present (50% to 59%) and pregnant (59% to 72%), consistent with demographic variation in migratory timing. We also found evidence of annual reproduction among females; 54.5% of females accompanied by a calf were pregnant. These high pregnancy rates are consistent with a population recovering from past exploitation, but appear inconsistent with recent estimates of WAP humpback population growth. Thus, our results will help to better understand population growth potential and set a current baseline from which to determine the impact of climate change and variability on fecundity and reproductive rates.",1994,https://doi.org/10.1098/rsos.180017,article,NA,Julián González Pascual; Luis Ferruz Agudo,Financial Reporting and Valuation Research,Strategy and Management,NA,0,321
Physical and Biological Properties of Waters in the Region of the Antarctic Peninsula and Adjacent Basins of the South Atlantic,"This Special Issue is dedicated to collating recent research on the Atlantic sector of the Southern Ocean and Antarctica Peninsula region. This Issue also considers the spreading of Antarctic Bottom Water. Papers in this issue are focused on field research of the physical properties and ecology of this key region of the Southern Ocean. The main objects of the study are the properties of seawater, currents, ecosystems, and biological communities in the South Atlantic, the Powell Basin of the northwestern Weddell Sea, the Bransfield Strait, and the Antarctic Sound. The Antarctic marine ecosystem is unique in terms of its biodiversity and high productivity of the basic trophic levels of the ecosystem. This ecosystem is efficiently used by organisms such as seabirds, seals, and whales that feed on Antarctic krill.",2023,https://doi.org/10.3390/books978-3-0365-8268-9,book,http://dx.doi.org/10.3390/books978-3-0365-8268-9,"Morozov, Eugene",Geology and Paleoclimatology Research; Marine Biology and Ecology Research; Marine and coastal ecosystems,Atmospheric Science; Oceanography; Oceanography,NA,0,322
"Vaccine, Emergence, Termination, Sunspot Number as ON-OFF Switch for COVID-19 Pandemic with 25 Worst-Hit Countries","COVID-19 vaccine sample at Arctic Ocean and Antarctic Peninsula, plasmas from recovered people and CMV infected cetaceans, and modified MMR vaccines with the cetacean host. The present study proposes that the11-year cyclic sunspot number is analogous to a SWITCH, turning on and off an epidemic, inducing a public-health crisis. The ON period by the minimum (maximum) sunspot number initiated mutant viruses (AIV, SARS, MERS-CoV, and COVID-19) to transmit from the Poles to Continents by migratory birds and humpback whales. The first COVID-19 arrival dates in China, USA, Japan, Mexico, and Hawaii, determined by the distance between feeding grounds and breeding areas of humpback whale habitats. The OFF period occurs during the high sunspot number (&gt;25-50) and may terminate COVID-19 in September (optimistic prediction) or in November, 2020 (pessimistic prediction) with three cases. Leather tanning industry (R2 = 0.8514), global coastline (R2 = 0.7864), USA coastline (R2 = 0.3099) , USA refinery (R2 = 0.4874),CO2 emissions (R2 = 0.7627), population (R2 = 0.3748), and minimum sunspot number (R2 = 0.8907) showed high linearity with COVID-19 pandemic, as major causes in the 25worst-hit countries. COVID-19 can globally decrease by reducing toxic chemicals during the leather industry.",2020,https://doi.org/10.34257/gjmrkvol20is11pg17,article,https://doi.org/10.34257/gjmrkvol20is11pg17,Tai-Jin Kim,COVID-19 impact on air quality; COVID-19 epidemiological studies,Global and Planetary Change; Modeling and Simulation,NA,0,323
Occurrence Download,"A dataset containing 19596 species occurrences available in GBIF matching the query: { ""or"" : [ ""DatasetKey is Weddell Seal census, Vestfold Hills, Antarctica"", ""DatasetKey is Marine fauna survey of the Vestfold Hills and Rauer Island, 1981-82 (Australian Antarctic Data Centre)"", ""DatasetKey is Diversity of live benthic foraminiferal assemblages in South Atlantic surface sediments"", ""DatasetKey is Apectodinium, age and percentage of endemic and bipolar dinoflagellate cysts of IODP Hole 318-U1356A"", ""DatasetKey is Culture Collection of Cryophilic Algae"", ""DatasetKey is Diversity of dead benthic foraminiferal assemblages in South Atlantic surface sediments"", ""DatasetKey is Microfossil abundance of Hole 35-323"", ""DatasetKey is (Table 4) Abundance of planktonic foraminifera in ODP Hole 113-690C, small size fraction"", ""DatasetKey is Antarctic Krill occurrence data from BAS expeditions"", ""DatasetKey is Collection Cnidaria - ZMB"", ""DatasetKey is Electron Micrograph Database - Terrestrial and Limnetic Specimens"", ""DatasetKey is (Appendix B) Planktic foraminiferal assemblages from ODP Holes 113-689B and 113-690B"", ""DatasetKey is Southern Ocean Cnidarian Collections"", ""DatasetKey is Invertebrate collection of the Seto Marine Biological Laboratory, Kyoto University"", ""DatasetKey is Type Localities for organisms and fossils first described from Antarctica"", ""DatasetKey is Antarctic Marine Species Sequence Data"", ""DatasetKey is EPOS3: SeaStars (Echinodermata, Asteroidea)"", ""DatasetKey is (Table 1) Distribution and numerical abundance of foraminifera of sediment core CRP-3"", ""DatasetKey is Bacteria and chlorophyll-a water column observations (surface to ~150m), April-August 2001, Continental Margin Western Antarctic Peninsula, GLOBEC"", ""DatasetKey is Mitochondrial lineages in the Antarctic sea slug Doris kerguelenensis"", ""DatasetKey is MNA (Section of Genoa) associated collection of CCFEE (Tuscia University) - Antarctic Fungi"", ""DatasetKey is (Appendix) Relative abundance of some calcareous nannofossils in ODP Hole 119-738C"", ""DatasetKey is Counts of Quaternary foraminifera of sediment core CRP-1 (App. 1)"", ""DatasetKey is Occurence of foraminifera and other microfossils in sediment core CRP-2/2A (Table 1)"", ""DatasetKey is Antarctic Krill occurrence data from Australian expeditions"", ""DatasetKey is MNA (Section of Genoa) and NIWA Invertebrate Collection - Ross Sea Tanaidacea"", ""DatasetKey is Cetacean Sightings Survey and Southern Ocean Cetacean Program - BROKE-West"", ""DatasetKey is (Table 1) Abundance of planktonic foraminifera in ODP Hole 113-689B, large size fraction"", ""DatasetKey is (Table 2a) Downcore distribution of live benthic foraminifera of sediment core PS1394-1, Weddell Sea"", ""DatasetKey is Abundance of macrozoobenthos in surface sediments sampled during POLARSTERN cruise ANT-V/1"", ""DatasetKey is (Table 2) Distribution of Lower Cretaceous calcareous nannofossils in ODP Hole 113-693A"", ""DatasetKey is (Table 2) Abundance of planktonic foraminifera in ODP Hole 113-689B, small size fraction"", ""DatasetKey is Diversity of total live benthic foraminiferal assemblages in South Atlantic surface sediments"", ""DatasetKey is Table I: Birds observed at the Weddell Sea during the period: 6 December 1955 to 19 January 1956"", ""DatasetKey is Occurence of monothalamous foraminifera in Admiralty Bay, King George Island, West Antarctica (Table 1, 2)"", ""DatasetKey is Antarctic Foraminiferans"", ""DatasetKey is Antarctic pycnogonids"", ""DatasetKey is Late Cretaceous ostracods recorded from ODP Hole 113-689B"", ""DatasetKey is Whale log - observations from ANARE voyages"", ""DatasetKey is Antarctic fish Gobionotothen gibberifrons"" ] } The dataset includes 19596 records from 40 constituent datasets; see https://api.gbif.org/v1/occurrence/download/0084697-160910150852091/datasets/export for details. Data from some individual datasets included in this download may be licensed under less restrictive terms.",2017,https://doi.org/10.15468/dl.6whn3g,dataset,https://doi.org/10.15468/dl.6whn3g,GBIF.Org User,Satellite Image Processing and Photogrammetry,Ocean Engineering,NA,0,324
"Análisis de diversidad genética y conectividad de ballenas jorobadas (Megaptera novaeangliae), mediante el análisis de la región control de ADN mitocondrial en la costa de Esmeraldas, Ecuador durante las temporadas 2010-2014","The humpback whale is considered a cosmopolitan species, distributed all around the world. For many years it has been victim of hunting activities, largely reducing the number of individuals accounted for. The information available on their migratory cycles and connectivity between feeding and breeding areas in the Southeastern Pacific is not enough for a clear determination of how these cycles may occur. This project represents the third phase of a research (2013 and 2014 seasons) that seeks to assess the genetic diversity of humpbacks whales of the coast of Esmeraldas, Ecuador. A total of 25 skin samples were obtained by whale Paxarm biopsy darts. The sex of the individuals was determined by amplifying fragments from the SFX / SFY region using restriction enzymes (Taq1). A fragment of the mtDNA control region of about 500pb, was amplified and sequenced to determine the haplotypes were identified, 6 for the samples collected in 2013 and 6 for the samples collected in 2014. The haplotype (H ± sd) and nucleotide diversity (π ± sd) for 2013, was approximately 0.782 ± 0.015 and 0.016 ± 0.009, respectively; which was, lower in relation to other areas of the Southern Hemisphere. Data from all phases of study (2010-2014) was collected and different analysis were established by AMOVA, a statistical tool from Arlequin 3.5 software. Genetic diversity in Esmeraldas was higher in comparison to other areas in Stock G (Santa Elena and Colombia). As for feeding in the Southern Hemisphere, a marked difference between humpback whales from the coast of Esmeraldas and the Strait of Magellan was found, with a greater connectivity between whales from Esmeraldas and the feeding area of the Antarctic Peninsula. The comparison between sexes showed no relevant information.",2015,NA,dissertation,NA,Espinosa de los Monteros Silva; Nina Quilla,Marine animal studies overview; Marine and coastal plant biology; Marine and fisheries research,Ecology; Oceanography; Global and Planetary Change,NA,0,325
Occurrence Download,"A dataset containing 19596 species occurrences available in GBIF matching the query: { ""or"" : [ ""DatasetKey is Weddell Seal census, Vestfold Hills, Antarctica"", ""DatasetKey is Marine fauna survey of the Vestfold Hills and Rauer Island, 1981-82 (Australian Antarctic Data Centre)"", ""DatasetKey is Diversity of live benthic foraminiferal assemblages in South Atlantic surface sediments"", ""DatasetKey is Apectodinium, age and percentage of endemic and bipolar dinoflagellate cysts of IODP Hole 318-U1356A"", ""DatasetKey is Culture Collection of Cryophilic Algae"", ""DatasetKey is Diversity of dead benthic foraminiferal assemblages in South Atlantic surface sediments"", ""DatasetKey is Microfossil abundance of Hole 35-323"", ""DatasetKey is (Table 4) Abundance of planktonic foraminifera in ODP Hole 113-690C, small size fraction"", ""DatasetKey is Antarctic Krill occurrence data from BAS expeditions"", ""DatasetKey is Collection Cnidaria - ZMB"", ""DatasetKey is Electron Micrograph Database - Terrestrial and Limnetic Specimens"", ""DatasetKey is (Appendix B) Planktic foraminiferal assemblages from ODP Holes 113-689B and 113-690B"", ""DatasetKey is Southern Ocean Cnidarian Collections"", ""DatasetKey is Invertebrate collection of the Seto Marine Biological Laboratory, Kyoto University"", ""DatasetKey is Type Localities for organisms and fossils first described from Antarctica"", ""DatasetKey is Antarctic Marine Species Sequence Data"", ""DatasetKey is EPOS3: SeaStars (Echinodermata, Asteroidea)"", ""DatasetKey is (Table 1) Distribution and numerical abundance of foraminifera of sediment core CRP-3"", ""DatasetKey is Bacteria and chlorophyll-a water column observations (surface to ~150m), April-August 2001, Continental Margin Western Antarctic Peninsula, GLOBEC"", ""DatasetKey is Mitochondrial lineages in the Antarctic sea slug Doris kerguelenensis"", ""DatasetKey is MNA (Section of Genoa) associated collection of CCFEE (Tuscia University) - Antarctic Fungi"", ""DatasetKey is (Appendix) Relative abundance of some calcareous nannofossils in ODP Hole 119-738C"", ""DatasetKey is Counts of Quaternary foraminifera of sediment core CRP-1 (App. 1)"", ""DatasetKey is Occurence of foraminifera and other microfossils in sediment core CRP-2/2A (Table 1)"", ""DatasetKey is Antarctic Krill occurrence data from Australian expeditions"", ""DatasetKey is MNA (Section of Genoa) and NIWA Invertebrate Collection - Ross Sea Tanaidacea"", ""DatasetKey is Cetacean Sightings Survey and Southern Ocean Cetacean Program - BROKE-West"", ""DatasetKey is (Table 1) Abundance of planktonic foraminifera in ODP Hole 113-689B, large size fraction"", ""DatasetKey is (Table 2a) Downcore distribution of live benthic foraminifera of sediment core PS1394-1, Weddell Sea"", ""DatasetKey is Abundance of macrozoobenthos in surface sediments sampled during POLARSTERN cruise ANT-V/1"", ""DatasetKey is (Table 2) Distribution of Lower Cretaceous calcareous nannofossils in ODP Hole 113-693A"", ""DatasetKey is (Table 2) Abundance of planktonic foraminifera in ODP Hole 113-689B, small size fraction"", ""DatasetKey is Diversity of total live benthic foraminiferal assemblages in South Atlantic surface sediments"", ""DatasetKey is Table I: Birds observed at the Weddell Sea during the period: 6 December 1955 to 19 January 1956"", ""DatasetKey is Occurence of monothalamous foraminifera in Admiralty Bay, King George Island, West Antarctica (Table 1, 2)"", ""DatasetKey is Antarctic Foraminiferans"", ""DatasetKey is Antarctic pycnogonids"", ""DatasetKey is Late Cretaceous ostracods recorded from ODP Hole 113-689B"", ""DatasetKey is Whale log - observations from ANARE voyages"", ""DatasetKey is Antarctic fish Gobionotothen gibberifrons"" ] } The dataset includes 19596 records from 40 constituent datasets; see https://api.gbif.org/v1/occurrence/download/0084091-160910150852091/datasets/export for details. Data from some individual datasets included in this download may be licensed under less restrictive terms.",2017,https://doi.org/10.15468/dl.8afqh9,dataset,https://doi.org/10.15468/dl.8afqh9,GBIF.Org User,Satellite Image Processing and Photogrammetry,Ocean Engineering,NA,0,326
Occurrence Download,"A dataset containing 20688 species occurrences available in GBIF matching the query: { ""or"" : [ ""DatasetKey is Weddell Seal census, Vestfold Hills, Antarctica"", ""DatasetKey is Marine fauna survey of the Vestfold Hills and Rauer Island, 1981-82"", ""DatasetKey is Nekton and plankton counts from neuston net (300 µm) hauls of cruise GAE 1975/76"", ""DatasetKey is Museo Argentino de Ciencias Naturales (MACN), Buenos Aires: sea stars collection (Asteroidea, Echinodermata)"", ""DatasetKey is Marine fauna survey of the Vestfold Hills and Rauer Island, 1981-82 (Australian Antarctic Data Centre)"", ""DatasetKey is Diversity of live benthic foraminiferal assemblages in South Atlantic surface sediments"", ""DatasetKey is Apectodinium, age and percentage of endemic and bipolar dinoflagellate cysts of IODP Hole 318-U1356A"", ""DatasetKey is Culture Collection of Cryophilic Algae"", ""DatasetKey is Diversity of dead benthic foraminiferal assemblages in South Atlantic surface sediments"", ""DatasetKey is Microfossil abundance of Hole 35-323"", ""DatasetKey is (Table 4) Abundance of planktonic foraminifera in ODP Hole 113-690C, small size fraction"", ""DatasetKey is Antarctic Krill occurrence data from BAS expeditions"", ""DatasetKey is Collection Cnidaria - ZMB"", ""DatasetKey is Electron Micrograph Database - Terrestrial and Limnetic Specimens"", ""DatasetKey is (Appendix B) Planktic foraminiferal assemblages from ODP Holes 113-689B and 113-690B"", ""DatasetKey is Southern Ocean Cnidarian Collections"", ""DatasetKey is Invertebrate collection of the Seto Marine Biological Laboratory, Kyoto University"", ""DatasetKey is Type Localities for organisms and fossils first described from Antarctica"", ""DatasetKey is Antarctic Marine Species Sequence Data"", ""DatasetKey is EPOS3: SeaStars (Echinodermata, Asteroidea)"", ""DatasetKey is (Table 1) Distribution and numerical abundance of foraminifera of sediment core CRP-3"", ""DatasetKey is Bacteria and chlorophyll-a water column observations (surface to ~150m), April-August 2001, Continental Margin Western Antarctic Peninsula, GLOBEC"", ""DatasetKey is Mitochondrial lineages in the Antarctic sea slug Doris kerguelenensis"", ""DatasetKey is MNA (Section of Genoa) associated collection of CCFEE (Tuscia University) - Antarctic Fungi"", ""DatasetKey is (Appendix) Relative abundance of some calcareous nannofossils in ODP Hole 119-738C"", ""DatasetKey is Counts of Quaternary foraminifera of sediment core CRP-1 (App. 1)"", ""DatasetKey is Occurence of foraminifera and other microfossils in sediment core CRP-2/2A (Table 1)"", ""DatasetKey is Antarctic Krill occurrence data from Australian expeditions"", ""DatasetKey is MNA (Section of Genoa) and NIWA Invertebrate Collection - Ross Sea Tanaidacea"", ""DatasetKey is Cetacean Sightings Survey and Southern Ocean Cetacean Program - BROKE-West"", ""DatasetKey is (Table 1) Abundance of planktonic foraminifera in ODP Hole 113-689B, large size fraction"", ""DatasetKey is (Table 2a) Downcore distribution of live benthic foraminifera of sediment core PS1394-1, Weddell Sea"", ""DatasetKey is Abundance of macrozoobenthos in surface sediments sampled during POLARSTERN cruise ANT-V/1"", ""DatasetKey is (Table 2) Distribution of Lower Cretaceous calcareous nannofossils in ODP Hole 113-693A"", ""DatasetKey is (Table 2) Abundance of planktonic foraminifera in ODP Hole 113-689B, small size fraction"", ""DatasetKey is Diversity of total live benthic foraminiferal assemblages in South Atlantic surface sediments"", ""DatasetKey is Table I: Birds observed at the Weddell Sea during the period: 6 December 1955 to 19 January 1956"", ""DatasetKey is Occurence of monothalamous foraminifera in Admiralty Bay, King George Island, West Antarctica (Table 1, 2)"", ""DatasetKey is Antarctic Foraminiferans"", ""DatasetKey is Antarctic pycnogonids"", ""DatasetKey is Late Cretaceous ostracods recorded from ODP Hole 113-689B"", ""DatasetKey is Whale log - observations from ANARE voyages"", ""DatasetKey is Antarctic fish Gobionotothen gibberifrons"" ] } The dataset includes 20688 records from 43 constituent datasets; see https://api.gbif.org/v1/occurrence/download/0088390-160910150852091/datasets/export for details. Data from some individual datasets included in this download may be licensed under less restrictive terms.",2017,https://doi.org/10.15468/dl.bmyqoi,dataset,https://doi.org/10.15468/dl.bmyqoi,GBIF.Org User,Satellite Image Processing and Photogrammetry,Ocean Engineering,NA,0,327
"Physical oceanography, sea-bed photographs and videos of benthos from the Weddell Sea taken with remote operated vehicle CHEROKEE during POLARSTERN cruise ANT-XXIII/8","The marine ecosystem on the eastern shelf of the Antarctic Peninsula was surveyed 5 and 12 years after the climate-induced collapse of the Larsen A and B ice shelves. An impoverished benthic fauna was discovered, that included deep-sea species presumed to be remnants from ice-covered conditions. The current structure of various ecosystem components appears to result from extremely different response rates to the change from an oligotrophic sub-ice-shelf ecosystem to a productive shelf ecosystem. Meiobenthic communities remained impoverished only inside the embayments. On local scales, macro- and mega-epibenthic diversity was generally low, with pioneer species and typical Antarctic megabenthic shelf species interspersed. Antarctic Minke whales and seals utilised the Larsen A/B area to feed on presumably newly established krill and pelagic fish biomass. Ecosystem impacts also extended well beyond the zone of ice-shelf collapse, with areas of high benthic disturbance resulting from scour by icebergs discharged from the Larsen embayments.",2010,https://doi.org/10.1594/pangaea.702107,dataset,https://doi.pangaea.de/10.1594/PANGAEA.702107,Julian Gutt; Iain Barratt; Eugene W. Domack; Cédric d’Udekem d’Acoz; Werner Dimmler; Antoine Grémare; Olaf Heilmayer; Enrique Isla; Dorte Janussen; Elaina Jorgensen; Karl‐Hermann Kock; Linn Sophia Lehnert; Pablo José López-Gonzáles; Stephanie Langner; Katrin Linse; María Eugenia Manjón‐Cabeza; Meike Meißner; Américo Montiel; Maarten Raes; Henri Robert; Armin Rose; Elisabet Sañé Schepisi; Thomas Saucède; Meike Scheidat; Hans Werner Schenke; Jan Seiler; Craig R. Smith,Marine and fisheries research,Global and Planetary Change,NA,0,328
Antarctic life changes,NA,2007,https://doi.org/10.1016/j.cub.2007.03.026,article,NA,Nigel Williams,Polar Research and Ecology; Ocean Acidification Effects and Responses,Ecology; Oceanography,NA,0,329
Krill Motion in the Southern Ocean: Quantifying in Situ Krill Movement Behaviors and Energetics,"Krill are a major link in the transfer of carbon between primary production and upper trophic level organisms, like whales and penguins, in the Southern Ocean. However, not much is known about in situ individual krill behaviors, and there have been no seasonal comparisons of individual krill motility in the Southern Ocean. To address how individual krill movement behaviors and energetic requirements shift between seasons, we used a novel stereo-camera and environmental sensor system to observe krill in three bays in the Western Antarctic Peninsula in May-June 2013 (i.e., the late austral autumn) and December 2014 (i.e., the late austral spring). Krill abundances and movement behaviors were determined from in situ image sequences collected for up to 10 minutes at specific depths throughout the water column, up to 625 m deep; using a semi-automated tracking method, 3345 individual krill tracks were collected. We found that seasonal changes in individual krill behaviors coincided with seasonal shifts in krill vertical distributions. During late spring, net upward swimming direction (0.9 ± 2.1° from horizontal) and vertical velocity (0.3 ± 0.2 Body Lengths (BL) s-1) resulted in shallower maximum abundances of krill within the water column proximate to near-surface phytoplankton distributions. During late autumn, krill swimming patterns tended downward, including swimming direction (-5.2 ± 0.8° from horizontal) and vertical velocity (-0.1 ± 0.0 BL s-1), leading to deeper distributions proximate to the benthos. Individual krill motility was greater in spring than autumn, as evidenced by a significant increase in swimming speeds (5.4 ± 0.2 BL s-1 vs. 2.8 ± 0.0 BL s-1) and turning rates (120 ± 5° s-1 vs. 106 ± 2° s-1); however, krill were capable of swimming just as quickly in late autumn as late spring. Furthermore, we found that krill consumed up to 18% of their carbon weight (CW) in late spring and up to 11% CW in late autumn, larger than the estimates of carbon requirements currently assumed in most krill models. Despite krill consuming more carbon in late spring than late autumn, krill required 15 - 48% higher concentrations of carbon in the water column in late autumn than late spring to cover energetic costs, likely due to the decrease in prey encounter rates with decreasing swimming speeds. Moreover, modeled diel shifts in krill motility demonstrated how shifts in krill swimming speeds can result in different energetic costs and prey concentration requirements. The most ideal motility pattern for krill to minimize energetic requirements and maximize prey encounter rates was to swim faster when feeding and swim more slowly when not feeding. Additionally, we found that krill motility shifts with changes in krill aggregation density; krill swimming speeds increased by 39% and 42% between solitary krill and krill in aggregations with densities >10 krill m-3 and >1 krill m-3 in late autumn and spring, respectively. The relationship between swimming speed and density was particularly strong during light periods, with krill swimming speeds increasing by 34% and 91% between solitary krill and krill in dense aggregations in late autumn and spring, respectively. Modeling of krill energetics suggest that individual krill in dense aggregations may be able to cover their energetic costs at 17 - 19% lower prey concentrations than solitary krill. The results of this thesis show that krill remain important consumers of lower trophic levels throughout the year along the Western Antarctic Peninsula due to their active movement in both late autumn and spring, although krill consume more prey in late spring due to higher energy requirements. Moreover, the results imply that the seasonal shifts in krill vertical distributions are caused by changes in individual krill swimming behaviors; this was likely driven by the shift in prey resource, with phytoplankton in surface waters being preferred in late spring and the sediment being the primary source of food in the late autumn. These results also suggest that denser krill aggregations will intensify krill contributions to local biogeochemical cycles, food web dynamics, and bentho-pelagic coupling.",2019,https://doi.org/10.23860/diss-kane-mary-2019,dissertation,https://digitalcommons.uri.edu/cgi/viewcontent.cgi?article=1846&context=oa_diss,Mary Kane; Mary Kane,Marine and fisheries research; Ocean Acidification Effects and Responses; Marine animal studies overview,Global and Planetary Change; Oceanography; Ecology,https://digitalcommons.uri.edu/cgi/viewcontent.cgi?article=1846&context=oa_diss,0,330
Here's mud in your eye,"I PEER out into the dawn mist. It is snowing softly and the sea is flat calm. Then they appear, three great grey shapes cruising powerfully alongside our ship. They take steady short breaths, briefly engulfing us in a fishy cloud of steam, then turn and dive under the hull.&lt;br/&gt;""A-frame in!"" shouts Josh into his radio, and the whine of hydraulics snaps me out of my whale-watching trance. Above, the bright orange confusion of steel struts and levers that is our precious box-corer swings wildly on its tether. Dave DeMaster, chief scientist, gives me a timely reminder to stop staring out to sea and to ""haul in the tag lines"". The swing is brought under control and we land the corer gently onto the deck. ""Good core!"" he shouts. We whoop with excitement. Our combined efforts have brought yet another beautifully undisturbed lump of green deep-sea mud onto the deck.Magazine &lt;br/&gt;Myself and 16 other scientists from around the world are aboard the Antarctic research vessel Laurence M. Gould. The rugged mountains and ice sheets of the Antarctic Peninsula, just 50 kilometres away, contrast with the fertile seas we have come so far to study. During the summer months, bathed in sunlight 24 hours a day and fed by deep-water nutrients, these waters support a teeming array of marine life. But in the winter, the sunlight is gone and the energy pump that is the Sun's rays is switched off. Nowhere else in the world is this seasonal effect more dramatic, and this is what we have come to study.&lt;br/&gt;Two months previously, I was explaining to friends back home that I was off to Antarctica. ""Wow!"" they would exclaim: ""What are you doing there ? Studying penguins, or killer whales, perhaps ?""&lt;br/&gt;""Er, no. Worms actually,"" I would reply enthusiastically. ""They are amazingly diverse in the Antarctic and no one has worked out how they feed in the winter. Part of our project is to...""&lt;br/&gt;At this point their eyes would glaze over and I knew the conversation was over. But marine worms, the diverse group known scientifically as polychaetes, are the subject of the PhD thesis that I am working on at the Natural History Museum, London. So when Craig Smith of the University of Hawaii invited me to join him on an Antarctic research trip I jumped at the opportunity to collect some more. And of course, if there just happened to be a side order of humpback whales breaching, beautiful ocean sunsets, penguins leaping off icebergs and teeming fur-seal colonies, then they would be a welcome bonus.&lt;br/&gt;So here I am found, on the back of a heaving ship, shovelling thick, oozing mud from one bucket to another. Our ""box corer"" is cleverly designed to bring back an undisturbed section of the seabed 500 metres below. Once on board, the job of sorting the mud from the animals falls to that endless source of cheap labour that is the PhD student. But I am soon rewarded with plenty of wriggling polychaete worms. Craig has estimated that there may be up to 20 000 per square metre of seabed, a density possibly unmatched elsewhere in the world.&lt;br/&gt;Under the microscope, a wondrous variety of forms is revealed. Giant pink and purple scavenging scale worms dwarf tiny burrowing types. Predatory ""glycerid"" polychaetes extrude their tiny jaws from mouthparts that are almost as long as the worm itself. An agitated ""phyllodocid"" polychaete swims aggressively around the Petri dish, laying thousands of tiny pink eggs as it moves. They do not live for long. Having survived a huge change in water pressure, it is the heat that finally kills them. Soon I add formaldehyde preservative and the rest are quickly finished. The collector's job is often a cruel one. Bound and packaged, they are shipped home to the Natural History Museum, no longer for the greater glory of the empire, but just my small contribution to a huge international programme of research.",2000,NA,article,NA,Adrian G. Glover,Ocean Acidification Effects and Responses,Oceanography,NA,0,331
Occurrence Download,"A dataset containing 2921176 species occurrences available in GBIF matching the query: { ""or"" : [ ""DatasetKey is Museum of Comparative Zoology, Harvard University"", ""DatasetKey is CAS Ichthyology (ICH)"", ""DatasetKey is Field Museum of Natural History (Zoology) Mammal Collection"", ""DatasetKey is Geneva Herbarium – General Collection (G)"", ""DatasetKey is Naturalis Biodiversity Center (NL) - Chelicerata and Myriapoda"", ""DatasetKey is Condon Fossil Collection"", ""DatasetKey is Ohio State Acarology Laboratory (OSAL), Ohio State University"", ""DatasetKey is Museo Argentino de Ciencias Naturales \""Bernardino Rivadavia\"" (MACN). Vascular Plants National Collection (BAv)"", ""DatasetKey is Weddell Seal census, Vestfold Hills, Antarctica"", ""DatasetKey is Marine Invertebrate from Argentina, Uruguay and Chile"", ""DatasetKey is (Table 1) Relative abundance of planktic foraminifera in Paleocene to Eocene sediments of ODP Hole 119-738C from the southern Kerguelen Plateau, Indian Ocean"", ""DatasetKey is Invertebrate Collection of IBIOMAR (CCT CONICET-CENPAT) (CNP-INV)"", ""DatasetKey is Marine fauna survey of the Vestfold Hills and Rauer Island, 1981-82"", ""DatasetKey is Nekton and plankton counts from neuston net (300 µm) hauls of cruise GAE 1975/76"", ""DatasetKey is Museo Argentino de Ciencias Naturales (MACN), Buenos Aires: sea stars collection (Asteroidea, Echinodermata)"", ""DatasetKey is Marine fauna survey of the Vestfold Hills and Rauer Island, 1981-82 (Australian Antarctic Data Centre)"", ""DatasetKey is Diversity of live benthic foraminiferal assemblages in South Atlantic surface sediments"", ""DatasetKey is Apectodinium, age and percentage of endemic and bipolar dinoflagellate cysts of IODP Hole 318-U1356A"", ""DatasetKey is Culture Collection of Cryophilic Algae"", ""DatasetKey is Diversity of dead benthic foraminiferal assemblages in South Atlantic surface sediments"", ""DatasetKey is Microfossil abundance of Hole 35-323"", ""DatasetKey is (Table 4) Abundance of planktonic foraminifera in ODP Hole 113-690C, small size fraction"", ""DatasetKey is Antarctic Krill occurrence data from BAS expeditions"", ""DatasetKey is Collection Cnidaria - ZMB"", ""DatasetKey is Electron Micrograph Database - Terrestrial and Limnetic Specimens"", ""DatasetKey is (Appendix B) Planktic foraminiferal assemblages from ODP Holes 113-689B and 113-690B"", ""DatasetKey is Southern Ocean Cnidarian Collections"", ""DatasetKey is Invertebrate collection of the Seto Marine Biological Laboratory, Kyoto University"", ""DatasetKey is Type Localities for organisms and fossils first described from Antarctica"", ""DatasetKey is Antarctic Marine Species Sequence Data"", ""DatasetKey is EPOS3: SeaStars (Echinodermata, Asteroidea)"", ""DatasetKey is (Table 1) Distribution and numerical abundance of foraminifera of sediment core CRP-3"", ""DatasetKey is Bacteria and chlorophyll-a water column observations (surface to ~150m), April-August 2001, Continental Margin Western Antarctic Peninsula, GLOBEC"", ""DatasetKey is Mitochondrial lineages in the Antarctic sea slug Doris kerguelenensis"", ""DatasetKey is MNA (Section of Genoa) associated collection of CCFEE (Tuscia University) - Antarctic Fungi"", ""DatasetKey is (Appendix) Relative abundance of some calcareous nannofossils in ODP Hole 119-738C"", ""DatasetKey is Counts of Quaternary foraminifera of sediment core CRP-1 (App. 1)"", ""DatasetKey is Occurence of foraminifera and other microfossils in sediment core CRP-2/2A (Table 1)"", ""DatasetKey is Antarctic Krill occurrence data from Australian expeditions"", ""DatasetKey is MNA (Section of Genoa) and NIWA Invertebrate Collection - Ross Sea Tanaidacea"", ""DatasetKey is Cetacean Sightings Survey and Southern Ocean Cetacean Program - BROKE-West"", ""DatasetKey is (Table 1) Abundance of planktonic foraminifera in ODP Hole 113-689B, large size fraction"", ""DatasetKey is (Table 2a) Downcore distribution of live benthic foraminifera of sediment core PS1394-1, Weddell Sea"", ""DatasetKey is Abundance of macrozoobenthos in surface sediments sampled during POLARSTERN cruise ANT-V/1"", ""DatasetKey is (Table 2) Distribution of Lower Cretaceous calcareous nannofossils in ODP Hole 113-693A"", ""DatasetKey is (Table 2) Abundance of planktonic foraminifera in ODP Hole 113-689B, small size fraction"", ""DatasetKey is Diversity of total live benthic foraminiferal assemblages in South Atlantic surface sediments"", ""DatasetKey is Table I: Birds observed at the Weddell Sea during the period: 6 December 1955 to 19 January 1956"", ""DatasetKey is Occurence of monothalamous foraminifera in Admiralty Bay, King George Island, West Antarctica (Table 1, 2)"", ""DatasetKey is Antarctic Foraminiferans"", ""DatasetKey is Antarctic pycnogonids"", ""DatasetKey is Late Cretaceous ostracods recorded from ODP Hole 113-689B"", ""DatasetKey is Whale log - observations from ANARE voyages"", ""DatasetKey is Antarctic fish Gobionotothen gibberifrons"" ] } The dataset includes 2921176 records from 54 constituent datasets; see https://api.gbif.org/v1/occurrence/download/0091798-160910150852091/datasets/export for details. Data from some individual datasets included in this download may be licensed under less restrictive terms.",2017,https://doi.org/10.15468/dl.6zshj9,dataset,https://doi.org/10.15468/dl.6zshj9,GBIF.Org User,Satellite Image Processing and Photogrammetry,Ocean Engineering,NA,0,332
Submarine volcanic edifices in the Bransfield Strait (Antarctica): towards a unified toponymy,"Abstract The Bransfield Strait stands out as one of the most accessible places to study Antarctic submarine volcanism, hosting seven active principal submarine volcanic edifices (Edifices A, B and C, Three Sisters, Orca, Hook Ridge, G Ridge) and ~100 smaller seamounts. Only two of them have names (Eastern and Western Seamounts), and ~80 are grouped into two named areas: Spanish Rise and Gibbs Rise. During recent decades, numerous studies have assigned different names to the same volcanic edifices, leading to confusion. Only one of them, Orca, is formally registered in the Scientific Committee of Antarctic Research Composite Gazetteer of Antarctica, which is the catalogue collecting all of the official location names in Antarctica. A unified toponymy is essential, particularly to effectively manage regional logistic operations in case of eruption. Therefore, this study compiles the distinct names assigned to these edifices as a toponymy reference for future research. We recommend using the names most commonly cited in previous studies and, when new names are necessary, submitting them to the Scientific Committee of Antarctic Research Composite Gazetteer of Antarctica to avoid further confusion.",2025,https://doi.org/10.1017/s095410202510014x,article,https://www.cambridge.org/core/services/aop-cambridge-core/content/view/3ED9D6C983026FF9E6615A0FD930556E/S095410202510014Xa.pdf/div-class-title-submarine-volcanic-edifices-in-the-bransfield-strait-antarctica-towards-a-unified-toponymy-div.pdf,Antonio Polo Sánchez; Adelina Geyer; Antonio M. Álvarez‐Valero; Stefanía Schamuells; Antonio Caracausi,Geology and Paleoclimatology Research; Polar Research and Ecology; Methane Hydrates and Related Phenomena,Atmospheric Science; Ecology; Environmental Chemistry,https://www.cambridge.org/core/services/aop-cambridge-core/content/view/3ED9D6C983026FF9E6615A0FD930556E/S095410202510014Xa.pdf/div-class-title-submarine-volcanic-edifices-in-the-bransfield-strait-antarctica-towards-a-unified-toponymy-div.pdf,0,333
Interannual And Regional Differences In Krill And Fish Prey Quality Along The Western Antarctic Peninsula,"Polar zooplankton and fish safeguard against the seasonality of food availability by using the summer months to build large reserves of lipids, which in turn are utilized to meet the metabolic demands of apex predators such as penguins, seals, and whales. A warming trend in the northern part of the western Antarctic Peninsula (WAP) has led to a decrease in perennial and summer sea ice, an increase in heat content over the shelf, and lower phytoplankton biomass, which could affect prey quality. We compared prey quality, including elemental (C, N) content and ratios, total, neutral, and polar lipid content, and energy densities, of known top-predator prey items (krill Euphaush1 superba, 17Jysanoessa macrura, and Euphausia crystallorophias; and fish Pleuragramma antarcticum, and Electrona antarctica) along the W AP latitudinal gradient in January of 2009-20 II as part of the Palmer Antarctica Long-Term Ecological Research study. E. antarctica had the highest prey quality in terms of total lipid content and energy density, followed by T. macrura and P. antarcticum, then E. c1ystallorophias and E. superba. For all species, variations in carbon and nitrogen content were best correlated with by the animals' neutral lipid content, in that animals with larger neutral lipid stores had significantly higher carbon and lower nitrogen content. Across all sexes and maturity stages, E. superba in the South had ca. 20% higher total lipid content than E. superba in the North. Total lipid content was also significantly higher in the South for E. crystallorophias, though this was largely due to the presence of larger individuals in the south combined with a significant positive relationship between length vs. weight-specific total lipid content for this species. For all prey species except T. macrura, there was a positive relationship between latitude or 0-120 m integrated Chi a vs. lipid content (neutral, polar, or total lipids), and a negative relationship between 0-120 m mean water temperature vs. lipid content. Trends opposite to those above found for T. macrura, suggest an optimal habitat for this species in the northern W AP which is characterized by warmer temperatures and lower Chi a. Patterns in Chi a were more important than upper water column temperature in explaining the observed latitudinal trends. If regional warming persists, the prey quality trends described for E. superba, combined with their regional abundance decline in the northern, coastal W AP could affect the ability of apex predators that rely on E. superba to meet their energetics demands.",2012,https://doi.org/10.25773/v5-e9fr-3p80,article,https://scholarworks.wm.edu/cgi/viewcontent.cgi?article=3047&context=etd,Kate E. Ruck,Marine animal studies overview; Marine Bivalve and Aquaculture Studies; Isotope Analysis in Ecology,Ecology; Global and Planetary Change; Ecology,https://scholarworks.wm.edu/cgi/viewcontent.cgi?article=3047&context=etd,0,334
"Ship-based RPA operations for cetacean research in Antarctica: progress, opportunities and challenges","Data collection facilitated by remotely piloted aircraft (RPA) has proven to be revolutionary in many disciplines including for research in extreme environments. Here we assess current use and utility of small multirotor remotely piloted aircraft (RPAs) for the challenging role of facilitating ship-based cetacean research in Antarctica. While such aircraft are now used routinely in sheltered environments in and off Antarctica, a comprehensive literature review found that RPA-mediated cetacean research conducted from ships at sea and outside of the Antarctic Peninsula region was relatively uncommon. In order to determine the potential utility of ship-based multirotor RPA operations for cetacean research, we repeatedly deployed small RPAs during a multidisciplinary research voyage in maritime East Antarctica to collect scientific data contributing to an understanding of krill and krill predator interactions. RPA flight metrics (duration, height, length, speed, distance from ship, battery drainage, satellites acquired) were compared to ship underway environmental sampling data. At a mean duration of 12 minutes, these 139 RPA flights were relatively short yet adequate to achieve the science intended, namely a range of cetacean related data streams including photogrammetry, photo identification, behavioural observations and whale blow sampling in addition to water sampling and collection of general scenic imagery. RPA flight operations were constrained by wind speed but not by air temperature with flights undertaken throughout the full range of air temperatures experienced (down to –9.5°C) but not throughout the full range of wind speeds experienced. For a 12-minute flight duration, battery drainage was around 60% indicating that the RPAs were rarely pushed to their operational limit. There was little evidence that the cold impacted RPA lithium battery performance with estimated maximum flight time within approximately 10% of expected flight time for the RPA platforms most used. Whist small multirotor RPAs are rarely applied to cetacean related research in maritime East Antarctica, we demonstrate their value and potential to deliver data critical to address knowledge gaps that challenge the effective management of both krill and their predators.",2024,https://doi.org/10.3389/fmars.2024.1473471,article,https://public-pages-files-2025.frontiersin.org/journals/marine-science/articles/10.3389/fmars.2024.1473471/pdf,Virginia Andrews‐Goff; Joshua N. Smith; Lyn G. Irvine; Michael C. Double,Marine animal studies overview; Cephalopods and Marine Biology; Marine Bivalve and Aquaculture Studies,"Ecology; Ecology, Evolution, Behavior and Systematics; Global and Planetary Change",https://public-pages-files-2025.frontiersin.org/journals/marine-science/articles/10.3389/fmars.2024.1473471/pdf,0,335
"Consumption of Antarctic krill Euphausia superba by mackerel icefish, Champsocephalus gunnari off the South Orkney Islands: filling an information gap in the current ecosystem based management approach","<title>Abstract</title> The Antarctic marine ecosystem is largely dominated by <italic>Euphausia superba</italic>, the most abundant krill species consumed by a large number of predators, including whales, penguins, flying birds, seals, fish and cephalopods. Current management of the krill fishery follows an ecosystem-based approach which takes into account the distribution, abundance of <italic>E. superba</italic> and its main predators plus their interactions. Mackerel icefish, <italic>Champsocephalus gunnari</italic>, was once considered the most abundant meso-pelagic fish species and a very important consumer of <italic>E. superba</italic> until its population was collapsed by overfishing in the early 90s. Currently, <italic>C. gunnari</italic> populations are slowly recovering which will increase <italic>E. superba</italic> predation. Therefore, in the present work, we analyze the distribution and density of <italic>E. superba</italic> and <italic>C. gunnari</italic>, gain some insights about the type of foraging strategy of <italic>C. gunnari</italic> and estimate its consumption on <italic>E. superba</italic> is consumed by <italic>C. gunnari</italic> under three different biomass scenarios: 7,000 (B<sub>t</sub>), 70,000 (B<sub>50%</sub>) and 140,000 (B<sub>0</sub>) t. We put special focus on the potential area of overlapping between <italic>C. gunnari</italic> and Adélie penguin (<italic>Pygoscelis adeliae</italic>) off the South Orkney islands. Bayesian geostatistical models were used to test whether <italic>C. gunnari</italic> followed an ideal or generalized ideal free distribution. Spatially explicit consumption estimates were obtained under scenarios of 7,000 (B<sub>t</sub>), 70,000 (B<sub>50%</sub>) and 140,000 (B<sub>0</sub>) t of <italic>C. gunnari</italic> biomass. We found that both species have a higher probability of presence and density north of the South Orkney Islands, where they present a high overlap. The probability of presence of <italic>Champsocephalus gunnari</italic> was best explained by the ideal free distribution whereas its acoustic density was best explained by an independent spatial model that lacked any relation with the distribution of <italic>E. superba</italic>. Individual consumption of <italic>E. supeba</italic> by <italic>C. gunnari</italic> was estimated to be 153.5 ± 77.9 g ind<sup>-1</sup>. Thus, current biomass (B<sub>t</sub>) would only remove ~ 0.07% of <italic>E. superba</italic> biomass in the focus area. Under a pre-exploitation biomass level (B<sub>0</sub>), <italic>C. gunnari</italic> would remove ~ 1.4% of <italic>E. superba</italic> biomass. The present work present novel information on the relationship between a key species like <italic>E. superba</italic> and a highly specialized consumer such as <italic>C. gunnari</italic> around the South Orkney Islands and contributes to fill in an important gap regarding fish consumption of krill in the Antarctic ecosystem.",2023,https://doi.org/10.21203/rs.3.rs-3672267/v1,preprint,https://www.researchsquare.com/article/rs-3672267/latest.pdf,Jose Antonio Canseco; Nicolás Alegría; Edwin J. Niklitschek,Marine and fisheries research; Fish Ecology and Management Studies; Marine animal studies overview,Global and Planetary Change; Nature and Landscape Conservation; Ecology,https://www.researchsquare.com/article/rs-3672267/latest.pdf,0,336
II.—The Baleen Whales of the South Atlantic,"Whaling companies have for some years successfully conducted a whale fishery off the shores of the South Shetlands, Graham Land, South Orkneys, and South Georgia, where the waters of the Antarctic mingle with the South Atlantic Ocean.",1915,https://doi.org/10.1017/s0370164600017648,article,NA,William Turner,Marine animal studies overview; Marine and coastal plant biology,Ecology; Oceanography,NA,0,337
Noble gas geochemistry to explore the sources of magma feeding the Antarctic submarine volcanism in Bransfield Strait (NW Antarctica),"Bransfield Strait, located NW Antarctica, is one of the scarce accessible places to study Antarctic submarine volcanism. It is a back-arc basin hosting several submarine volcanoes (e.g. Edifice A, Three Sisters, Orca, Hook Ridge) along its main spreading axis, and two subaerial island volcanoes: Bridgeman and Deception. The submarine ones seem to be active: Orca suffered a seismic unrest in 2020 associated to magma intrusion; and Three Sisters and Hook Ridge registered recent hydrothermal episodes linked to past activity.Understanding the primary sources of magmas depth and the processes that control its chemical composition within the volcano plumbing system is essential to advance in the knowledge of how magmas may develop, ascent and consequently of what kind of volcanic activity may occur at the surface. Noble gases, due to their inertness, represent a key tool completing these tasks. In this work, we studied eight samples dredged on the submarine volcanoes of Three Sisters and Orca, as well as on two adjacent seamounts.In these samples, we measured the isotopic signatures of He, Ne and Ar of the magmatic gas trapped within the inclusions hosted by olivine phenocrysts and glass shards. He isotopic ratio (3He/4He), ranges from 4.6 to 6.5 Ra (Ra is the 3He/4He in atmosphere) along a 70 km length axis. These values are in line with the same ratio in oceanic water along Bransfield Strait and they are lower than both those associated to MORB convective mantle reservoir (8&amp;#177;1 Ra) and at Deception Island. Argon isotopic ratios (40Ar/36Ar &lt; 310) are close to the atmospheric value (298.6&amp;#177;0.3). The Ar isotopic ratio in hosted olivine inclusions (up to 310) is slightly higher than those within the glasses.The relatively low isotopic values of He can be explained by: (i) magma ageing in the chamber, (ii) crustal assimilation, or (iii) interaction of subducted metasomatic fluids at the magma source. The first two possibilities are not plausible at the studied volcanic suites as the different volcanoes are expected to record different evolutions and hence also more scattered values range including MORB. However, a common process such as subduction metasomatism, is in agreement with previous studies. Subduction metasomatism releases fluids rich in U and Th that produce 4He by radioactive decay, thus lowering the resulting 3He/4He.The atmospheric-like Ar isotopic ratio is related to air contamination. This may have occurred in the shallow layers of the plumbing system; by seawater interaction with magma either during the eruption, or throughout cracks after cooling.This study was funded by the research projects ERUPTING (PID2021-127189OB-I00) MCIN/AEI/10.13039/501100011033, HYDROCAL (PID2020-114876GB-I00) MCIN/AEI/10.13039/501100011033 and VOLGASDEC (PGC2018-095693-B-I00) (AEI/FEDER, UE); and is part of the CSIC Interdisciplinary Thematic Platform (PTI) Polar zone observatory. A. P. S acknowledges his grant &amp;#8220;Programa Propio III USAL 2021 co-funded with Banco de Santander&amp;#8221; and his joint COMNAP-IAATO Antarctic Fellowship 2022. A.C acknowledges the grant RYC2021&amp;#8208;033270&amp;#8208;I funded by MCIN/AEI/10.13039/501100011033 and by the EU &amp;#8220;Next Generation EU/PRTR"". Samples were provided by the Polar Rock Repository (https://prr.osu.edu) with support from the National Science Foundation, under Cooperative Agreement OPP-1643713.",2023,https://doi.org/10.5194/egusphere-egu23-3895,preprint,http://dx.doi.org/10.5194/egusphere-egu23-3895,Antonio Polo Sánchez; Antonio Caracausi; Antonio M. Álvarez‐Valero; Adelina Geyer; Laura Insinga,Methane Hydrates and Related Phenomena; Geology and Paleoclimatology Research; Polar Research and Ecology,Environmental Chemistry; Atmospheric Science; Ecology,NA,0,338
Occurrence Download,"A dataset containing 975197 species occurrences available in GBIF matching the query: { ""or"" : [ ""DatasetKey is RMT Trawl catch from the 1990/91 V6 AAMBER2 voyage"", ""DatasetKey is Amphipoda Hyperiidea of the Southern Ocean: catalogue and occurrences"", ""DatasetKey is Lissarca notorcadensis BAS CAML"", ""DatasetKey is MNA Italica 2004_Rauschert dredge_Ross_sea_Mollusca_lgp"", ""DatasetKey is Antarctic and Subantarctic Asteroid zoogeography"", ""DatasetKey is RMT Trawl catch from the 1995/96 V4 BROKE voyage"", ""DatasetKey is South American Antarctic Marine Biodiversity Literature"", ""DatasetKey is ANTAVIA TrackingKing"", ""DatasetKey is Antarctic and sub-Antarctic Lophogastrida occurrences"", ""DatasetKey is Penguins of Antarctica"", ""DatasetKey is Museo Argentino de Ciencias Naturales (MACN), Buenos Aires: sea stars collection (Asteroidea, Echinodermata)"", ""DatasetKey is Photodocumentation_of_Antarctic_Peninsula_Lichens"", ""DatasetKey is Antarctic Parborlasia corrugatus"", ""DatasetKey is Ross Sea Pycnogonids"", ""DatasetKey is Southern Ocean oligochaete occurrence data - a literature-based compilation"", ""DatasetKey is Asteroids from French subantarctic islands: records from the Marion Dufresne MD03 expeditions"", ""DatasetKey is Moss sampling in the Windmill Islands and the Vestfold Hills"", ""DatasetKey is Admiralty Bay Benthos Diversity Data Base (ABBED). Tanaidacea."", ""DatasetKey is Antarctic Isopods"", ""DatasetKey is Bunger Hills, 1999/2000 survey - nest sites of snow petrels Pagodroma nivea"", ""DatasetKey is EPOS3: SeaStars (Echinodermata, Asteroidea)"", ""DatasetKey is Antarctic Krill occurrence data from Japanese expeditions"", ""DatasetKey is Cetacean Sightings Survey and Southern Ocean cetacean program"", ""DatasetKey is Antarctic Foraminiferans"", ""DatasetKey is Antarctic Arrow worms"", ""DatasetKey is Southern Ocean octopus"", ""DatasetKey is Antarctic pycnogonids"", ""DatasetKey is Ant'Phipoda Database (New records)"", ""DatasetKey is Antarctic Echinoids: an interactive database"", ""DatasetKey is ABBBS Bird Banding records from the Australian Antarctic Territory and Heard Island"", ""DatasetKey is globec/soglobec/process/krill"", ""DatasetKey is Kelp rafts in the Southern Ocean"", ""DatasetKey is Antarctic Nemertea"", ""DatasetKey is ANTXXIII-8 Birds and Mammals"", ""DatasetKey is Zooplankton Abundance Based on Taxa and Life Stages or Size"", ""DatasetKey is Mitochondrial lineages in the Antarctic sea slug Doris kerguelenensis"", ""DatasetKey is Phytoplankton samples - 2005/06 V3 BROKE-West"", ""DatasetKey is Pelagic Fish Observations 1968-1999"", ""DatasetKey is Nest census, Windmill Islands 2002/03"", ""DatasetKey is Antarctic Marine Bacteria from Denmark University"", ""DatasetKey is Promachocrinus kerguelensis"", ""DatasetKey is Biopearl expedition: SeaStars (Echinodermata, Asteroidea)"", ""DatasetKey is Antarctic Marine Protists species checklist"", ""DatasetKey is Bacteria and chlorophyll-a water column observations (surface to ~150m), April-August 2001, Continental Margin Western Antarctic Peninsula, GLOBEC"", ""DatasetKey is Marine Invertebrate from Argentina, Uruguay and Chile"", ""DatasetKey is ARGOS Satellite Tracking of animals"", ""DatasetKey is Antarctic fish Gobionotothen gibberifrons"", ""DatasetKey is Auckland Museum Land Vertebrates Collection"", ""DatasetKey is Icota - Pelagant"", ""DatasetKey is RMT Trawl catch from the 1980/81 V5 FIBEX voyage"", ""DatasetKey is Seabirds of the Southern and South Indian Ocean"", ""DatasetKey is Southern Giant Petrel census data within the Australian Antarctic Territory"", ""DatasetKey is Antarctic Marine Species Sequence Data"", ""DatasetKey is MNA (Section of Genoa) associated collection of CCFEE (Tuscia University) - Antarctic Fungi"", ""DatasetKey is Antarctic Krill occurrence data from Discovery expeditions"", ""DatasetKey is RMT Trawl catch from the 1984/85 V5 SIBEX2 voyage"", ""DatasetKey is Kelp rafts in the Southern Ocean"", ""DatasetKey is Circumpolar dataset of sequenced specimens of Promachocrinus kerguelensis (Echinodermata, Crinoidea)"", ""DatasetKey is Marine birds and mammals of the Southern Ocean (a census for the CAML)"", ""DatasetKey is The First Comprehensive Description of the Biodiversity and Biogeography of Antarctic and Sub-Antarctic Intertidal Communities"", ""DatasetKey is Electron Micrograph Database - Terrestrial and Limnetic Specimens"", ""DatasetKey is Antarctic Euphausiacea occurence data from \""German Antarctic Marine Living Resources\"" (GAMLR) Expeditions"", ""DatasetKey is Electron Micrograph Database - Marine Specimens"", ""DatasetKey is Antarctic Krill occurrence data from Spanish RV \""Fruela\"""", ""DatasetKey is Antarctic Krill occurrence data from BAS expeditions"", ""DatasetKey is Admiralty Bay Benthos Diversity Data Base (ABBED). Pycnogonida."", ""DatasetKey is Admiralty Bay Benthos Diversity Data Base (ABBED). Cumacea."", ""DatasetKey is Antarctic Marine Amoebae"", ""DatasetKey is Antarctic Euphausiacea occurence data from Norwegian Antarctic Research Expedition 1976-77"", ""DatasetKey is Antarctic Krill occurrence data from Australian expeditions"", ""DatasetKey is RMT Trawl catch from the 2005/06 V3 BROKE-West voyage - Fish"", ""DatasetKey is In situ observations of Stygiomedusa gigantea"", ""DatasetKey is Nemertina World Checklist"", ""DatasetKey is Inventory of Antarctic seabird breeding sites"", ""DatasetKey is Snow Petrel census, Reeve Hill, Windmill Islands, East Antarctica (1984-2003)"", ""DatasetKey is Antarctic Jellyfish"", ""DatasetKey is Southern Ocean Cnidarian Collections"", ""DatasetKey is SO-Polylist"", ""DatasetKey is RMT Trawl catch from the 1983/84 V5 ADBEX II voyage"", ""DatasetKey is Weddell Sea macrozoobenthos EASIZ I"", ""DatasetKey is RMT Trawl catch from the 1986/87 V7 AAMBER voyage"", ""DatasetKey is Zooplankton abundance and population structures assessed during April-September of 2001-2, Southern Ocean, GLOBEC"", ""DatasetKey is Antarctic Euphausiacea occurrence data from ITALICA 2000 Expedition"", ""DatasetKey is Diatom and foraminiferal samples from surficial sediments of Prydz Bay, Antarctica"", ""DatasetKey is ANDEEP3: SeaStars (Echinodermata, Asteroidea)"", ""DatasetKey is Admiralty Bay Benthos Diversity Data Base (ABBED). Polychaeta. 1979-80"", ""DatasetKey is East Weddell Sea echinoids from the JR275 expedition"", ""DatasetKey is MNA (Section of Genoa) and NIWA Invertebrate Collection - Ross Sea Tanaidacea"", ""DatasetKey is Hydroids of the BANZARE Antarctic expeditions 1929 - 1931"", ""DatasetKey is RMT Trawl catch from the 1982/83 V2 ADBEX I voyage"", ""DatasetKey is APIS - Antarctic Pack Ice Seals 1994-1999, plus historical data from the 1980s"", ""DatasetKey is RMT Trawl catch from the 2005/06 V3 BROKE-West voyage - Zooplankton"", ""DatasetKey is Marine fauna survey of the Vestfold Hills and Rauer Island, 1981-82"", ""DatasetKey is Australian Antarctic Division Herbarium"", ""DatasetKey is CCAMLR historic KRILL"", ""DatasetKey is Cetacean Sightings Survey and Southern Ocean Cetacean Program - BROKE-West"", ""DatasetKey is Antarctic Pycnogonids II"", ""DatasetKey is MNA - Sezione di Genova - (Marine Biological Samples)"", ""DatasetKey is Collections data on ecology of bottom animal of the Southern ocean"", ""DatasetKey is Snow Petrel nest census, Mawson region 2004/05"", ""DatasetKey is Walter Herwig 1978 (FFS): SeaStars (Echinodermata, Asteroidea)"", ""DatasetKey is Southern Ocean Continuous Zooplankton Recorder (SO-CPR) Survey"", ""DatasetKey is SOVIET ANTARCTIC EXPEDITIONS for Zooplankton (R.V. OB March-May 1956, January-March 1957;R.V.ACADEMIC KURCHATOV, October 1971-January 1972; RV DMITRY MENDELEEV;R.V.ACADEMIC IOFFE 1992)."", ""DatasetKey is Tagged Seal Location Data from SOGLOBEC"", ""DatasetKey is Antarctic Krill occurrence data from US AMLR \""US Antarctic Marine Living Resources\"" Program"", ""DatasetKey is Biogeographic distribution of the Antarctic and Sub-Antarctic brachiopods (living forms)"", ""DatasetKey is Antarctic Euphausiacea occurrence data from Norwegian Antarctic Research Expedition 1979"", ""DatasetKey is Macrozooplankton concentrations estimated from MOCNESS tow samples, Continental Margin Western Antarctic Peninsula, GLOBEC"", ""DatasetKey is Polycystine Radiolarians from the water column and the surface sediments of the World Ocean"", ""DatasetKey is Biogeographic distribution of Antarctic and sub-Antarctic Mysida"", ""DatasetKey is Antarctic Krill occurrence data from Ukraine YUGNIRO Institute"", ""DatasetKey is Antarctic Krill Euphausia superba"", ""DatasetKey is Antarctic Amphipod Crustaceans: Ant'Phipoda Database (BIANZO)"", ""DatasetKey is Diatoms from the Vestfold Hills Lakes"", ""DatasetKey is AAD Benthic Sampling Database"", ""DatasetKey is Antarctic Amphipoda"", ""DatasetKey is Antarctic Euphausiacea occurence data from Polish FIBEX expeditions"", ""DatasetKey is Biogeographic distribution of Antarctic and sub-Antarctic Cumacea"", ""DatasetKey is Cetacean distribution in the South Atlantic and South Pacific Ocean (AR-OBIS)"", ""DatasetKey is Bacteria from Penguin Guano, Antarctica"", ""DatasetKey is RMT Trawl catch from 1985/86 V1 ADBEX III voyage"" ] } The dataset includes 975197 records from 121 constituent datasets; see https://api.gbif.org/v1/occurrence/download/0010044-180131172636756/datasets/export for details. Data from some individual datasets included in this download may be licensed under less restrictive terms.",2018,https://doi.org/10.15468/dl.ezsevt,dataset,https://doi.org/10.15468/dl.ezsevt,GBIF.Org User,Satellite Image Processing and Photogrammetry,Ocean Engineering,NA,0,339
Occurrence Download,"A dataset containing 975197 species occurrences available in GBIF matching the query: { ""or"" : [ ""DatasetKey is Admiralty Bay Benthos Diversity Data Base (ABBED). Polychaeta. 1979-80"", ""DatasetKey is East Weddell Sea echinoids from the JR275 expedition"", ""DatasetKey is MNA Italica 2004_Rauschert dredge_Ross_sea_Mollusca_lgp"", ""DatasetKey is Cetacean Sightings Survey and Southern Ocean cetacean program"", ""DatasetKey is SOVIET ANTARCTIC EXPEDITIONS for Zooplankton (R.V. OB March-May 1956, January-March 1957;R.V.ACADEMIC KURCHATOV, October 1971-January 1972; RV DMITRY MENDELEEV;R.V.ACADEMIC IOFFE 1992)."", ""DatasetKey is AAD Benthic Sampling Database"", ""DatasetKey is Zooplankton Abundance Based on Taxa and Life Stages or Size"", ""DatasetKey is Southern Ocean Cnidarian Collections"", ""DatasetKey is Antarctic Krill occurrence data from Spanish RV \""Fruela\"""", ""DatasetKey is Hydroids of the BANZARE Antarctic expeditions 1929 - 1931"", ""DatasetKey is Antarctic Arrow worms"", ""DatasetKey is Admiralty Bay Benthos Diversity Data Base (ABBED). Cumacea."", ""DatasetKey is Snow Petrel census, Reeve Hill, Windmill Islands, East Antarctica (1984-2003)"", ""DatasetKey is Collections data on ecology of bottom animal of the Southern ocean"", ""DatasetKey is Phytoplankton samples - 2005/06 V3 BROKE-West"", ""DatasetKey is ANTXXIII-8 Birds and Mammals"", ""DatasetKey is Antarctic Euphausiacea occurence data from \""German Antarctic Marine Living Resources\"" (GAMLR) Expeditions"", ""DatasetKey is RMT Trawl catch from the 1986/87 V7 AAMBER voyage"", ""DatasetKey is Antarctic Euphausiacea occurrence data from ITALICA 2000 Expedition"", ""DatasetKey is RMT Trawl catch from the 1980/81 V5 FIBEX voyage"", ""DatasetKey is Circumpolar dataset of sequenced specimens of Promachocrinus kerguelensis (Echinodermata, Crinoidea)"", ""DatasetKey is Cetacean distribution in the South Atlantic and South Pacific Ocean (AR-OBIS)"", ""DatasetKey is MNA (Section of Genoa) and NIWA Invertebrate Collection - Ross Sea Tanaidacea"", ""DatasetKey is Antarctic and Subantarctic Asteroid zoogeography"", ""DatasetKey is Antarctic Parborlasia corrugatus"", ""DatasetKey is EPOS3: SeaStars (Echinodermata, Asteroidea)"", ""DatasetKey is SO-Polylist"", ""DatasetKey is Antarctic Echinoids: an interactive database"", ""DatasetKey is MNA (Section of Genoa) associated collection of CCFEE (Tuscia University) - Antarctic Fungi"", ""DatasetKey is RMT Trawl catch from the 1995/96 V4 BROKE voyage"", ""DatasetKey is ARGOS Satellite Tracking of animals"", ""DatasetKey is Antarctic Euphausiacea occurrence data from Norwegian Antarctic Research Expedition 1979"", ""DatasetKey is Antarctic Marine Protists species checklist"", ""DatasetKey is Kelp rafts in the Southern Ocean"", ""DatasetKey is Bacteria from Penguin Guano, Antarctica"", ""DatasetKey is ANTAVIA TrackingKing"", ""DatasetKey is RMT Trawl catch from the 1990/91 V6 AAMBER2 voyage"", ""DatasetKey is Australian Antarctic Division Herbarium"", ""DatasetKey is South American Antarctic Marine Biodiversity Literature"", ""DatasetKey is Penguins of Antarctica"", ""DatasetKey is Electron Micrograph Database - Terrestrial and Limnetic Specimens"", ""DatasetKey is RMT Trawl catch from 1985/86 V1 ADBEX III voyage"", ""DatasetKey is Southern Ocean Continuous Zooplankton Recorder (SO-CPR) Survey"", ""DatasetKey is Admiralty Bay Benthos Diversity Data Base (ABBED). Tanaidacea."", ""DatasetKey is Antarctic Jellyfish"", ""DatasetKey is Antarctic Krill occurrence data from BAS expeditions"", ""DatasetKey is Nest census, Windmill Islands 2002/03"", ""DatasetKey is Biogeographic distribution of Antarctic and sub-Antarctic Mysida"", ""DatasetKey is Diatom and foraminiferal samples from surficial sediments of Prydz Bay, Antarctica"", ""DatasetKey is Antarctic Krill occurrence data from Australian expeditions"", ""DatasetKey is Antarctic Euphausiacea occurence data from Polish FIBEX expeditions"", ""DatasetKey is Weddell Sea macrozoobenthos EASIZ I"", ""DatasetKey is Walter Herwig 1978 (FFS): SeaStars (Echinodermata, Asteroidea)"", ""DatasetKey is Antarctic Marine Amoebae"", ""DatasetKey is Antarctic and sub-Antarctic Lophogastrida occurrences"", ""DatasetKey is Southern Ocean octopus"", ""DatasetKey is Antarctic Krill occurrence data from Ukraine YUGNIRO Institute"", ""DatasetKey is The First Comprehensive Description of the Biodiversity and Biogeography of Antarctic and Sub-Antarctic Intertidal Communities"", ""DatasetKey is Lissarca notorcadensis BAS CAML"", ""DatasetKey is Moss sampling in the Windmill Islands and the Vestfold Hills"", ""DatasetKey is Marine fauna survey of the Vestfold Hills and Rauer Island, 1981-82"", ""DatasetKey is ANDEEP3: SeaStars (Echinodermata, Asteroidea)"", ""DatasetKey is Antarctic Krill occurrence data from US AMLR \""US Antarctic Marine Living Resources\"" Program"", ""DatasetKey is RMT Trawl catch from the 1983/84 V5 ADBEX II voyage"", ""DatasetKey is RMT Trawl catch from the 2005/06 V3 BROKE-West voyage - Fish"", ""DatasetKey is In situ observations of Stygiomedusa gigantea"", ""DatasetKey is CCAMLR historic KRILL"", ""DatasetKey is ABBBS Bird Banding records from the Australian Antarctic Territory and Heard Island"", ""DatasetKey is globec/soglobec/process/krill"", ""DatasetKey is Antarctic Amphipoda"", ""DatasetKey is Ant'Phipoda Database (New records)"", ""DatasetKey is Antarctic Isopods"", ""DatasetKey is Antarctic Krill occurrence data from Discovery expeditions"", ""DatasetKey is Promachocrinus kerguelensis"", ""DatasetKey is Auckland Museum Land Vertebrates Collection"", ""DatasetKey is Bunger Hills, 1999/2000 survey - nest sites of snow petrels Pagodroma nivea"", ""DatasetKey is Cetacean Sightings Survey and Southern Ocean Cetacean Program - BROKE-West"", ""DatasetKey is Antarctic fish Gobionotothen gibberifrons"", ""DatasetKey is Antarctic Krill Euphausia superba"", ""DatasetKey is MNA - Sezione di Genova - (Marine Biological Samples)"", ""DatasetKey is Southern Giant Petrel census data within the Australian Antarctic Territory"", ""DatasetKey is Biogeographic distribution of the Antarctic and Sub-Antarctic brachiopods (living forms)"", ""DatasetKey is Seabirds of the Southern and South Indian Ocean"", ""DatasetKey is Museo Argentino de Ciencias Naturales (MACN), Buenos Aires: sea stars collection (Asteroidea, Echinodermata)"", ""DatasetKey is Marine birds and mammals of the Southern Ocean (a census for the CAML)"", ""DatasetKey is Kelp rafts in the Southern Ocean"", ""DatasetKey is Photodocumentation_of_Antarctic_Peninsula_Lichens"", ""DatasetKey is RMT Trawl catch from the 1982/83 V2 ADBEX I voyage"", ""DatasetKey is Amphipoda Hyperiidea of the Southern Ocean: catalogue and occurrences"", ""DatasetKey is Antarctic Foraminiferans"", ""DatasetKey is Antarctic pycnogonids"", ""DatasetKey is Mitochondrial lineages in the Antarctic sea slug Doris kerguelenensis"", ""DatasetKey is Polycystine Radiolarians from the water column and the surface sediments of the World Ocean"", ""DatasetKey is Antarctic Nemertea"", ""DatasetKey is Antarctic Pycnogonids II"", ""DatasetKey is Pelagic Fish Observations 1968-1999"", ""DatasetKey is APIS - Antarctic Pack Ice Seals 1994-1999, plus historical data from the 1980s"", ""DatasetKey is Zooplankton abundance and population structures assessed during April-September of 2001-2, Southern Ocean, GLOBEC"", ""DatasetKey is Antarctic Amphipod Crustaceans: Ant'Phipoda Database (BIANZO)"", ""DatasetKey is Nemertina World Checklist"", ""DatasetKey is Inventory of Antarctic seabird breeding sites"", ""DatasetKey is Marine Invertebrate from Argentina, Uruguay and Chile"", ""DatasetKey is Snow Petrel nest census, Mawson region 2004/05"", ""DatasetKey is Electron Micrograph Database - Marine Specimens"", ""DatasetKey is Admiralty Bay Benthos Diversity Data Base (ABBED). Pycnogonida."", ""DatasetKey is Bacteria and chlorophyll-a water column observations (surface to ~150m), April-August 2001, Continental Margin Western Antarctic Peninsula, GLOBEC"", ""DatasetKey is Macrozooplankton concentrations estimated from MOCNESS tow samples, Continental Margin Western Antarctic Peninsula, GLOBEC"", ""DatasetKey is Asteroids from French subantarctic islands: records from the Marion Dufresne MD03 expeditions"", ""DatasetKey is Tagged Seal Location Data from SOGLOBEC"", ""DatasetKey is RMT Trawl catch from the 2005/06 V3 BROKE-West voyage - Zooplankton"", ""DatasetKey is Biogeographic distribution of Antarctic and sub-Antarctic Cumacea"", ""DatasetKey is Antarctic Krill occurrence data from Japanese expeditions"", ""DatasetKey is Southern Ocean oligochaete occurrence data - a literature-based compilation"", ""DatasetKey is Antarctic Marine Bacteria from Denmark University"", ""DatasetKey is Antarctic Euphausiacea occurence data from Norwegian Antarctic Research Expedition 1976-77"", ""DatasetKey is Biopearl expedition: SeaStars (Echinodermata, Asteroidea)"", ""DatasetKey is Antarctic Marine Species Sequence Data"", ""DatasetKey is Icota - Pelagant"", ""DatasetKey is Ross Sea Pycnogonids"", ""DatasetKey is Diatoms from the Vestfold Hills Lakes"", ""DatasetKey is RMT Trawl catch from the 1984/85 V5 SIBEX2 voyage"" ] } The dataset includes 975197 records from 121 constituent datasets; see https://api.gbif.org/v1/occurrence/download/0015165-180131172636756/datasets/export for details. Data from some individual datasets included in this download may be licensed under less restrictive terms.",2018,https://doi.org/10.15468/dl.astbok,dataset,https://doi.org/10.15468/dl.astbok,GBIF.Org User,Satellite Image Processing and Photogrammetry,Ocean Engineering,NA,0,340
Occurrence Download,"A dataset containing 975197 species occurrences available in GBIF matching the query: { ""or"" : [ ""DatasetKey is Antarctic Isopods"", ""DatasetKey is Auckland Museum Land Vertebrates Collection"", ""DatasetKey is Promachocrinus kerguelensis"", ""DatasetKey is Antarctic Krill Euphausia superba"", ""DatasetKey is Weddell Sea macrozoobenthos EASIZ I"", ""DatasetKey is Southern Ocean octopus"", ""DatasetKey is Antarctic Foraminiferans"", ""DatasetKey is Antarctic Euphausiacea occurence data from Polish FIBEX expeditions"", ""DatasetKey is Asteroids from French subantarctic islands: records from the Marion Dufresne MD03 expeditions"", ""DatasetKey is Polycystine Radiolarians from the water column and the surface sediments of the World Ocean"", ""DatasetKey is Marine fauna survey of the Vestfold Hills and Rauer Island, 1981-82"", ""DatasetKey is Penguins of Antarctica"", ""DatasetKey is Bacteria and chlorophyll-a water column observations (surface to ~150m), April-August 2001, Continental Margin Western Antarctic Peninsula, GLOBEC"", ""DatasetKey is Amphipoda Hyperiidea of the Southern Ocean: catalogue and occurrences"", ""DatasetKey is Admiralty Bay Benthos Diversity Data Base (ABBED). Pycnogonida."", ""DatasetKey is Antarctic Amphipod Crustaceans: Ant'Phipoda Database (BIANZO)"", ""DatasetKey is Circumpolar dataset of sequenced specimens of Promachocrinus kerguelensis (Echinodermata, Crinoidea)"", ""DatasetKey is Admiralty Bay Benthos Diversity Data Base (ABBED). Cumacea."", ""DatasetKey is Ross Sea Pycnogonids"", ""DatasetKey is Admiralty Bay Benthos Diversity Data Base (ABBED). Polychaeta. 1979-80"", ""DatasetKey is MNA (Section of Genoa) and NIWA Invertebrate Collection - Ross Sea Tanaidacea"", ""DatasetKey is Antarctic Krill occurrence data from Australian expeditions"", ""DatasetKey is Antarctic pycnogonids"", ""DatasetKey is ANTAVIA TrackingKing"", ""DatasetKey is Antarctic Marine Species Sequence Data"", ""DatasetKey is Southern Ocean oligochaete occurrence data - a literature-based compilation"", ""DatasetKey is Antarctic Euphausiacea occurrence data from ITALICA 2000 Expedition"", ""DatasetKey is RMT Trawl catch from the 1986/87 V7 AAMBER voyage"", ""DatasetKey is Antarctic fish Gobionotothen gibberifrons"", ""DatasetKey is Cetacean distribution in the South Atlantic and South Pacific Ocean (AR-OBIS)"", ""DatasetKey is Biogeographic distribution of Antarctic and sub-Antarctic Cumacea"", ""DatasetKey is Marine Invertebrate from Argentina, Uruguay and Chile"", ""DatasetKey is Lissarca notorcadensis BAS CAML"", ""DatasetKey is Snow Petrel nest census, Mawson region 2004/05"", ""DatasetKey is Antarctic Euphausiacea occurence data from \""German Antarctic Marine Living Resources\"" (GAMLR) Expeditions"", ""DatasetKey is Australian Antarctic Division Herbarium"", ""DatasetKey is Antarctic Krill occurrence data from Japanese expeditions"", ""DatasetKey is Electron Micrograph Database - Marine Specimens"", ""DatasetKey is RMT Trawl catch from the 1990/91 V6 AAMBER2 voyage"", ""DatasetKey is Moss sampling in the Windmill Islands and the Vestfold Hills"", ""DatasetKey is Antarctic Nemertea"", ""DatasetKey is Southern Giant Petrel census data within the Australian Antarctic Territory"", ""DatasetKey is RMT Trawl catch from the 1995/96 V4 BROKE voyage"", ""DatasetKey is ARGOS Satellite Tracking of animals"", ""DatasetKey is Antarctic Krill occurrence data from BAS expeditions"", ""DatasetKey is Biopearl expedition: SeaStars (Echinodermata, Asteroidea)"", ""DatasetKey is Antarctic Echinoids: an interactive database"", ""DatasetKey is The First Comprehensive Description of the Biodiversity and Biogeography of Antarctic and Sub-Antarctic Intertidal Communities"", ""DatasetKey is Biogeographic distribution of the Antarctic and Sub-Antarctic brachiopods (living forms)"", ""DatasetKey is Collections data on ecology of bottom animal of the Southern ocean"", ""DatasetKey is Antarctic Krill occurrence data from Ukraine YUGNIRO Institute"", ""DatasetKey is Walter Herwig 1978 (FFS): SeaStars (Echinodermata, Asteroidea)"", ""DatasetKey is Cetacean Sightings Survey and Southern Ocean Cetacean Program - BROKE-West"", ""DatasetKey is Nest census, Windmill Islands 2002/03"", ""DatasetKey is Tagged Seal Location Data from SOGLOBEC"", ""DatasetKey is Antarctic Amphipoda"", ""DatasetKey is SOVIET ANTARCTIC EXPEDITIONS for Zooplankton (R.V. OB March-May 1956, January-March 1957;R.V.ACADEMIC KURCHATOV, October 1971-January 1972; RV DMITRY MENDELEEV;R.V.ACADEMIC IOFFE 1992)."", ""DatasetKey is ANTXXIII-8 Birds and Mammals"", ""DatasetKey is Phytoplankton samples - 2005/06 V3 BROKE-West"", ""DatasetKey is ANDEEP3: SeaStars (Echinodermata, Asteroidea)"", ""DatasetKey is Mitochondrial lineages in the Antarctic sea slug Doris kerguelenensis"", ""DatasetKey is Kelp rafts in the Southern Ocean"", ""DatasetKey is Zooplankton abundance and population structures assessed during April-September of 2001-2, Southern Ocean, GLOBEC"", ""DatasetKey is Electron Micrograph Database - Terrestrial and Limnetic Specimens"", ""DatasetKey is Antarctic Marine Bacteria from Denmark University"", ""DatasetKey is Bunger Hills, 1999/2000 survey - nest sites of snow petrels Pagodroma nivea"", ""DatasetKey is RMT Trawl catch from the 1984/85 V5 SIBEX2 voyage"", ""DatasetKey is MNA (Section of Genoa) associated collection of CCFEE (Tuscia University) - Antarctic Fungi"", ""DatasetKey is Antarctic and sub-Antarctic Lophogastrida occurrences"", ""DatasetKey is RMT Trawl catch from the 2005/06 V3 BROKE-West voyage - Zooplankton"", ""DatasetKey is Antarctic Euphausiacea occurence data from Norwegian Antarctic Research Expedition 1976-77"", ""DatasetKey is CCAMLR historic KRILL"", ""DatasetKey is APIS - Antarctic Pack Ice Seals 1994-1999, plus historical data from the 1980s"", ""DatasetKey is Southern Ocean Continuous Zooplankton Recorder (SO-CPR) Survey"", ""DatasetKey is Admiralty Bay Benthos Diversity Data Base (ABBED). Tanaidacea."", ""DatasetKey is Diatom and foraminiferal samples from surficial sediments of Prydz Bay, Antarctica"", ""DatasetKey is South American Antarctic Marine Biodiversity Literature"", ""DatasetKey is Antarctic Krill occurrence data from Discovery expeditions"", ""DatasetKey is ABBBS Bird Banding records from the Australian Antarctic Territory and Heard Island"", ""DatasetKey is Antarctic Marine Amoebae"", ""DatasetKey is Seabirds of the Southern and South Indian Ocean"", ""DatasetKey is Antarctic Parborlasia corrugatus"", ""DatasetKey is Ant'Phipoda Database (New records)"", ""DatasetKey is Biogeographic distribution of Antarctic and sub-Antarctic Mysida"", ""DatasetKey is Antarctic Marine Protists species checklist"", ""DatasetKey is East Weddell Sea echinoids from the JR275 expedition"", ""DatasetKey is Bacteria from Penguin Guano, Antarctica"", ""DatasetKey is Marine birds and mammals of the Southern Ocean (a census for the CAML)"", ""DatasetKey is RMT Trawl catch from the 1980/81 V5 FIBEX voyage"", ""DatasetKey is Antarctic Krill occurrence data from Spanish RV \""Fruela\"""", ""DatasetKey is Macrozooplankton concentrations estimated from MOCNESS tow samples, Continental Margin Western Antarctic Peninsula, GLOBEC"", ""DatasetKey is Antarctic Krill occurrence data from US AMLR \""US Antarctic Marine Living Resources\"" Program"", ""DatasetKey is Antarctic Arrow worms"", ""DatasetKey is globec/soglobec/process/krill"", ""DatasetKey is Hydroids of the BANZARE Antarctic expeditions 1929 - 1931"", ""DatasetKey is RMT Trawl catch from the 1983/84 V5 ADBEX II voyage"", ""DatasetKey is Inventory of Antarctic seabird breeding sites"", ""DatasetKey is Antarctic and Subantarctic Asteroid zoogeography"", ""DatasetKey is MNA Italica 2004_Rauschert dredge_Ross_sea_Mollusca_lgp"", ""DatasetKey is Pelagic Fish Observations 1968-1999"", ""DatasetKey is RMT Trawl catch from the 2005/06 V3 BROKE-West voyage - Fish"", ""DatasetKey is Antarctic Pycnogonids II"", ""DatasetKey is Snow Petrel census, Reeve Hill, Windmill Islands, East Antarctica (1984-2003)"", ""DatasetKey is RMT Trawl catch from the 1982/83 V2 ADBEX I voyage"", ""DatasetKey is Antarctic Jellyfish"", ""DatasetKey is MNA - Sezione di Genova - (Marine Biological Samples)"", ""DatasetKey is Icota - Pelagant"", ""DatasetKey is Photodocumentation_of_Antarctic_Peninsula_Lichens"", ""DatasetKey is Antarctic Euphausiacea occurrence data from Norwegian Antarctic Research Expedition 1979"", ""DatasetKey is In situ observations of Stygiomedusa gigantea"", ""DatasetKey is Cetacean Sightings Survey and Southern Ocean cetacean program"", ""DatasetKey is Museo Argentino de Ciencias Naturales (MACN), Buenos Aires: sea stars collection (Asteroidea, Echinodermata)"", ""DatasetKey is Kelp rafts in the Southern Ocean"", ""DatasetKey is Southern Ocean Cnidarian Collections"", ""DatasetKey is RMT Trawl catch from 1985/86 V1 ADBEX III voyage"", ""DatasetKey is EPOS3: SeaStars (Echinodermata, Asteroidea)"", ""DatasetKey is AAD Benthic Sampling Database"", ""DatasetKey is SO-Polylist"", ""DatasetKey is Zooplankton Abundance Based on Taxa and Life Stages or Size"", ""DatasetKey is Nemertina World Checklist"", ""DatasetKey is Diatoms from the Vestfold Hills Lakes"" ] } The dataset includes 975197 records from 121 constituent datasets; see https://api.gbif.org/v1/occurrence/download/0010042-180131172636756/datasets/export for details. Data from some individual datasets included in this download may be licensed under less restrictive terms.",2018,https://doi.org/10.15468/dl.cdipo9,dataset,https://doi.org/10.15468/dl.cdipo9,GBIF.Org User,Satellite Image Processing and Photogrammetry,Ocean Engineering,NA,0,341
Antarctic Wildlife: A Visitor's Guide,"Antarctic Wildlife is the definitive identification guide to the birds and marine mammals of the Antarctic Peninsula, Drake Passage, and Beagle Channel. This easy-to-use photographic field guide enables visitors to this unique region of the world--newcomer and seasoned traveler alike--to identify with confidence the penguins, whales, seals, seabirds, and other stunning wildlife they encounter on their journey. Full-color photographs show typical views of each species of bird or marine mammal, together with the terrestrial plants likely to be seen. Detailed species accounts describe key identification features, give tips on where to look, and highlight interesting facts. This one-of-a-kind guide also includes introductory chapters that cover the wildlife of each Antarctic environment by season, as well as information on tourism and Antarctic cruising that will help visitors get the most from their trip. Antarctic Wildlife is a must-have photographic guide for travelers taking the standard cruise from Ushuaia, Argentina, to the great white continent, and for anyone interested in the diverse wildlife found in this remote part of the world. * Covers the wildlife of the Antarctic Peninsula, Drake Passage, and Beagle Channel * Features full-color photographs throughout * Describes key identification features and gives tips on where to look * Includes an introduction to Antarctic environments and information on Antarctic cruising",2011,NA,book,NA,James C. Lowen,Marine animal studies overview; Animal and Plant Science Education; Avian ecology and behavior,Ecology; Social Psychology; Ecology,NA,0,342
Antarctica under Sail,"Transportation has been one of the major limitations to exploration of the Antarctic. Snow tractors, commonly used for short overland hauls, are far too small to handle adequate scientific eqLlipment and personnel and are limited in range. Icebreakers float too low in the water for use close to shore. Helicopters are not only expensive for their carrying ability, but in Antarctica they face the treacherous whiteout-the horizon completely disappears between snowy land and featureless, white sky, sometimes causing pilots to fly straight into the ground. One answer, a new research vessel called Hero, combines modern research facilities with a flavor of past centuries -including sails and a wooden hull. Early in 1963, the need for appropriate transportation, equipped with laboratories for research on the way, became obvious to U.S. scientists hunting a site for a U.S. research station on the Antarctic Peninsula. Fjords, channels and hundreds of tiny islands surround the peninsula, which stretches northward to about 600 miles from Cape Horn at the tip of South America. The vast finger of snow and ice has long been of interest to scientists, partly because of its varied, storm-tossed climate, in contrast to the dry air masses of the inner continent. Its major attraction, however, is its abundance of life. Low-pressure weather systems cause upwelling of the surrounding bottom waters, bringing with them a rich supply of silicates, nitrates and phosphates -a feast for marine life. Near the bottom of the ecological chain are the phytoplankton, particularly diatoms, which thrive so successfully around the peninsula that they often form a bloom on the surface and discolor many square miles of ice. Jellyfish, small crustaceans and other creatuLres graze on the plankton. On the continental shelf can be found everything from sponges to sea spiders and the Antarctic codfish (Notothenia). At least seven species of whales and six of seals are known to live in the area. On land some 70 species of moss have already been found. along with five times as many varieties of lichens. Primitive insects and birds abouind. The U.S. has been scientifically interested in the peninsula since some 140 years ago, when naturalist James Eights made a series of observations in the South Shetland Islands. Three major U.S. expeditions went there in the years 1946 through 1948. ImpetuLs for a permanent research station, however, did not come until the U.S. Antarctic research program expanded to include biology and other life sciences that had been largely ignored through the end of the International Geophysical Year in 1958. When the actual site survey got underway, just over four years later, the investigators spent two months looking over some 30 possible sites, finally settling on a 24-by-37-mile chuLnk of icy, mountainous wasteland called Anvers ;Island. Anvers was picked because it was about midway along the peninsula's length, and about as far south as a ship could get, even in the December-toApril summer season, without running into dangerous amounts of sea ice. The need for a special ship operating from the base was clear from the start. In 1964, Britain offered the U.S. the use of its N, which had been deactivated since 1958, located at the island's ArthuLr Harbor. In the same year, the National Science Foundation awarded the contract for the ship's design. From their inception, ship and station were planned as a single facility. part of which was eqtuipped to go to sea. Last March, a permanent station near Base N was christened Palmer Station. for Nathaniel B. Palmer, who in 1820. at the age of 20, became the first American to sight the Antarctic continent. Eight days later, on the high tide. the unuLstual research vessel slid down the ways of the Harvey F. Gamage shipyard in SouLth Bristol, Me., after being christened the Hero in honor of Palmer's sloop of the same name. The 300-ton vessel draws only 12 feet 6 inches of water, compared to the 29-foot draft of a typical icebreaker. 'It can get in and arouLnd these islands in the Antarctic Peninstula, so that we have a platform for research, says marine biologist Dr. John H. Dearborn of the University of Maine's research center at Walpole, who went on the Hero's Arctic shakedown cruise. It's sort of a cross between a large oceanographic ship and a shore party. Its 125-foot length wouLld dwarf the original Hero. buLt its most tintsLial featuLre, for a modern-day research ship. is its sails. A 760horsepower diesel provides the main power, buLt for steadying the ship during precise measurements, as well as for providing an emergency ptush if necessary, the dark green ketch-rigged trawler carries some 1,700 square feet of high-visibility orange nylons. Though not a fuLll-fledged icebreaker. the new Hero has been made as strong as possible for its pioneering role. which it will assume this month: the first ship to be based in Antarctica. Unlike ice-",1968,https://doi.org/10.2307/3953643,article,NA,Jonathan Eberhart,Polar Research and Ecology,Ecology,NA,0,343
"Application of Template Matching to OBS array observation in Orca Volcano (Bransfield Strait, Antarctica)","&amp;lt;p&amp;gt;The temporary seismic network deployed from January 2019 to February 2020 in the Bransfield Strait as part of the BRAVOSEIS project has enabled the development of an earthquake catalogue for Orca submarine volcano. A STA/LTA algorithm, manual picking, and the HYPO71 location algorithm with a 1-D model based on previous studies was used to create a catalogue of 4988 earthquakes. The seismicity was characterized by low magnitude events (-1&amp;lt;M&amp;lt;sub&amp;gt;L&amp;lt;/sub&amp;gt;&amp;lt;2.7) occurring mainly in the upper five-kilometers around Orca caldera. Declustering using the Gardner and Knopoff method, reduced the catalogue size by nearly 90%. The declustered catalogue is complete above a magnitude M&amp;lt;sub&amp;gt;L&amp;lt;/sub&amp;gt; of 0.9 and the estimated b-value for the whole period studied is 1.03 +/- 0.18. Because of the noisy the oceanic environments, building the catalogue became an arduous task to perform manually even with a STA/LTA algorithm. Having catalogued such a numerous microseismic events and with the goal of enhancing the catalogue, we apply a super-efficient cross-correlation (SEC-C) method on the continuous network dataset. The effectiveness of SEC-C is soon corroborated by analysing the output of this template matching-based detector. A volcano-tectonic swarm previously catalogued manually between July and August 2019 is clearly identified by the preliminary results of the SEC-C method. The thresholds we imposed for the cross-correlation values and signal-to-noise ratios considered for the workflow from event detection to location were chosen to make the method as &amp;amp;#8216;blind&amp;amp;#8217; as possible. More than six hundred events have been incorporated after the template matching procedure, considerably augmenting the catalogue.&amp;lt;/p&amp;gt;",2022,https://doi.org/10.5194/egusphere-egu22-276,preprint,https://doi.org/10.5194/egusphere-egu22-276,Helena Seivane; Rosa Martín; Javier Almendros; William S. D. Wilcock; D. C. Soule,Seismology and Earthquake Studies; earthquake and tectonic studies; Methane Hydrates and Related Phenomena,Artificial Intelligence; Geophysics; Environmental Chemistry,NA,0,344
"Declining abundance and shifting distribution for Antarctic krill, Euphausia superba, in the western Antarctic Peninsula","Antarctic krill, Euphausia superba, a polar ocean specialist, thrives in the Antarctic severe physical conditions. The krill life cycle consists of strategies that have enabled and supported the species’ dominance of the Antarctic Ocean. Sea Ice extent and duration creates condition that are crucial for survival of the Furcilia larvae. The species has flexibility to food resources and is omnivorous, i.e. are feeding on phyto- and zooplankton. Krill are stenothermal, has a have narrow interval for temperature tolerance. The development from egg to juvenile has several critical phases. One of the first feeding phases, Furcilia, is reliant on winter sea ice for the larval growth, development and survival, at least in the younger stages. The ice provides shelter and substrate for grazing of under sea ice food resources. The Antarctic krill is a key species, an “ecosystem engineer” functioning as the basic food resource for many marine such as vertebrates as fishes, birds, seals, and whales. The krill also makes an important contribution to the world food production. The Antarctic climate and periodic variation in winds, temperatures and circumpolar currents rules the variations in the physical conditions and influence krill food resources and habitat. Global warming changes the preconditions for krill. The Sea Surface Temperature (SST) increases and the Antarctic total ice sheet mass lose volume every year. In the Sea southwest of the Antarctic Peninsula do the Sea ice extent and duration decline in February and in autumn due to the global warming. Diminishing nursery hot spots in these regions will change krill living conditions and influence reproduction cycle, which may lead to a krill populations collapse. The decline of winter Sea ice extent and duration the previous winter is significantly correlated with reduced ice algae food. The krill numerical densities have probably declined sharply in their northern limit since 1970, which is the area supporting the maximum growth of the largest Furcilia stages. The krill population distribution is likely to shift southwards from their past centre in the southwest Atlantic Ocean. In a high emission scenario the krill larvae habitat can be reduced by as much as 80% due to future global warming.",2020,NA,article,http://lup.lub.lu.se/student-papers/record/9029353,Kerstin Holmström,Marine and fisheries research; Fish Ecology and Management Studies; Physiological and biochemical adaptations,Global and Planetary Change; Nature and Landscape Conservation; Ecology,http://lup.lub.lu.se/student-papers/record/9029353,0,345
A multi task learning framework using DeBERTa and BWO optimization for enhancing long term english vocabulary memory,"Abstract English word memory is affected by semantic interference and context changes, which leads to rapid decline of long-term memory. This paper uses DeBERTa (Decoding-enhanced BERT with disentangled attention) to perform word part-of-speech classification and meaning matching, and uses BWO (Beluga Whale Optimization) to optimize hyperparameters and loss weights to alleviate the problem of memory decay and improve the depth and complexity of English word memory. A multi-task learning model based on DeBERTa is constructed to perform part-of-speech classification and meaning matching tasks on the target words respectively, and to introduce synonyms, antonyms and words with similar spellings for interference testing during the training process to simulate real memory scenarios. BWO is used to dynamically adjust the key hyperparameters of the DeBERTa model, such as the learning rate, batch size, and loss weight, to keep it in the optimal state at different learning stages. The precision of part-of-speech classification of the BWO optimized model reached 0.983, and the Top-5 accuracy of word meaning matching in the test set reached 0.990. In the interference test of synonyms, antonyms and words with similar spellings, the correct recognition rate of the BWO-optimized model for the target words was 92.5%, 90.8% and 88.3% respectively. Compared with PSO (Particle Swarm Optimization), GA (Genetic Algorithm) and GWO (Grey Wolf Optimizer), BWO showed better English word memory rate in cross-domain tests and under cognitive interference. This study shows that the BWO-optimized DeBERTa multi-task learning model can effectively improve the long-term memory retention of English words and has stronger anti-interference ability in complex memory environments.",2025,https://doi.org/10.1007/s10791-025-09690-3,article,https://link.springer.com/content/pdf/10.1007/s10791-025-09690-3.pdf,Jiasheng Zhu,Topic Modeling; Natural Language Processing Techniques; Speech and dialogue systems,Artificial Intelligence; Artificial Intelligence; Artificial Intelligence,https://link.springer.com/content/pdf/10.1007/s10791-025-09690-3.pdf,0,346
Antarctica Cruising Guide,"This updated 3rd edition includes exciting new material with more images, maps and information on environmental concerns such as climate change and threats to conservation. Ross Sea & Ice Shelf (most visited by New Zealand and Australian travellers), Falkland Islands, South Georgia, and the historic Scott and Shackleton huts are also covered in this new edition. For many people, an Antarctic cruise is the dream of a lifetime. This is the definitive field guide to Antarctica for visitors travelling by luxury liner, adventure cruise or private boat. The authors are recognised world experts in Antarctic travel, wildlife and conservation. The book is illustrated throughout with outstanding colour photographs. Included are descriptions of the 26 most popular visitor sites on the Antarctic Peninsula, and the natural history of over 30 species of birds and mammals. Special attention is paid to explaining the threats to Antarctic conservation, including global warming, and there are tips on how visitors can minimise their own impact and help preserve this unique continent. Measuring 5 x 7 inches, this beautiful little book fits neatly into a parka pocket and is fully illustrated with over 250 colour photographs, and 12 maps. Includes full & fascinating descriptions of - interesting places - spectacular landscapes - breathtaking ice forms - penguins & sea birds - whales, seals & other mammals - amazing plant life - politics and history of the continent",2007,NA,book,NA,Peter Carey; Craig E. Franklin,Polar Research and Ecology,Ecology,NA,0,347
"Improving Machine Failure Prediction with Grey Wolf, Whale Optimization, and Optuna Techniques","Machine failure prediction is crucial for minimizing downtime and optimizing maintenance strategies in industrial settings. This study aims to enhance the accuracy of machine failure prediction models by integrating advanced hyperparameter optimization techniques with feature selection methods. Various optimization techniques, including Optuna, Hyperopt, and Spearmint, were evaluated, along with feature selection methods utilizing Grey Wolf Optimization (GWO) and Whale Optimization Algorithm (WOA). The findings reveal that the CatBoost model optimized with GWO and Optuna achieved the highest performance, with an accuracy of 88.3%, an F1 score of 88.3%, and a Matthews Correlation Coefficient (MCC) of 76.7%. In comparison, WOA demonstrated competitive yet slightly lower results, with the best accuracy of 85.9% achieved using CatBoost and Optuna. The study also highlights that Linear Discriminant Analysis (LDA), optimized with Optuna, showed notable performance, with an accuracy of 86.0%, an F1 score of 85.8%, and an MCC of 74.6% without feature selection, which improved to 87.8%, 87.8%, and 76%, respectively, with GWO-based feature selection. The overall results indicate that GWO outperforms WOA in improving model performance, particularly when paired with advanced hyperparameter tuning techniques.",2025,https://doi.org/10.54287/gujsa.1544942,article,https://dergipark.org.tr/en/download/article-file/4196609,Vahid Sinap,Data Mining and Machine Learning Applications; Metaheuristic Optimization Algorithms Research; Machine Fault Diagnosis Techniques,Information Systems; Artificial Intelligence; Control and Systems Engineering,https://dergipark.org.tr/en/download/article-file/4196609,0,348
Occurrence Download,"A dataset containing 578603 species occurrences available in GBIF matching the query: { ""or"" : [ ""DatasetKey is Promachocrinus kerguelensis"", ""DatasetKey is MNA (Section of Genoa) associated collection of CCFEE (Tuscia University) - Antarctic Fungi"", ""DatasetKey is Southern Ocean octopus"", ""DatasetKey is Antarctic Krill occurrence data from Australian expeditions"", ""DatasetKey is Weddell Sea macrozoobenthos EASIZ I"", ""DatasetKey is MNA (Section of Genoa) and NIWA Invertebrate Collection - Ross Sea Tanaidacea"", ""DatasetKey is Photodocumentation_of_Antarctic_Peninsula_Lichens"", ""DatasetKey is Antarctic Arrow worms"", ""DatasetKey is globec/soglobec/process/krill"", ""DatasetKey is Biogeographic distribution of Antarctic and sub-Antarctic Cumacea"", ""DatasetKey is Southern Ocean Cnidarian Collections"", ""DatasetKey is Auckland Museum Land Vertebrates Collection"", ""DatasetKey is Polycystine Radiolarians from the water column and the surface sediments of the World Ocean"", ""DatasetKey is Antarctic fish Gobionotothen gibberifrons"", ""DatasetKey is AAD Benthic Sampling Database"", ""DatasetKey is Zooplankton Abundance Based on Taxa and Life Stages or Size"", ""DatasetKey is Antarctic Krill occurrence data from Japanese expeditions"", ""DatasetKey is Antarctic Marine Bacteria from Denmark University"", ""DatasetKey is Ross Sea Pycnogonids"", ""DatasetKey is Museo Argentino de Ciencias Naturales (MACN), Buenos Aires: sea stars collection (Asteroidea, Echinodermata)"", ""DatasetKey is Antarctic Krill occurrence data from Ukraine YUGNIRO Institute"", ""DatasetKey is Antarctic and sub-Antarctic Lophogastrida occurrences"", ""DatasetKey is Antarctic Foraminiferans"", ""DatasetKey is ABBBS Bird Banding records from the Australian Antarctic Territory and Heard Island"", ""DatasetKey is Antarctic and Subantarctic Asteroid zoogeography"", ""DatasetKey is Zooplankton abundance and population structures assessed during April-September of 2001-2, Southern Ocean, GLOBEC"", ""DatasetKey is East Weddell Sea echinoids from the JR275 expedition"", ""DatasetKey is Lissarca notorcadensis BAS CAML"", ""DatasetKey is Antarctic Euphausiacea occurrence data from Norwegian Antarctic Research Expedition 1979"", ""DatasetKey is Antarctic Krill occurrence data from Spanish RV \""Fruela\"""", ""DatasetKey is ANDEEP3: SeaStars (Echinodermata, Asteroidea)"", ""DatasetKey is Admiralty Bay Benthos Diversity Data Base (ABBED). Tanaidacea."", ""DatasetKey is Admiralty Bay Benthos Diversity Data Base (ABBED). Pycnogonida."", ""DatasetKey is Asteroids from French subantarctic islands: records from the Marion Dufresne MD03 expeditions"", ""DatasetKey is Antarctic pycnogonids"", ""DatasetKey is Bacteria from Penguin Guano, Antarctica"", ""DatasetKey is MNA - Sezione di Genova - (Marine Biological Samples)"", ""DatasetKey is Bacteria and chlorophyll-a water column observations (surface to ~150m), April-August 2001, Continental Margin Western Antarctic Peninsula, GLOBEC"", ""DatasetKey is Biogeographic distribution of the Antarctic and Sub-Antarctic brachiopods (living forms)"", ""DatasetKey is Icota - Pelagant"", ""DatasetKey is Tagged Seal Location Data from SOGLOBEC"", ""DatasetKey is Antarctic Marine Species Sequence Data"", ""DatasetKey is Antarctic Euphausiacea occurence data from Norwegian Antarctic Research Expedition 1976-77"", ""DatasetKey is Mitochondrial lineages in the Antarctic sea slug Doris kerguelenensis"", ""DatasetKey is Southern Ocean oligochaete occurrence data - a literature-based compilation"", ""DatasetKey is Antarctic Jellyfish"", ""DatasetKey is Circumpolar dataset of sequenced specimens of Promachocrinus kerguelensis (Echinodermata, Crinoidea)"", ""DatasetKey is Nemertina World Checklist"", ""DatasetKey is Amphipoda Hyperiidea of the Southern Ocean: catalogue and occurrences"", ""DatasetKey is CCAMLR historic KRILL"", ""DatasetKey is Collections data on ecology of bottom animal of the Southern ocean"", ""DatasetKey is Admiralty Bay Benthos Diversity Data Base (ABBED). Polychaeta. 1979-80"", ""DatasetKey is Antarctic Krill occurrence data from Discovery expeditions"", ""DatasetKey is MNA Italica 2004_Rauschert dredge_Ross_sea_Mollusca_lgp"", ""DatasetKey is Antarctic Euphausiacea occurence data from Polish FIBEX expeditions"", ""DatasetKey is Antarctic Euphausiacea occurence data from \""German Antarctic Marine Living Resources\"" (GAMLR) Expeditions"", ""DatasetKey is EPOS3: SeaStars (Echinodermata, Asteroidea)"", ""DatasetKey is Antarctic Marine Amoebae"", ""DatasetKey is Antarctic Marine Protists species checklist"", ""DatasetKey is Antarctic Krill Euphausia superba"", ""DatasetKey is Biogeographic distribution of Antarctic and sub-Antarctic Mysida"", ""DatasetKey is ANTAVIA TrackingKing"", ""DatasetKey is Antarctic Pycnogonids II"", ""DatasetKey is South American Antarctic Marine Biodiversity Literature"", ""DatasetKey is Antarctic Parborlasia corrugatus"", ""DatasetKey is ARGOS Satellite Tracking of animals"", ""DatasetKey is SO-Polylist"", ""DatasetKey is Antarctic Amphipod Crustaceans: Ant'Phipoda Database (BIANZO)"", ""DatasetKey is Antarctic Isopods"", ""DatasetKey is Penguins of Antarctica"", ""DatasetKey is Antarctic Krill occurrence data from BAS expeditions"", ""DatasetKey is SOVIET ANTARCTIC EXPEDITIONS for Zooplankton (R.V. OB March-May 1956, January-March 1957;R.V.ACADEMIC KURCHATOV, October 1971-January 1972; RV DMITRY MENDELEEV;R.V.ACADEMIC IOFFE 1992)."", ""DatasetKey is APIS - Antarctic Pack Ice Seals 1994-1999, plus historical data from the 1980s"", ""DatasetKey is Macrozooplankton concentrations estimated from MOCNESS tow samples, Continental Margin Western Antarctic Peninsula, GLOBEC"", ""DatasetKey is In situ observations of Stygiomedusa gigantea"", ""DatasetKey is Biopearl expedition: SeaStars (Echinodermata, Asteroidea)"", ""DatasetKey is Antarctic Amphipoda"", ""DatasetKey is Ant'Phipoda Database (New records)"", ""DatasetKey is Antarctic Nemertea"", ""DatasetKey is Marine Invertebrate from Argentina, Uruguay and Chile"", ""DatasetKey is Cetacean distribution in the South Atlantic and South Pacific Ocean (AR-OBIS)"", ""DatasetKey is Marine birds and mammals of the Southern Ocean (a census for the CAML)"", ""DatasetKey is Antarctic Krill occurrence data from US AMLR \""US Antarctic Marine Living Resources\"" Program"", ""DatasetKey is Walter Herwig 1978 (FFS): SeaStars (Echinodermata, Asteroidea)"", ""DatasetKey is Antarctic Echinoids: an interactive database"", ""DatasetKey is Admiralty Bay Benthos Diversity Data Base (ABBED). Cumacea."", ""DatasetKey is ANTXXIII-8 Birds and Mammals"", ""DatasetKey is Antarctic Euphausiacea occurrence data from ITALICA 2000 Expedition"", ""DatasetKey is The First Comprehensive Description of the Biodiversity and Biogeography of Antarctic and Sub-Antarctic Intertidal Communities"" ] } The dataset includes 578603 records from 89 constituent datasets; see https://api.gbif.org/v1/occurrence/download/0012120-180131172636756/datasets/export for details. Data from some individual datasets included in this download may be licensed under less restrictive terms.",2018,https://doi.org/10.15468/dl.8kv6aa,dataset,https://doi.org/10.15468/dl.8kv6aa,GBIF.Org User,Satellite Image Processing and Photogrammetry,Ocean Engineering,NA,0,349
"Distress, Health-Related Quality of Life (HQOL) and Confidence in Survivorship Information (CSI) in Older (≥60 Years) Hematopoietic Cell Transplant (HCT) Patients","Abstract Background: The use of HCT to treat older (≥60 years) patients with hematological malignancies has markedly increased in recent years, however, the long-term effects of HCT on distress, psychosocial functioning, and HQOL in older HCT survivors is largely unknown. Though older HCT survivors have a higher risk of disease recurrence, they may have less access to resources and subsequently experience more pronounced late effects of disease and treatment. Confidence in Survivorship Information (CSI) in this specific age group has not been reported. Methods: We conducted a secondary analysis on a subgroup of patients enrolled in INSPIRE (NCT01602211) and PCORI-SCP (NCT02200133) clinical trials. Eligibility criteria for inclusion include HCT patients who were ≥ 60 years at time of transplant performed in 2003-2014, survived ≥ 1 year post-transplant with no evidence of disease relapse or secondary cancers. Patients were eligible for inclusion irrespective of transplant type (autologous or allogeneic), diagnosis, donor source or conditioning regimen. Primary endpoint was distress level in older HCT survivors; secondary endpoints included CSI and HQOL outcomes. We collected baseline distress level as measured by Cancer and Treatment Distress (CTXD) score, HQOL (measured by SF-12 Mental and Physical Component Summaries (PCS/MCS) and CSI (measured by a 15-item CSI questionnaire). Sociodemographic, disease and transplant factors were extracted from medical databases. Nonparametric (Wilcoxon rank sum/Kruskal-Wallis) test was conducted for comparing 2 or 3 groups. Spearman correlation and univariate linear regression model were used to evaluate associations between CTXD/CSI and PCS/MCS. Bonferroni correlation was used to adjust for multiple pairwise comparisons within age group. Results: A total of 567 patients satisfied the eligibility criteria and were included in this analysis. Median age at time of HCT was 69 years with 57% male; two-thirds were autologous HCT recipients. Table 1 details patient characteristics. The median CTXD score for older HCT survivors was 0.7 (range 0-2.7, SD 0.6) indicating low/insignificant level of distress post-HCT. 20-30% of HCT survivors reported moderate distress when asked about concerns regarding relapse risk, loss of energy and functional decline. Type of transplant (auto vs allo), age group (&amp;lt;65 years, 65-70 years, ≥70 years), and time from HCT (≤2 years vs &amp;gt; 2 years) showed no apparent effect on reported distress level. CSI median score was 1.4 (range 0-2) which remains consistent with the score reported previously by the original trial including all age groups, indicating that older HCT survivors may have similar level of confidence in their survivorship information as their younger counterparts. Of note, close to 20% of the older HCT survivors reported poor CSI when asked about strategies for prevention and treatment of long-term effects of HCT and when asked about their confidence in availability of community resources to deal with long-term HCT complications. No statistically significant correlation was identified between CSI in older survivors and transplant type, time from HCT, or age group. HQOL outcomes indicated a median PCS of 48.2 (range 21.1 - 62.9) and a median MCS of 54.7 (range of 14.9 - 67.2). Interestingly, even though not reflected on the overall median CTXD and CSI scores for this cohort, a significant individual association between CTXD/CSI and PCS/MCS measures of HQOL was found (Figure 1). A subgroup analysis conducted on older alloHCT recipients confirmed the same findings of clinically insignificant distress level (mean CTXD ≤1.1) while having a similar level of CSI when compared to all age groups. Interestingly, time from HCT (≤2 years vs &amp;gt; 2 years) showed no significant effect on distress level reported by older alloHCT survivors, and cGVHD status did not correlate with CTXD or CSI scores nor with PCS/MCS in older alloHCT survivors. Conclusion: This is the largest study to date to investigate patient-reported distress, CSI and HQOL in older HCT survivors. Our data indicate that older HCT survivors have low levels of stress after HCT and had confidence in survivorship information in most aspects of their care. However, targeted interventions should focus on improving strategies for prevention, treatment and availability of community resources to deal with late effects of HCT; aspects reported as points of low CSI by older HCT survivors. Figure 1 Figure 1. Disclosures Farhadfar: Incyte: Consultancy. Shaw: Orca bio: Consultancy; mallinkrodt: Other: payments. Devine: Be the Match: Current Employment; Orca Bio: Consultancy, Research Funding; Johnsonand Johnson: Consultancy, Research Funding; Sanofi: Consultancy, Research Funding; Magenta Therapeutics: Current Employment, Research Funding; Tmunity: Current Employment, Research Funding; Vor Bio: Research Funding; Kiadis: Consultancy, Research Funding. Majhail: Anthem, Inc: Consultancy; Incyte Corporation: Consultancy. Wingard: Merck: Consultancy; AlloVir: Consultancy; Celgene: Consultancy; Shire: Consultancy; Janssen: Consultancy; Cidara Therapeutics: Consultancy.",2021,https://doi.org/10.1182/blood-2021-151037,article,NA,Zeina Al‐Mansour; Sanghee Hong; Nosha Farhadfar; Jing Zhao; Ji‐Hyun Lee; Bronwen E. Shaw; Steven M. Devine; Jean C. Yi; Jaime M. Preussler; K. Scott Baker; Karen L. Syrjala; Navneet S. Majhail; John R. Wingard,Cancer survivorship and care; Economic and Financial Impacts of Cancer; Palliative Care and End-of-Life Issues,"Oncology; Economics and Econometrics; Public Health, Environmental and Occupational Health",NA,0,350
Neurophysiological and Behavioral Evidence of Conscious Awareness in Dolphins: A Narrative Review,"This narrative review synthesizes current scientific research on dolphin cognition, animal consciousness, and the neurobiological foundations of awareness in cetaceans. Drawing on peer-reviewed studies from neuroscience, comparative psychology, marine biology, and cognitive ethology, the paper evaluates whether bottlenose dolphins (Tursiops truncatus) exhibit behavioral and neurophysiological markers typically associated with conscious awareness in humans and other highly encephalized mammals. The review organizes evidence across three major domains: 1. Neuroanatomy and Brain Complexity Highly gyrified neocortex Expanded association cortices Specialized limbic and paralimbic structures Comparative insights into mammalian neural correlates of consciousness (NCC) 2. Neurophysiological Signatures EEG oscillatory activity (alpha, beta, theta rhythms) during attention, memory, social interaction, and problem-solving Evidence for large-scale sensory integration and distributed processing Implications for models of global workspace and affective consciousness 3. Behavioral Indicators of Higher Cognition Mirror self-recognition (MSR) and self-directed behavior Deferred and cross-modal imitation Cultural transmission (e.g., tool use in wild dolphin populations) Signature whistle learning, referential communication, and social role flexibility Cooperative problem-solving, alliance formation, and empathy-like responses Across these domains, convergent findings suggest that dolphins possess advanced cognitive capacities consistent with self-awareness, metacognition, and subjective experience. At the same time, the review critically evaluates methodological limitations, anthropocentric biases, and the challenges of applying human-centered consciousness frameworks to marine mammals. This work contributes to interdisciplinary discussions in comparative cognition, consciousness research, animal behavior, marine mammal neuroscience, and ethics. It provides a consolidated reference for researchers investigating the evolution of intelligence, cross-species consciousness, and the neurophysiology of awareness.This article is a review and does not include new experimental data.",2025,https://doi.org/10.5281/zenodo.17634948,preprint,https://doi.org/10.5281/zenodo.17634948,"Sablyar, Thomas",Marine animal studies overview; Human-Animal Interaction Studies; Cephalopods and Marine Biology,"Ecology; Genetics; Ecology, Evolution, Behavior and Systematics",NA,0,351
Neurophysiological and Behavioral Evidence of Conscious Awareness in Dolphins: A Narrative Review,"This narrative review synthesizes current scientific research on dolphin cognition, animal consciousness, and the neurobiological foundations of awareness in cetaceans. Drawing on peer-reviewed studies from neuroscience, comparative psychology, marine biology, and cognitive ethology, the paper evaluates whether bottlenose dolphins (Tursiops truncatus) exhibit behavioral and neurophysiological markers typically associated with conscious awareness in humans and other highly encephalized mammals. The review organizes evidence across three major domains: 1. Neuroanatomy and Brain Complexity Highly gyrified neocortex Expanded association cortices Specialized limbic and paralimbic structures Comparative insights into mammalian neural correlates of consciousness (NCC) 2. Neurophysiological Signatures EEG oscillatory activity (alpha, beta, theta rhythms) during attention, memory, social interaction, and problem-solving Evidence for large-scale sensory integration and distributed processing Implications for models of global workspace and affective consciousness 3. Behavioral Indicators of Higher Cognition Mirror self-recognition (MSR) and self-directed behavior Deferred and cross-modal imitation Cultural transmission (e.g., tool use in wild dolphin populations) Signature whistle learning, referential communication, and social role flexibility Cooperative problem-solving, alliance formation, and empathy-like responses Across these domains, convergent findings suggest that dolphins possess advanced cognitive capacities consistent with self-awareness, metacognition, and subjective experience. At the same time, the review critically evaluates methodological limitations, anthropocentric biases, and the challenges of applying human-centered consciousness frameworks to marine mammals. This work contributes to interdisciplinary discussions in comparative cognition, consciousness research, animal behavior, marine mammal neuroscience, and ethics. It provides a consolidated reference for researchers investigating the evolution of intelligence, cross-species consciousness, and the neurophysiology of awareness.This article is a review and does not include new experimental data.",2025,https://doi.org/10.5281/zenodo.17634947,preprint,https://doi.org/10.5281/zenodo.17634947,"Sablyar, Thomas",Marine animal studies overview; Human-Animal Interaction Studies; Cephalopods and Marine Biology,"Ecology; Genetics; Ecology, Evolution, Behavior and Systematics",NA,0,352
Investigating the Atmospheric and Biological Significance of Ice-Nucleating Macromolecules Produced by Antarctic Mosses,"Ice-nucleating particle (INP) concentration in the atmosphere over the Southern Ocean represents a significant source of uncertainty in the representation of clouds in global climate models. A better understanding of the sources, properties and abundance of INPs in this region is essential to reduce this uncertainty (Murray, 2021). There is increasing evidence to suggest that ice nucleators are produced ubiquitously by land plants. Yet, the molecular basis and evolutionary origins of these ice nucleators remain obscure. Adapted for cold- and drought-tolerance, mosses dominate the Antarctic flora, with over one hundred species colonising the ice-free coastal regions of Antarctica and their land cover increasing (Roland 2024). Ice nucleation by moss spores and leaves was recorded separately by Weber (2016) and by Moffett (2015), who suggested that this activity may afford benefit as a means of gathering essential water in dry climates. In the years since, the atmospheric and biological significance of these ice nucleators has remained unexplored. Here we present evidence that mosses produce water-soluble ice-nucleating macromolecules that are present in the gametophyte and sporophyte generations. We hypothesise that the same class of ice-nucleating macromolecules are produced by the spore-producing mosses and ferns and the pollen-producing seed plants, tracing back to an ancient common ancestor. The widespread and variable nature of ice-nucleating activity in plants suggests that this activity is secondary or &amp;#8216;incidental&amp;#8217; in function (Kinney, 2024). Nevertheless, it is conceivable that such activity may constitute an exaptation, having been selected for in the evolution of taxa adapted to specific environmental conditions. Notably, we find Antarctic moss species exhibit high ice-nucleating activity, reaching temperatures of -7.4 &amp;#176;C, within the range where secondary ice-production may further enhance ice crystal numbers in clouds. As such, we suggest that mosses may represent a previously unknown source of ice nucleators in the atmosphere over the Southern Ocean.References:N. L. H. Kinney, C. A. Hepburn, M. I. Gibson, D. Ballesteros, and T. F. Whale. High interspecific variability in ice nucleation activity suggests pollen ice nucleators are incidental. Biogeosciences, 21(13):3201&amp;#8211;3214, 2024.B. F. Moffett. Ice nucleation in mosses and liverworts. Lindbergia, 38(1):14&amp;#8211;16, 2015.B. J. Murray, K. S. Carslaw, and P. R. Field. Opinion: Cloud-phase climate feedback and the importance of ice-nucleating particles. Atmospheric Chemistry and Physics, 21(2):665&amp;#8211;679, 2021.T. P. Roland, O. T. Bartlett, D. J. Charman, et al. Sustained greening of the Antarctic peninsula observed from satellites. Nature Geoscience, 17:1121&amp;#8211;1126, 2024.C. F. Weber. Polytrichum commune spores nucleate ice and associated microorganisms increase the temperature of ice nucleation activity onset. Aerobiologia, 32(2):353&amp;#8211;361, 2016.",2025,https://doi.org/10.5194/egusphere-egu25-18964,preprint,https://doi.org/10.5194/egusphere-egu25-18964,Nina L. H. Kinney; Floortje van den Heuvel; Amélie Kirchgaessner; Tom Lachlan‐Cope; Mark D. Tarn; Daniel Ballesteros; Thomas F. Whale,Polar Research and Ecology,Ecology,NA,0,353
TRANSPORT AND PARTITIONING OF ORGANOCHLORINE POLLUTANTS IN THE OPEN OCEANS,"Remote open oceans were traditionally considered as sinks of persistent organic pollutants (POPs) such as industrial chemicals (PCBs) and organochlorine pesticides (OCPs). In the context of reduced primary emissions as well as global warming, previous polluted reservoirs such as soil, large water bodies, and glaciers may act as secondary sources returning these POPs back to the atmosphere and ocean. It was also hypothesized that biogeochemical activities associated with phytoplankton in the water column would lead to the coupling of air-plankton systems to draw down the lipophilic POPs from the overlying atmosphere, similar to the biological pump taking up CO2 from the atmosphere during phytoplankton blooms and then depositing it to the deep ocean. It has been found that POPs accumulate to high levels in apex predators such as whales and polar bears. To fully understand how POPs biomagnify along the food web, it is important to quantify the transfer of POPs from environmental media (sediments and water) to the base of food webs. This dissertation research was conducted in three remote oceans to verify these hypotheses. 1) In the first study, air and water samples were collected simultaneously on RIV Revelle during a scientific cruise in the N. and S. Pacific for POPs analysis. Results suggest that the Pacific was acting as a secondary source returning PCBs back to the air. This was the first work documenting the open ocean as a secondary PCB source. In contrast, this study showed gas exchange hexachlorobenzene of (HCB) was at steady-state between the air and ocean with no net transfer of HCB. 2) In the second study, air, water, and zooplankton samples (copepod Calanus) were collected simultaneously during the North Atlantic Bloom (NAB) in 2008 in a relatively small area south of Iceland. The POPs measurement showed dissolved phase concentrations of lipophilic OCP remained constant with time as the bloom evolved. Also, the OCPs were not being drawn from air to water during the main bloom as previous studies have hypothesized. Further our data and data from prior Arctic measurements suggested that the Arctic was a source of higher concentrations of hexachlorocyclohexanes (HCHs) and both the atmospheric (polar easterlies) as well as oceanic transport (East Greenland Current) would bring HCHs to the lower latitudes. Last, the measurements indicated that equilibrium partitioning governed the transfer of POPs from water into Calanus. To explore the measurements further, a box model was developed and used to investigate the fate of POPs during the bloom. Biogeochemical processes considered included air-water exchange, partitioning to particulate organic carbon (POC), removal by sinking POC, and biogeochemical degradation. Modeling results demonstrated that partitioning to POC was the dominant process determining the fate of OCPs in the NAB 2008. 3) In a final study, sediments and benthic biota were collected along the Palmer Long Term Ecological Research grids. For the first time, POPs concentrations in the Western Antarctic Peninsula (WAP) continental shelf sediments, porewater, and benthic deposit feeding holothurians were determined. High concentrations of POPs were found in close vicinity to major scientific research stations. Concentrations decreased sharply away from the locations with anthropogenic activity. This suggested that local activities were the dominant source of POPs in the WAP rather than long range transport by atmospheric and oceanic motion. The Westerlies and Antarctic Circumpolar Current may have acted as dynamical barriers to transports from the southern continents. The majority of POPs in the WAP sediments was bound to black carbon and was not available for uptake by benthic biota. POPs in the holothurians were in equilibrium with those in the porewater. Different bioaccumulation factors obtained suggested that there were differences in lipids of the different benthos and in situ contamination patterns.",2012,https://doi.org/10.23860/diss-zhang-lin-2012,dissertation,https://digitalcommons.uri.edu/cgi/viewcontent.cgi?article=2350&context=oa_diss,Lin Zhang; Lin Zhang,Toxic Organic Pollutants Impact; Atmospheric chemistry and aerosols; Atmospheric and Environmental Gas Dynamics,"Health, Toxicology and Mutagenesis; Atmospheric Science; Global and Planetary Change",https://digitalcommons.uri.edu/cgi/viewcontent.cgi?article=2350&context=oa_diss,0,354
Chapter 6 Paleogene,NA,1995,https://doi.org/10.1016/s0920-5446(06)80056-7,book-chapter,NA,,Ichthyology and Marine Biology; Evolution and Paleontology Studies,Nature and Landscape Conservation; Paleontology,NA,0,355
Below the Convergence,NA,2009,https://doi.org/10.1016/j.cub.2009.03.014,article,http://www.cell.com/article/S0960982209008173/pdf,Cayetano González,Polar Research and Ecology,Ecology,http://www.cell.com/article/S0960982209008173/pdf,0,356
