title,abstract,publication_year,doi,type,oa_url,author,concept,topic,subfield,pdf_url,cited_by_count,id
"Reproductive Performance of Seabirds and Seals at South Georgia and Signy Island, South Orkney Islands, 1976–1987: Implications for Southern Ocean Monitoring Studies",NA,1988,https://doi.org/10.1007/978-3-642-73724-4_23,book-chapter,NA,John P. Croxall; T. McCann; P. A. Prince; P. Rothery,Albatross; Krill; Foraging; Population; Fishery; Geography; Fur seal,Marine animal studies overview; Avian ecology and behavior; Arctic and Antarctic ice dynamics,Ecology; Ecology; Atmospheric Science,NA,322,2
Responses of Pygoscelis adeliae and P. papua populations to environmental changes at Isla 25 de Mayo (King George Island),NA,2009,https://doi.org/10.1007/s00300-009-0637-y,article,https://ri.conicet.gov.ar/bitstream/11336/103353/2/CONICET_Digital_Nro.5d5b0c38-f9b5-4502-9095-be40d5f17388_A.pdf,Alejandro R Carlini; Néstor Coria; M. Mercedes Santos; Javier Negrete; Mariana A. Juáres; G. A. Daneri,Biology; Pygoscelis; Juvenile; Population; Ecology; Zoology,Avian ecology and behavior; Marine and coastal plant biology; Polar Research and Ecology,Ecology; Oceanography; Ecology,NA,66,4
Inter-annual variability in Chinstrap penguin diet at South Shetland and South Orkneys Islands,NA,2009,https://doi.org/10.1007/s00300-009-0757-4,article,https://ri.conicet.gov.ar/bitstream/11336/53667/2/CONICET_Digital_Nro.88856132-ba8a-4530-b5d7-3aa48069f99a_A.pdf,Emilce Rombolá; Enrique R. Marschoff; Néstor Coria,Shetland; Euphausia; Krill; Pygoscelis; Biology; Euphausiacea; Antarctic krill; Predation,Marine and fisheries research; Fish Ecology and Management Studies; Avian ecology and behavior,Global and Planetary Change; Nature and Landscape Conservation; Ecology,NA,18,13
"First direct, site-wide penguin survey at Deception Island, Antarctica, suggests significant declines in breeding chinstrap penguins",NA,2012,https://doi.org/10.1007/s00300-012-1230-3,article,NA,Ron Naveen; Heather J. Lynch; Steven C. Forrest; Thomas Mueller; Michael J. Polito,Pygoscelis; Population; Biology; Ecology,Avian ecology and behavior; Polar Research and Ecology; Species Distribution and Climate Change,Ecology; Ecology; Ecological Modeling,NA,55,14
"Study of fauna population changes on Penguin Island and Turret Point Oasis (King George Island, Antarctica) using an unmanned aerial vehicle","An unmanned aerial vehicle (UAV) as an alternative to manned aircrafts is an excellent, less invasive, safe tool, especially in sensitive polar regions. Here we used a fixed-wing UAV to collect data on seabird and pinniped populations in hardly accessible Antarctic areas. The implementation of an auto-piloted UAV equipped with a digital camera (Canon EOS 700D, 35 mm f/2.0 lens) allowed us to collect high-quality material applicable to a quantitative analysis of the fauna populations. A successful photogrammetric mission, at an altitude of 550 m above sea level, was accomplished during one Beyond Visual Line of Sight flight above hard-to-access Penguin Island and Turret Point Oasis (King George Island). Obtained selected RGB images were processed to generate a panoramic image stitch with resolution of 0.07 m ground sampling distance. A total of 4290 (SD = 33.08) breeding individuals of two penguin species, Adélie (Pygoscelis adeliae) and chinstrap (Pygoscelis antarcticus), 426 (SD = 7.78) individuals of the southern elephant seal (Mirounga leonina) and 6 individuals of the Weddell seal (Leptonychotes weddellii) were identified in both study areas. Additionally, 222 (SD = 2.0) individuals of the southern giant petrel (Macronectes giganteus) and 76 (SD = 1.0) of the Antarctic shag (Phalacrocorax atriceps bransfieldensis) in the Turret Point area were recognized. The presented observations on the natural history of the investigated fauna together with the available literature may be useful in future research on population trends. A comparison with available historical data for both investigated areas suggests a decrease of 68.29% in both penguin species in the 1980–2016 period. The presented results confirmed that UAVs are useful for remote census work for Antarctic seabirds.",2018,https://doi.org/10.1007/s00300-018-2379-1,article,https://link.springer.com/content/pdf/10.1007/s00300-018-2379-1.pdf,Małgorzata Korczak−Abshire; Anna Zmarz; Mirosław Rodzewicz; Marlena Kycko; Izabela Karsznia; Katarzyna J. Chwedorzewska,Pygoscelis; Population; Biology,Marine animal studies overview; Avian ecology and behavior; Polar Research and Ecology,Ecology; Ecology; Ecology,https://link.springer.com/content/pdf/10.1007/s00300-018-2379-1.pdf,42,15
"Antarctic Fur Seals (&lt;I&gt;Arctocephalus gazella&lt;/I&gt;) Observed Predating Adélie (&lt;I&gt;Pygoscelis adeliae&lt;/I&gt;) and Chinstrap Penguins (&lt;I&gt;P. antarctica&lt;/I&gt;), Antarctic Peninsula",NA,2008,https://doi.org/10.1578/am.34.2.2008.193,article,NA,Ingrid N. Visser; Matt P. Drennan; Richard W. White; S. F. MacLean; Lisa C. Lagerstrom; John Francis,Pygoscelis,Marine animal studies overview; Polar Research and Ecology; Arctic and Antarctic ice dynamics,Ecology; Ecology; Atmospheric Science,NA,15,22
A comprehensive coastal seabird survey maps out the front lines of ecological change on the western Antarctic Peninsula,NA,2015,https://doi.org/10.1007/s00300-015-1651-x,article,NA,Paula Casanovas; Ron Naveen; Steve Forrest; Jérôme Poncet; Heather J. Lynch,Bay; Seabird; Oceanography; Peninsula; Pygoscelis; Sea ice; Population,Marine animal studies overview; Polar Research and Ecology; Arctic and Antarctic ice dynamics,Ecology; Ecology; Atmospheric Science,NA,31,24
Monitoring of the dynamic and spatial distribution of antarctic seabird populations in the south shetland islands,NA,2010,https://doi.org/10.4322/apa.2014.005,article,https://doi.org/10.4322/apa.2014.005,Maria Virgı́nia Petry; Lucas Krünger,Shetland; Seabird; Oceanography; Geography,Marine animal studies overview; Cryospheric studies and observations; Avian ecology and behavior,Ecology; Atmospheric Science; Ecology,NA,2,42
"Occurrence of Legacy and New Persistent Organic Pollutants in Avian Tissues from King George Island, Antarctica","Legacy and new persistent organic pollutants (POPs), including polychlorinated naphthalenes (PCNs), Dechlorane Plus (DPs) and related compounds (Dechloranes), hexabromocyclododecanes (HBCDs), polychlorinated biphenyls (PCBs), and organochlorine pesticides (OCPs), were analyzed in avian tissue samples from King George Island, Antarctica. The avian species consisted of the Gentoo penguin (Pygoscelis papua), the Adelie penguin (Pygoscelis adeliae), the South polar skua (Stercorarius maccormicki), and the Brown skua (Stercorarius antarcticus). HBCDs were detected in all samples and ranged from 1.67–713 pg/g-lipid. In the penguin samples, the concentrations of PCNs ranged from 0.69–2.07 ng/g-lipid, whereas those in the skua samples ranged from 7.41–175 ng/g-lipid. The levels of Dechloranes ranged from 0.60–1.30 ng/g-lipid in the penguin samples and from 6.57–47.4 ng/g-lipid in the skua samples. The concentrations and congener distributions of OCPs and PCBs were similar to the results of previous reports. The three new POPs were detected in all samples, and this study was one of the first reports on the occurrence of these pollutants in the Antarctic biota. Because Antarctica is one of the most pristine places on Earth, the detection of new POPs in the Antarctic birds, especially penguins, is direct evidence of the long-range transport of pollutants. Furthermore, the concentration ratios of the penguin to the skua samples (BMFs-p) were greater than 1 in most legacy and new POPs, and the BMFs-p values of the new POPs were comparable to those of some OCPs, suggesting a possibility of biomagnification. Despite the small sample size, the results of this study identified POP contamination of the Antarctic avian species and long-range transport and biomagnification of HBCDs, Dechloranes, and PCNs.",2015,https://doi.org/10.1021/acs.est.5b03181,article,NA,Jun-Tae Kim; Min-Hui Son; Jung‐Ho Kang; Jeong‐Hoon Kim; Jin-Woo Jung; Yoon‐Seok Chang,Pygoscelis; Pollutant; Congener; Persistent organic pollutant; Biota; Environmental chemistry,Toxic Organic Pollutants Impact; Effects and risks of endocrine disrupting chemicals; Environmental Toxicology and Ecotoxicology,"Health, Toxicology and Mutagenesis; Health, Toxicology and Mutagenesis; Health, Toxicology and Mutagenesis",NA,45,76
Pingu virus: A new picornavirus in penguins from Antarctica,"Abstract Picornaviridae family comprises single-stranded, positive-sense RNA viruses distributed into forty-seven genera. Picornaviruses have a broad host range and geographic distribution in all continents. In this study, we applied a high-throughput sequencing approach to examine the presence of picornaviruses in penguins from King George Island, Antarctica. We discovered and characterized a novel picornavirus from cloacal swab samples of gentoo penguins (Pygoscelis papua), which we tentatively named Pingu virus. Also, using RT-PCR we detected this virus in 12.9 per cent of cloacal swabs derived from P. papua, but not in samples from adélie penguins (Pygoscelis adeliae) or chinstrap penguins (Pygoscelis antarcticus). Attempts to isolate the virus in a chicken cell line and in embryonated chicken eggs were unsuccessful. Our results expand the viral diversity, host range, and geographical distribution of the Picornaviridae.",2019,https://doi.org/10.1093/ve/vez047,article,https://watermark.silverchair.com/vez047.pdf?token=AQECAHi208BE49Ooan9kkhW_Ercy7Dm3ZL_9Cf3qfKAc485ysgAAApgwggKUBgkqhkiG9w0BBwagggKFMIICgQIBADCCAnoGCSqGSIb3DQEHATAeBglghkgBZQMEAS4wEQQM9ARvfPnTNtANbzqeAgEQgIICS8bHq4EQqeaiAQ19zS3fJH-FuUCWaU-H3-Zad9Q_tOhRdVkmvRBIAlcVY2eHlWDEFScxHBxuMNblX-I4vlMYaRTs5M5-ZEtsCU6hgY8Z9BOD7u7pVr-Cze52TNeTILq1_pQOC5UdaJIKvvs2BqQkJVxQ3E01JkBSf_-t_jH1qQkC0aPmlLYtRt4xuuzjj-0rgiVKqSZaHafMp81wcECCOHejhhPbxkoI-t-KujwYpx03NWV9ayrHEElgukoRhpeec2STDoGUFnboRdmeT9RO4CO8J6KnMdV5p2qx1TmD1R6nlJsgBvVnr1BXisGfJvKq8kmM9Ul6XxtS8Lm2basQERNK9ndgkXIOY25cvV5zbZXi-e3rFA5Pf20f_j_z-rDHeusNGFLwOiRTt0tDwYooWm4__C99b4zahTVX_q39taG-MXCG6dni4qsS3U67_qz1QaEMBe7B6568HOKu6gn_15tENT_WC1iYNQEg-taj14kAzUtKAg218_viTleAVNV7Mo_3v6EikURCDJq5wxZiy0u1D6WbyoqnENlrKsdluhV4i8NvnEkeO9uH2R5RUuZuD_5qkBHM9esadYdCs3au2Vh6w7Ak6hEKerAtPxcVUBHKWWGTSqHzsjaEdyIBJIlSndRSYQKk_0w6KwNpdolx8aFYlefHLkP8Sm99FwjMibpAoo58WqBsJ806ItIPqLnhDshsx1L86pkKQOq0hQjTdRcFVw8bTf1QQgQLmxDRACKh7MpW4rUhlTBV9_0mKbhtr80hoTfkLt6k-SBc,William Marciel de Souza; Marcílio Jorge Fumagalli; Matheus Cavalheiro Martini; Jansen de Araújo; Maria Ângela Orsi; Luiz Francisco Sanfilippo; Sejal Modha; Edison Luíz Durigon; José Luiz Proença‐Módena; Clarice Weis Arns; Pablo R. Murcia; Luiz Tadeu Moraes Figueiredo,Picornavirus; Pygoscelis; Biology; Embryonated; Zoology,Plant Virus Research Studies; Animal Virus Infections Studies; Viral Infections and Immunology Research,Plant Science; Animal Science and Zoology; Cardiology and Cardiovascular Medicine,https://watermark.silverchair.com/vez047.pdf?token=AQECAHi208BE49Ooan9kkhW_Ercy7Dm3ZL_9Cf3qfKAc485ysgAAApgwggKUBgkqhkiG9w0BBwagggKFMIICgQIBADCCAnoGCSqGSIb3DQEHATAeBglghkgBZQMEAS4wEQQM9ARvfPnTNtANbzqeAgEQgIICS8bHq4EQqeaiAQ19zS3fJH-FuUCWaU-H3-Zad9Q_tOhRdVkmvRBIAlcVY2eHlWDEFScxHBxuMNblX-I4vlMYaRTs5M5-ZEtsCU6hgY8Z9BOD7u7pVr-Cze52TNeTILq1_pQOC5UdaJIKvvs2BqQkJVxQ3E01JkBSf_-t_jH1qQkC0aPmlLYtRt4xuuzjj-0rgiVKqSZaHafMp81wcECCOHejhhPbxkoI-t-KujwYpx03NWV9ayrHEElgukoRhpeec2STDoGUFnboRdmeT9RO4CO8J6KnMdV5p2qx1TmD1R6nlJsgBvVnr1BXisGfJvKq8kmM9Ul6XxtS8Lm2basQERNK9ndgkXIOY25cvV5zbZXi-e3rFA5Pf20f_j_z-rDHeusNGFLwOiRTt0tDwYooWm4__C99b4zahTVX_q39taG-MXCG6dni4qsS3U67_qz1QaEMBe7B6568HOKu6gn_15tENT_WC1iYNQEg-taj14kAzUtKAg218_viTleAVNV7Mo_3v6EikURCDJq5wxZiy0u1D6WbyoqnENlrKsdluhV4i8NvnEkeO9uH2R5RUuZuD_5qkBHM9esadYdCs3au2Vh6w7Ak6hEKerAtPxcVUBHKWWGTSqHzsjaEdyIBJIlSndRSYQKk_0w6KwNpdolx8aFYlefHLkP8Sm99FwjMibpAoo58WqBsJ806ItIPqLnhDshsx1L86pkKQOq0hQjTdRcFVw8bTf1QQgQLmxDRACKh7MpW4rUhlTBV9_0mKbhtr80hoTfkLt6k-SBc,7,104
"The diversity, extracellular enzymatic activities and photoprotective compounds of yeasts isolated in Antarctica","The diversity of yeasts collected from different sites in Antarctica (Admiralty Bay, King George Island and Port Foster Bay and Deception Island) and their ability to produce extracellular enzymes and mycosporines were studied. Samples were collected during the austral summer season, between November 2006 and January 2007, from the rhizosphere of Deschampsia antarctica, ornithogenic (penguin guano) soil, soil, marine and lake sediments, marine water and freshwater from lakes. A total of 89 isolates belonging to the following genera were recovered: Bensingtonia, Candida, Cryptococcus, Debaryomyces, Dioszegia, Exophiala, Filobasidium, Issatchenkia (Pichia), Kodamaea, Leucosporidium, Leucosporidiella, Metschnikowia, Nadsonia, Pichia, Rhodotorula, and Sporidiobolus, and the yeast-like fungi Aureobasidium, Leuconeurospora and Microglossum. Cryptococcus victoriae was the most frequently identified species. Several species isolated in our study have been previously reported to be Antarctic psychophilic yeasts, including Cr. antarcticus, Cr. victoriae, Dioszegia hungarica and Leucosporidium scottii. The cosmopolitan yeast species A. pullulans, C. zeylanoides, D. hansenii, I. orientalis, K. ohmeri, P. guilliermondii, Rh. mucilaginosa, and S. salmonicolor were also isolated. Five possible new species were identified. Sixty percent of the yeasts had at least one detectable extracellular enzymatic activity. Cryptococcus antarcticus, D. aurantiaca, D. crocea, D. hungarica, Dioszegia sp., E. xenobiotica, Rh. glaciales, Rh. laryngis, Microglossum sp. 1 and Microglossum sp. 2 produced mycosporines. Of the yeast isolates, 41.7% produced pigments and/or mycosporines and could be considered adapted to survive in Antarctica. Most of the yeasts had extracellular enzymatic activities at 4ºC and 20ºC, indicating that they could be metabolically active in the sampled substrates.",2011,https://doi.org/10.1590/s1517-83822011000300012,article,http://www.scielo.br/pdf/bjm/v42n3/v42n3a12.pdf,Aline B.M. Vaz; Luiz Henrique Rosa; Mariana L.A. Vieira; Virginia de García; Luciana R. Brandão; Lia Teixeira; Martín Moliné; Diego Libkind; María van Broock; Carlos A. Rosa,Aureobasidium pullulans; Rhodotorula; Biology; Debaryomyces hansenii; Botany; Trichosporon; Cryptococcus; Yeast,Polar Research and Ecology; Diatoms and Algae Research; Biocrusts and Microbial Ecology,"Ecology; Biomaterials; Ecology, Evolution, Behavior and Systematics",http://www.scielo.br/pdf/bjm/v42n3/v42n3a12.pdf,153,111
INDICATOR SPECIES POPULATION MONITORING IN ANTARCTICA WITH UAV,"Abstract. A program to monitor bird and pinniped species in the vicinity of Arctowski Station, King George Island, South Shetlands, Antarctica, has been conducted over the past 38 years. Annual monitoring of these indicator species includes estimations of breeding population sizes of three Pygoscelis penguin species: Adélie, gentoo and chinstrap. Six penguin colonies situated on the western shores of two bays: Admiralty and King George are investigated. To study changes in penguin populations Unmanned Aerial Vehicles were used for the first time in the 2014/15 austral summer season. During photogrammetric flights the high-resolution images of eight penguin breeding colonies were taken. Obtained high resolution images were used for estimation of breeding population size and compared with the results of measurements taken at the same time from the ground. During this Antarctic expedition eight successful photogrammetry missions (total distance 1500 km) were performed. Images were taken with digital SLR Canon 700D, Nikon D5300, Nikon D5100 with a 35mm objective lens. Flights altitude at 350 – 400 AGL, allowed images to be taken with a resolution GSD (ground sample distance) less than 5 cm. The Image J software analysis method was tested to provide automatic population estimates from obtained images. The use of UAV for monitoring of indicator species, enabled data acquisition from areas inaccessible by ground methods.",2015,https://doi.org/10.5194/isprsarchives-xl-1-w4-189-2015,article,https://isprs-archives.copernicus.org/articles/XL-1-W4/189/2015/isprsarchives-XL-1-W4-189-2015.pdf,Anna Zmarz; Małgorzata Korczak−Abshire; Rune Storvold; Mirosław Rodzewicz; I. Kędzierska,Aerial survey; Population; Photogrammetry; Pygoscelis,Remote Sensing and LiDAR Applications; Polar Research and Ecology; 3D Surveying and Cultural Heritage,Environmental Engineering; Ecology; Geology,https://isprs-archives.copernicus.org/articles/XL-1-W4/189/2015/isprsarchives-XL-1-W4-189-2015.pdf,21,115
Age-Related Differences in the Gastrointestinal Microbiota of Chinstrap Penguins (Pygoscelis antarctica),"The gastrointestinal tract microbiota is known to play very important roles in the well being of animals. It is a complex community composed by hundreds of microbial species interacting closely among them and with their host, that is, a microbial ecosystem. The development of high throughput sequencing techniques allows studying the diversity of such communities in a realistic way and considerable work has been carried out in mammals and some birds such as chickens. Wild birds have received less attention and in particular, in the case of penguins, only a few individuals of five species have been examined with molecular techniques. We collected cloacal samples from Chinstrap penguins in the Vapour Col rookery in Deception Island, Antarctica, and carried out pyrosequencing of the V1-V3 region of the 16S rDNA in samples from 53 individuals, 27 adults and 26 chicks. This provided the first description of the Chinstrap penguin gastrointestinal tract microbiota and the most extensive in any penguin species. Firmicutes, Bacteoridetes, Proteobacteria, Fusobacteria, Actinobacteria, and Tenericutes were the main components. There were large differences between chicks and adults. The former had more Firmicutes and the latter more Bacteroidetes and Proteobacteria. In addition, adults had richer and more diverse bacterial communities than chicks. These differences were also observed between parents and their offspring. On the other hand, nests explained differences in bacterial communities only among chicks. We suggest that environmental factors have a higher importance than genetic factors in the microbiota composition of chicks. The results also showed surprisingly large differences in community composition with other Antarctic penguins including the congeneric Adélie and Gentoo penguins.",2016,https://doi.org/10.1371/journal.pone.0153215,article,https://journals.plos.org/plosone/article/file?id=10.1371/journal.pone.0153215&type=printable,Andrés Barbosa; Vanessa Balagué; Francisco Valera; Ana Martı́nez; Jesús Benzal; Miguel Motas; Julia I. Díaz; Álex Mira; Carlos Pedrós‐Alió,Pygoscelis; Firmicutes; Biology; Fusobacteria; Proteobacteria; Pyrosequencing; Zoology; Bacteroidetes; Ecology; Microbiome; Rookery,Gut microbiota and health; Reproductive tract infections research; Genomics and Phylogenetic Studies,Molecular Biology; Microbiology; Molecular Biology,https://journals.plos.org/plosone/article/file?id=10.1371/journal.pone.0153215&type=printable,80,119
The Effects of Hatching Date and Parental Quality on Chick Growth and Creching Age in the Chinstrap Penguin (Pygoscelis antarctica): A Field Experiment,"Negative effects of late breeding on chick growth and creching and fledging ages of chicks have been reported for Chinstrap Penguins (Pygoscelis antarctica). In a Chinstrap Penguin rookery on Deception Island, we experimentally tested two hypotheses to explain these effects of hatching date: (1) late breeding pairs are formed by low-quality breeders that are not able to feed their chicks efficiently and are forced to leave them unguarded at younger ages; and (2) late breeding pairs experience a conflict between properly caring for their chicks and commencing the period of premolt reserve storage. By exchanging chicks among nests hatched six days apart, we separated the effects of quality of adults (as expressed by their breeding dates) from the hatching date of chicks. We measured bill and flipper length and weighed chicks at 17 and 44 days of age, and noted the age at which chicks were left unguarded by parents. Late-hatched chicks attained smaller sizes and masses and were left unguarded at earlier ages than early-hatched chicks independent of the breeding date of the adults raising them. Also, chicks hatched on the same date but raised by adults with different breeding dates reached the same sizes and masses and were left unguarded at similar ages. Thus, seasonal changes in chick growth and creching age are related to hatching date, not to differences in parental quality.",1997,https://doi.org/10.2307/4089064,article,https://digital.csic.es/bitstream/10261/9271/1/barbosa.pdf,Juan Moreno; Jaime Potti; Santiago Merino,Pygoscelis; Hatching; Rookery; Fledge; Biology,Avian ecology and behavior; Arctic and Antarctic ice dynamics; Marine animal studies overview,Ecology; Atmospheric Science; Ecology,NA,66,122
"The diversity, extracellular enzymatic activities and photoprotective compounds of yeasts isolated in Antarctica.","The diversity of yeasts collected from different sites in Antarctica (Admiralty Bay, King George Island and Port Foster Bay and Deception Island) and their ability to produce extracellular enzymes and mycosporines were studied. Samples were collected during the austral summer season, between November 2006 and January 2007, from the rhizosphere of Deschampsia antarctica, ornithogenic (penguin guano) soil, soil, marine and lake sediments, marine water and freshwater from lakes. A total of 89 isolates belonging to the following genera were recovered: Bensingtonia, Candida, Cryptococcus, Debaryomyces, Dioszegia, Exophiala, Filobasidium, Issatchenkia (Pichia), Kodamaea, Leucosporidium, Leucosporidiella, Metschnikowia, Nadsonia, Pichia, Rhodotorula, and Sporidiobolus, and the yeast-like fungi Aureobasidium, Leuconeurospora and Microglossum. Cryptococcus victoriae was the most frequently identified species. Several species isolated in our study have been previously reported to be Antarctic psychophilic yeasts, including Cr. antarcticus, Cr. victoriae, Dioszegia hungarica and Leucosporidium scottii. The cosmopolitan yeast species A. pullulans, C. zeylanoides, D. hansenii, I. orientalis, K. ohmeri, P. guilliermondii, Rh. mucilaginosa, and S. salmonicolor were also isolated. Five possible new species were identified. Sixty percent of the yeasts had at least one detectable extracellular enzymatic activity. Cryptococcus antarcticus, D. aurantiaca, D. crocea, D. hungarica, Dioszegia sp., E. xenobiotica, Rh. glaciales, Rh. laryngis, Microglossum sp. 1 and Microglossum sp. 2 produced mycosporines. Of the yeast isolates, 41.7% produced pigments and/or mycosporines and could be considered adapted to survive in Antarctica. Most of the yeasts had extracellular enzymatic activities at 4°C and 20°C, indicating that they could be metabolically active in the sampled substrates.",2011,https://doi.org/10.1590/s1517-838220110003000012,article,NA,Aline B.M. Vaz; Luiz Henrique Rosa; Mariana L.A. Vieira; Virginia de García; Luciana R. Brandão; Lia Teixeira; Martín Moliné; Diego Libkind; María van Broock; Carlos A. Rosa,Aureobasidium pullulans; Rhodotorula; Biology; Debaryomyces hansenii; Botany; Cryptococcus; Trichosporon; Yeast,Polar Research and Ecology; Protist diversity and phylogeny; Microbial Community Ecology and Physiology,Ecology; Molecular Biology; Ecology,NA,127,123
Faecal microbiota changes associated with the moult fast in chinstrap and gentoo penguins,"In many seabirds, individuals abstain from eating during the moult period. Penguins have an intense moult that lasts for weeks, during which they are confined to land. Despite the importance for survival, it is still unclear how the faecal microbiota of Antarctic penguins changes in response to the moult fast. Here, we investigated the faecal microbiota of chinstrap (Pygoscelis antarcticus) and gentoo penguins (Pygoscelis papua) on King George Island, Antarctica. The bacterial community compositions during the feeding and moulting stages were compared for both species using bacterial 16S rRNA gene amplicon on an Illumina MiSeq platform. Our results showed that the moult fast altered the bacterial community structures in both penguin species. Interestingly, the bacterial community composition shifted in the same direction in response to the moult fast but formed two distinct clusters that were specific to each penguin species. A significant increase in bacterial diversity was observed in gentoo penguins, whereas no such change was observed for chinstrap penguins. By analysing the contribution of the ecological processes that determine bacterial community assembly, we observed that processes regulating community turnover were considerably different between the feeding and moulting stages for each penguin. At the phylum level, the relative abundances of Fusobacteria, Firmicutes and Proteobacteria were dominant in chinstrap penguins, and no significant changes were detected in these phyla between the feeding and moulting periods. Our results suggest that moult fast-induced changes in the faecal microbiota occur in both species.",2019,https://doi.org/10.1371/journal.pone.0216565,article,https://journals.plos.org/plosone/article/file?id=10.1371/journal.pone.0216565&type=printable,Won Young Lee; Hyunjun Cho; Mincheol Kim; Binu M. Tripathi; Jin-Woo Jung; Hosung Chung; Jeong‐Hoon Kim,Biology; Moulting; Pygoscelis; Ecology; Firmicutes; Zoology,Gut microbiota and health; Microbial Community Ecology and Physiology; Genomics and Phylogenetic Studies,Molecular Biology; Ecology; Molecular Biology,https://journals.plos.org/plosone/article/file?id=10.1371/journal.pone.0216565&type=printable,10,124
"Population trends of seabirds in Stinker Point, Elephant Island, South Shetlands - link to shapefiles",NA,2018,https://doi.org/10.1594/pangaea.887844,dataset,NA,Maria Virgı́nia Petry; Fernanda Caminha Leal Valls; Elisa de Souza Petersen; Júlia Victória Grohmann Finger; Lucas Krüger,Shapefile; Geography,Avian ecology and behavior; Isotope Analysis in Ecology; Geology and Paleoclimatology Research,Ecology; Ecology; Atmospheric Science,NA,1,128
Geochemical evidence for rapid enlargement of a gentoo penguin colony on Barton Peninsula in the maritime Antarctic,"Gentoo penguin Pygoscelis papua is an important component of the Antarctic marine ecosystem. In this paper, we use an indirect approach, a geochemical method combining with 137 Cs and 210 Pb CRS mode dating, to study the dynamics of the gentoo population and colony on Barton Peninsula, King George Island, in the maritime Antarctic. Five sediment profiles were sampled in the zone between the gentoo penguin colony and tundra vegetation on this peninsula and the sediment sequence and typical elements from penguin guano were analysed. Results showed that the levels for typical elements display a dramatic change at around 5 cm depth, indicating the strong impact of penguin guano. The sediments below 5 cm showed lower concentrations in these elements, suggesting that these sediments had received little impact from penguin guano. By Q-mode factor analysis, a method for decomposing multiple factors, we found that over the past sixty years the gentoo colony showed a rapid enlargement and the tundra vegetation had been destroyed. Possible factors responsible for the enlargement of the penguin colony are tentatively discussed.",2005,https://doi.org/10.1017/s0954102005002373,article,https://doi.org/10.1017/s0954102005002373,Renbin Zhu; Liguang Sun; Xuebin Yin; Zhouqing Xie; Xiaodong Liu,Guano; Tundra; Peninsula; Sediment; Oceanography; Vegetation (pathology),Isotope Analysis in Ecology; Marine animal studies overview; Marine and fisheries research,Ecology; Ecology; Global and Planetary Change,NA,30,132
Penguin head movement detected using small accelerometers: a proxy of prey encounter rate,"SUMMARY Determining temporal and spatial variation in feeding rates is essential for understanding the relationship between habitat features and the foraging behavior of top predators. In this study we examined the utility of head movement as a proxy of prey encounter rates in medium-sized Antarctic penguins, under the presumption that the birds should move their heads actively when they encounter and peck prey. A field study of free-ranging chinstrap and gentoo penguins was conducted at King George Island, Antarctica. Head movement was recorded using small accelerometers attached to the head, with simultaneous monitoring for prey encounter or body angle. The main prey was Antarctic krill (&amp;gt;99% in wet mass) for both species. Penguin head movement coincided with a slow change in body angle during dives. Active head movements were extracted using a high-pass filter (5 Hz acceleration signals) and the remaining acceleration peaks (higher than a threshold acceleration of 1.0 g) were counted. The timing of head movements coincided well with images of prey taken from the back-mounted cameras: head movement was recorded within ±2.5 s of a prey image on 89.1±16.1% (N=7 trips) of images. The number of head movements varied largely among dive bouts, suggesting large temporal variations in prey encounter rates. Our results show that head movement is an effective proxy of prey encounter, and we suggest that the method will be widely applicable for a variety of predators.",2011,https://doi.org/10.1242/jeb.058263,article,https://journals.biologists.com/jeb/article-pdf/214/22/3760/1439858/3760.pdf,Nobuo Kokubun; Jeong‐Hoon Kim; Hyoung-Chul Shin; Yasuhiko Naito; Akinori Takahashi,Accelerometer; Proxy (statistics); Predation; Head (geology); Movement (music),Animal Behavior and Reproduction; Avian ecology and behavior; Animal Vocal Communication and Behavior,"Ecology, Evolution, Behavior and Systematics; Ecology; Developmental Biology",https://journals.biologists.com/jeb/article-pdf/214/22/3760/1439858/3760.pdf,59,134
"Assessing colonies of Antarctic shags by unmanned aerial vehicle (UAV) at South Shetland Islands, Antarctica","Abstract Due to the remote location of colonies of Antarctic shags ( Phalacrocorax ( atriceps ) bransfieldensis ) in Antarctica, there is only sparse data on the abundance of this species. An unmanned aerial vehicle (UAV) survey for known and unknown Antarctic shag colonies along the coasts of Nelson Island and western King George Island, Antarctica, was conducted in December 2016. Four colonies, one of them previously unknown, were detected. For the first time since the 1980s, the total population size of the colonies in that area was determined. A comparison with previous estimates revealed evidence of a population increase by a factor of 2.86. To support future survey campaigns, several characteristic features of Antarctic shag colonies, nests and individuals in aerial imagery were identified. This makes possible more reliable detection and determination of population size in Antarctic shag colonies. These characteristic features were compared with those of chinstrap penguin colonies ( Pygoscelis antarcticus ) because these species often overlap spatially and are difficult to distinguish. In addition, the optimal weather conditions and flight parameters for an aerial survey were specified.",2021,https://doi.org/10.1017/s0954102020000644,article,NA,Christian Pfeifer; Marie-Charlott Rümmler; Osama Mustafa,Shetland; Pygoscelis; Aerial survey; Population; Oceanography; Geography,Turtle Biology and Conservation; Marine animal studies overview; Avian ecology and behavior,Nature and Landscape Conservation; Ecology; Ecology,NA,16,135
"Foraging Behaviour of the Chinstrap Penguin Pygoscelis Antarctica at Ardley Island, Antarctica","SUMMARY WILSON, R.P. & PETERS, G. 1999. Foraging behaviour of the Chinstrap Penguin Pygoscelis antarctica at Ardley Island, Antarctica. Marine Ornithology 27: 85–95. The foraging behaviour of 20 Chinstrap Penguins Pygoscelis antarctica breeding at Ardley Island, King George Island, Antarctica was studied during the austral summers of 1991/2 and 1995/6 using stomach temperature loggers (to determine feeding patterns), depth recorders and multiple channel loggers. The multiple channel loggers recorded dive depth, swim speed and swim heading which could be integrated using vectors to determine the foraging tracks. Half the birds left the island to forage between 02h00 and 10h00. Mean time at sea was 10.6 h. Birds generally executed a looping type course with most individuals foraging within 20 km of the island. Maximum foraging range was 33.5 km. Maximum dive depth was 100.7 m although 80% of all dives had depth maxima less than 30 m. The following dive parameters were positively related to maximum depth reached during the dive: total dive duration, descent duration, duration at the bottom of the dive, ascent duration, descent angle, ascent angle, rate of change of depth during descent and rate of change of depth during ascent. Swim speed was unrelated to maximum dive depth and had mean values of 2.6, 2.5 and 2.2 m/s for the descent, bottom and ascent phases of the dive. The sequence of maximum depths reached in a dive series was not random, tending to be concentrated at a particular depth, irrespective of whether the penguins were feeding at that depth or not. Generally, sequential dives to a specific depth were abruptly terminated by a single dive to another depth which was characteristic in having no bottom phase and unusually steep descent and ascent angles. The maximum depth reached during this dive was then adhered to in the next dive sequence. There were peaks in feeding activity between 06h00 and 09h00 and 14h00 and 22h00. Although foraging effort and relative success decreased around midnight when light intensity was lowest, birds did dive up to 22 m at this time, considerably deeper than sympatric Adelie P. adeliae or Gentoo P. papua Penguins. These findings indicate that, in accordance with their small body size, Chinstrap Penguins forage inshore close to the surface during the chick-rearing phase. Apparent short-comings in the volume of water searched compared to sympatric congeners can be made good by intense diving activity during the period at sea, with no inter-bout rests, higher swim speeds and an apparent ability to be able to forage at lower light intensities which enables Chinstrap Penguins to forage better under twilight conditions.",1999,https://doi.org/10.5038/2074-1235.27.1.427,article,NA,Rory P. Wilson; G. Peters,Pygoscelis; Foraging; Seabird; Krill; Oceanography; Ornithology; Geology,Avian ecology and behavior; Polar Research and Ecology,Ecology; Ecology,NA,26,138
Gastrointestinal helminths of Adélie penguins (<i>Pygoscelis adeliae</i>) from Antarctica,"Knowledge about parasitic organisms in Antarctica is scarce and fragmentary. The study reported here adds to the knowledge of gastrointestinal parasites of the Adélie penguin (Pygoscelis adeliae) (Sphenisciformes), from 25 de Mayo/King George Island (South Shetlands), Bahia Esperanza (Hope Bay) and Avian Island (Antarctica). Thirty-five freshly dead specimens (20 chicks and 15 adults) were collected from December 2007 to December 2014 and examined for internal macroparasites. Three adult parasite species were found: one Cestoda, Parorchites zederi, and two Nematoda, Stegophorus macronectes and Tetrameres sp. Immature Tetrabothrius sp. were found in hosts from Avian Island. Helminth communities are known to be related to host feeding behaviours. Low parasite richness observed in Adélie penguins could be related to the stenophagic and pelagic diet of this host species, which feeds almost exclusively on krill.Keywords: Parorchites zederi; Stegophorus macronectes; Tetrameres sp.; parasites; ecosystem health.(Published: 16 June 2016)Citation: Polar Research 2016, 35, 28516,http://dx.doi.org/10.3402/polar.v35.28516",2016,https://doi.org/10.3402/polar.v35.28516,article,https://polarresearch.net/index.php/polar/article/download/3272/8746,Julia I. Díaz; Bruno Fusaro; Lucrecia Longarzo; Néstor Coria; Virginia Vidal; Verónica L. D’Amico; Andrés Barbosa,Pygoscelis; Krill; Ecology; Helminths; Bay,Parasite Biology and Host Interactions; Bird parasitology and diseases; Parasites and Host Interactions,Ecology; Parasitology; Parasitology,https://polarresearch.net/index.php/polar/article/download/3272/8746,17,140
South polar skuas from a single breeding population overwinter in different oceans though show similar migration patterns,"MEPS Marine Ecology Progress Series Contact the journal Facebook Twitter RSS Mailing List Subscribe to our mailing list via Mailchimp HomeLatest VolumeAbout the JournalEditorsTheme Sections MEPS 435:263-267 (2011) - DOI: https://doi.org/10.3354/meps09229 South polar skuas from a single breeding population overwinter in different oceans though show similar migration patterns Matthias Kopp1, Hans-Ulrich Peter1,*, Osama Mustafa1,2, Simeon Lisovski1, Markus S. Ritz1,3, Richard A. Phillips4, Steffen Hahn5 1Institute of Ecology, Friedrich-Schiller University, 07743 Jena, Germany 2Thuringian Institute for Sustainability and Climate Protection, 07743 Jena, Germany 3Senckenberg Museum of Natural History, 02826 Görlitz, Germany 4British Antarctic Survey, Natural Environment Research Council, Cambridge CB3 0ET, UK 5Swiss Ornithological Institute, CH-6204 Sempach, Switzerland *Email: hans-ulrich.peter@uni-jena.de ABSTRACT: Seabirds in seasonal environments are often long-distance migrants and, for many species and populations, their ranges throughout the non-breeding period are unknown. As conditions during the non-breeding season often affect subsequent performance, the choice of migration strategy can have major implications for timing of breeding and success and, ultimately, population dynamics. We tracked south polar skuas Catharacta maccormicki from a single breeding population at King George Island in the South Shetland Islands (Antarctica). Overall, 27 birds (69%) migrated to the northern Atlantic (3 regions), 10 birds (26%) to the northern Pacific Ocean (2 regions), and 2 birds wintered in the southern hemisphere. Individuals tracked in consecutive non-breeding seasons chose the same ocean for wintering. Despite migrating to different oceans, birds showed a similar figure-of-eight flight pattern and equivalent residency periods in the main wintering areas. In addition, 87% of the migrants used terminal stop-over sites off South America shortly before returning to the breeding site. High diversity of migration patterns may buffer south polar skuas from climate change and other anthropogenic threats. KEY WORDS: Migratory connectivity · Annual cycle · Seabird · Antarctic · Pacific · Trans-equatorial · Geolocator Full text in pdf format PreviousNextCite this article as: Kopp M, Peter HU, Mustafa O, Lisovski S, Ritz MS, Phillips RA, Hahn S (2011) South polar skuas from a single breeding population overwinter in different oceans though show similar migration patterns. Mar Ecol Prog Ser 435:263-267. https://doi.org/10.3354/meps09229Export citation RSS - Facebook - Tweet - linkedIn Cited by Published in MEPS Vol. 435. Online publication date: August 22, 2011 Print ISSN: 0171-8630; Online ISSN: 1616-1599 Copyright © 2011 Inter-Research.",2011,https://doi.org/10.3354/meps09229,article,https://www.int-res.com/articles/meps_oa/m435p263.pdf,Matthias Kopp; HU Peter; Osama Mustafa; Simeon Lisovski; MS Ritz; Robert Phillips; Steffen Hahn,Shetland; Ornithology; Population; Seabird; Southern Hemisphere; Geography; Ecology,Avian ecology and behavior; Climate variability and models; Marine and coastal plant biology,Ecology; Global and Planetary Change; Oceanography,https://www.int-res.com/articles/meps_oa/m435p263.pdf,87,147
Moving polewards in winter: a recent change in the migratory strategy of a pelagic seabird?,"During the non-breeding period, many birds migrate to milder areas, found closer to the equator than their breeding sites. Opposite movements are very rare. In the Southern Ocean, the abundance of 13C declines markedly with more southern latitude, providing a characteristic 13C isoscape. This can be used as a tracer for the movement of seabirds between breeding and inter-breeding areas, by comparing stable isotope ratios of feathers grown at different times of the year. We studied seasonal movements of Thin-billed prions (Aves, Procellariiformes), breeding at the Subantarctic Falkland/Malvinas Islands, compared with those of Wilson's storm-petrels breeding in the Antarctic South Shetland Islands. The two species showed opposite migratory movements. While Wilson's storm-petrels moved to warmer waters north of the Drake Passage in winter, Thin-billed prions showed a reversed movement towards more polar waters. Carbon stable isotope ratios in recent and historical feathers indicated that poleward winter movements of Thin-billed prions were less common historically (45% in 1913-1915), and have only recently become dominant (92% in 2003-2005), apparently in response to warming sea temperatures. This study shows that pelagic seabirds can rapidly change migration strategies within populations, including migration towards more poleward waters in winter.",2010,https://doi.org/10.1186/1742-9994-7-15,article,https://frontiersinzoology.biomedcentral.com/counter/pdf/10.1186/1742-9994-7-15,Petra Quillfeldt; Juan F. Masello; Rona A. R. McGill; Mark Adams; Robert W. Furness,Seabird; Shetland; Pelagic zone; Feather; Biology; Oceanography,Isotope Analysis in Ecology; Avian ecology and behavior; Geology and Paleoclimatology Research,Ecology; Ecology; Atmospheric Science,https://frontiersinzoology.biomedcentral.com/counter/pdf/10.1186/1742-9994-7-15,106,148
Isotopic Values of Antarctic Krill in Relation to Foraging Habitat of Penguins,"Antarctic Krill Euphausia superba is a key component of the Antarctic coastal marine ecosystem. Investigations into stable isotopic values of krill in predation hotspots are important in facilitating our understanding of the feeding environments of krill in a local coastal ecosystem. In this study we investigated stable isotopic values and maturity and size composition of krill at a small spatial scale, by logging GPS tracks of five Chinstrap Pygoscelis antarcticus and seven Gentoo P. papua penguins, and analyzing their stomach contents. The study was conducted at a penguin colony on Barton Peninsula, King George Island, Antarctica. The main food item of both species was Antarctic Krill (>98% wet mass). One Chinstrap and four Gentoo penguin foraging trips were classified as ""on-shelf"" trips, and four Chinstrap and three Gentoo Penguin foraging trips were classified as ""off-shelf"" trips. Krill collected from off-shelf trips had higher δ 15N (4.22±0.28‰) values than those from on-shelf trips (3.78±0.29‰). The δ 13C of the krill samples did not differ between the two penguin species or between trip types. The proportion of juvenile krill taken was higher for Chinstrap (13.04±4.97%) than Gentoo penguins (3.33±2.43%). Our results suggest that the main food source of the krill in our sample originated as non benthic planktonic/suspended organic matter, and that krill in off-shelf habitat may occasionally consume higher trophic level prey compared to those in on-shelf habitats.",2015,https://doi.org/10.2326/osj.14.13,article,NA,Nobuo Kokubun; Eun-Jung Choy; Jeong‐Hoon Kim; Akinori Takahashi,Krill; Antarctic krill; Foraging; Habitat,Isotope Analysis in Ecology; Marine and fisheries research; Avian ecology and behavior,Ecology; Global and Planetary Change; Ecology,NA,9,167
"Coccidian parasites (Apicomplexa) of penguins (Pygoscelis ssp.) from Livingston Island and King George Island, the Antarctic","Coccidian parasites (Apicomplexa) of penguins ( Pygoscelis ssp.) from Livingston Island and King George Island, the Antarctic The results of investigations on the coccidian parasites of three species of penguins ( Pygoscelis antarctica, P. papua and P. adeliae ), nesting at Livingston and King George Island (South Shetland Islands, the Antarctic) are presented. Three coccidian parasites: Eimeria pygosceli Golemansky, 2003, Eimeria sp. and Isospora sp. were identified in faecal samples from 360 examined birds. The total prevalence of coccidian parasites was high: about 35% in all of examined penguins. No host specificity was observed. It is attributed due to the close phylogenetic relations, common habitats and nesting territories, similar feeding and reproductive biology of the three penguin species. In more than 20 specimens of investigated penguins a high intensity of oocysts in their guano was observed (80-220 oocysts in one microscopic field at magnification of 150x) an indirect indication of the negative role of the coccidian infections on penguin populations.",2011,https://doi.org/10.2478/v10183-011-0018-4,article,https://doi.org/10.2478/v10183-011-0018-4,Vassil Golemansky,Pygoscelis; Shetland; Isospora; Biology; Eimeria; Eimeriidae; Zoology,Coccidia and coccidiosis research; Bird parasitology and diseases; Avian ecology and behavior,Animal Science and Zoology; Parasitology; Ecology,NA,5,180
Comparison of Gut Microbiota between Gentoo and Adélie Penguins Breeding Sympatrically on Antarctic Ardley Island as Revealed by Fecal DNA Sequencing,"There are two pygoscelid penguins, the Gentoo (Pygoscelis papua Forster, 1781) and Adélie (P. adeliae Hombron and Jacquinot, 1841) penguins, breeding sympatrically on Ardley Island, Fildes Peninsula region, South Shetlands, Antarctica. Whether the two closely related penguin species with similar dietary habits possess compositional similarity in gut microbiota remains unknown. DNA barcoding of feces is an emerging approach for gut microbiota analysis of protected animals. In the present study, the 16S rRNA gene from penguin feces was sequenced using the Illumina MiSeq platform to investigate the gut microbiota of the two pygoscelid penguin species. The fecal community of Gentoo penguins has higher diversity indices and OTU (operational taxonomic unit) richness compared to Adélie penguins. Besides unclassified bacteria, sequences fell into 22 major lineages of the domain Bacteria: Acidobacteria, Actinobacteria, Armatimonadetes, Bacteroidetes, Chlamydiae, Chloroflexi, Cloacimonetes, Cyanobacteria, Deinococcus-Thermus, Fibrobacteres, Firmicutes, Fusobacteria, Gemmatimonadetes, Ignavibacteriae, Planctomycetes, Proteobacteria, Tenericutes, Verrucomicrobia, and candidate divisions BRC1, SR1, WPS-2, and Saccharibacteria. Among these, Firmicutes (37.7%), Proteobacteria (23.1%, mainly Gamma- and Betaproteobacteria), Fusobacteria (14.3%), Bacteroidetes (7.9%), and Actinobacteria (6.6%) were dominant in the fecal microbiota of the two penguin species. At the same time, significantly higher abundances of Actinobacteria and Cyanobacteria were detected in Gentoo penguins than in Adélie penguins (p &lt; 0.05). Overall, there was a clear difference in the composition of gut microbiota between the Adélie and Gentoo penguins. The results suggested that both the phylogeny of penguin species and the diet could be responsible for the differences in the gut microbiota of the two pygoscelid penguins breeding in the same area.",2021,https://doi.org/10.3390/d13100500,article,https://www.mdpi.com/1424-2818/13/10/500/pdf?version=1634557134,Yinxin Zeng; Huirong Li; Wei Han; Wei Luo,Biology; Firmicutes; Fusobacteria; Actinobacteria; Proteobacteria; Verrucomicrobia; Bacteroidetes; Planctomycetes; Gemmatimonadetes,Gut microbiota and health; Environmental DNA in Biodiversity Studies; Microbial Community Ecology and Physiology,Molecular Biology; Ecology; Ecology,https://www.mdpi.com/1424-2818/13/10/500/pdf?version=1634557134,9,187
Whale distribution in relation to prey abundance and oceanographic processes in shelf waters of the Western Antarctic Peninsula,"MEPS Marine Ecology Progress Series Contact the journal Facebook Twitter RSS Mailing List Subscribe to our mailing list via Mailchimp HomeLatest VolumeAbout the JournalEditorsTheme Sections MEPS 317:297-310 (2006) - doi:10.3354/meps317297 Whale distribution in relation to prey abundance and oceanographic processes in shelf waters of the Western Antarctic Peninsula Ari S. Friedlaender1,*, Pat N. Halpin1, Song S. Qian2, Gareth L. Lawson3, Peter H. Wiebe3, Deb Thiele4, Andrew J. Read1 1Duke University Marine Laboratory, 135 Pivers Island Road, Beaufort, North Carolina 28516, USA 2Nicholas School of the Environment and Earth Sciences, Duke University, Durham, North Carolina 27708, USA 3Woods Hole Oceanographic Institution, Woods Hole, Massachusetts 02543, USA 4Deakin University, School of Ecology and Environment, Warrnambool, Victoria 3280, Australia *Email: asf7@duke.edu ABSTRACT: The Western Antarctic Peninsula (WAP) is a biologically rich area supporting large standing stocks of krill and top predators (including whales, seals and seabirds). Physical forcing greatly affects productivity, recruitment, survival and distribution of krill in this area. In turn, such interactions are likely to affect the distribution of baleen whales. The Southern Ocean GLOBEC research program aims to explore the relationships and interactions between the environment, krill and predators around Marguerite Bay (WAP) in autumn 2001 and 2002. Bathymetric and environmental variables including acoustic backscattering as an indicator of prey abundance were used to model whale distribution patterns. We used an iterative approach employing (1) classification and regression tree (CART) models to identify oceanographic and ecological variables contributing to variability in humpback Megaptera novaeangliae and minke Balaenoptera acutorstrata whale distribution, and (2) generalized additive models (GAMs) to elucidate functional ecological relationships between these variables and whale distribution. The CART models indicated that the cetacean distribution was tightly coupled with zooplankton acoustic volume backscatter in the upper (25 to 100 m), and middle (100 to 300 m) portions of the water column. Whale distribution was also related to distance from the ice edge and bathymetric slope. The GAMs indicated a persistent, strong, positive relationship between increasing zooplankton volume and whale relative abundance. Furthermore, there was a lower limit for averaged acoustic volume backscatter of zooplankton below which the relationship between whales and prey was not significant. The GAMs also supported an annual relationship between whale distribution, distance from the ice edge and bathymetric slope, suggesting that these are important features for aggregating prey. Our results demonstrate that during the 2 yr study, whales were consistently and predictably associated with the distribution of zooplankton. Thus, humpback and minke whales may be able to locate physical features and oceanographic processes that enhance prey aggregation. KEY WORDS: Whale distribution · Zooplankton · Ice edge · Antarctica · SO GLOBEC · CART · GAM Full text in pdf format PreviousExport citation RSS - Facebook - Tweet - linkedIn Cited by Published in MEPS Vol. 317. Online publication date: July 18, 2006 Print ISSN: 0171-8630; Online ISSN: 1616-1599 Copyright © 2006 Inter-Research.",2006,https://doi.org/10.3354/meps317297,article,https://www.int-res.com/articles/meps2006/317/m317p297.pdf,AS Friedlaender; PN Halpin; Song S. Qian; GL Lawson; Peter H. Wiebe; Deborah Thiele; AJ Read,Baleen; Oceanography; Krill; Whale; Fishery; Bay; Peninsula,Marine animal studies overview; Marine and fisheries research; Arctic and Antarctic ice dynamics,Ecology; Global and Planetary Change; Atmospheric Science,https://www.int-res.com/articles/meps2006/317/m317p297.pdf,226,191
"Microplastics in gastrointestinal tracts of gentoo penguin (Pygoscelis papua) chicks on King George Island, Antarctica","Abstract Microplastics (&lt; 5 mm) have been found in marine ecosystems worldwide, even in Antarctic ecosystems. In this study, the stomach and upper intestines of 14 dead gentoo penguin ( Pygoscelis papua ) chicks were collected and screened for microplastics on King George Island, a gateway to Antarctic research and tourism. A total of 378 microplastics were identified by Fourier-transform infrared spectroscopy, with 27.0 ± 25.3 microplastics per individual. The detected number of microplastics did not increase with the mass of penguin chicks, suggesting no permanent accumulation of microplastics. However, the concentration of microplastics was much higher (9.1 ± 10.8 microplastics per individual within the size range 100–5000 μm) than the previously reported concentration in the penguin feces, and a greater number of smaller microplastics were found. Marine debris surveys near the breeding colony found various plastic (79.3%) to be the most frequent type of beached debris, suggesting that local sources of marine plastic waste could have contributed to microplastic contamination of penguin chicks being fed by parents that forage in nearby seas. This finding confirms the presence of microplastics in an Antarctic ecosystem and suggests the need for stronger waste management in Antarctica and a standardized scheme of microplastic monitoring in this once-pristine ecosystem.",2023,https://doi.org/10.1038/s41598-023-39844-6,article,https://www.nature.com/articles/s41598-023-39844-6.pdf,Youmin Kim; Hankyu Kim; Min-Su Jeong; Dowoon Kim; Juyang Kim; Jaehak Jung; Hae-Min Seo; Hyun-Jin Han; Woo-Shin Lee; Chang‐Yong Choi,Microplastics; Marine debris; Mangrove ecosystem; Ecosystem; Plastic pollution; Marine ecosystem,Microplastics and Plastic Pollution,Pollution,https://www.nature.com/articles/s41598-023-39844-6.pdf,11,199
Estimation of Gravity Wave Momentum Flux and Phase Speeds from Quasi-Lagrangian Stratospheric Balloon Flights. Part II: Results from the Vorcore Campaign in Antarctica,"The stratospheric gravity wave field in the Southern Hemisphere is investigated by analyzing observations collected by 27 long-duration balloons that flew between September 2005 and February 2006 over Antarctica and the Southern Ocean. The analysis is based on the methods introduced by Boccara et al. in a companion paper. Special attention is given to deriving information useful to gravity wave drag parameterizations employed in atmospheric general circulation models. The balloon dataset is used to map the geographic variability of gravity wave momentum fluxes in the lower stratosphere. This flux distribution is found to be very heterogeneous with the largest time-averaged value (28 mPa) observed above the Antarctic Peninsula. This value exceeds by a factor of ∼10 the overall mean momentum flux measured during the balloon campaign. Zonal momentum fluxes were predominantly westward, whereas meridional momentum fluxes were equally northward and southward. A local enhancement of southward flux is nevertheless observed above Adélie Land and is attributed to waves generated by katabatic winds, for which the signature is otherwise rather small in the balloon observations. When zonal averages are performed, oceanic momentum fluxes are found to be of similar magnitude to continental values (2.5–3 mPa), stressing the importance of nonorographic gravity waves over oceans. Last, gravity wave intermittency is investigated. Mountain waves appear to be significantly more sporadic than waves observed above the ocean.",2008,https://doi.org/10.1175/2008jas2710.1,article,https://journals.ametsoc.org/downloadpdf/journals/atsc/65/10/2008jas2710.1.pdf,Albert Hertzog; Gillian Boccara; R. A. Vincent; F. Vial; Philippe Cocquerez,Stratosphere; Gravity wave; Geology,Ionosphere and magnetosphere dynamics; Atmospheric Ozone and Climate; Solar and Space Plasma Dynamics,Astronomy and Astrophysics; Atmospheric Science; Astronomy and Astrophysics,https://journals.ametsoc.org/downloadpdf/journals/atsc/65/10/2008jas2710.1.pdf,222,200
Estimation of Gravity Wave Momentum Flux and Phase Speeds from Quasi-Lagrangian Stratospheric Balloon Flights. Part II: Results from the Vorcore Campaign in Antarctica,"The stratospheric gravity wave field in the Southern Hemisphere is investigated by analyzing observations collected by 27 long-duration balloons that flew between September 2005 and February 2006 over Antarctica and the Southern Ocean. The analysis is based on the methods introduced by Boccara et al. in a companion paper. Special attention is given to deriving information useful to gravity wave drag parameterizations employed in atmospheric general circulation models. The balloon dataset is used to map the geographic variability of gravity wave momentum fluxes in the lower stratosphere. This flux distribution is found to be very heterogeneous with the largest time-averaged value (28 mPa) observed above the Antarctic Peninsula. This value exceeds by a factor of ∼10 the overall mean momentum flux measured during the balloon campaign. Zonal momentum fluxes were predominantly westward, whereas meridional momentum fluxes were equally northward and southward. A local enhancement of southward flux is nevertheless observed above Adélie Land and is attributed to waves generated by katabatic winds, for which the signature is otherwise rather small in the balloon observations. When zonal averages are performed, oceanic momentum fluxes are found to be of similar magnitude to continental values (2.5–3 mPa), stressing the importance of nonorographic gravity waves over oceans. Last, gravity wave intermittency is investigated. Mountain waves appear to be significantly more sporadic than waves observed above the ocean.",2008,https://doi.org/10.1175/2008jas2710.1,article,https://journals.ametsoc.org/downloadpdf/journals/atsc/65/10/2008jas2710.1.pdf,Albert Hertzog; Gillian Boccara; R. A. Vincent; F. Vial; Philippe Cocquerez,Stratosphere; Gravity wave; Geology,Ionosphere and magnetosphere dynamics; Atmospheric Ozone and Climate; Solar and Space Plasma Dynamics,Astronomy and Astrophysics; Atmospheric Science; Astronomy and Astrophysics,https://journals.ametsoc.org/downloadpdf/journals/atsc/65/10/2008jas2710.1.pdf,222,201
Phenotypic selection on morphology at independence in the Chinstrap penguin <i>Pygoscelis antarctica</i>,"Abstract Every year, shortly after the emancipation of chicks at our study colony (Deception Island, South Shetlands), hundreds of carcasses of presumably starved Chinstrap penguin Pygoscelis antarctica chicks are washed on the shore. In 1997 we measured the flippers of fresh carcasses and compared their lengths with those of live chicks about to become independent. There was a highly significant difference of 6.5 mm between both distributions, which suggests strong directional phenotypic selection on skeletal size operating through its association with body reserves at independence. Given that heritabilities of flipper length and body weight measured on 36 families are 0.73(± 0.32) and 0.075(± 0.081), and that both characters show a genetic correlation of 0.44(± 0.14), we can expect an evolutionary response to this selection episode. Assuming that the target of selection is weight at emancipation (heavier chicks carry proportionally larger reserves), and that flipper length changes as a consequence of its genetic correlation with weight, we can predict a response of 1.32–2.87 mm or 0.23–0.51 standard deviation units for flipper length. This substantial evolutionary response may be countered by other selective pressures affecting other life stages of these birds. Selection on reserve storage capacity at independence may affect morphological traits also in other species.",1999,https://doi.org/10.1046/j.1420-9101.1999.00032.x,article,https://onlinelibrary.wiley.com/doi/pdfdirect/10.1046/j.1420-9101.1999.00032.x,Juan Moreno; Barbosa; Leon Leon; Fargallo,Pygoscelis; Biology; Selection (genetic algorithm); Genetic correlation; Zoology,Avian ecology and behavior; Animal Behavior and Reproduction; Genetic and phenotypic traits in livestock,"Ecology; Ecology, Evolution, Behavior and Systematics; Genetics",https://onlinelibrary.wiley.com/doi/pdfdirect/10.1046/j.1420-9101.1999.00032.x,22,202
Foraging location and range of White‐chinned Petrels <i>Procellaria aequinoctialis</i> breeding in the South Atlantic,"The foraging range and principal feeding areas of White‐chinned Petrels breeding at South Georgia were determined using satellite telemetry. Foraging trips during incubation lasted 12–15 days and covered 3000–8000 km and 2–11 days and 1100–5900 km during chick‐rearing. Adults covered less distance per day during chick‐rearing (71 km) than during incubation (91 km) but the proportion covered at night (47%) was the same. Mean (31–34 km/h) and maximum (80 km/h) flight velocities were similar during both periods of the breeding season and during day and night. Between incubation shifts, White‐chinned Petrels travelled to the Patagonian shelf; during chick‐rearing they foraged more extensively. Most locations were between 30° to 55°W and 52° to 60°W around South Georgia/Shag Rocks and south to the South Orkney Islands. Diet samples from known foraging locations suggested birds fed mainly on krill and squid. They caught the squid Brachioteuthis? picta and Galiteuthis glacialis around Shag Rocks/South Georgia and also at sites close to the South Orkney Islands; Illex argentinus on the Patagonian shelf. Dispersal of adults after breeding failure was south to the South Orkney Islands then west to the Falkland Islands. This study confirms that breeding White‐chinned Petrels are amongst the widest‐ranging of seabirds; they may minimise competition with other Procellariiformes in the South Atlantic by their more extensive foraging range. The nature and extent of their range also brings substantial risk of high mortality rate in South Atlantic long‐line fisheries.",2000,https://doi.org/10.1034/j.1600-048x.2000.310305.x,article,NA,Simon Berrow; Andrew G. Wood; Peter A. Prince,Foraging; Biology; Fishery; Biological dispersal; Range (aeronautics); Predation; Seasonal breeder,Avian ecology and behavior; Marine and fisheries research; Marine animal studies overview,Ecology; Global and Planetary Change; Ecology,NA,69,207
Densities of Antarctic Seabirds at Sea and the Presence of the Krill Euphausia superba,"Abstract The antarctic krill Euphausia superba forms abundant, well-organized schools in the waters off the Antarctic Peninsula. Mean avian density is 2.6 times greater in waters where krill schools are present than in waters without krill schools. Seabird density is a good predictor of the presence of krill. Seabird density did not correlate with krill density or krill school depth. Disoriented krill routinely were observed swimming near the surface above submerged schools, providing potential prey for surface-feeding birds. Responses of seabird species to the distribution of krill schools varied. The small to medium-size procellariiform species were the best indicators of krill schools; large procellariiforms and coastal species were poor indicators. Pygoscelis penguins occurred at high densities only in the presence of krill schools. These responses are consistent with the constraints imposed by the metabolic requirements and reproductive strategies of each of these groups. Krill schools were detected near the sea surface throughout the day. Correlations between seabird density and the presence of krill during daylight hours suggest that diurnal foraging is important to the seabirds of this region.",1985,https://doi.org/10.1093/auk/102.3.540,article,NA,Bryan S. Obst,Euphausia; Krill; Antarctic krill; Euphausiacea; Seabird; Oceanography; Foraging,Fish Ecology and Management Studies; Marine and fisheries research; Avian ecology and behavior,Nature and Landscape Conservation; Global and Planetary Change; Ecology,NA,57,213
Confirmation of Highly Pathogenic Avian Influenza (HPAI) H5N1 Associated with an Unexpected Mortality Event in South Polar Skuas (Stercorarius maccormicki) during 2023-2024 Surveillance Activities in Antarctica,"Abstract From December 2023 to March 2024, a surveillance program to detect HPAI H5N1 was performed on Antarctica Territory, at Fildes Peninsula (King George Island, Maritime Antarctic), and James Ross Island. At Fildes Peninsula, samples from marine birds and mammals from four sampling locations were collected, based on their accessibility and the presence of animal colonies: Ardley Island, which presents a high concentration of Gentoo penguins ( Pygoscelis papua ); Ardley Cove were small groups of likely non-reproductive Chinstrap penguins ( Pygoscelis antarcticus ); Southern elephant ( Mirounga leonina ) and Weddell ( Leptonycotes wedellii ) seals haul-out sites; and, a nesting site of Southern giant petrels ( Macronectes giganteus ). On February 28 th the surveillance group received a request for sample collection, due to the observation of deceased seabirds at James Ross Island in the area neighboring the Lachman lakes (63.7989 S, 57.8105 W). Six samples from five dead South polar skuas ( Stercorarius maccormicki ) were collected on March 3 rd , 2024. All samples were collected adhering to the Antarctic Treaty guidelines. After collecting a total of 943 samples from Fildes Peninsula all results tested negative, and no individuals had clinical signs or behaviors compatible with HPAI. However, all samples from South polar skuas from James Ross Island were confirmed positive for HPAI H5N1 clade 2.3.4.4 by specific real-time RT-PCR reactions. These results confirmed the first mortality event registered in Antarctica (south of 60°S) caused by HPAI H5N1, in this case on South polar skuas. Further studies are needed to genetically characterize the virus and to better understand the role of skuas in the dynamics of viral dissemination in Antarctica.",2024,https://doi.org/10.1101/2024.04.10.588951,preprint,https://www.biorxiv.org/content/biorxiv/early/2024/04/11/2024.04.10.588951.full.pdf,Benjamín Bennett Lazo; Bárbara Berazay; Gabriela Muñoz; Naomi Ariyama; Nikita Enciso; Christina Braun; Lucas Krüger; Miloš Barták; Marcelo González‐Aravena; Víctor Neira,Pygoscelis; Shetland,Influenza Virus Research Studies; Avian ecology and behavior; Marine animal studies overview,Epidemiology; Ecology; Ecology,https://www.biorxiv.org/content/biorxiv/early/2024/04/11/2024.04.10.588951.full.pdf,5,220
The Status and Trends of Antarctic and Sub-antarctic Seabirds,The third review of the status and trends of Antarctic and sub-Antarctic seabird populations compiled by the Bird Biology Subcommittee of the Scientific Committee on Antarctic Research at the request of the Commission for the Conservation of Antarctic Marine Living Resources (CCAMLR) is presented.,1997,https://doi.org/10.5038/2074-1235.25.1.380,article,NA,Eric J. Woehler; John P. Croxall,Seabird; Ornithology; Oceanography; Conservation biology; Geography,Polar Research and Ecology; Avian ecology and behavior; Marine animal studies overview,Ecology; Ecology; Ecology,NA,98,224
"Perfluorinated Alkyl Substances in Plasma, Liver, Brain, and Eggs of Glaucous Gulls (<i>Larus hyperboreus</i>) from the Norwegian Arctic","Recent environmental surveys have ascertained the widespread occurrence of perfluorinated alkyl substances (PFAS) in tissues of wildlife from the Arctic. In the present study, we investigated the distribution of a suite of PFAS in plasma, liver, brain, and egg samples from adult glaucous gulls (Larus hyperboreus), an apex scavenger-predator seabird breeding in the Norwegian Arctic. Perfluorooctane sulfonate (PFOS) was the predominant PFAS in all samples and was present at concentrations that are the highest reported thus far in any arctic seabird species and populations. Among the body compartment/tissue samples analyzed, PFOS was highest in plasma (48.1−349 ng/g wet weight (ww)), followed by liver ≈ egg > brain. Perfluorocarboxylic acids (PFCAs) with 8−15 carbon (C) atoms were found, with the highest concentrations determined in plasma (sum PFCA: 41.8−262 ng/g ww), whereas 5C- and 6C-PFCAs were below the limits of detection. Perfluorobutane sulfonate, perfluorooctane sulfonamide, and four saturated (8:2 FTCA and 10:2 FTCA) and unsaturated (8:2 FTUCA and 10:2 FTUCA) fluorotelomer carboxylic acids were not detected in any samples. Perfluorohexane sulfonate was measured at concentrations up to 2.71 ng/g ww. The accumulation profiles of PFCAs were characterized by high proportions of the long and odd-numbered carbon-chain-length compounds, namely perfluoroundecanoic (11C) and perfluorotridecanoic acid (13C), although their individual contribution differed between the matrixes analyzed. Current PFAS concentrations suggest a bioaccumulation potential in Norwegian arctic glaucous gulls that needs to be assessed as part of a broad organohalogen contaminant cocktail with potential for mediating biological processes in this vulnerable top-predator marine species.",2005,https://doi.org/10.1021/es051097y,article,NA,Jonathan Verreault; Magali Houde; Geir Wing Gabrielsen; Urs Berger; Marianne Haukås; Robert J. Letcher; Derek C. G. Muir,Perfluorooctane; Larus; Bioaccumulation; Seabird; Environmental chemistry,Per- and polyfluoroalkyl substances research; Toxic Organic Pollutants Impact; Atmospheric chemistry and aerosols,"Environmental Chemistry; Health, Toxicology and Mutagenesis; Atmospheric Science",NA,198,241
Absence of extra‐pair fertilisations in the Chinstrap Penguin Pygoscelis antarctica,"We analysed genetic relatedness through DNA‐fingerprinting in 38 two‐chick families of Chinstrap Penguins Pygoscelis antarctica in the Vapour Col colony on Deception Island, Antarctica. Band‐sharing coefficients between males and chicks in their nests, females and chicks in their nests and brood mates were very close to 0.50 and were not significantly different. Presumably unrelated pair mates showed much lower band‐sharing coefficients (0.12), which differed significantly from those between putative parents and their chicks and between presumed siblings. No case of extra‐pair paternity was detected according to the presence of novel bands or to band‐sharing coefficients. Monogamy in the study population is not only social but also genetic.",2000,https://doi.org/10.1034/j.1600-048x.2000.1310418.x,article,NA,Juan Moreno; Luis Boto; Juan A. Fargallo; Ana de León; Jaime Potti,Pygoscelis; Biology; Brood; Zoology; Population,Avian ecology and behavior; Animal Behavior and Reproduction; Animal Vocal Communication and Behavior,"Ecology; Ecology, Evolution, Behavior and Systematics; Developmental Biology",NA,16,242
"Morphological, molecular and phylogenetic analyses of the spirurid nematode <i>Stegophorus macronectes</i> (Johnston &amp; Mawson, 1942)","Abstract Stegophorus macronectes (Johnston &amp; Mawson, 1942) is a gastrointestinal parasite found in Antarctic seabirds. The original description of the species, which was based only on females, is poor and fragmented with some unclear diagnostic characters. This study provides new morphometric and molecular data on this previously poorly described parasite. Nuclear rDNA sequences (18S, 5.8S, 28S and internal transcribed spacer (ITS) regions) were isolated from S. macronectes specimens collected from the chinstrap penguin Pygoscelis antarctica Forster on Deception Island, Antarctica. Using 18S rDNA sequences, phylogenetic analyses (maximum likelihood, maximum parsimony and Bayesian inference) of the order Spirurida were performed to determine the phylogenetic location of this species. Primer pairs of the ITS regions were designed for genus-level identification of specimens, regardless of their cycle, as an alternative to coprological methods. The utility of this molecular method for identification of morphologically altered specimens is also discussed.",2015,https://doi.org/10.1017/s0022149x15000218,article,NA,Virginia Vidal; Juana Ortiz; Julia I. Díaz; Basilio Zafrilla; Marı́a-José Bonete; R. Ruíz de Ybáñez; M.J. Sender Palacios; Jesús Benzal; Francisco Valera; Carlos Cruz; Miguel Motas; Vanesa Bautista; Annie Machordom; Andrés Barbosa,Biology; Nematode; Zoology,Parasite Biology and Host Interactions; Nematode management and characterization studies; Entomopathogenic Microorganisms in Pest Control,Ecology; Plant Science; Insect Science,NA,13,244
"Post-breeding dispersal of Adélie penguins (Pygoscelis adeliae) nesting at Signy Island, South Orkney Islands","ARGOS satellite telemetry and Global Location Sensors (geolocators) were used to identify the moult locations and the winter foraging dispersal of Adélie penguins after they left their breeding colonies on Signy Island in the South Orkney Islands. Animals were tracked during the period December 2004 to October 2005. All birds displayed a similar pattern of migratory behaviour, remaining away from colonies for approximately 9 months, at distances of up to 2,235 km. Moult locations were within the pack ice. Mean daily travel speeds to the moult locations were significantly faster when moving through open water than through pack ice. Moult occurred during February/March within a narrow latitudinal range (65–71°S), at a mean distance of 126 km from the ice edge; the mean duration of individual moult was c. 18.6 days. After moult, penguins spent the subsequent winter months moving north or north-eastward within the expanding winter pack ice, at a mean distance of 216 km from the ice edge, and in areas with ice cover >80%. The penguins returned to the vicinity of their colony between September 26 and October 22, 2005. This dependence of Adélie penguins on sea ice habitat suggests that any further reductions in sea ice extent in the Weddell Sea region would potentially have important impacts on the population processes of this pagophilic species.",2010,https://doi.org/10.1007/s00300-010-0870-4,article,https://link.springer.com/content/pdf/10.1007/s00300-010-0870-4.pdf,Michael J. Dünn; Janet R. D. Silk; Philip N. Trathan,Pygoscelis; Biological dispersal; Foraging; Population; Biology,Arctic and Antarctic ice dynamics; Marine animal studies overview; Arctic and Russian Policy Studies,Atmospheric Science; Ecology; Sociology and Political Science,https://link.springer.com/content/pdf/10.1007/s00300-010-0870-4.pdf,37,249
"Population decline of the cape petrel (Daption capense) on King George Island, South Shetland Islands, Antarctica","Abstract The Antarctic and the surrounding Southern Ocean are currently subject to rapid environmental changes and increasing anthropogenic impacts. Seabird populations often reflect those changes and so act as indicators of environmental variability. Their population trends may provide information on a variety of environmental parameters on the scale of years or decades. We therefore provide long-term data on the cape petrel ( Daption capense ) population from a long-term monitoring program on Fildes Peninsula, South Shetland Islands, Maritime Antarctic, an area of considerable human activity. Our data, covering a period of 36 years, indicate some variability, but no clear trend in the number of breeding pairs between the breeding seasons 1985 and 2006. However, beginning in the 2008 season, the population decreased significantly and reached a minimum in the 2020 season. The mean annual decrease between 2008 and 2020 was 10.6%. We discuss possible causes of this strong negative population trend. Anthropogenic disturbance only affects a few breeding sites in the area and is therefore unable, on its own, to explain the consistent population decline at all the breeding sites studied. We think it more likely that reduced food availability was the main cause of the drastic decline in the cape petrel population.",2021,https://doi.org/10.1007/s00300-021-02914-4,article,https://link.springer.com/content/pdf/10.1007/s00300-021-02914-4.pdf,Christina Braun; Jan Esefeld; Larissa A Savelieva; Hans-Ulrich Peter,Shetland; Seabird; Population; Biology; Cape; Population decline; Peninsula,Polar Research and Ecology; Avian ecology and behavior; Cryospheric studies and observations,Ecology; Ecology; Atmospheric Science,https://link.springer.com/content/pdf/10.1007/s00300-021-02914-4.pdf,9,254
Plastics everywhere: first evidence of polystyrene fragments inside the common Antarctic collembolan <i>Cryptopygus antarcticus</i>,"There is evidence and serious concern that microplastics have reached the most remote regions of the planet, but how far have they travelled in terrestrial ecosystems? This study presents the first field-based evidence of plastic ingestion by a common and central component of Antarctic terrestrial food webs, the collembolan Cryptopygus antarcticus . A large piece of polystyrene (PS) foam (34 × 31 × 5 cm) covered by microalgae, moss, lichens and microfauna was found in a fellfield along the shores of the Fildes Peninsula (King George Island). The application of an improved enzymatic digestion coupled with Fourier transform infrared microscopy (µ-FTIR), unequivocally detected traces of PS (less than 100 µm) in the gut of the collembolans associated with the PS foam and documented their ability to ingest plastic. Plastics are thus entering the short Antarctic terrestrial food webs and represent a new potential stressor to polar ecosystems already facing climate change and increasing human activities. Future research should explore the effects of plastics on the composition, structure and functions of polar terrestrial biota.",2020,https://doi.org/10.1098/rsbl.2020.0093,article,https://doi.org/10.1098/rsbl.2020.0093,Elisa Bergami; Emilia Rota; Tancredi Caruso; Giovanni Birarda; Lisa Vaccari; Ilaria Corsi,Microfauna; Biology; Moss; Terrestrial ecosystem; Microplastics; Ecology; Ecosystem; Lichen,Microplastics and Plastic Pollution; Polar Research and Ecology; Insect and Arachnid Ecology and Behavior,Pollution; Ecology; Genetics,NA,80,256
Emergence of Global Adaptive Governance for Stewardship of Regional Marine Resources,"Overfishing has historically caused widespread stock collapses in the Southern Ocean.Until recently, illegal, unreported, and unregulated (IUU) fishing threatened to result in the collapse of some of the few remaining valuable fish stocks in the region and vulnerable seabird populations.Currently, this unsustainable fishing has been reduced to less than 10% of former levels.We describe and analyze the emergence of the social-ecological governance system that made it possible to curb the fisheries crisis.For this purpose, we investigated the interplay between actors, social networks, organizations, and institutions in relation to environmental outcomes.We drew on a diversity of methods, including qualitative interviews, quantitative social network and survey data, and literature reviews.We found that the crisis triggered action of an informal group of actors over time, which led to a new organization (ISOFISH) that connected two independent networks (nongovermental organizations and the fishing industry), and later (COLTO) linked to an international body and convention (CCAMLR).The emergence of the global adaptive governance systems for stewardship of a regional marine resource took place over a 15-year period.We describe in detail the emergence process and illustrate the usefulness of analyzing four features of governance and understanding socialecological processes, thereby describing structures and functions, and their link to tangible environmental outcomes.",2013,https://doi.org/10.5751/es-05373-180204,article,https://www.ecologyandsociety.org/vol18/iss2/art4/ES-2012-5373.pdf,Henrik Österblom; Carl Folke,Stewardship (theology); Corporate governance; Environmental resource management,Coastal and Marine Management; Marine and fisheries research; Coral and Marine Ecosystems Studies,"Management, Monitoring, Policy and Law; Global and Planetary Change; Ecology",https://www.ecologyandsociety.org/vol18/iss2/art4/ES-2012-5373.pdf,136,262
Climate Variability and Ecological Response of the Marine Ecosystem in the Western Antarctic Peninsula (WAP) Region,"The Antarctic Peninsula, a relatively long, narrow extension of the Antarctic continent, defines a strong climatic gradient between the cold, dry continental regime to its south and the warm, moist maritime regime to its north. The potential for these contrasting climate regimes to shift in dominance from season to season and year to year creates a highly variable environment that is sensitive to climate perturbation. Consequently, long-term studies in the western Antarctic Peninsula (WAP) region, which is the location of the Palmer LTER (figure 9.1), provide the opportunity to observe how climate-driven variability in the physical environment is related to changes in the marine ecosystem (Ross et al. 1996; Smith et al. 1996; Smith et al. 1999). This is a sea ice–dominated ecosystem where the annual advance and retreat of the sea ice is a major physical determinant of spatial and temporal change in its structure and function, from total annual primary production to the breeding success and survival of seabirds. Mounting evidence suggests that the earth is experiencing a period of rapid climate change, and air temperature records from the last half century confirm a statistically significant warming trend within the WAP during the past half century (King 1994; King and Harangozo 1998; Marshall and King 1998; Ross et al. 1996; Sansom 1989; Smith et al. 1996; Stark 1994; van den Broeke 1998; Weatherly et al. 1991). Air temperature–sea ice linkages appear to be very strong in the WAP region (Jacka 1990; Jacka and Budd 1991; King 1994; Smith et al. 1996; Weatherly et al. 1991), and a statistically significant anticorrelation between air temperatures and sea ice extent has been observed for this region. Consistent with this strong coupling, sea ice extent in the WAP area has trended down during this period of satellite observations, and the sea ice season has shortened. In addition, both air temperature and sea ice have been shown to be significantly correlated with the Southern Oscillation Index (SOI), which suggests possible linkages among sea ice, cyclonic activity, and global teleconnections.",2003,https://doi.org/10.1093/oso/9780195150599.003.0018,book-chapter,NA,Raymond C. Smith; William R. Fraser,Peninsula; Climate change; Ecosystem; Oceanography; Marine ecosystem; Geography; Dominance (genetics),Arctic and Antarctic ice dynamics; Cryospheric studies and observations; Climate variability and models,Atmospheric Science; Atmospheric Science; Global and Planetary Change,NA,40,264
Annual Movement Patterns of Endangered Ivory Gulls: The Importance of Sea Ice,"The ivory gull (Pagophila eburnea) is an endangered seabird that spends its entire year in the Arctic environment. In the past three decades, threats from various sources have contributed to a >70% decline in Canada. To assess the annual habitat needs of this species, we attached satellite transmitters to 12 ivory gulls on Seymour Island, Nunavut in 2010, which provided up to four breeding seasons of tracking data. Analysis of migratory behaviour revealed considerable individual variation of post-breeding migratory route selection. Ivory gulls traveled a median of 74 days during post-breeding migration, but only 18 days during pre-breeding migration. In contrast to predictions, ivory gulls did not use the Greenland coast during migratory periods. Ivory gulls overwintered near the ice edge in Davis Strait, but also used the Labrador Sea in late February and March. We suggest that the timing of formation and recession and extent of sea ice plays a large role in ivory gull distribution and migratory timing.",2014,https://doi.org/10.1371/journal.pone.0115231,article,https://journals.plos.org/plosone/article/file?id=10.1371/journal.pone.0115231&type=printable,Nora C. Spencer; H. Grant Gilchrist; Mark L. Mallory,Seabird; Endangered species; Geography; Arctic; Satellite tracking; Habitat,Arctic and Antarctic ice dynamics; Cryospheric studies and observations; Avian ecology and behavior,Atmospheric Science; Atmospheric Science; Ecology,https://journals.plos.org/plosone/article/file?id=10.1371/journal.pone.0115231&type=printable,38,276
Diversity and structure of soil bacterial communities in the Fildes Region (maritime Antarctica) as revealed by 454 pyrosequencing,"This study assessed the diversity and composition of bacterial communities in four different soils (human-, penguin-, seal-colony impacted soils and pristine soil) in the Fildes Region (King George Island, Antarctica) using 454 pyrosequencing with bacterial-specific primers targeting the 16S rRNA gene. Proteobacteria, Actinobacteria, Acidobacteria, and Verrucomicrobia were abundant phyla in almost all the soil samples. The four types of soils were significantly different in geochemical properties and bacterial community structure. Thermotogae, Cyanobacteria, Fibrobacteres, Deinococcus-Thermus, and Chlorobi obviously varied in their abundance among the 4 soil types. Considering all the samples together, members of the genera Gaiella, Chloracidobacterium, Nitrospira, Polaromonas, Gemmatimonas, Sphingomonas and Chthoniobacter were found to predominate, whereas members of the genera Chamaesiphon, Herbaspirillum, Hirschia, Nevskia, Nitrosococcus, Rhodococcus, Rhodomicrobium, and Xanthomonas varied obviously in their abundance among the four soil types. Distance-based redundancy analysis revealed that pH (p < 0.01), phosphate phosphorus (p < 0.01), organic carbon (p < 0.05), and organic nitrogen (p < 0.05) were the most significant factors that correlated with the community distribution of soil bacteria. To our knowledge, this is the first study to explore the soil bacterial communities in human-, penguin-, and seal- colony impacted soils from ice-free areas in maritime Antarctica using high-throughput pyrosequencing.",2015,https://doi.org/10.3389/fmicb.2015.01188,article,https://www.frontiersin.org/articles/10.3389/fmicb.2015.01188/pdf,Neng Fei Wang; Tao Zhang; Fang Zhang; En Tao Wang; Jian Feng He; Hui Ding; Bo Tao Zhang; Jie Liu; Xiang Bin Ran; Jia Ye Zang,Actinobacteria; Proteobacteria; Pyrosequencing; Acidobacteria; Verrucomicrobia; Biology; Nitrospira,Polar Research and Ecology; Microbial Community Ecology and Physiology; Protist diversity and phylogeny,Ecology; Ecology; Molecular Biology,https://www.frontiersin.org/articles/10.3389/fmicb.2015.01188/pdf,85,286
"Where have all the petrels gone? Forty years (1978–2020) of Wilson’s Storm Petrel (Oceanites oceanicus) population dynamics at King George Island (Isla 25 de Mayo, Antarctica) in a changing climate","Abstract Numerous seabird species are experiencing population declines, and this trend is expected to continue or even accelerate in the future. To understand the effects of environmental change on seabird populations, long-term studies are vital, but rare. Here, we present over four decades (1978–2020) of population dynamic and reproductive performance data of Wilson’s Storm Petrels ( Oceanites oceanicus ) from King George Island (Isla 25 de Mayo), Antarctica. We determined temporal trends in population size, breeding output, and chick growth rates, and related interannual variation in these variables to various environmental variables. Our study revealed a decline of 90% in population size of Wilson’s Storm Petrels in two colonies, and considerable changes in breeding output and chick growth rates. Temporal changes in breeding demographics were linked to interannual environmental variation, either causing changes in food availability (particularly Antarctic krill, Euphausia superba ) or in nest burrow accessibility due to snow blocking the entrance. With the expected rise in air and sea surface temperatures, the predicted increases in precipitation over the Antarctic Peninsula will likely lead to increased snowstorm prevalence. Additionally, the rising temperatures will likely reduce food availability due to reduced sea ice cover in the wintering grounds of Antarctic krill, or by changing phyto- and zooplankton community compositions. The ongoing environmental changes may thus lead to a further population decline, or at the very least will not allow the population to recover. Monitoring the population dynamics of Antarctic seabirds is vital to increase our understanding of climate change-induced changes in polar food webs.",2023,https://doi.org/10.1007/s00300-023-03154-4,article,https://link.springer.com/content/pdf/10.1007/s00300-023-03154-4.pdf,Anne N. M. A. Ausems; Nadja D. Kuepper; D. Archuby; Christina Braun; Andrzej K. Gębczyński; Anja Gladbach; Steffen Hahn; Piotr Jadwiszczak; Philipp J. Kraemer; Marcela Libertelli; Stefan Lorenz; Benjamin Richter; Anja Russ; Tim Schmoll; Simon Thorn; John Turner; Katarzyna Wojczulanis‐Jakubas; Dariusz Jakubas; Petra Quillfeldt,Seabird; Population; Antarctic krill; Biology; Euphausia; Ecology; Arctic; Climate change,Avian ecology and behavior; Polar Research and Ecology; Marine animal studies overview,Ecology; Ecology; Ecology,https://link.springer.com/content/pdf/10.1007/s00300-023-03154-4.pdf,7,291
Relative Changes in Krill Abundance Inferred from Antarctic Fur Seal,"Antarctic krill Euphausia superba is a predominant species in the Southern Ocean, it is very sensitive to climate change, and it supports large stocks of fishes, seabirds, seals and whales in Antarctic marine ecosystems. Modern krill stocks have been estimated directly by net hauls and acoustic surveys; the historical krill density especially the long-term one in the Southern Ocean, however, is unknown. Here we inferred the relative krill population changes along the West Antarctic Peninsula (WAP) over the 20th century from the trophic level change of Antarctic fur seal Arctocephalus gazella using stable carbon (δ13C) and nitrogen (δ15N) isotopes of archival seal hairs. Since Antarctic fur seals feed preferentially on krill, the variation of δ15N in seal hair indicates a change in the proportion of krill in the seal's diets and thus the krill availability in local seawater. For the past century, enriching fur seal δ15N values indicated decreasing krill availability. This is agreement with direct observation for the past ∼30 years and suggests that the recently documented decline in krill populations began in the early parts of the 20th century. This novel method makes it possible to infer past krill population changes from ancient tissues of krill predators.",2011,https://doi.org/10.1371/journal.pone.0027331,article,https://journals.plos.org/plosone/article/file?id=10.1371/journal.pone.0027331&type=printable,Tao Huang; Liguang Sun; John Stark; Yuhong Wang; Zhongqi Cheng; Qichao Yang; Song Sun,Krill; Antarctic krill; Fur seal; Euphausia; Euphausiacea; Biology; Population; Oceanography; Fishery,Marine animal studies overview; Arctic and Antarctic ice dynamics; Marine and fisheries research,Ecology; Atmospheric Science; Global and Planetary Change,https://journals.plos.org/plosone/article/file?id=10.1371/journal.pone.0027331&type=printable,33,293
"Foraging strategies of grey-headed albatrosses Thalassarche chrysostoma: integration of movements, activity and feeding events","MEPS Marine Ecology Progress Series Contact the journal Facebook Twitter RSS Mailing List Subscribe to our mailing list via Mailchimp HomeLatest VolumeAbout the JournalEditorsTheme Sections MEPS 280:261-273 (2004) - doi:10.3354/meps280261 Foraging strategies of grey-headed albatrosses Thalassarche chrysostoma: integration of movements, activity and feeding events Paulo Catry1,2,*, Richard A. Phillips1, Ben Phalan1, Janet R. D. Silk1, John P. Croxall1 1British Antarctic Survey, Natural Environment Research Council, High Cross, Madingley Road, Cambridge CB3 0ET, UK 2Present address: Unidade de Investigação em Eco-Etologia, Instituto Superior de Psicologia Aplicada, Rua Jardim do Tabaco 44, 1149-041 Lisboa, Portugal *Email: paulo.catry@netc.pt ABSTRACT: We identified a range of foraging strategies adopted by grey-headed albatrosses Thalassarche chrysostoma rearing chicks at Bird Island, South Georgia, by simultaneously using satellite telemetry, wet/dry activity recorders and stomach temperature loggers. The albatrosses foraged mostly over oceanic waters, probably associated with the Polar Front north of South Georgia, and also over shelf-slope waters around the Antarctic Peninsula. After leaving the colony, birds commuted to areas with predictable prey concentrations, where they remained for several days. During search periods, birds landed more often and had a higher intake rate, but spent the same proportion of time in flight as on commuting days. Although intake rates were particularly high in shelf-break waters around the Antarctic Peninsula (only one individual foraged in this area), prey were also consumed in reasonable quantities during commuting flights. While at sea, birds spent most (81%) of the day flying, and most (94%) of the night resting on the water. A considerable proportion (26% by mass) of prey was consumed during darkness. The majority of prey were detected and captured during search flights, but 35% were located while sitting on the sea surface. Many ingestion events (up to 27% of the overall food intake) showed temperature signatures characteristic of fluids, suggesting that albatrosses may feed on gelatinous and rapidly digested prey (e.g. salps and jellyfish) much more often than previously suspected. Diet samples delivered to the chicks comprised mostly squid (particularly Martialia hyadesi) and Antarctic krill Euphausia superba. KEY WORDS: Seabird · Feeding behaviour · Stomach temperature · Salp · Jellyfish · South Georgia Full text in pdf format PreviousNextExport citation RSS - Facebook - Tweet - linkedIn Cited by Published in MEPS Vol. 280. Online publication date: October 14, 2004 Print ISSN: 0171-8630; Online ISSN: 1616-1599 Copyright © 2004 Inter-Research.",2004,https://doi.org/10.3354/meps280261,article,https://www.int-res.com/articles/meps2004/280/m280p261.pdf,Paulo Catry; RA Phillips; Ben Phalan; JRD Silk; J. P. Croxall,Foraging; Predation; Peninsula,Animal Behavior and Reproduction; Wildlife Ecology and Conservation; Fish Ecology and Management Studies,"Ecology, Evolution, Behavior and Systematics; Ecology; Nature and Landscape Conservation",https://www.int-res.com/articles/meps2004/280/m280p261.pdf,102,297
Eocene birds from the western margin of southernmost South America,"This study presents the first record of Eocene birds from the western margin of southernmost South America. Three localities in Magallanes, southern Chile, have yielded a total of eleven bird remains, including Sphenisciformes (penguins) and one record tentatively assigned to cf. Ardeidae (egrets). Two different groups of penguins have been recognized from these localities. The first group is similar in size to the smallest taxa previously described from Seymour Island, Marambiornis Myrcha et al., 2002, Mesetaornis Myrcha et al., 2002, and Delphinornis Wiman, 1905. The second recognized group is similar in size to the biggest taxa from Seymour Island; based on the available remains, we recognize the genus Palaeeudyptes Huxley, 1859, one of the most widespread penguin genera in the Southern Hemisphere during the Eocene. The stratigraphic context of the localities indicates a certain level of correlation with the geological units described on Seymour Island. The newly studied materials cast more light on the paleobiogeography of the group, extending the known ranges to the South American continent. In addition to the newly discovered birds, the presence of several taxa of elasmobranchs previously recovered exclusively from Eocene beds in the Southern Hemisphere help to clarify the age of the studied localities, widely discussed during the last decades. This paper verifies the presence of extensive Eocene sedimentary successions with fossil vertebrates along the western margin of southern South America, contrary to the previous assumption that such a record is lacking in Chile.",2010,https://doi.org/10.1666/09-157.1,article,NA,Michel Sallaberry; Roberto E. Yury-Yáñez; Rodrigo A. Otero; Sergio Soto‐Acuña; Teresa Torres,Southern Hemisphere; Taxon; Paleontology; Context (archaeology); Genus; Geology; Group (periodic table),Paleontology and Evolutionary Biology; Ichthyology and Marine Biology; Evolution and Paleontology Studies,Paleontology; Nature and Landscape Conservation; Paleontology,NA,33,306
"Genesis, properties and sensitivity of Antarctic Gelisols","According to the newest version of the US Soil Taxonomy permafrost-affected soils are Gelisols. Antarctic Gelisols in the cold deserts of the Ross Sea sector are formed under extreme conditions of low temperature and aridity. The main soil forming processes are oxidation and salinization, with almost complete absence of organic matter. The oldest soils date from around 13 Ma. The origin of most soil salts is atmospheric, linking these soils to those in other parts of the world through atmospheric processes. The soils have water contents in the active layer of the most arid areas &lt;1%. With decreasing latitude or proximity to the coast in East Antarctica and the Antarctic Peninsula, soil water contents increase and the soils support a range of soil organisms and plant species. At latitudes ≤66°S organic matter accumulation and several other pedogenic processes such as cryoturbation, mineral weathering, brunification, acidification, podzolization and redoximorphism occur. In addition, these soils receive nitrogen and phosphorus from seabirds. In most places summer thaw lasts little more than six weeks; thaw depths range from around 10–100 cm. A critical factor in the soil development is the albedo of the soil surface, since the absorbed energy controls weathering processes. The extreme fragility of the soils in the arid Ross Sea sector is largely due to the absence of structure, cohesion, moisture and organic materials. Recovery from physical human disturbances is in the order of hundreds to thousands of years. In East Antarctica and the Antarctic Peninsula plant and organisms growth is similarly slow and ecosystems are susceptible to human impact. The occurrence of many old soils at high inland elevation indicates that little response to global climatic change would be expected there. For the much younger soils in East Antarctica and the Antarctic Peninsula, when mean annual summer temperatures are higher, responses to global change and change in sea level may be significant.",1999,https://doi.org/10.1017/s0954102099000498,article,NA,L. Beyer; James G. Bockheim; Iain Campbell; G. G. C. Claridge,Soil water; Weathering; Pedogenesis; Podzol; Organic matter; Environmental science; Geology,Polar Research and Ecology; Climate change and permafrost; Geology and Paleoclimatology Research,Ecology; Atmospheric Science; Atmospheric Science,NA,66,312
Ecology of periphyton in a meltwater stream ecosystem in the maritime Antarctic,"The ecology of two meltwater streams on King George Island, Ornithologists Creek (with penguin rookeries close to its lower reaches) and Petrified Forest Creek (a highly oligotrophic system), was studied during the 1996–97 summer season. To estimate seasonal productivity of the periphyton and to establish which environmental parameters influenced periphyton growth most strongly, two types of artificial substrata (fibreglass nets – ash-free dry weight (AFDW), and microscope slides – Chlorophyll a (Chl a )) were tested in situ . Thus relative periphyton productivity (RPP) reflects algal colonization and growth as well as losses due to cell mortality and abrasive action of moving sediments. The Petrified Forest Creek was more productive (AFDW = 108.63 μg cm −2 d −1 , Chl a = 0.35 μg g cm −2 d −1 ) than the Ornithologists Creek (AFDW = 69.90 μg cm −2 d −-1 , Chl a = 0.26 μg cm −2 d −1 ). RPP differed both along the streams, and during the season. Significant positive or negative relationships (generalized linear models) were found between RPP and streamwater ‘physico-chemical parameters’ and ‘geomorphological-geographical characteristics’ of the streams' catchments. In addition, in the lower reaches of both streams almost no active colonization or growth was recorded. In the Petrified Forest Creek, the periphyton biomass was so high that mainly passive organic matter deposition occurred. By contrast, in the lower reach of Ornithologists Creek, periphyton colonization and growth was around zero, being negatively influenced by penguin excrement. Ornithologists Creek was richer in nutrients (DIN, DRP), which also fluctuated more widely along its length and throughout the season, than in the Petrified Forest Creek. Parameters associated with the inorganic carbon cycle of the streamwater reflect higher RPP in Petrified Forest Creek. Moreover, RPP was higher in stream reaches with higher amounts of gravel boulders on the bottom.",2003,https://doi.org/10.1017/s0954102003001226,article,https://doi.org/10.1017/s0954102003001226,Josef Elster; Ondřej Komárek,Periphyton; Meltwater; STREAMS; Ecology; Environmental science; Chlorophyll a,Polar Research and Ecology; Marine Biology and Ecology Research; Marine and coastal ecosystems,Ecology; Oceanography; Oceanography,NA,54,315
"Feeding selectivity in <i>Notothenia neglecta</i>, Nybelin, from Potter Cove, South Shetland Islands, Antarctica","A study of feeding selectivity in Notothenia neglecta Nybelin 1951, was carried out between October 1988 and January 1989 at Potter Cove, King George Island, where this is the dominant fish species. The abundance and biomass of benthic organisms from 0–40m were compared with their occurrence in the diet of 142 fish. The Ivlev index indicated that the food items positively selected by the fish were sedentary polychaetes, the isopod Glyptonotus antarcticus , the gammarid amphipod Paradexamine sp., the bivalve Dacrydyum sp., the gastropods Margarella antarctica and Eatoniella sp., and algae. The biomass of the benthic community in the sampling area was low, presumably due to the effects of anchor ice. Despite being pelagic, krill ( Euphausia superba ) was by far the main food of N. neglecta which is considered a benthic feeder.",1990,https://doi.org/10.1017/s0954102090000281,article,NA,Esteban Barrera-Oro; Ricardo Casaux,Cove; Shetland; Benthic zone; Euphausia; Biology; Fishery; Krill; Pelagic zone,Marine Biology and Ecology Research; Isotope Analysis in Ecology; Marine Bivalve and Aquaculture Studies,Oceanography; Ecology; Global and Planetary Change,NA,63,316
The role of science and advocacy in the conservation of Southern Ocean albatrosses at sea,"Abstract Mortality of albatrosses (and petrels) as bycatch in longline fisheries is one of the most important and pervasive sources of mortality for many species and is often closely linked to observed population declines. In the area of the Southern Ocean managed by the Commission for the Conservation of Antarctic Marine Living Resources (CCAMLR), which includes the waters around South Georgia, Prince Edward Islands, Iles Crozet and Kerguelen (the most important sub-Antarctic breeding sites for many albatross - and petrel - species), such bycatch was reduced to negligible levels (in demographic terms) over the last decade. The process by which this was achieved, in terms of data, policy and practice, together with an assessment of the main drivers and obstacles, is described. The extent to which the CCAMLR example is a model for other Regional Fisheries Management Organisations (RFMOs) (and even for states with jurisdiction in relevant coastal waters) is assessed. Some current actions and priorities for further action in relation to seabird bycatch are summarised.",2008,https://doi.org/10.1017/s0959270908000300,article,https://www.cambridge.org/core/services/aop-cambridge-core/content/view/2FE5BEFF5746935B53EDF8B0B7873735/S0959270908000300a.pdf/div-class-title-the-role-of-science-and-advocacy-in-the-conservation-of-southern-ocean-albatrosses-at-sea-div.pdf,John P. Croxall,Bycatch; Seabird; Fishery; Albatross; Geography,Marine animal studies overview; Isotope Analysis in Ecology; Marine and fisheries research,Ecology; Ecology; Global and Planetary Change,https://www.cambridge.org/core/services/aop-cambridge-core/content/view/2FE5BEFF5746935B53EDF8B0B7873735/S0959270908000300a.pdf/div-class-title-the-role-of-science-and-advocacy-in-the-conservation-of-southern-ocean-albatrosses-at-sea-div.pdf,34,322
"Soil–landform–plant-community relationships of a periglacial landscape on Potter Peninsula, maritime Antarctica","Abstract. Integrated studies on the interplay between soils, periglacial geomorphology and plant communities are crucial for the understanding of climate change effects on terrestrial ecosystems of maritime Antarctica, one of the most sensitive areas to global warming. Knowledge on physical environmental factors that influence plant communities can greatly benefit studies on the monitoring of climate change in maritime Antarctica, where new ice-free areas are being constantly exposed, allowing plant growth and organic carbon inputs. The relationship between topography, plant communities and soils was investigated on Potter Peninsula, King George Island, maritime Antarctica. We mapped the occurrence and distribution of plant communities and identified soil–landform–vegetation relationships. The vegetation map was obtained by classification of a QuickBird image, coupled with detailed landform and characterization of 18 soil profiles. The sub-formations were identified and classified, and we also determined the total elemental composition of lichens, mosses and grasses. Plant communities on Potter Peninsula occupy 23% of the ice-free area, at different landscape positions, showing decreasing diversity and biomass from the coastal zone to inland areas where sub-desert conditions prevail. There is a clear dependency between landform and vegetated soils. Soils that have greater moisture or are poorly drained, and with acid to neutral pH, are favourable for moss sub-formations. Saline, organic-matter-rich ornithogenic soils of former penguin rookeries have greater biomass and diversity, with mixed associations of mosses and grasses, while stable felsenmeers and flat rocky cryoplanation surfaces are the preferred sites for Usnea and Himantormia lugubris lichens at the highest surface. Lichens sub-formations cover the largest vegetated area, showing varying associations with mosses.",2015,https://doi.org/10.5194/se-6-583-2015,article,https://www.solid-earth.net/6/583/2015/se-6-583-2015.pdf,Everton Luís Poelking; Carlos Ernesto Gonçalves Reynaud Schaefer; Elpı́dio Inácio Fernandes Filho; André Medeiros de Andrade; Adriano Afonso Spielmann,Lichen; Landform; Plant community; Vegetation (pathology); Moss; Biomass (ecology),Polar Research and Ecology; Geology and Paleoclimatology Research; Cryospheric studies and observations,Ecology; Atmospheric Science; Atmospheric Science,https://www.solid-earth.net/6/583/2015/se-6-583-2015.pdf,40,323
Population status of the Antarctic shag <i>Phalacrocorax</i> (<i>atriceps</i>) <i>bransfieldensis</i>,"Abstract Antarctic shags Phalacrocorax ( atriceps ) bransfieldensis are the southernmost cormorants in the world and assessment of their conservation status has been complicated by the logistical challenges of obtaining regular estimates of population size, as well as by taxonomic ambiguity of the blue-eyed shag complex. The available information on the taxonomy, distribution and population size of Antarctic shags are reviewed and a refined estimate of the global population is presented: 11 366 breeding pairs, plus an additional 1984 pairs of uncertain taxonomic status in the South Orkney Islands. This analysis suggests a possible spatial shift in the distribution of Antarctic shags similar to that reported for other Antarctic seabirds, which probably reflects a gradient in environmental changes along the western Antarctic Peninsula. This review should aid future conservation and management assessments.",2018,https://doi.org/10.1017/s0954102017000530,article,NA,Michael B. Schrimpf; Ron Naveen; Heather J. Lynch,Peninsula; Geography; Population,Avian ecology and behavior; Wildlife Ecology and Conservation; Species Distribution and Climate Change,Ecology; Ecology; Ecological Modeling,NA,17,329
A comprehensive large‐scale assessment of fisheries bycatch risk to threatened seabird populations,"Abstract Incidental mortality (bycatch) in fisheries remains the greatest threat to many large marine vertebrates and is a major barrier to fisheries sustainability. Robust assessments of bycatch risk are crucial for informing effective mitigation strategies, but are hampered by missing information on the distributions of key life‐history stages (adult breeders and non‐breeders, immatures and juveniles). Using a comprehensive biologging dataset (1,692 tracks, 788 individuals) spanning all major life‐history stages, we assessed spatial overlap of four threatened seabird populations from South Georgia, with longline and trawl fisheries in the Southern Ocean. We generated monthly population‐level distributions, weighting each life‐history stage according to population age structure based on demographic models. Specifically, we determined where and when birds were at greatest potential bycatch risk, and from which fleets. Overlap with both pelagic and demersal longline fisheries was highest for black‐browed albatrosses, then white‐chinned petrels, wandering and grey‐headed albatrosses, whereas overlap with trawl fisheries was highest for white‐chinned petrels. Hotspots of fisheries overlap occurred in all major ocean basins, but particularly the south‐east and south‐west Atlantic Ocean (longline and trawl) and south‐west Indian Ocean (pelagic longline). Overlap was greatest with pelagic longline fleets in May–September, when fishing effort south of 25°S is highest, and with demersal and trawl fisheries in January–June. Overlap scores were dominated by particular fleets: pelagic longline—Japan, Taiwan; demersal longline and trawl—Argentina, Namibia, Falklands, South Africa; demersal longline—Convention for Conservation of Antarctic Marine Living Resources (CCAMLR) waters, Chile, New Zealand. Synthesis and applications . We provide a framework for calculating appropriately weighted population‐level distributions from biologging data, which we recommend for future fisheries bycatch risk assessments. Many regions of high spatial overlap corresponded with high seabird bycatch rates recorded by on‐board observers, indicating that our approach reliably mapped relative bycatch risk at large spatial scales. Implementation of effective bycatch mitigation in these high‐risk regions varies considerably. Although potential bycatch risk appears to have decreased since the early 2000s, albatross and petrel populations from South Georgia and elsewhere are still declining, emphasizing the need for much improved observer coverage and monitoring of compliance with bycatch regulations.",2019,https://doi.org/10.1111/1365-2664.13407,article,https://besjournals.onlinelibrary.wiley.com/doi/pdfdirect/10.1111/1365-2664.13407,Thomas A. Clay; Cleo Small; Geoffrey N. Tuck; Déborah Pardo; Ana P. B. Carneiro; Andrew G. Wood; John P. Croxall; Glenn T. Crossin; Richard A. Phillips,Bycatch; Demersal zone; Fishery; Pelagic zone; Seabird; Fishing; Geography; Threatened species,Avian ecology and behavior; Fish Ecology and Management Studies; Marine and fisheries research,Ecology; Nature and Landscape Conservation; Global and Planetary Change,https://besjournals.onlinelibrary.wiley.com/doi/pdfdirect/10.1111/1365-2664.13407,99,330
"Summer fluctuations of microbial planktonic communities in a eutrophic lake--Cierva Point, Antarctica","A eutrophic lake at Cierva Point, Antarctic Peninsula was surveyed during the summers of 1997 and 1998. Phytoplankton size fractions (micro-, nano- and picoplankton) were analysed, as well as the abundance of bacterioplankton and planktonic ciliates. No permanent vertical stratification was found owing to the shallowness of the lake. Both nutrient concentrations and chlorophyll a values indicated highly eutrophic conditions, which are a consequence of a natural enrichment by seabirds. Significant differences in temperature between the 1997 and 1998 seasons strongly influenced most of the biological features. The phytoplankton community showed a high algal species-richness, with important contributions of epilithic, cryobiontic and soil algae. The dominant algal group was Chlorophyta, mainly represented by Chlamydomonas aff. celerrima, followed by Chl. aff. braunii. Some replacement of phytoplanktonic species took place in summer and was more evident in 1998. Picophytoplankton reached high densities, similar to those reported from other Antarctic lakes. Bacterioplankton abundances were typical of eutrophic and hypereutrophic lakes. There was a positive correlation between bacterial and total phytoplankton abundance. Ciliates reached some very high peaks, with higher figures than those reported for other Antarctic systems with similar trophic status.",2001,https://doi.org/10.1093/plankt/23.10.1095,article,NA,Irina Izaguirre,Eutrophication; Bacterioplankton; Picoplankton; Phytoplankton; Plankton; Ecology; Algae; Trophic level; Biology,Polar Research and Ecology; Marine and coastal ecosystems; Marine Biology and Ecology Research,Ecology; Oceanography; Oceanography,NA,44,331
"Tourism and Short-term Behavioural Responses of Nesting Masked, Red-footed, and Blue-footed, Boobies in the Galápagos","Increasingly, seabirds nesting on islands are exposed to tourists who view, photograph, and study, them for variable periods of time. The escalating frequency of human-seabird contacts on heretofore undisturbed nesting islands raises questions and concerns about the effects of human disturbance, and of the continued preservation of nesting colonies of marine birds. We examined short-term changes in behaviour of Masked ( Sula dactylagra ), Redfooted ( S. sula ), and Blue-footed ( S. nebouxii ), boobies when tourists walked by, and examined display station and nest placement as a function of distance from a regularlytraversed tourist path on Tower (Genovesa), Hood (Espanola), and North Seymour, Islands, Galápagos. Whether displaying boobies walked, flew, or remained on their station, when tourists passed, was related to their distance from the trail. Boobies displaying at stations on or up to 2 m from the trail, walked or flew from their station 62 to 95% of the time, depending on the species. All species of boobies performed more head and body turns, and gave-out more calls, after tourists passed than before, while the rate of preening did not differ. All three species of boobies avoided nesting right along the trail, despite similarities of habitat. These data suggest that boobies respond to tourists in subtle ways often related to their species, and that further studies should delineate impacts operating over longer periods—including reproductive success variation as a function of disturbance.",1993,https://doi.org/10.1017/s0376892900023043,article,NA,Joanna Burger; Michael Gochfeld,Nest (protein structural motif); Seabird; Geography; Habitat; Nesting (process),Avian ecology and behavior; Animal Behavior and Reproduction; Wildlife Ecology and Conservation,"Ecology; Ecology, Evolution, Behavior and Systematics; Ecology",NA,77,333
Salmonella Presence—An Indicator of Direct and Indirect Human Impact on Gentoo in Antarctica,"Antarctica remains one of the last areas, where direct human impact is limited. Compared to the rest of the world Antarctic environment could be considered as unpolluted. This explains the significant scientific interest to the effects of touristic activities, and especially during the last decade due to the increased number of tourists visiting diverse parts of the continent. The role of human activity for Salmonella presence in penguins remains unclear. The aim of the present study was to contribute to the knowledge to what extend Salmonella presence in penguins interstitial fauna might be used as an indicator of direct or indirect human impact on the Antarctic ecosystem, by investigating three Gentoo colonies, subjected to different levels of human impact. 16 individual fecal samples were taken per each Gentoo colony. The potentially pathogenic Salmonella typhimurium/enteridis occurred in both studied populations at King George Island at the rates 37,5% and 18,8% respectively, or at rates 85,7% and 60,0% of the positive for Salmonella sp. samples respectively. Unlike both populations at Admiralty bay, King George Island, all samples taken from the Caleta Argentina population at Livingston Island were positive neither for both pathogenic species nor for Salmonell sp.",2009,https://doi.org/10.1080/13102818.2009.10818411,article,https://www.tandfonline.com/doi/pdf/10.1080/13102818.2009.10818411?needAccess=true,Kiril M. Dimitrov; Roumiana Metcheva; Anelia Kenarova,Salmonella; Bay; Fauna; Biology; Ecology; Population,Salmonella and Campylobacter epidemiology; Aquaculture disease management and microbiota; Coral and Marine Ecosystems Studies,Food Science; Immunology; Ecology,https://www.tandfonline.com/doi/pdf/10.1080/13102818.2009.10818411?needAccess=true,11,336
"Influence of marine vertebrates on organic matter, phosphorus and other chemical element levels in Antarctic soils","Abstract The presence of marine vertebrates in dense reproductive colonies and other aggregations contributes to the input of organic matter and nutrients into the local environment and it is believed that chemical elements are subsequently remobilized from the excreta of these animals. In this study, we investigated the influence of marine vertebrates on trace elements levels (As, Cd, Co, Cu, Fe, Li, Lu, Mg, Mn, Ni, Pb, Sb, Sc, Se, Sm, Sn, Sr, Tb, U and Zn), nutrient (total phosphorus) and soil organic matter (SOM) content from five locations with and without the presence of seabirds and marine mammals in Admiralty Bay, King George Island, South Shetland Islands, Antarctica. Soils were acid digested using a microwave digestion system, elements were quantified using inductively coupled plasma mass spectrometry and SOM was calculated by loss-on-ignition. The non-influenced and vertebrate-influenced soils had similar concentrations of most of the trace elements assessed, however, we observed a significant increase in SOM and P that was positively correlated with the concentrations of As, Cd, Se, Sr and Zn. Although marine vertebrates did not appear to significantly increase the elemental concentrations in the soils examined here, there is a clear evidence of selective enrichment indicating a zoogenic influence. Comparing our results with other studies, we conclude that soil elemental levels are result from an interplay between local geology, vertebrate diet and colony size. Further studies with increased sample size are required to obtain a better understanding of the influence of marine vertebrates on chemical element levels in Antarctic soils.",2022,https://doi.org/10.1007/s00300-022-03091-8,article,https://link.springer.com/content/pdf/10.1007/s00300-022-03091-8.pdf,Juliana Souza‐Kasprzyk; Thaís de Castro Paiva; Peter Convey; Larissa Schmauder Teixeira da Cunha; Tuany Alves Soares; Krzysztof Zawierucha; Erli Schneider Costa; Przemysław Niedzielski; João Paulo Machado Torres,Organic matter; Soil water; Shetland; Trace element; Environmental chemistry; Phosphorus; Loss on ignition; Biology; Nutrient,Polar Research and Ecology; Isotope Analysis in Ecology; Mercury impact and mitigation studies,"Ecology; Ecology; Health, Toxicology and Mutagenesis",https://link.springer.com/content/pdf/10.1007/s00300-022-03091-8.pdf,10,340
"Influence of Organic Matter Content and Human Activities on the Occurrence of Organic Pollutants in Antarctic Soils, Lichens, Grass, and Mosses","Banned pesticides such as HCB and p,p'-DDE, and other legacy and ongoing pollutants such as PCBs and PAHs, were measured in different vegetation types and soil samples collected at selected areas from Antarctic Peninsula (Deception and Livingstone Islands, Southern Shetlands). Two Antarctic expeditions (in 2005 and 2009) were carried out to assess POPs levels at remote areas, and close to current and abandoned Antarctic research settlements, to assess potential sources of pollutants. Overall, the patterns in lichens, mosses, and grass were dominated by low molecular PCB congeners and PAHs and the presence of HCB and p,p'-DDE rather than heavier compounds, suggesting the importance of long-range atmospheric transport of POPs as the main vector for the introduction of these chemicals to Antarctica. Statistically significant correlations (p-level < 0.05) between concentrations in vegetation of PCBs, p,p'-DDE, and the more volatile PAHs with lipid content were found with r(2) of 0.22-0.52 for PCBs, 0.42 for p,p'-DDE, and 0.44-0.72 for the more volatile PAHs. Thus, lipid content is an important factor controlling POPs in Antarctic lichens, mosses, and grass. A strong significant dependence of HCB (r(2) = 0.83), p,p'-DDE (r(2) = 0.60), and PCBs (r(2) = 0.36-0.47) concentrations in soil on its organic carbon content was also observed, indicating the important role of soil organic matter (SOM) in the retention of PCBs and OCPs in Polar Regions, where SOM content is low. Penguin colonies enhance the SOM content in some areas which is reflected in higher concentrations of all POPs, especially of persistent compounds such as p,p'-DDE. Higher concentrations of PCBs and PAHs found at the currently active Byers Camp (in an Antarctic Specially Protected Area) were explained by higher SOM content, thus indicating that Antarctic regulations are being successfully fulfilled in this small research area. On the other hand, PAHs in soils proximate to current Juan Carlos I research station show that even small human settlements are an important source of PAHs to the local environment. Therefore, even though the concentrations in Antarctica are low, there is evidence of local hotspots of contamination.",2012,https://doi.org/10.1021/es203425b,article,https://uvadoc.uva.es/bitstream/10324/65152/1/cabrerizo-et-al-2012-influence-of-organic-matter-content-and-human-activities-on-the-occurrence-of-organic-pollutants.pdf,Ana Cabrerizo; Jordi Dachs; ‪Damià Barceló; Kevin C. Jones,Lichen; Environmental chemistry; Pollutant; Organic matter; Soil water; Persistent organic pollutant; Environmental science; Vegetation (pathology),Toxic Organic Pollutants Impact; Polar Research and Ecology; Lichen and fungal ecology,"Health, Toxicology and Mutagenesis; Ecology; Ecology, Evolution, Behavior and Systematics",NA,159,341
"A new sex determination method using morphological traits in adult chinstrap and gentoo penguins on King George Island, Antarctica","Sex identification is a fundamental work for studying the behavioural ecology in animals. Although recent molecular sexing techniques have enabled us to distinguish the sexes, it is still convenient to discriminate the sexes with morphological traits especially when surveying colonial animals under harsh field conditions. For chinstrap and gentoo penguins in Antarctica, previous studies developed several morphological discriminant functions, but many studies did not adopt molecular sexing methods for deciding sexes. In this study, we tested previous morphology-based sexing methods to determine their applicability to adult chinstrap and gentoo penguins breeding at Narębski Point (Antarctic Specially Protected Area No. 171) in Barton Peninsula on King George Island. Furthermore, we aimed to develop alternative morphological features to reliably discriminate penguin sexes. Our results showed that the accuracies of previously suggested functions varied among discriminant functions in both species (approximately 64–82%). Here, we developed new functions to discriminate sexes in chinstrap and gentoo penguins, using bill and middle toe size which are easily acquired and less error-prone. The classification accuracy of the discriminant functions derived in this study was >90% for both species. Also, it was successfully applicable to another chinstrap population.",2015,https://doi.org/10.1080/19768354.2014.1003600,article,https://www.tandfonline.com/doi/pdf/10.1080/19768354.2014.1003600?needAccess=true&role=button,Won Young Lee; Jin-Woo Jung; Yeong‐Deok Han; Hosung Chung; Jeong‐Hoon Kim,Sexing; Discriminant function analysis; Biology; Ecology; Zoology; Sexual dimorphism,Avian ecology and behavior; Animal Behavior and Reproduction; Animal Vocal Communication and Behavior,"Ecology; Ecology, Evolution, Behavior and Systematics; Developmental Biology",https://www.tandfonline.com/doi/pdf/10.1080/19768354.2014.1003600?needAccess=true&role=button,4,344
Assessment of the Importance of Nutrient Recycling by Seabirds in the St. Lawrence Estuary,"Feeding and excretion rates of the herring, great black-backed, and ring-billed gulls (Larus argentatus, L. marinus, and L. delawarensis), and of the common eider (Somateria mollissima) were measured in captive individuals and the concentration of soluble nutrients in their excreta was established.The bird population in a 30.6-km 2 coastal study area varied between 2500 and 12 500 individuals between early May and mid-November. These birds excreted a seasonal total of 5.8, 4.2, and 48.1 kg-at. of soluble silicate, phosphate, and nitrogenous compounds, respectively. Such quantities, when introduced in the nutrient budget of the coastal area studied, are found to be negligible, considering the levels of nutrients generally recorded in these waters on the one hand, and the relative importance of alternate sources such as land drainage and vertical mixing on the other. Thus, the seabirds can hardly be viewed, except perhaps under the most special circumstances, as important agents in the dynamic nutrient regeneration processes of marine coastal waters of the St. Lawrence Estuary.Key words: nutrient recycling, seabirds, St. Lawrence Estuary",1980,https://doi.org/10.1139/f80-074,article,NA,Jean Bédard; J-C Therriault; Joane Bérubé,Eider; Herring; Estuary; Larus; Nutrient; Herring gull; Population; Fishery,Isotope Analysis in Ecology; Avian ecology and behavior; Marine and coastal ecosystems,Ecology; Ecology; Oceanography,NA,58,352
First fossilized skin of a giant penguin from the Eocene of Antarctica,"An articulated wing belonging to Palaeeudyptes gunnari containing mineralized skin was found in Lutetian (middle Eocene) sediments from Seymour Island, Antarctica. It shows the connective tissues, morphology and density of the feather follicles, and a groove pattern left by the feather calami resting on the skin. Analysis of the preserved surfaces indicates a composition of calcium phosphate. This is the most complete and only articulated wing described for this species and represents the first record of a neornithine bird preserving three-dimensional integument. Plumage density of the wing MLP 14-I-10-22, estimated by counting the follicles under a stereoscopic microscope, is lower than that of the modern Emperor penguin.",2020,https://doi.org/10.1111/let.12366,article,NA,Carolina Acosta Hospitaleche; Martín de los Reyes; Sergio Santillana; Marcelo Reguero,Geology; Paleontology,Paleontology and Evolutionary Biology; Ichthyology and Marine Biology; Marine animal studies overview,Paleontology; Nature and Landscape Conservation; Ecology,NA,14,353
Contrasting phylogeographic pattern among Eudyptes penguins around the Southern Ocean,"Since at least the middle-Miocene, the Antarctic Polar Front (APF) and the Subtropical Front (STF) appear to have been the main drivers of diversification of marine biota in the Southern Ocean. However, highly migratory marine birds and mammals challenge this paradigm and the importance of oceanographic barriers. Eudyptes penguins range from the Antarctic Peninsula to subantarctic islands and some of the southernmost subtropical islands. Because of recent diversification, the number of species remains uncertain. Here we analyze two mtDNA (HVRI, COI) and two nuclear (ODC, AK1) markers from 13 locations of five putative Eudyptes species: rockhopper (E. filholi, E. chrysocome, and E. moseleyi), macaroni (E. chrysolophus) and royal penguins (E. schlegeli). Our results show a strong phylogeographic structure among rockhopper penguins from South America, subantarctic and subtropical islands supporting the recognition of three separated species of rockhopper penguins. Although genetic divergence was neither observed among macaroni penguins from the Antarctic Peninsula and sub-Antarctic islands nor between macaroni and royal penguins, population genetic analyses revealed population genetic structure in both cases. We suggest that the APF and STF can act as barriers for these species. While the geographic distance between colonies might play a role, their impact/incidence on gene flow may vary between species and colonies.",2018,https://doi.org/10.1038/s41598-018-35975-3,article,https://www.nature.com/articles/s41598-018-35975-3.pdf,María José Frugone; Andrew Lowther; Daly Noll; Bárbara Ramos; Pierre Pistorius; Gisele P.M. Dantas; Maria Virgı́nia Petry; Francesco Bonadonna; Antje Steinfurth; Andrea Polanowski; Andrea Raya Rey; Nicolás A. Lois; Klemens Pütz; Philip N. Trathan; Bárbara Wienecke; Élie Poulin; Juliana A. Vianna,Subtropical front; Phylogeography; Peninsula; Ecology; Population; Subtropics; Biology,Genetic diversity and population structure; Genomics and Phylogenetic Studies; Avian ecology and behavior,Genetics; Molecular Biology; Ecology,https://www.nature.com/articles/s41598-018-35975-3.pdf,29,354
"Ultrastructure of Lobosphaera reniformis (Watanabe) Komárek et Fott (Chlorellales) from King George Island, South Shetland Islands, Antarctica","&lt;i&gt;Lobosphaera reniformis&lt;/i&gt; (Wat.) Kom. et Fott (=&lt;i&gt;Chlorella reniformis&lt;/i&gt; Wat.) so far known only from Japan, and Papua Island, was for the first time found in Antarctica (King George Island, South Shetland Islands). In laboratory cultures a complete life cycle was obtained, and most of its stages were followed by the electron microscopy. Reproduction is by morphologically different autospores. In some large vegetative cells two Golgi apparatuses lying side by side were observed.",2013,https://doi.org/10.5586/asbp.1994.029,article,https://pbsociety.org.pl/journals/index.php/asbp/article/download/asbp.1994.029/858,Andrzej Massalski; Teresa Mrozińska; Maria Olech,Shetland; George (robot); Ultrastructure; Biology,Polar Research and Ecology; Algal biology and biofuel production; Marine and coastal plant biology,"Ecology; Renewable Energy, Sustainability and the Environment; Oceanography",https://pbsociety.org.pl/journals/index.php/asbp/article/download/asbp.1994.029/858,4,361
"Roseovarius antarcticus sp. nov., isolated from a decayed whale bone","A pale yellow, ovoid- to rod-shaped and budding bacterium, designated strain M-S13-148 T , was isolated from a decayed bone of whale from the eastern coast of King George Island, South Shetlands, Antarctica. Strain M-S13-148 T exhibited motility, aerobic growth and was Gram-stain-negative. Strain M-S13-148 T was positive for catalase and oxidase. Growth was observed at pH 6.0–9.0, at 4–42 °C and with 0–14 % (w/v) NaCl. The novel strain contained diphosphatidylglycerol, phosphatidylglycerol, phosphatidylcholine, phosphatidylethanolamine and an unknown phospholipid as the major polar lipids. The dominant cellular fatty acids were summed feature 8 (C 18 : 1 ω7 c and/or C 18 : 1 ω6 c ), (58.8 %) and C 16 : 0 (11.7 %). The respiratory quinone was Q-10 and the DNA G+C content was 60.9 mol%. Neighbour-joining, maximum-likelihood and minimum-evolution phylogenetic trees, based on 16S rRNA gene sequences, indicated that strain M-S13-148 T belonged to the genus Roseovarius and was most closely related to Roseovarius nanhaiticus CCTCC AB 208317 T (93.72 % 16S rRNA gene sequence similarity). The 16S rRNA gene sequence similarity with respect to members of the genus Roseovarius ranged from 91.81 to 93.94 %. On the basis of phenotypic, molecular and chemotaxonomic characteristics, strain M-S13-148 is considered to represent a novel species of the genus Roseovarius , for which the name Roseovarius antarcticus sp. nov., is proposed. The type strain is M-S13-148 T ( = CCTCC AB2014072 T = LMG 28420 T ).",2015,https://doi.org/10.1099/ijs.0.000259,article,https://doi.org/10.1099/ijs.0.000259,Sangsang Deng; Fan Jiang; Xulu Chang; Zhihao Qu; Lvzhi Ren; Yumin Zhang; Wenjing Kan; Xuyang Da; Xia Qiu; Myongchol Kim; Chengxiang Fang; Fang Peng,16S ribosomal RNA; Biology; Phylogenetic tree; Strain (injury); Phosphatidylglycerol,Genomics and Phylogenetic Studies; Microbial Community Ecology and Physiology; Bacteriophages and microbial interactions,Molecular Biology; Ecology; Ecology,NA,22,362
Consistent variation in individual migration strategies of brown skuas,"MEPS Marine Ecology Progress Series Contact the journal Facebook Twitter RSS Mailing List Subscribe to our mailing list via Mailchimp HomeLatest VolumeAbout the JournalEditorsTheme Sections MEPS 578:213-225 (2017) - DOI: https://doi.org/10.3354/meps11932 Consistent variation in individual migration strategies of brown skuas Johannes Krietsch1, Steffen Hahn2, Matthias Kopp1, Richard A. Phillips3, Hans-Ulrich Peter1, Simeon Lisovski4,5,* 1Friedrich Schiller University Jena, Institute of Ecology, Polar and Bird Ecology Group, 07743 Jena, Germany 2Swiss Ornithological Institute, Department of Bird Migration, 6204 Sempach, Switzerland 3British Antarctic Survey, Natural Environment Research Council, Cambridge CB3 0ET, UK 4Deakin University, School of Life and Environmental Sciences, Centre for Integrative Ecology, Geelong, Victoria 3220, Australia 5University of California, Department of Neurobiology, Physiology, and Behavior, One Shields Avenue, Davis, California 95616, USA *Corresponding author: simeon.lisovski@gmail.comAdvance View was available online January 5, 2017 ABSTRACT: Seabirds show remarkable variability in migration strategies among individuals and populations. In this study, we analysed 47 migrations of 28 brown skuas Catharacta antarctica lonnbergi breeding on King George Island in the Maritime Antarctic. Brown skuas from this population used a large area during the non-breeding period north of 55°S, including parts of the Patagonian Shelf, Argentine Basin and South Brazil Shelf, areas which are characterised by high levels of marine productivity. However, individual birds utilised only a subset of these areas, adopting 1 of 4 distinct migration strategies to which they were highly faithful between years, and showed high repeatability in departure and arrival dates at the breeding ground. Although they spent the majority of the non-breeding season within a particular region, almost all individuals used the same area in the late winter, exploiting its seasonal peak in productivity. Overall, these results indicate consistent individual variation in migration strategies that may reflect a combination of genetic control and individual experience, but with considerable flexibility to shift distribution in response to prevailing environmental conditions. KEY WORDS: Catharacta antarctica lonnbergi · Seabird ecology · Light-level geolocation · Non‑breeding distribution · Individual consistency · Ocean primary productivity · Migratory connectivity Full text in pdf format PreviousNextCite this article as: Krietsch J, Hahn S, Kopp M, Phillips RA, Peter HU, Lisovski S (2017) Consistent variation in individual migration strategies of brown skuas. Mar Ecol Prog Ser 578:213-225. https://doi.org/10.3354/meps11932 Export citation RSS - Facebook - Tweet - linkedIn Cited by Published in MEPS Vol. 578. Online publication date: August 31, 2017 Print ISSN: 0171-8630; Online ISSN: 1616-1599 Copyright © 2017 Inter-Research.",2016,https://doi.org/10.3354/meps11932,article,https://www.int-res.com/articles/theme/m578p213.pdf,Johannes Krietsch; Steffen Hahn; Matthias Kopp; RA Phillips; HU Peter; Simeon Lisovski,Ornithology; Ecology; Geography,Avian ecology and behavior; Animal Behavior and Reproduction; Marine animal studies overview,"Ecology; Ecology, Evolution, Behavior and Systematics; Ecology",https://www.int-res.com/articles/theme/m578p213.pdf,31,363
"Changes in the lichen biota of the Lions Rump area, King George Island, Antarctica, over the last 20 years","Climate changes observed in recent years in the maritime Antarctic have affected the tundra vegetation, including plant communities in which lichens are a dominant component. The results of comparative studies (1988 and 1990 vs. 2007 and 2008) on the dynamics of the lichen biota within the Antarctic Specially Protected Area No. 151 (King George Island, Antarctica) minimally influenced by human impact, are presented. This long-term experiment is aimed at determining the trends and rate of changes on lichen biota induced by climate warming and rapid deglaciation. The most significant changes affecting the lichen biota have taken place in the forefield of a glacier and on the young moraines where in the second period of studies three species (Polyblastia gothica, Thelenella kerguelena, Thelocarpon cyaneum) were not refound. There was also a reduction in the number of other sites for some species (e.g. Leptogium puberulum, Staurothelle gelida) caused by substrate desiccation. On the other hand, there was an increase in the range of pioneering species (e.g. Bacidia chrysocolla, Caloplaca johnstonii, Candelariella aurella, Lecanora dispersa) on young moraines recently uncovered by the retreating glacier. The smallest changes were observed on the cliff rocks near penguin colonies.",2016,https://doi.org/10.1007/s00300-015-1863-0,article,https://link.springer.com/content/pdf/10.1007/s00300-015-1863-0.pdf,Maria Olech; Agnieszka Słaby,Lichen; Biota; Glacier; Biology; Ecology; Moraine,Polar Research and Ecology; Climate change and permafrost; Geology and Paleoclimatology Research,Ecology; Atmospheric Science; Atmospheric Science,https://link.springer.com/content/pdf/10.1007/s00300-015-1863-0.pdf,11,375
"The Diet of the Antarctic Shag during Summer at Nelson Island, Antarctica","Analysis of 139 stomach contents of the Antarctic Shag (Phalacrocorax bransfieldensis) collected at Nelson Island, Antarctica, showed that fish were the main component in the diet, followed by octopods, gammarids, euphausiids, and polychaetes. The fish Notothenia coriiceps predominated in frequency (56%) and in mass (49%), whereas Harpagifer antarcticus was the most important by number (58%). The sizes of N. coriiceps and H. antarcticus taken by males were significantly larger than those caught by females. This dietary difference is probably due to differential prey selection related to shags' sexual dimorphism, temporal prey availability, and/or different foraging depths/areas. Observations at nests showed that females mainly foraged in the morning, whereas males foraged in the evening. No significant differences were observed between the number of daily foraging trips made by males and females, averaging 1.7 during incubation, 2.0 in early chick-rearing, and 4.6 during the late chick-rearing period. The estimated daily food intakes were 321, 315, and 758 g for females, and 421, 582, and 1,288 g for males during incubation, early and late chick-rearing, respectively.",1998,https://doi.org/10.2307/1369902,article,https://academic.oup.com/condor/article-pdf/100/1/112/28200294/condor0112.pdf,Marco Favero; Ricardo Casaux; Patrícia Mirella da Silva; Esteban Barrera-Oro; Néstor Coria,Foraging; Biology; Predation; Sexual dimorphism; Incubation; Morning; Zoology,Marine and fisheries research; Fish Ecology and Management Studies; Marine Bivalve and Aquaculture Studies,Global and Planetary Change; Nature and Landscape Conservation; Global and Planetary Change,https://academic.oup.com/condor/article-pdf/100/1/112/28200294/condor0112.pdf,35,383
Panophthalmitis in a Gentoo Penguin (Pygoscelis Papua) From The Antarctic Peninsula: Evaluation of Microbiological and Histopathological Analysis Outcomes,"Abstract In this study, it was aimed to present the results of microbiological, cytological, histopathological, and immunohistochemical analyses of ocular samples from an Antarctic (Ardley Island, King George Island) Gentoo penguin chick ( Pygoscelis papua ) with pyogranulomatous panophthalmitis in the right eye. Samples were taken from both the healthy left eye and the lesion in the right eye. Conventional culture methods and phenotypic and molecular tests were used for bacterial isolation and identification, respectively. None of the isolates could be identified phenotypically. As a result, four of the five isolates obtained from the right eye were considered to belong to putative novel bacterial species and taxa as their similarity to GenBank data was below 98.75%. The isolates were considered to be Pasteurellaceae bacterium, Corynebacterium ciconiae , Cardiobacteriaceae bacterium, Actinomyces sp., and Dermabacteraceae bacterium. The only isolate from the left eye was identified as Psychrobacter pygoscelis . The cytological analysis demonstrated cell infiltrates composed mostly of degenerate heterophils, reactive macrophages, plasma cells, lymphocytes, and eosinophils. Based on histopathological findings, the lesion was defined as typical pyogranulomatous panophthalmitis. Immunohistochemistry demonstrated that the granuloma was positive for TNF-α, IL-4, MMP-9, IL-1β, and IL-6. This is the first documented report of unilateral pyogranulomatous panophthalmitis in a Gentoo penguin chick, living in its natural habitat in Antarctica. This report also describes the isolation of four bacteria from the infected eye, which are considered to belong to novel Genus, species, or taxa. The primary bacterial pathogen that caused the ocular lesion was not able to be detected and remains unclear.",2021,https://doi.org/10.21203/rs.3.rs-190292/v1,preprint,https://www.researchsquare.com/article/rs-190292/v1.pdf?c=1631888632000,Latife Çakır Bayram; Seçil Abay; İzzet Burçin Satıcıoğlu; Tolga Güvenç; Görkem EKEBAŞ; Fuat Aydın,Biology; Lesion; Pathology,Microbial infections and disease research; Ocular Infections and Treatments; Plant Pathogens and Fungal Diseases,Microbiology; Ophthalmology; Cell Biology,https://www.researchsquare.com/article/rs-190292/v1.pdf?c=1631888632000,2,385
"Long-term study of at-sea distribution of seabirds and marine mammals in the Scotia Sea, Antarctica","The Scotia Sea is one of the most biologically rich regions of Antarctica, and it hosts a large community of upper trophic-level predators. Long-term at-sea monitoring provides valuable information on the Antarctic marine ecosystem and relationships among top predators. This paper presents the results of at-sea monitoring of seabirds and cetaceans over five consecutive summer seasons (2010—2014) in the Scotia Sea, Antarctica. A total of 11 656 flying birds belonging to 24 species were recorded in 884 ten-minute counts. Six Procellariiformes species were abundant: Black-browed Albatross, Cape Petrel, Southern Fulmar, Antarctic Prion, Wilson’s Storm-petrel, and Black-bellied Storm-petrel. Only three of these species accounted for 82% of the total abundance: Antarctic Prion (40%), Southern Fulmar (22%), and Cape Petrel (20%). A total of 678 baleen whalesbelonging to five species were recorded along a sampling effort of 2 351 nautical miles: Humpback, Sei, Southern Right, Fin, and Minke whales, which had different abundances during the study. The Fin Whale had the highest mean encounter rate for the 5 years (0.29 whales per nautical mile), followed by the Humpback Whale (0.09 whales per nautical mile). Annual dissimilarity in abundance of both seabirds and cetaceans occurred in conjunction with changes in the sea surface temperature and ice cover, showing the dependence of top predators on environmental changes. The largest aggregations of all top predators (seabirds and cetaceans) were recorded in two regions, west and south of the South Orkney Islands, suggesting important prey availability (especially krill) in those areas. Citation: Orgeira J L, Alderete M C, Jimenez Y G, et al. Long-term study of at-sea distribution of seabirds and marine mammals in the Scotia Sea, Antarctica. Adv Polar Sci, 2015, 26: 158-167, doi: 10.13679/j.advps.2015.2.00158",2015,https://doi.org/10.13679/j.advps.2015.2.00158,article,NA,José Luis Orgeira; Mariela del Carmen Alderete; Yohana G. Jiménez; Juan Cruz González,Baleen; Predation; Fishery; Albatross; Petrel; Seabird,Marine animal studies overview; Avian ecology and behavior; Arctic and Antarctic ice dynamics,Ecology; Ecology; Atmospheric Science,NA,4,386
Multi-scale assessment of distribution and density of procellariiform seabirds within the Northern Antarctic Peninsula marine ecosystem,"Abstract The Antarctic Peninsula is one of the most rapidly warming regions on earth, and it is likely that the abundance and distribution of marine predators will change as a result.Procellariiform seabirds are highly mobile predators, which target specific habitat characteristics associated with underlying distributions of prey and areas of increased prey availability. We use ship surveys and hurdle models, to estimate the summer distribution and relative density of 11 seabird species within the northern Antarctic Peninsula marine ecosystem. Models differed among species; however, sea surface temperature and depth were frequently associated with seabird occurrence and had the greatest explanatory power across many species. Null models based on observation data were better at predicting seabird density than models that included environmental covariates. This suggests that the main driver of distribution patterns is the broad-scale habitat features, and fine-scale aggregations within these ranges are harder to predict. Our seabird distribution models reflect known habitat associations, species hotspots, and community organization relative to oceanic and coastal marine processes. Application of species distribution models will benefit the assessments of critical habitat and potential responses to climate change and anthropogenic disturbance, which will provide insight into how species may change in polar ecosystems.",2021,https://doi.org/10.1093/icesjms/fsab020,article,https://research.bangor.ac.uk/portal/files/38998653/WarwickEvans_ICES1_PrePrint.pdf,Victoria Warwick‐Evans; Jarrod A. Santora; James J. Waggitt; Philip N. Trathan,Seabird; Habitat; Ecology; Marine ecosystem; Peninsula; Ecosystem; Abundance (ecology); Species distribution,Species Distribution and Climate Change; Avian ecology and behavior; Climate variability and models,Ecological Modeling; Ecology; Global and Planetary Change,NA,12,387
"Necrophagous lysianassoid Amphipoda in the diet of Antarctic tern at King George Island, Antarctica","Amphipod crustaceans constituted 30% of the food biomass from the stomachs of Antarctic tern ( Sterna vittata ) captured at King George Island in three consecutive seasons. Five species of lysianassoid amphipods occurred in the material: Abyssorchomene plebs, Cheirimedon femoratus, Hippomedon kergueleni, Waldeckia obesa and Orchomenella rotundifrons. All these amphipods are known as necrophages inhabiting the upper and middle sublittoral of western Antarctic. They are commonly caught in masses in baited traps, but never occur in the littoral zone or in tidal pools. It is suggested that the source of the amphipod diet of S. vittata are seal or penguin carcasses and dead fish brought by waves to the tidal zone, serving as a bait for necrophagous amphipod crustaceans when submerged in water before stranding on the beach.",1999,https://doi.org/10.1017/s0954102099000401,article,NA,Krzysztof Jażdżewski; Alicja Konopacka,Amphipoda; Crustacean; Littoral zone,Aquatic Invertebrate Ecology and Behavior; Marine Biology and Ecology Research; Fish Ecology and Management Studies,Ecology; Oceanography; Nature and Landscape Conservation,NA,20,394
"Identifying Important Bird and Biodiversity Areas in Antarctica Using RPAS Surveys—A Case Study of Cape Melville, King George Island, Antarctica","A remotely piloted aircraft system (RPAS) survey of an area containing the eastern extremity of King George Island, including Cape Melville and an extensive part of Destruction Bay, as well as small offshore islands, was undertaken in December 2022. Using RPAS, an inventory of the Destruction Bay area was performed. Chinstrap penguin and Antarctic shag nests were found on Cape Melville and on Trowbridge Island, Middle Island, and an unnamed area located between the Ørnen Rocks formation and Trowbridge Island. During the survey, 507 Antarctic shag nests and over 9000 chinstrap penguin nests were mapped in the investigated area; 458 Antarctic shag nests and 4960 ± 19 chinstrap penguin nests aggregated together on an 8.61 ha land section of Cape Melville were identified. The quantity of Antarctic shag nests found allows for the classification of the area of Cape Melville as an IBA. Among the 175 currently known colonies of Antarctic shags in Antarctica, this is the fifth largest. In this paper, we present the results of the survey, including orthophotos with mapped nest locations. We propose the following recommendations to policy makers and the scientific community: (1) the area of Cape Melville should be classified as an Antarctic Important Bird and Biodiversity Area; (2) based on the RPAS flight, a new boundary of the Cape Melville IBA is proposed; (3) the threshold value (based on &gt;1% of species) to establish an IBA for Antarctic shags should be changed to 122 to reflect the increased estimate of the global population of Antarctic shags; and (4) an inventory of all areas, including previous IBAs that can be qualified as “major colonies of breeding native birds”, should be recommended at the Antarctic Treaty Consultative Meeting (ATCM). In logistically inaccessible bird breeding sites, such as the one presented here, RPASs should be used to carry out regular monitoring of Antarctic Important Bird and Biodiversity Areas.",2023,https://doi.org/10.3390/drones7080538,article,https://www.mdpi.com/2504-446X/7/8/538/pdf?version=1692531029,Katarzyna Fudala; Robert Józef Bialik,Cape; Bay; Shetland; Geography; Oceanography; Population,Polar Research and Ecology; Avian ecology and behavior; Species Distribution and Climate Change,Ecology; Ecology; Ecological Modeling,https://www.mdpi.com/2504-446X/7/8/538/pdf?version=1692531029,3,396
Pygoscelis Penguins as Indicators of Perfluoroalkyl Substances Pollution and Global Health Risks - Case Study from King George Island (Western Antarctic),NA,2025,https://doi.org/10.2139/ssrn.5230789,preprint,NA,Andrzej R. Reindl; Wolska Lidia; Jakub Pawłowski; Kinga Hoszek-Mandera; Magdalena Bełdowska; Katarzyna Fudala; Robert Józef Bialik; Anna Panasiuk,George (robot); Pygoscelis; Pollution,Per- and polyfluoroalkyl substances research; Atmospheric chemistry and aerosols; Air Quality and Health Impacts,"Environmental Chemistry; Atmospheric Science; Health, Toxicology and Mutagenesis",NA,0,397
"Mercury‐selenium association in antarctic seal hairs and animal excrements over the past 1,500 years","Abstract Strong positive correlations between selenium (Se) and total mercury (Hg T ) contents in the liver of marine mammals and mercury mine workers in modern times have been documented in numerous investigations. Herein, we report a positive correlation between Se and Hg T concentrations over the past 1,500 years in the seal hairs and in the lake sediments amended by seal or penguin excrements on King George Island (63°23′S, 57°00′W), West Antarctica. Because the changes in the input of Se and Hg into the marine environments of the studied sites do not seem to be synchronous, this striking correlation indicates a self‐protection mechanism in Antarctic seals and penguins: Every time there is heavier Hg burden, more Se is accumulated to reduce the toxicity of Hg. This positive correlation between Hg and Se contents in the seal hairs and excrement sediments, however, becomes insignificant in the recent 50 years for unknown reasons.",2007,https://doi.org/10.1897/06-128.1,article,NA,Xuebin Yin; Liguang Sun; Renbin Zhu; Xiaodong Liu; Di‐Yun Ruan; Yuhong Wang,Mercury (programming language); Selenium; Positive correlation; Environmental chemistry; Fur seal,Mercury impact and mitigation studies; Selenium in Biological Systems,"Health, Toxicology and Mutagenesis; Nutrition and Dietetics",NA,18,400
Skuas (<i>Stercorarius</i> spp.) moult body feathers during both the breeding and inter‐breeding periods: implications for stable isotope investigations in seabirds,"Seabirds are mostly thought to moult during the inter‐breeding period and the isotopic values of their feathers are often therefore assumed to relate to their assimilated diet during such periods. We observed Brown Skuas Stercorarius antarcticus lonnbergi and South Polar Skuas Stercorarius maccormicki moulting on a breeding site at King George Island, Antarctica. This raises concerns about the reliability of using stable isotopes in feathers to infer feeding localities of birds during the inter‐breeding period. We analysed the δ 13 C and δ 15 N values of growing and fully grown body feathers collected from the same individuals. For both species, δ 13 C values of growing feathers indicated feeding areas in the Antarctic zone (breeding grounds), whereas most fully grown feathers (100% for South Polar Skuas and 93.3% for Brown Skuas) could be assigned to northern latitudes (non‐breeding grounds). However, a few fully grown body feathers of Brown Skuas (6.7% of the feathers, belonging to two birds) showed isotopic values that indicated moult in the Antarctic zone. As the growth period of those feathers was unknown, they could not be used with confidence to depict the foraging behaviour of the birds during the non‐breeding period. Although precautions must be taken when inferring dietary information from feathers in seabirds where the moulting pattern is unknown, this study shows that if the development stage of a feather (growing/fully grown) is identified, then dietary information from both breeding and non‐breeding seasons can be obtained on the same individual birds.",2016,https://doi.org/10.1111/ibi.12441,article,NA,Maricel Graña Grilli; Yves Cherel,Feather; Moulting; Biology; Flight feather; Ecology,Isotope Analysis in Ecology; Avian ecology and behavior; Marine animal studies overview,Ecology; Ecology; Ecology,NA,9,407
Breeding Population and Nesting Habitat of Skuas in the Harmony Point Antarctic Specially Protected Area,"Regular monitoring of breeding population abundance and environmental factors related to the nesting habitat has proven fundamental for seabird conservation. Harmony Point (Nelson Island) is an Antarctic Specially Protected Area (ASPA) designated to manage and protect the high biological value of seabirds’ richness and abundance. However, due to the remote location of their breeding sites, many species lack updated population counts. Skuas (Catharacta sp.) exhibited a two-decade gap since the last census was conducted in Harmony Point. The abundance and spatial distribution of the nests of skuas were studied during the austral summer of 2019/2020. Through an exhaustive search, we counted and mapped active nests. Nesting habitat was assessed by the use of an unmanned aerial vehicle to take aerial pictures and build an orthomosaic image to determine vegetation in the area. Additionally, a digital elevation model was built to calculate a series of geomorphological-related variables. Suitability models were used to estimate the importance of variables to the nesting of skuas. A total of 71 brown skua (Catharacta antarctica) and 3 south polar skua (C. maccormicki) nests were counted. Two of the seven variables (terrain slope and vegetation cover) accounted for 57.5% ± 14.1% of the models’ variability; sun radiation incidence, and wind shielding were of secondary importance. Water flow accumulation, distance from penguin colonies, and terrain elevation were the least important variables. Skuas selected for nesting flat terrains (slope &lt; 10°) with a vegetation cover of above 20%, slightly higher sun incidence (270 to 280 kW/h), and intermediary windshielding (45% to 55% of exposition). Considering previous estimates, the skua species at Harmony Point has kept an apparently stable population size over the last 25 years. However, expected changes in nesting habitat availability, i.e., increased snow-free area, increased wind intensity, changes in vegetation cover, and reduction of penguin populations, might change population size in the mid to long term.",2023,https://doi.org/10.3390/d15050638,article,https://www.mdpi.com/1424-2818/15/5/638/pdf?version=1683796336,Francisco Santa Cruz; Lucas Krüger,Species richness; Habitat; Ecology; Population; Geography,Polar Research and Ecology; Cryospheric studies and observations; Avian ecology and behavior,Ecology; Atmospheric Science; Ecology,https://www.mdpi.com/1424-2818/15/5/638/pdf?version=1683796336,2,410
"Hymenobacter artigasi sp. nov., isolated from air sampling in maritime Antarctica","A rod-shaped and Gram-stain-negative bacterial strain, 1BT, was isolated from an air sample collected at King George Island, maritime Antarctica. Strain 1BT is strictly aerobic, psychrophilic, catalase-positive, oxidase-positive and non-motile. Growth of strain 1BT is observed at 0-20 °C (optimum, 10 °C), pH 6.0-8.0 (optimum, pH 8.0) and in the presence of 0-1.0% NaCl (optimum, 0.5 % NaCl). Phylogenetic analysis based on 16S rRNA gene sequences places strain 1BT within the genus Hymenobacter and shows the highest similarity to Hymenobacter antarcticus VUG-A42aaT (97.5 %). The predominant menaquinone of strain 1BT is MK-7 and the major fatty acids (>10 %) comprise summed feature 3 (C16 : 1 ω7c and/or C16 : 1 ω6c; 32.5 %), iso-C15 : 0 (17.6 %) and anteiso C15 : 0 (12.3 %). The polar lipid profile consists of the major compounds phosphatidylethanolamine, phosphatidylserine, two unidentified aminolipids and one unidentified phospholipid. The DNA G+C content based on the draft genome sequence is 61.2 mol%. Based on the data from the current polyphasic study, 1BT represents a novel species of the genus Hymenobacter, for which the name Hymenobacter artigasi sp. nov. is suggested. The type strain is 1BT (=CCM 8970T=CGMCC 1.16843T).",2020,https://doi.org/10.1099/ijsem.0.004362,article,https://doi.org/10.1099/ijsem.0.004362,Diego M. Roldán; Nikos C. Kyrpides; Tanja Woyke; Nicole Shapiro; William B. Whitman; Stanislava Králová; Ivo Sedláček; Hans‐Jürgen Busse; Rodolfo Javier Menes,16S ribosomal RNA; Strain (injury); Biology; Psychrophile; Phylogenetic tree,Genomics and Phylogenetic Studies; Microbial Community Ecology and Physiology; Polar Research and Ecology,Molecular Biology; Ecology; Ecology,NA,19,412
Diet of South Polar Skua Chicks in Two Areas of Sympatry with Brown Skua,"The food provided to South Polar Skuas (Stercorarius maccormicki) chicks was determined at two Antarctic sites where South Polar Skuas breed sympatrically with Brown Skuas (S. antarcticus). At Harmony Point on Nelson Island, 16 samples of regurgitated stomach contents were analyzed, all contained remains of penguin chicks (mostly soft tissues), which constituted the bulk of the contents, while only two samples had fish or krill remains. These South Polar Skuas had access to penguin colonies, where they hunted chicks or fed on fresh carcasses. However, at Half Moon Island, only two out of nine samples contained minor amounts of penguin remains while fish were the major dietary resource. The high fish content in their diet may indicate a preference for marine rather than terrestrial resources or be the result of competition with Brown Skuas. The variability in food items evidenced by the differences in regurgitated stomach contents indicates that South Polar Skuas may have a trophic plasticity that allows them to change their feeding habits from one resource to another one according to availability. Such may make them less vulnerable to a reduction in the availability of a particular food item.",2011,https://doi.org/10.1675/063.034.0412,article,https://ri.conicet.gov.ar/bitstream/11336/81695/2/CONICET_Digital_Nro.6e0e55b1-7543-494a-b4e2-cbba2a99fd18_A.pdf,Maricel Graña Grilli; Marcela Libertelli; Diego Montalti,Biology; Sympatry,Avian ecology and behavior; Wildlife Ecology and Conservation; Marine animal studies overview,Ecology; Ecology; Ecology,NA,12,413
"Nonlabens antarcticus sp. nov., a psychrophilic bacterium isolated from glacier ice, and emended descriptions of Nonlabens marinus Park et al. 2012 and Nonlabens agnitus Yi and Chun 2012","A Gram-negative, proteorhodopsin-containing, orange pigmented, rod-shaped and strictly aerobic bacterium, designated strain AKS622(T), was isolated from a glacier core collected from the coast of King George Island, Antarctica. 16S rRNA gene sequence analysis revealed that strain AKS622(T) was affiliated to the genus Nonlabens of the family Flavobacteriaceae and showed highest similarity to Nonlabens marinus S1-08(T) (97.9%). The level of DNA-DNA relatedness between strain AKS622(T) and N. marinus S1-08(T) was 46%. Optimal growth of strain AKS622(T) was observed at pH 7.0, at 15 °C and with 2.0% NaCl. The predominant cellular fatty acids were anteiso-C(15 : 0), iso-C(16 : 0), iso-C(16 : 0) 3-OH, C17:0 2-OH and summed feature 3 (comprising C(16 : 1)ω7c and/or C(16 : 1)ω6c). The DNA G+C content was 37.9 mol%. The major respiratory quinone was MK-6. Phosphatidylethanolamine, four unidentified glycolipids, three unidentified aminolipids and one unidentified lipid were detected as major polar lipids. On the basis of the data from this polyphasic taxonomic study, it was concluded that strain AKS622(T) represents a novel species within the genus Nonlabens, for which the name Nonlabens antarcticus sp. nov. is proposed. The type strain is AKS622(T) ( = KCCM 43019(T) = JCM 14068(T)). Emended descriptions of N. marinus Park et al. 2012 and Nonlabens agnitus Yi and Chun 2012 are given.",2013,https://doi.org/10.1099/ijs.0.056606-0,article,NA,Yong Min Kwon; Sung‐Hyun Yang; Kae Kyoung Kwon; Sang‐Jin Kim,Biology; Psychrophile; 16S ribosomal RNA; Flavobacteriaceae; Bacteria; Strain (injury),Microbial Community Ecology and Physiology; Genomics and Phylogenetic Studies; Protist diversity and phylogeny,Ecology; Molecular Biology; Molecular Biology,NA,22,415
Change in N and P Concentrations in Antarctic Streams as a Response to Change in Penguin Populations,"ABSTRACT This study presents changes in the concentrations of nitrogen and phosphorus in two streams in Western Antarctica (Admiralty Bay, King George Island, South Shetlands) that differ in trophic status. The results suggest a decline in concentrations of the determined forms of N and P between 2001 and 2005. The decrease ranged from 9.3% for reactive phosphorus to 73.2% for ammonium-nitrogen. Such inferred declines in N and P concentrations are considered to reflect reduced deposition on land of organic matter brought in from the seas by the penguins nesting in the area. The ultimate cause of this is in turn the steady decline in abundance that is being noted for these penguins.",2010,https://doi.org/10.2478/v10190-010-0006-2,article,http://journals.pan.pl/Content/98837/mainfile.pdf,Arkadiusz Nędzarek,Bay; STREAMS; Trophic level; Phosphorus; Ecology; Abundance (ecology); Oceanography; Environmental science,Fish Ecology and Management Studies; Avian ecology and behavior; Marine animal studies overview,Nature and Landscape Conservation; Ecology; Ecology,http://journals.pan.pl/Content/98837/mainfile.pdf,4,421
"Plant and Bird Presence Strongly Influences the Microbial Communities in Soils of Admiralty Bay, Maritime Antarctica","Understanding the environmental factors that shape microbial communities is crucial, especially in extreme environments, like Antarctica. Two main forces were reported to influence Antarctic soil microbes: birds and plants. Both birds and plants are currently undergoing relatively large changes in their distribution and abundance due to global warming. However, we need to clearly understand the relationship between plants, birds and soil microorganisms. We therefore collected rhizosphere and bulk soils from six different sampling sites subjected to different levels of bird influence and colonized by Colobanthus quitensis and Deschampsia antarctica in Admiralty Bay, King George Island, Maritime Antarctic. Microarray and qPCR assays targeting 16S rRNA genes of specific taxa were used to assess microbial community structure, composition and abundance and analyzed with a range of soil physico-chemical parameters. The results indicated significant rhizosphere effects in four out of the six sites, including areas with different levels of bird influence. Acidobacteria were significantly more abundant in soils with little bird influence (low nitrogen) and in bulk soil. In contrast, Actinobacteria were significantly more abundant in the rhizosphere of both plant species. At two of the sampling sites under strong bird influence (penguin colonies), Firmicutes were significantly more abundant in D. antarctica rhizosphere but not in C. quitensis rhizosphere. The Firmicutes were also positively and significantly correlated to the nitrogen concentrations in the soil. We conclude that the microbial communities in Antarctic soils are driven both by bird and plants, and that the effect is taxa-specific.",2013,https://doi.org/10.1371/journal.pone.0066109,article,https://journals.plos.org/plosone/article/file?id=10.1371/journal.pone.0066109&type=printable,Lia Teixeira; Etienne Yeargeau; Fabiano de Carvalho Balieiro; Marisa de Cássia Píccolo; Raquel S. Peixoto; Charles W. Greer; Alexandre Soares Rosado,Rhizosphere; Actinobacteria; Firmicutes; Biology; Bay; Ecology; Abundance (ecology),Polar Research and Ecology; Microbial Community Ecology and Physiology; Soil Carbon and Nitrogen Dynamics,Ecology; Ecology; Soil Science,https://journals.plos.org/plosone/article/file?id=10.1371/journal.pone.0066109&type=printable,30,424
"Drone-based monitoring and geomorphology of southern giant petrel nests near Palmer Station, western Antarctic Peninsula","Abstract Human activities and climate change threaten seabirds globally, and many species are declining from already small breeding populations. Monitoring of breeding colonies can identify population trends and important conservation concerns, but it is a persistent challenge to achieve adequate coverage of remote and sensitive breeding sites. Southern giant petrels ( Macronectes giganteus ) exemplify this challenge: as polar, pelagic marine predators they are subject to a variety of anthropogenic threats, but they often breed in remote colonies that are highly sensitive to disturbance. Aerial remote sensing can overcome some of these difficulties to census breeding sites and explore how local environmental factors influence important characteristics such as nest-site selection and chick survival. To this end, we used drone photography to map giant petrel nests, repeatedly evaluate chick survival and quantify-associated physical and biological characteristics of the landscape at two neighboring breeding sites on Humble Island and Elephant Rocks, along the western Antarctic Peninsula in January–March 2020. Nest sites occurred in areas with relatively high elevations, gentle slopes, and high wind exposure, and statistical models predicted suitable nest-site locations based on local spatial characteristics, explaining 72.8% of deviance at these sites. These findings demonstrate the efficacy of drones as a tool to identify, map, and monitor seabird nests, and to quantify important habitat associations that may constitute species preferences or sensitivities. These may, in turn, contextualize some of the diverse population trajectories observed for this species throughout the changing Antarctic environment.",2024,https://doi.org/10.1007/s00300-024-03243-y,article,https://link.springer.com/content/pdf/10.1007/s00300-024-03243-y.pdf,Gregory D. Larsen; Hanna F. Varga; Donna L. Patterson‐Fraser; David W. Johnston; Megan A. Cimino,Peninsula; Biology; Oceanography,Species Distribution and Climate Change; Avian ecology and behavior; Marine animal studies overview,Ecological Modeling; Ecology; Ecology,https://link.springer.com/content/pdf/10.1007/s00300-024-03243-y.pdf,3,425
"THE CORACOIDS IN FUNCTIONAL AND MORPHOLOGICAL STUDIES OF PENGUINS (AVES, SPHENISCIDAE) OF THE EOCENE OF ANTARCTICA","The partial articulated skeleton MLP 77-V-10-1 comes from the upper levels of La Meseta Formation (Seymour Island, Antarctica) at the southwestern slope of the plateau. These remains were found in the Submeseta Allomember, within the Anthropornis nordenskjoeldi Biozone, dated at 34.2 Ma using strontium isotope ratios from shells. MLP 77-V-10-1 is a giant penguin, probably the largest ever described, whose coracoids are strikingly wide at the distal surface. The present contribution is a study of this new fossil penguin, with particular emphasis on the coracoids. The osteography and associated muscles are described. Functional connotations of coracoid morphology are thoroughly discussed and its implications on the mechanics of diving are explored. We concluded that the coracoid morphology suggests a change in diving strategy from the earliest penguins until the living representatives. In the oldest penguins, the improvement of diving capacity would have been linked to the development of stronger bone and probably muscular structures enabling endurance of greater forces operating in a denser medium. In contrast, the Neogene penguins would have optimized the force action of the flight apparatus by developing more precise movements, adjusting the angle of attack of each of the effective forces.",2010,https://doi.org/10.13130/2039-4942/5938,article,NA,Carolina Acosta Hospitaleche; ULISES DI CARLO,Paleontology; Geology,Paleontology and Evolutionary Biology; Avian ecology and behavior; Ichthyology and Marine Biology,Paleontology; Ecology; Nature and Landscape Conservation,NA,16,429
International Influence of an Australian Nongovernment Organization in the Protection of Patagonian Toothfish,"Soviet Union fishing fleets found Patagonian toothfish in 1985 off the Kerguelen Islands in the Southern Ocean. In a few short years, toothfish became heavily fished and the viability of the fishery was put in question. This pressure largely arose from illegal, unreported, and unregulated (IUU) fishing that undermined fisheries management by coastal states and the Convention for the Conservation of Antarctic Marine Living Resources (CCAMLR) Commission. The International Southern Oceans Longline Fisheries Information Clearing House (ISOFISH), based in Hobart, Tasmania, Australia, raised awareness about IUU fishing among governments, fishers, and the community. This article presents a case study of ISOFISH and the influence this nongovernment organization coalition exerted on the international community, including the deep-sea fishing industry, governments, and CCAMLR members, in an effort to protect toothfish stocks and reduce the incidental mortality of endangered seabirds and other nontarget marine species from longlining activities.­",2004,https://doi.org/10.1080/00908320490467323,article,https://figshare.com/articles/journal_contribution/International_Influence_of_an_Australian_Nongovernment_Organization_in_the_Protection_of_Patagonian_Toothfish/22848113/1/files/40595360.pdf,Liza D Fallon; Lorne K. Kriwoken,Fishing; Fishery; Endangered species; Marine conservation; Marine protected area,Marine animal studies overview; Marine and fisheries research; Marine Ecology and Invasive Species,Ecology; Global and Planetary Change; Global and Planetary Change,NA,17,431
"Mercury and selenium levels in feathers of Southern Giant Petrels (Macronectes giganteus) from South Shetland Islands, Antarctica","Concentrations of Hg and Se were assessed in dorsal feathers of Southern Giant Petrels (SGP) from three Antarctic islands. Feather sampling was conducted during four breeding seasons (2011 to 2014) at Elephant and King George Islands, and during two breeding seasons (2012 and 2013) at Livingston Island. Hg concentrations found in SGP feathers ranged from 1.99 to 68.38 μg g−1, while Se concentrations varied from 1.18 to 12.0 μg g−1. Inter-annual and inter-colony differences were observed, which could be associated to ecological factors such as diet, foraging patterns and migration. Sex does not significantly influence the concentration of metals. The highest concentrations of Hg were found on Elephant Island, which is the northernmost island of the three, where the SGP feathers had the maximum mercury value ever recorded since the 1950s in the Southern Ocean and Antarctic Islands. The present data contributes to monitoring efforts of Hg exposure in Antarctic seabirds and can be used to obtain relevant information about the SGP, such as differences in food preferences at different breeding sites and foraging patterns.",2022,https://doi.org/10.1016/j.jtemin.2022.100020,article,https://doi.org/10.1016/j.jtemin.2022.100020,Tailisi Hoppe Trevizani; Fernanda Imperatrice Colabuono; Elisa S. Petersen; Maria Virgı́nia Petry; Satie Taniguchi; Rosalinda Carmela Montone; Rubens César Lopes Figueira,Feather; Shetland; Foraging; Mercury (programming language); Seabird; Ecology,Mercury impact and mitigation studies; Selenium in Biological Systems; Isotope Analysis in Ecology,"Health, Toxicology and Mutagenesis; Nutrition and Dietetics; Ecology",NA,3,433
Non-breeding distribution and activity patterns in a temperate population of brown skua,"MEPS Marine Ecology Progress Series Contact the journal Facebook Twitter RSS Mailing List Subscribe to our mailing list via Mailchimp HomeLatest VolumeAbout the JournalEditorsTheme Sections MEPS 603:215-226 (2018) - DOI: https://doi.org/10.3354/meps12720 Non-breeding distribution and activity patterns in a temperate population of brown skua Hendrik Schultz1, Rebecca J. Hohnhold1, Graeme A. Taylor2, Sarah J. Bury3, Tansy Bliss4, Stefanie M. H. Ismar1,5, Anne C. Gaskett1, Craig D. Millar1,*, Todd E. Dennis1,6 1School of Biological Sciences, The University of Auckland, Auckland 1142, New Zealand 2Department of Conservation, Wellington 6143, New Zealand 3National Institute of Water and Atmospheric Research Ltd., Wellington 6021, New Zealand 4Department of Conservation, Waitohi/Picton Office, Picton 7220, New Zealand 5GEOMAR Helmholtz-Centre for Ocean Research, 24148 Kiel, Germany 6College of Engineering, Science and Technology, Fiji National University, Natabua, Fiji *Corresponding author: cd.millar@auckland.ac.nz ABSTRACT: Brown skuas Catharacta antarctica lonnbergi breed across a broad latitudinal range from the Antarctic to temperate regions. While information on the non-breeding distribution and behaviour for Antarctic and subantarctic populations is known, no data exist for populations breeding at temperate latitudes. We combined geolocation sensing and stable isotope analysis of feather tissue to study the non-breeding behaviour of brown skuas from the temperate Chatham Islands, a population that was historically thought to be resident year-round. Analysis of 27 non-breeding tracks across 2 winters revealed that skuas left the colony for a mean duration of 146 d, which is 64% of the duration reported for Antarctic and subantarctic populations from King George Island, South Shetland Islands, and Bird Island, South Georgia. Consistent with populations of brown skuas from Antarctica and the Subantarctic, the distribution was throughout mixed subtropical-subantarctic and shelf waters. Stable isotope analysis of 72 feathers suggests that moulting takes place over mixed subtropical-subantarctic and subtropical shelf waters. We conclude that brown skuas from the Chatham Islands are migratory, but the year-round mild environmental conditions may reduce the necessity to leave their territories for extended periods. KEY WORDS: Migration · Geolocation · Sexual segregation · Seabird · Stable isotope Full text in pdf format Supplementary material PreviousNextCite this article as: Schultz H, Hohnhold RJ, Taylor GA, Bury SJ and others (2018) Non-breeding distribution and activity patterns in a temperate population of brown skua. Mar Ecol Prog Ser 603:215-226. https://doi.org/10.3354/meps12720 Export citation RSS - Facebook - Tweet - linkedIn Cited by Published in MEPS Vol. 603. Online publication date: September 17, 2018 Print ISSN: 0171-8630; Online ISSN: 1616-1599 Copyright © 2018 Inter-Research.",2018,https://doi.org/10.3354/meps12720,article,https://researchspace.auckland.ac.nz/bitstream/2292/48520/2/Schultz%20et%20al%202018%20skua%20migration%20behaviour.pdf,Hendrik Schultz; RJ Hohnhold; GA Taylor; SJ Bury; T.V.P. Bliss; SMH Ismar; Anne C. Gaskett; C D Millar; TE Dennis,Temperate climate; Geography; Seabird; Ecology; Range (aeronautics),Marine and coastal plant biology; Avian ecology and behavior; Marine animal studies overview,Oceanography; Ecology; Ecology,NA,8,434
Behavioural responses of humpback whales to food-related chemical stimuli,"Baleen whales face the challenge of finding patchily distributed food in the open ocean. Their relatively well-developed olfactory structures suggest that they could identify the specific odours given off by planktonic prey such as krill aggregations. Like other marine predators, they may also detect dimethyl sulfide (DMS), a chemical released in areas of high marine productivity. However, dedicated behavioural studies still have to be conducted in baleen whales in order to confirm the involvement of chemoreception in their feeding ecology. We implemented 56 behavioural response experiments in humpback whales using two food-related chemical stimuli, krill extract and DMS, as well as their respective controls (orange clay and vegetable oil) in their breeding (Madagascar) and feeding grounds (Iceland and Antarctic Peninsula). The whales approached the stimulus area and stayed longer in the trial zone during krill extract trials compared to control trials, suggesting that they were attracted to the chemical source and spent time exploring its surroundings, probably in search of prey. This response was observed in Iceland, and to a lesser extend in Madagascar, but not in Antarctica. Surface behaviours indicative of sensory exploration, such as diving under the stimulus area and stopping navigation, were also observed more often during krill extract trials than during control trials. Exposure to DMS did not elicit such exploration behaviours in any of the study areas. However, acoustic analyses suggest that DMS and krill extract both modified the whales' acoustic activity in Madagascar. Altogether, these results provide the first behavioural evidence that baleen whales actually perceive prey-derived chemical cues over distances of several hundred metres. Chemoreception, especially olfaction, could thus be used for locating prey aggregations and for navigation at sea, as it has been shown in other marine predators including seabirds.",2019,https://doi.org/10.1371/journal.pone.0212515,article,https://doi.org/10.1371/journal.pone.0212515,Bertrand Bouchard; Jean‐Yves Barnagaud; Marion Poupard; Hervé Glotin; Pauline Gauffier; Sara Torres Ortiz; Thomas J. Lisney; Sylvie Campagna; Marianne Rasmussen; Aurélie Célérier,Baleen; Krill; Predation; Biology; Foraging; Bird flight; Fishery,Marine animal studies overview; Diffusion and Search Dynamics; Animal Vocal Communication and Behavior,Ecology; Molecular Biology; Developmental Biology,NA,32,436
Mercury in Ten Storm-Petrel Populations from the Antarctic to the Subtropics,"The oceans become increasingly contaminated as a result of global industrial production and consumer behaviour, and this affects wildlife in areas far removed from sources of pollution. Migratory seabirds such as storm-petrels may forage in areas with different contaminant levels throughout the annual cycle and may show a carry-over of mercury from the winter quarters to the breeding sites. In this study, we compared mercury levels among seven species of storm-petrels breeding on the Antarctic South Shetlands and subantarctic Kerguelen Islands, in temperate waters of the Chatham Islands, New Zealand, and in temperate waters of the Pacific off Mexico. We tested for differences in the level of contamination associated with breeding and inter-breeding distribution and trophic position. We collected inert body feathers and metabolically active blood samples in ten colonies, reflecting long-term (feathers) and short-term (blood) exposures during different periods ranging from early non-breeding (moult) to late breeding. Feathers represent mercury accumulated over the annual cycle between two successive moults. Mercury concentrations in feathers ranged over more than an order of magnitude among species, being lowest in subantarctic Grey-backed Storm-petrels (0.5 μg g-1 dw) and highest in subtropical Leach's Storm-petrels (7.6 μg g-1 dw, i.e. posing a moderate toxicological risk). Among Antarctic Storm-petrels, Black-bellied Storm-petrels had threefold higher values than Wilson's Storm-petrels, and in both species, birds from the South Shetlands (Antarctica) had threefold higher values than birds from Kerguelen (subantarctic Indian Ocean). Blood represents mercury taken up over several weeks, and showed similar trends, being lowest in Grey-backed Storm-petrels from Kerguelen (0.5 μg g-1 dw) and highest in Leach's Storm-petrels (3.6 μg g-1 dw). Among Antarctic storm-petrels, species differences in the blood samples were similar to those in feathers, but site differences were less consistent. Over the breeding season, mercury decreased in blood samples of Antarctic Wilson's Storm-petrels, but did not change in Wilson's Storm-petrels from Kerguelen or in Antarctic Black-bellied Storm-petrels. In summary, we found that mercury concentrations in storm-petrels varied due to the distribution of species and differences in prey choice. Depending on prey choices, Antarctic storm-petrels can have similar mercury concentrations as temperate species. The lowest contamination was observed in subantarctic species and populations. The study shows how seabirds, which accumulate dietary pollutants in their tissues in the breeding and non-breeding seasons, can be used to survey marine pollution. Storm-petrels with their wide distributions and relatively low trophic levels may be especially useful, but more detailed knowledge on their prey choice and distributions is needed.",2023,https://doi.org/10.1007/s00244-023-01011-3,article,https://link.springer.com/content/pdf/10.1007/s00244-023-01011-3.pdf,Petra Quillfeldt; Yuliana Bedolla‐Guzmán; Marcela Libertelli; Yves Cherel; Melanie Massaro; Paco Bustamante,Seabird; Feather; Temperate climate; Subtropics; Ecology; Mercury (programming language); Wader,Mercury impact and mitigation studies; Air Quality and Health Impacts; Heavy Metal Exposure and Toxicity,"Health, Toxicology and Mutagenesis; Health, Toxicology and Mutagenesis; Health, Toxicology and Mutagenesis",https://link.springer.com/content/pdf/10.1007/s00244-023-01011-3.pdf,6,438
Historical perspective of Otto Nordenskjöld's Antarctic penguin fossil collection and Carl Wiman's contribution,"ABSTRACT The early explorer and scientist Otto Nordenskjöld, leader of the Swedish South Polar Expedition of 1901–1903, was the first to collect Antarctic penguin fossils. The site is situated in the northeastern region of Seymour Island and constitutes one of the most important localities in the study of fossilised penguins. The task of describing these specimens together with fossilised whale remains was given to Professor Carl Wiman (1867–1944) at Uppsala University, Sweden. Although the paradigm for the systematic study of penguins has changed considerably over recent years, Wiman's contributions are still remarkable. His establishment of grouping by size as a basis for classification was a novel approach that allowed them to deal with an unexpectedly high morphological diversity and limited knowledge of penguin skeletal anatomy. In the past, it was useful to provide a basic framework for the group that today could be used as ‘taxon free’ categories. First, it was important to define new species, and then to establish a classification based on size and robustness. This laid the foundation for the first attempts to use morphometric parameters for the classification of isolated penguin bones. The Nordenskjöld materials constitute an invaluable collection for comparative purposes, and every year researchers from different countries visit this collection.",2017,https://doi.org/10.1017/s0032247417000249,article,http://sedici.unlp.edu.ar/bitstream/handle/10915/146951/Documento_completo.pdf?sequence=1,Carolina Acosta Hospitaleche; Jonas Hagström; Marcelo Reguero; Thomas Mörs,Taxon,Paleontology and Evolutionary Biology; Ichthyology and Marine Biology; Marine animal studies overview,Paleontology; Nature and Landscape Conservation; Ecology,NA,9,440
"Nest characteristics determine nest microclimate and affect breeding output in an Antarctic seabird, the Wilson’s storm-petrel","The importance of nest characteristics for birds breeding in the extreme climate conditions of polar regions, has been greatly understudied. Nest parameters, like nest orientation, exposure and insulation, could strongly influence microclimate and protection against precipitation of the nest, thereby affecting breeding success. A burrow nesting seabird, the Wilson's storm-petrel (Oceanites oceanicus) is an excellent model species to investigate the importance of nest characteristics, as it is the smallest endotherm breeding in the Antarctic. Here, we investigated the effects of nest parameters such as internal nest dimensions, nest micro-topography and thermal properties of the nest burrow and the influence of weather conditions on breeding output, measured as hatching success, chick survival, and chick growth. We collected data during the austral summers of 2017 and 2018, on King George Island, maritime Antarctica. Our results showed that the thermal microclimate of the nest burrow was significantly improved by a small entrance size, a low nest height, and insulation and tended to be enhanced by a low wind exposition index and an eastern nest site orientation. In addition, an eastern nest site orientation significantly reduced the chance of snow blocking. However, the relationships between nest characteristics and breeding output were complex and might be affected by other parameters like food availability and parental quality. The relation between chick growth and nest air temperature remained especially indistinct. Nevertheless, our results indicate that nest characteristics that enhance the thermal microclimate and reduce the risk of snow blocking favoured both hatching success and chick survival. Due to climate change in the Antarctic, snowfall is expected to increase in the future, which will likely enhance the importance of nest characteristics that determine snow blocking. Additionally, despite global warming, thermally favourable nest burrows will likely still be advantageous in the highly variable and challenging Antarctic climate.",2019,https://doi.org/10.1371/journal.pone.0217708,article,https://journals.plos.org/plosone/article/file?id=10.1371/journal.pone.0217708&type=printable,Rosanne J. Michielsen; Anne N. M. A. Ausems; Dariusz Jakubas; Michał Pętlicki; Joanna Plenzler; Judy Shamoun‐Baranes; Katarzyna Wojczulanis‐Jakubas,Nest (protein structural motif); Microclimate; Burrow; Ecology; Seabird,Avian ecology and behavior; Climate variability and models; Cryospheric studies and observations,Ecology; Global and Planetary Change; Atmospheric Science,https://journals.plos.org/plosone/article/file?id=10.1371/journal.pone.0217708&type=printable,26,442
"Paeniglutamicibacter terrestris sp. nov., isolated from phenanthrene-degrading consortium enriched from Antarctic soil","A novel bacterium, designated strain ANT13_2 T , was isolated from a phenanthrene-degrading consortium enriched from a soil sample collected near the Great Wall Station located in the southwestern area of King George Island, Antarctica. Following a polyphasic taxonomic study, a novel species belonging to the genus Paeniglutamicibacter was described. The strain was a Gram-stain-positive bacterium that exhibited a rod–coccus growth cycle. Strain ANT13_2 T grew aerobically at an optimum temperature of 20–25 °C and at pH 7.0–8.0. Ribose, arabinose and glucose were detected as whole-cell sugars. The predominant menaquinone was MK-9. The diagnostic phospholipids were diphosphatidylglycerol, phosphatidylglycerol and an unidentified phospholipid. The predominant cellular fatty acids were anteiso-C 15 : 0 (67.7 %) and anteiso-C 17 : 0 (11.2 %). The DNA G+C content of the genomic DNA was 60.6 mol%. Based on 16S rRNA gene sequence analysis, strain ANT13_2 T showed the highest similarities to Paeniglutamicibacter antarcticus SPC26 T (98.9 %) followed by Paeniglutamicibacter gangotriensis Lz1y T (98.4 %), Paeniglutamicibacter sulfureus DSM 20167 T (98.3%) and Paeniglutamicibacter kerguelensis KGN15 T (97.9 %). The average nucleotide identity values between strain ANT13_2 T and the type strains of P. antarcticus SPC26 T and P. gangotriensis Lz1y T were 73.8 and 77.5 %, respectively, which are well below the 95–96 % species circumscription threshold. On the basis of this polyphasic taxonomic study, strain ANT13_2 T is proposed to represent a novel species to be named Paeniglutamicibacter terrestris sp. nov. The type strain is ANT13_2 T (=TBRC 11756 T =NBRC 114615 T ).",2019,https://doi.org/10.1099/ijsem.0.004689,article,NA,Chatsuda Sakdapetsiri; Aunchisa Kuntaveesuk; Wipaporn Ngaemthao; Chanwit Suriyachadkun; Chanokporn Muangchinda; Suchana Chavanich; Voranop Viyakarn; Bo Chen; Onruthai Pinyakong,Biology; 16S ribosomal RNA; Strain (injury); Phenanthrene; Bacteria; Microbiology; Botany,Genomics and Phylogenetic Studies; Microbial Community Ecology and Physiology; Polar Research and Ecology,Molecular Biology; Ecology; Ecology,NA,14,443
"PELLETS AND PREY REMAINS AS INDICATORS OF THE DIET OF TWO SYMPATRIC SKUAS (AVES: STERCORARIIDAE) ON KING GEORGE ISLAND, ANTARCTICA","South Polar skua (Stercorarius maccormicki) and Brown skua (Stercorarius antarcticus lonnbergi) have opportunistic feeding habits and are the dominant predators in terrestrial Polar regions. These skuas exploit a wide range of food items, including marine organisms, other birds, and even garbage. In the present study, we compare the diets of these two skua species during the breeding season, using pellets and prey remains collected within their territories. The samples were collected at six sites in Admiralty Bay, on King George Island, Antarctica. We identified eight different items, which we classified as “penguin”, “flying bird”, “skua”, “fish”, “gastropod”, “krill”, “egg” and “marine debris”. In the first breeding season (2008/2009), penguins and flying birds were the food resources more abundant for both skua species, and their diet composition was similar. In the second breeding season (2010/2011) South Polar skua exploited more fish and flying birds than Brown skua; the latter exploited more eggs and penguins. Our findings corroborate those of previous studies, demonstrating that in sympatry South Polar skua exploit more fish than Brown skua. The diet of South Polar skua also varied between breeding seasons, reflecting the opportunistic foraging behavior of these skuas. As in other studies, we recorded that skua is a food resource for both skua species, but it was more common in the diet of South Polar skua. Marine debris was recorded only in the samples of Brown skua. Birds are important food items for both skuas, although significant differences were found in the diets of these sympatric species, with shifts in the composition of the diet probably reflecting fluctuations in the abundance of prey populations, which are known to be common at Admiralty Bay, although more data will be needed to confirm this link.",2021,https://doi.org/10.4257/oeco.2021.2503.04,article,https://revistas.ufrj.br/index.php/oa/article/download/34287/24977,Ana Olívia de Almeida Reis; Erli Schneider Costa; João Paulo Machado Torres; Maria Alice S. Alves,Biology; Seasonal breeder; Predation; Sympatric speciation; Ecology,Polar Research and Ecology; Marine and coastal plant biology; Isotope Analysis in Ecology,Ecology; Oceanography; Ecology,https://revistas.ufrj.br/index.php/oa/article/download/34287/24977,4,447
Large-scale seabird community structure along oceanographic gradients in the Scotia Sea and northern Antarctic Peninsula,"Introduction The Scotia Sea and Antarctic Peninsula are warming rapidly and changes in species distribution are expected. In predicting habitat shifts and considering appropriate management strategies for marine predators, a community-level understanding of how these predators are distributed is desirable. Acquiring such data, particularly in remote areas, is often problematic given the cost associated with the operation of research vessels. Here we use cruise vessels as sampling platforms to explore seabird distribution relative to habitat characteristics. Methods Data on seabird at-sea distribution were collected using strip-transect counts throughout the Antarctic Peninsula and Scotia Sea in the austral summer of 2019-2020. Constrained correspondence analysis (CCA) and generalized additive models (GAM) were used to relate seabird community composition, density, and species richness to environmental covariates. Results Species assemblages differed between oceanographic areas, with sea surface temperature and distance to coast being the most important predictors of seabird distribution. Our results further revealed a geographic separation of distinct communities rather than hotspot regions in the study area in summer. Discussion These findings highlight the importance of large-scale environmental characteristics in shaping seabird community structure, presumably through underlying prey distribution and interspecific interactions. The present study contributes to the knowledge of seabird distribution and habitat use as well as the baseline for assessing the response of Antarctic seabird communities to climate warming. We argue that cruise vessels, when combined with structured research surveys, can provide a cost-effective additional tool for the monitoring of community and ecosystem level changes.",2023,https://doi.org/10.3389/fmars.2023.1233820,article,https://www.frontiersin.org/articles/10.3389/fmars.2023.1233820/pdf?isPublishedV2=False,Victoria Marja Sofia Ollus; Martin Biuw; Andrew Lowther; Per Fauchald; John Elling Deehr Johannessen; Lucía Martina Martín López; Kalliopi C. Gkikopoulou; W. Chris Oosthuizen; Ulf Lindstrøm,Seabird; Peninsula; Oceanography; Habitat; Ecology; Geography,Marine animal studies overview; Isotope Analysis in Ecology; Marine and coastal plant biology,Ecology; Ecology; Oceanography,https://www.frontiersin.org/articles/10.3389/fmars.2023.1233820/pdf?isPublishedV2=False,2,449
"Health Status of Great Frigatebirds (Fregata minor) Determined by Haematology, Biochemistry, Blood Gases, and Physical Examination","The great frigatebird, Fregata minor, is a widely distributed seabird native to the Galápagos archipelago. Haematology and blood chemistry parameters have been published for this species but not from the San Cristóbal and North Seymour great frigatebird breeding colonies. Analyses were run on blood samples drawn from 25 great frigatebirds captured by hand at their nests at Punta Pitt on San Cristóbal Island and 30 birds on North Seymour Island, Galápagos Islands. A portable blood analyser (iSTAT) was used to obtain near immediate field results for pH, pO2, pCO2, TCO2, HCO3- , haematocrit (Hct), haemoglobin (Hb), sodium (Na), potassium (K), chloride (Cl), ionized calcium (iCa), creatinine, urea nitrogen, anion gap and glucose. Blood lactate was measured using a portable Lactate Plus™ analyser. Average heart rate, respiratory rate, body weight, body temperature, biochemistry and haematology parameters were comparable to healthy individuals of other Fregatidae. The reported results provide baseline data that can be used for comparisons among populations and in detecting changes in health status among Galápagos great frigatebirds.",2018,https://doi.org/10.1093/conphys/coy034,article,https://academic.oup.com/conphys/article-pdf/6/1/coy034/26106025/coy034.pdf,Carlos A. Valle; Catalina Ulloa; Diane Deresienski; Cristina Regalado; Juan Pablo Muñoz‐Pérez; Juan A. García; Britta Denise Hardesty; Alice Skehel; Gregory A. Lewbart,Creatinine; Biology; Hematology,Bird parasitology and diseases; Avian ecology and behavior; Viral Infections and Vectors,Parasitology; Ecology; Infectious Diseases,https://academic.oup.com/conphys/article-pdf/6/1/coy034/26106025/coy034.pdf,19,451
"Persistent organic pollutants and mercury in a colony of Antarctic seabirds: higher concentrations in 1998, 2001, and 2003 compared to 2014 to 2016","Abstract Over decades, persistent organic pollutants (POPs) and trace metals like mercury (Hg) have reached the remotest areas of the world such as Antarctica by atmospheric transport. Once deposited in polar areas, low temperatures, and limited solar radiation lead to long environmental residence times, allowing the toxic substances to accumulate in biota. We investigated the load of polychlorinated biphenyls (PCBs) and dichlorodiphenyltrichloroethane (DDTs) and metabolites (DDEs, DDDs) in embryos from failed eggs of the smallest seabird breeding in Antarctica, the Wilson's storm-petrel ( Oceanites oceanicus ) at King George Island (Isla 25 de Mayo). We compared samples of different developmental stages collected in 2001, 2003, and 2014 to 2016 to investigate changes in pollutant concentrations over time. We detected eight PCBs including the dioxin-like (dl) congeners PCB 105 and 118 (ΣPCBs: 59-3403 ng g −1 ww) as well as 4,4’-DDE, and 4,4’-DDD (ΣDDX: 19-1035 ng g −1 ww) in the embryos. Samples from the years 2001 and 2003 showed higher concentrations of PCBs than those from 2014 to 2016. Concentrations of DDX was similar in both time intervals. Furthermore, we determined Hg concentrations in egg membranes from 1998 to 2003, and 2014 to 2016. Similar to PCBs, Hg in egg membranes were higher in 1998 than in 2003, and higher in 2003 than in the years 2014 to 2016, suggesting a slow recovery of the pelagic Antarctic environment from the detected legacy pollutants. Embryos showed an increase in pollutant concentrations within the last third of their development. This finding indicates that contaminant concentrations may differ among developmental stages, and it should be taken into account in analyses on toxic impact during embryogenesis.",2022,https://doi.org/10.1007/s00300-022-03065-w,article,https://link.springer.com/content/pdf/10.1007/s00300-022-03065-w.pdf,Nadja D. Kuepper; Leonard Böhm; Christina Braun; Paco Bustamante; Rolf‐Alexander Düring; Marcela Libertelli; Petra Quillfeldt,Seabird; Pollutant; Biota; Mercury (programming language); Environmental chemistry; Pelagic zone; Persistent organic pollutant,Mercury impact and mitigation studies; Toxic Organic Pollutants Impact; Air Quality and Health Impacts,"Health, Toxicology and Mutagenesis; Health, Toxicology and Mutagenesis; Health, Toxicology and Mutagenesis",https://link.springer.com/content/pdf/10.1007/s00300-022-03065-w.pdf,9,452
"The rapid shift of intertidal macroalgal assemblage from vertical shoreline profiles in Barton Peninsula, King George Island, Antarctica during summer","Temporal variability and the vertical shoreline profile of an intertidal macroalgal assemblage were examined on the coast of Barton Peninsula, Maxwell Bay, King George Island, Antarctica. Sampling was performed during the three austral summer seasons from November 2016 to January 2019. The sampling interval for the summer shift was 1–2 months. Eighteen algal species were identified, with 75% relative coverage of the predominant red alga Iridaea cordata and endemic brown alga Phaeurus antarcticus. Temporal variation in the macroalgal assemblage showed 78.35% similarity between one month and 64.61% similarity between two months. Contour plots for visualizing macroalgal distribution were first attempted in this study, and compared to general distribution of tables and diagrams that were discontinuously expressed. The coastscape was expressed more quantitatively and continuously, and was also useful for explaining temporal changes such as summer abundance can be described as a shift from I. cordata to P. antarcticus. In addition, in terms of species composition, this study area corresponds to the middle to lower intertidal zone and shows the highest species diversity in King George Island, so it is expected to provide important information for the researches in Antarctic intertidal zones.",2023,https://doi.org/10.1016/j.polar.2023.100927,article,https://doi.org/10.1016/j.polar.2023.100927,Young Wook Ko; Dong Seok Lee; Sanghee Kim; Jeong Ha Kim; Han‐Gu Choi,Intertidal zone; Oceanography; Bay; Shore; Rocky shore; Peninsula; Intertidal ecology,Marine and coastal plant biology; Marine Biology and Ecology Research; Polar Research and Ecology,Oceanography; Oceanography; Ecology,NA,3,459
New at-sea records of pelagic seabirds in the South Atlantic Ocean and Antarctica,"During ship-based seabird surveys in the south Atlantic and Antarctica in the austral summers of 1994/95, 2009, 2010, 2011 and 2012, we documented at-sea distributions of Buller’s albatross (Thalassarche bulleri), Atlantic petrel (Pterodroma incerta), soft-plumaged petrel (Pterodroma mollis), Kerguelen petrel (Lugensa brevirostris) and great-winged petrel (Pterodroma macroptera). In some cases, sightings were considered as extralimital, but for other species updating their distributions in the literature seems warranted. Atlantic petrel, for example, has been regularly observed in the Drake Passage and north of the Antarctic Peninsula for about 30 years, but the distribution of this species has not been updated in the literature. The observations reported here will contribute to update the at-sea distributions of these species and to changes in their distributions.Keywords: Seabirds; Antarctica; South Atlantic Ocean; distribution(Published: 17 May 2013)Citation: Polar Research 2013, 32, 18972, http://dx.doi.org/10.3402/polar.v32i0.18972",2013,https://doi.org/10.3402/polar.v32i0.18972,article,https://polarresearch.net/index.php/polar/article/download/3124/pdf_1,José Luis Orgeira; Gabriela Scioscia; Mónica Analía Torres; Natalia A. Dellabianca,Seabird; Pelagic zone; Oceanography; Geography,Avian ecology and behavior; Marine animal studies overview; Polar Research and Ecology,Ecology; Ecology; Ecology,https://polarresearch.net/index.php/polar/article/download/3124/pdf_1,4,460
"Earliest fossils of giant-sized bony-toothed birds (Aves: Pelagornithidae) from the Eocene of Seymour Island, Antarctica","While pelagornithid or 'bony-toothed' bird fossils representing multiple species are known from Antarctica, a new dentary fragment of a pelagornithid bird from the middle Eocene Submeseta Formation on Seymour Island, Antarctica represents a species with a body size on par with the largest known species in the clade. Measurements from the partial 'toothed' dentary point to a giant body size for the species, although the spacing among the pseudoteeth differs from that published for other pelagornithids. The discrepancy might suggest that previous techniques are not adequate for examination of incomplete material or that another factor such as phylogeny might impact size estimates and comparisons. Combined with a revised stratigraphic position in the early Eocene La Meseta Formation on Seymour Island for the largest pelagornithid tarsometatarsus known, these Antarctic fossils demonstrate the early evolution of giant body size in the clade (by ~ 50 Ma), and they likely represent not only the largest flying birds of the Eocene but also some of the largest volant birds that ever lived (with an estimated 5-6 m wingspan). Furthermore, the distribution of giant-sized pelagornithid fossils across more than 10 million years of Antarctic geological deposits points to a prolonged survival of giant-sized pelagornithids within the southern seas, and their success as a pelagic predatory component of marine and coastal ecosystems alongside early penguins.",2020,https://doi.org/10.1038/s41598-020-75248-6,article,https://www.nature.com/articles/s41598-020-75248-6.pdf,Peter A. Kloess; Ashley W. Poust; Thomas A. Stidham,Paleontology; Geology,Paleontology and Evolutionary Biology; Evolution and Paleontology Studies; Paleontology and Stratigraphy of Fossils,Paleontology; Paleontology; Paleontology,https://www.nature.com/articles/s41598-020-75248-6.pdf,10,464
Brief communication: Atmospheric dry deposition of microplastics and mesoplastics in an Antarctic glacier: The case of the expanded polystyrene,"Abstract. Plastics have been found in marine water and sediments, sea ice, marine invertebrates, and penguins in Antarctica; however, there is no evidence of their presence in Antarctic glaciers. Our pilot study investigated plastic occurrence on two ice surfaces that constitute part of the ablation zone of Collins Glacier (King George Island, Antarctica). Our results showed concentrations of expanded polystyrene (EPS) in the 0.17–0.33 items m−2 range. We registered an atmospheric dry deposition between 0.08 and 0.17 items m−2 day−1 (February 2019). This is the first report of plastic presence in an Antarctic glacier, which was probably transported by wind.",2020,https://doi.org/10.5194/tc-2020-261,preprint,https://doi.org/10.5194/tc-2020-261,Miguel González-Pleiter; Gissell Lacerot; Carlos Edo; Juan Pablo-Lozoya; Francisco Leganés; Francisca Fernández‐Piñas; Roberto Rosal; Franco Teixeira de Mello,Glacier; Microplastics; Oceanography; Accumulation zone; Deposition (geology),Microplastics and Plastic Pollution; Polar Research and Ecology; Adventure Sports and Sensation Seeking,Pollution; Ecology; Social Psychology,NA,7,473
"Granulosicoccus marinus sp. nov., isolated from Antarctic seawater, and emended description of the genus Granulosicoccus","A Gram-staining-negative, motile by flagella, non-pigmented, poly-β-hydroxybutyrate-producing, strictly aerobic and sphere-shaped bacterium, IMCC3490 T , was isolated from a coastal seawater sample from the Antarctic Peninsula. Optimal growth of strain IMCC3490 T was observed at 20 °C, pH 8.0 and in the presence of 2 % (w/v) NaCl. Phylogenetic analysis using 16S rRNA gene sequences indicated that strain IMCC3490 T belonged to the genus Granulosicoccus in the family Granulosicoccaceae . The strain was closely related to Granulosicoccus antarcticus IMCC3135 T (98.8 % 16S rRNA gene sequence similarity) and Granulosicoccus coccoides Z 271 T (98.5 %). The DNA–DNA relatedness values between IMCC3490 T and type strains of the two species of the genus were far lower than 70 %, which indicated strain IMCC3490 T is a novel genomic species of the genus Granulosicoccus . The major fatty acids of strain IMCC3490 T were summed feature 8 (C 18 : 1 ω7 c and/or C 18 : 1 ω6 c ) and summed feature 3 (C 16 : 1 ω7 c and/or C 16 : 1 ω6 c ). The isoprenoid quinone detected was ubiquinone-8 (Q-8) and predominant polar lipids were diphosphatidylglycerol, phosphatidylglycerol and phosphatidylethanolamine. The DNA G+C content was 61.0 mol%. On the basis of phylogenetic analyses, DNA–DNA relatedness values and phenotypic data, it is suggested that strain IMCC3490 T represents a novel species of the genus Granulosicoccus , for which the name Granulosicoccus marinus sp. nov. is proposed. The type strain is IMCC3490 T ( = KACC 17483 T = NBRC 109704 T ). An emended description of the genus Granulosicoccus is also provided.",2014,https://doi.org/10.1099/ijs.0.070045-0,article,https://doi.org/10.1099/ijs.0.070045-0,Kiwoon Baek; Ahyoung Choi; Ilnam Kang; Mihye Im; Jang‐Cheon Cho,Biology; 16S ribosomal RNA; Phylogenetic tree; Strain (injury); genomic DNA; Genus,Genomics and Phylogenetic Studies; Microbial Community Ecology and Physiology; Polar Research and Ecology,Molecular Biology; Ecology; Ecology,NA,17,474
"RECORD OF SHIP-ASSISTED DISPLACEMENT OF Chionis albus (GMELIN, 1789) (AVES: CHIONIDAE) FROM ANTARCTICA TO SOUTH AMERICA","Seabirds can use merchant, research and/or fishery vessels as a refuge to avoid extreme environmental conditions at sea during their migration seasons. Here we report the visualization of six individuals of the Snowy Sheathbill ( Chionis albus ; Charadriiformes, Chionidae) landed on a ship for about twenty-three hours in the Drake Passage, during its displacement from the South Shetland Islands, Antarctica, to Tierra del Fuego, confirming ship-assisted displacement by this species during its migration route.",2018,https://doi.org/10.4257/oeco.2018.2201.08,article,https://revistas.ufrj.br/index.php/oa/article/download/11852/10129,Antônio Coimbra de Brum; Victória Renata Foutoura Benemann; Ana Lúcia Bezerra; Luiz Liberato Costa Corrêa; Maria Virgı́nia Petry,Shetland; Charadriiformes; Oceanography; Geography; Displacement (psychology); Fishery,Marine animal studies overview; Avian ecology and behavior; Arctic and Antarctic ice dynamics,Ecology; Ecology; Atmospheric Science,https://revistas.ufrj.br/index.php/oa/article/download/11852/10129,1,475
Fishing Activity and Seabird Vessel Attendance near the Northern Antarctic Peninsula,"We conducted a survey to investigate the factors influencing the number of seabirds attending a research vessel during scientific trawling activities near the northern Antarctic Peninsula. Our objective was to assess whether seabirds exhibited varying levels of attendance that may be attributed to fishing activity. Counts of seabirds attending the vessel were made during non-fishing periods, net deployment, towing and retrieving. We also monitored environmental variables (e.g. pressure, wind speed and direction) and discards of fish and offal to determine whether those variables could be used to explain variability in seabird attendance. Three species, the Black-browed Albatross Thalassarche melanophris, Cape (or Pintado) Petrel Daption capense and Wilson’s Storm-Petrel Oceanites oceanicus were the most common seabirds attending the vessel. We found that abundance of seabirds did not vary between fishing activities, although the presence of discards caused an increase in the numbers of petrels and albatrosses. Our study is the first to examine seabird-vessel attendance to scientific trawling activities in Antarctic waters where a moratorium on commercial finfish fishing is in place. In comparison with other studies, the level of fishing conducted during this study does not come close to approaching that of commercial fishing (i.e. catch rate and fishing duration). Nevertheless, it is important to monitor seabird attendance at fishing vessels so that proper mitigation and conservation actions are met to protect seabirds.",2009,https://doi.org/10.5038/2074-1235.37.3.850,article,NA,Jarrod A. Santora; K Dietrich; D. Lombard,Seabird; Trawling; Fishing; Fishery; Geography; Peninsula; Ornithology,Avian ecology and behavior; Wildlife Ecology and Conservation; Fish Ecology and Management Studies,Ecology; Ecology; Nature and Landscape Conservation,NA,1,479
Ubiquity and Diversity of Cold Adapted Denitrifying Bacteria Isolated From Diverse Antarctic Ecosystems,"Nitrogen cycle has been poorly investigated in Antarctic ecosystems. In particular, how extreme conditions of low temperature, dryness, and high radiation select the microorganisms involved in the cycle is not yet understood. Denitrification is an important step in the nitrogen cycle in which nitrate is reduced stepwise to the gases NO, N2O, and N2. Denitrification is carried out by a wide group of microorganisms spread in the phylogenetic tree. The aim of this work was to isolate and characterize denitrifying bacteria present in different cold environments from Antarctica. Bacterial isolates were obtained from lake, meltwater, sea, glacier ice, ornithogenic soil, and penguin feces samples from King George Island, Fildes peninsula in the Antarctic. Samples were taken during the deicing season in five sampling campaigns. From all the samples we were able to isolate denitrifying strains. A total of 199 bacterial isolates with the capacity to grow in anaerobic mineral media reducing nitrate at 4°C were obtained. The characterization of the isolates by 16S rRNA gene sequence analysis showed a high predominance of the genus Pseudomonas, followed by Janthinobacterium, Flavobacterium, Psychrobacter, and Yersinia. Other minor genera detected were Cryobacterium, Iodobacter, Kaistella, and Carnobacterium. The capacity to denitrify was not previously described for most of the bacteria related to our isolates and in many of them denitrifying genes were not present suggesting the presence of new genes in this extreme environment. Our work demonstrates the ubiquity of denitrification in the Maritime Antarctica and gives important information linking denitrification at cold temperature with taxa in an unequivocal way.",2022,https://doi.org/10.3389/fmicb.2022.827228,article,https://www.frontiersin.org/articles/10.3389/fmicb.2022.827228/pdf,Angela Cabezas; Gastón Azzíz; Patricia Bovio-Winkler; Laura Fuentes; Lucia Braga Nan; Jorge Wenzel; Silvia Sabaris; Silvana Tarlera; Claudia Etchebehere,Denitrifying bacteria; Biology; Denitrification,Microbial Community Ecology and Physiology; Polar Research and Ecology; Protist diversity and phylogeny,Ecology; Ecology; Molecular Biology,https://www.frontiersin.org/articles/10.3389/fmicb.2022.827228/pdf,8,483
Skuas mortalities linked to positives HPAIV A/H5 beyond Polar Antarctic Circle,"The ongoing extinction crisis, driven by human activity, poses a significant threat to seabirds and it's especially relevant in highly valuable environments such as Antarctica. Among these threats, seabirds face the risk of local extinctions due to emerging infectious diseases like the Highly Pathogenic Avian Influenza Virus (HPAIV).Progressive spread of HPAIV A/H5N1 outbreaks across South America and the sub-Antarctic islands have been detected, reaching the northern regions of the West Antarctic Peninsula (WAP) during the 2023-2024 season. Here we conducted a comprehensive epidemiological survey conducted on sixteen seabird nesting localities along the WAP from November 2024 to January 2025 to assess the health status of the Antarctic seabirds and detect the presence of HPAIV. We observed unusual mortalities among nesting populations of skuas, with a total of 35 deaths skuas recorded along the WAP and beyond the Antarctic Polar Circle, including Important bird breeding areas around Margarita Bay. HPAIV A/H5 was confirmed in all dead skuas sampled (n=11), from six different locations. This finding represents the southernmost record of seabird mortality in Antarctica related to HPAIV to date. The expansion of HPAIV observed here raises concerns about further spread of avian flu out the Antarctic Peninsula, potentially leading to increased mortality rates in the Antarctic bird populations. These findings are relevant for the assessment of the general health status of Antarctic seabird populations and provide a baseline for the continuous monitoring of the HPAIV spread in avian species during the next breeding seasons.",2025,https://doi.org/10.1101/2025.03.02.640960,preprint,https://doi.org/10.1101/2025.03.02.640960,Fabiola León Miranda; Cláudia Ulloa; Eduardo Pizarro; Pablo González; Karla Diaz; Ana Claudia; Francine B. Timm; Monica Correa; Lucas Krüger; Élie Poulin; Catalina Pardo; Juliana A. Vianna,Polar,Cardiovascular and Diving-Related Complications; High Altitude and Hypoxia; Spaceflight effects on biology,Pulmonary and Respiratory Medicine; Genetics; Physiology,NA,1,484
Seabird breeding population size on the Antarctic Peninsula related to fisheries activities in non-breeding ranges off South America,"Abstract Population growth of the southern giant petrel Macronectes giganteus from South America has been linked with an increase in fishing activities. It was demonstrated recently that a population from Elephant Island, Antarctic Peninsula, largely overlaps its non-breeding distribution with zones of high fishing intensity off South America. This study investigated the assumption that the increase in this population since the 1980s is related to an increase in fisheries off South America. Our results show that the population size is proportional to the increase in demersal and squid fisheries. These fisheries produce a considerable amount of discards, which can be used by non-breeding southern giant petrels as a food source during unfavourable conditions in winter. This may enhance the adult survival rates with potential carry-over effects on population size. Our study shows that we need to further understand the effects of fishery discards/offal on scavenging seabirds of the Southern Ocean, and highlights the importance of understanding the carry-over effects of seabird–fisheries interactions during the non-breeding phase in population dynamics.",2017,https://doi.org/10.1017/s0954102017000207,article,NA,Lucas Krüger; Vítor H. Paiva; Maria Virgı́nia Petry; Jaime A. Ramos,Seabird; Discards; Fishing; Fishery; Demersal zone; Population; Peninsula; Bycatch; Geography,Cephalopods and Marine Biology; Marine animal studies overview; Avian ecology and behavior,"Ecology, Evolution, Behavior and Systematics; Ecology; Ecology",NA,10,485
Reevaluating the Canyon Hypothesis in a Biological Hotspot in the Western Antarctic Peninsula,"Abstract In the Western Antarctic Peninsula, increased biological activity at many levels of the food web are spatially coherent with submarine canyons. One possible mechanism that links the presence of these canyons to increased biological productivity is through the local upwelling of nutrient‐rich modified Upper Circumpolar Deep Water (mUCDW) to the surface, which supports high phytoplankton stocks, krill, penguins, and whales. In the austral summer of 2015, we investigated this hypothesis by deploying three autonomous Slocum gliders over Palmer Deep Canyon, near Palmer Station, Antarctica. Although we observed the shallowing of mUCDW consistent with canyon‐driven isopycnal uplift, these deep waters did not penetrate the phytoplankton rich surface mixed layer. Waters below the mixed layer, however, were strongly coherent with bathymetry, suggesting the strong influence of the canyon. The decoupling of the surface mixed layer from the mUCDW suggests that local upwelling may not be the mechanism that supports the biological hotspot. New physical mechanisms that could support the biological hotspot at Palmer Deep Canyon are suggested.",2019,https://doi.org/10.1029/2019jc015195,article,https://agupubs.onlinelibrary.wiley.com/doi/pdfdirect/10.1029/2019JC015195,K. Hudson; Matthew J. Oliver; Kim S. Bernard; Megan A. Cimino; William R. Fraser; Josh Kohut; Hank Statscewich; Peter Winsor,Canyon; Oceanography; Upwelling; Submarine canyon; Geology,Polar Research and Ecology; Marine and coastal ecosystems; Arctic and Antarctic ice dynamics,Ecology; Oceanography; Atmospheric Science,https://agupubs.onlinelibrary.wiley.com/doi/pdfdirect/10.1029/2019JC015195,11,490
Antarctic Krill Biomass and Flux Measured Using Wideband Echosounders and Acoustic Doppler Current Profilers on Submerged Moorings,"During austral summer 2018/2019, we deployed an array of six submerged moorings equipped with Nortek Signature100 integrated wideband echosounder and acoustic Doppler current profilers (ADCPs) on the continental shelf of the northern Antarctic Peninsula. Acoustic data from these instruments were used to classify targets, estimate water flow and the biomass of Antarctic krill ( Euphausia superba ), and quantify krill flux (biomass transport). We differentiated krill from other target aggregations using a supervised classification of data from the echosounder representing five wideband frequency bins spanning 68–113 kHz and two narrowband frequencies at 70 and 120 kHz. We estimated krill biomass using echosounder data collected at 120 kHz and water flow using the ADCP data. We estimated the biomass flux from the product of mean volumetric krill density and flow speed over a depth-integration range of 150 m. The overall mean krill areal biomass density based on hourly averages was 174 g⋅m –2 during the austral summer (December–March). Mean daily biomass decreased by an order of magnitude, from 300 to 31 g⋅m –2 , over the sampling period, and fluctuated by nearly a factor of 4 above and below the local trend within weekly intervals. Mean current direction was along-shelf toward the west, and mean flow speed increased from ∼0.10 to 0.14 m⋅s –1 during the season. Krill flux was correlated with biomass variation, and the grand mean flux was 0.13 g⋅m –2 ⋅s –1 . During the study period and in our approximately 1,300 km 2 study area, average total biomass of krill was 116265 metric tons, and total cumulative krill biomass was 2.5 million tons. Our results demonstrate the utility of integrated echosounder-ADCP systems for quantifying krill flux in an important foraging area used by krill-dependent predators (seabirds and marine mammals) that breed nearby and highlight the scales of variability in a key prey resource required by these predators.",2022,https://doi.org/10.3389/fmars.2022.784469,article,https://www.frontiersin.org/articles/10.3389/fmars.2022.784469/pdf,George R. Cutter; Christian S. Reiss; Sven Nylund; George M. Watters,Krill; Echo sounding; Oceanography; Euphausia; Environmental science; Biomass (ecology); Acoustic Doppler current profiler; Flux (metallurgy),Marine and fisheries research; Fish Ecology and Management Studies; Marine animal studies overview,Global and Planetary Change; Nature and Landscape Conservation; Ecology,https://www.frontiersin.org/articles/10.3389/fmars.2022.784469/pdf,12,492
"Micromorphological structure of maritime antarctic cryosols (King-George and Livingston Islands, West Antarctica)","Cryosols of the Antarctic maritime area are much different from the continental ones. The relatively moderate climate conditions in Maritime Antarctica and a strong interaction between the biotic and abiotic environment are drivers for more intensive soil formation processes than in the continental regions. Soil formation studies from the Maritime Antarctica are, however, rather rare. Therefore, micromorphological investigations on polar soils can contribute to more comprehensive information on soil genesis in Antarctica. In this study, we applied the micromorphological study of thin sections from soil micromonoliths to assess the intensity and trends of the pedogenic processes in selected soils from two adjacent islands of the South-Shetland archipelago: King George Island and Livingston Island. The results obtained show that regional lithology and the origin of the incoming organic matter mainly determine the micromorphological structure of the local soils. Soil matrix micromorphological properties and features (mineralogical content, weathering stage and even partly grain-size distribution) are mainly defined by pyroclastic particles due to recent and ancient volcanic eruptions. The presence of rounded grains and aggregated mineral particles is the evidence of marine origin of the sediments. Ornithogenic soils show the clear evidence of the organic plasma formation and mineral particles aggregation via the zoogenic organic substances provided by penguins which is a unique specifics of the maritime Antarctic soils.",2022,https://doi.org/10.5817/cpr2021-2-22,article,https://journals.muni.cz/CPR/article/download/20746/16658,Evgeny Abakumov; A. V. Lupachev; Rositsa Yaneva; Miglena Zhiyanski,Shetland; Geology; Pedogenesis; Weathering; Archipelago,Polar Research and Ecology; Geology and Paleoclimatology Research; Biocrusts and Microbial Ecology,"Ecology; Atmospheric Science; Ecology, Evolution, Behavior and Systematics",https://journals.muni.cz/CPR/article/download/20746/16658,2,494
"Methane and nitrous oxide fluxes in relation to vegetation covers and bird activity in ice-free soils of Rip Point, Nelson Island, Antarctica","This study aimed to quantify the nitrous oxide (N2O) and methane (CH4) fluxes at sites with different vegetation covers and where bird activity was present or absent using the static chamber method, on Rip Point, Nelson Island, maritime Antarctic. The sites were soils covered by Sanionia uncinata, lichens, Prasiola crispa, Deschampsia antarctica and bare soil. Seabirds used the P. crispa and D. antarctica sites as nesting areas. Soil mineral N contents, air and soil temperature and water-filled pore space were measured, and the content of total organic C and particulate organic C, total N, bulk density and texture were determined to identify controlling variables of the gas emissions. The N2O and CH4 flux rates were low for all sampling events. Mean N2O flux rates ranged from 0.11±1.93 up to 21.25±22.14 µg N2O m−2 h−1 for the soils under lichen and P. crispa cover, respectively. For the CH4 fluxes, only the P. crispa site showed a low positive mean (0.47±3.61 µg CH4 m−2 h−1). The bare soil showed the greatest absorption of CH4 (−11.92±5.7 µg CH4 m−2 h−1), probably favoured by the coarse soil texture. Bare soil and S. uncinata sites had N2O accumulated emissions close to zero. Net CH4 accumulated emission was observed only at the P. crispa site, which was correlated with (p<0.001). These results indicate that seabird activity influences N2O and CH4 soil fluxes, while vegetation has little influence, and bare soil areas in maritime Antarctica could be greenhouse gas sinks.Keywords: Soil greenhouse gases; seabirds; vegetal cover; maritime Antarctica.(Published: 3 February 2015)Citation: Polar Research 2015, 34, 23584, http://dx.doi.org/10.3402/polar.v34.23584",2015,https://doi.org/10.3402/polar.v34.23584,article,https://polarresearch.net/index.php/polar/article/download/3245/pdf_7,Ângela Denise Hubert Neufeld; Stefânia Guedes de Godoi; Antônio Batista Pereira; Cimélio Bayer; Adriano Luís Schünemann; Filipe de Carvalho Victória; Margéli Pereira de Albuquerque; Estefânia Silva Camargo; Frederico Costa Beber Vieira,Soil water; Environmental science; Vegetation (pathology); Soil texture,Polar Research and Ecology; Cryospheric studies and observations; Climate change and permafrost,Ecology; Atmospheric Science; Atmospheric Science,https://polarresearch.net/index.php/polar/article/download/3245/pdf_7,11,495
"Decapod crustaceans from the Eocene La Meseta Formation, Seymour Island, Antarctica: a model for preservation of decapods","Thirteen species of fossil decapod crustaceans collected from 43 localities in the La Meseta Formation (Eocene), Seymour Island, Antarctica, have been located precisely using global positioning system techniques and accurately placed in their stratigraphic context using an allostratigraphic scheme. Three decapod species are congeneric with extant species known from outer shelf and slope habitats documenting an onshore–offshore pattern of ecological preference. Functional morphological analysis of the decapods confirms the environmental interpretations based upon sedimentological studies. Species diversity is greatest in the lower and upper parts of the section, in the Acantilados and Submeseta allomembers, respectively. However, numerical abundance of specimens is greatest near the top of the coarsening-upward sequence in the Cucullaea I Allomember. This allomember and the underlying Campamento Allomember are overwhelmingly dominated by a single species, Lyreidus antarcticus . The relatively high diversity of decapods in the lower and upper parts of the La Meseta Formation is interpreted as resulting from favourable preservational environments in delta-front and nearshore environments where burial was rapid and sediment reworking was minimal. In the middle part of the La Meseta Formation, sediment reworking was probably high and fragile arthropod cuticular material was destroyed, except in the case of Lyreidus , which is a burrower and was probably preserved within its burrow. The pattern of diversity documented by the arthropods differs markedly from that of the molluscs, probably because of the presence of more durable shell material in the pelecypods and gastropods. The La Meseta Formation record of decapods may serve as an important model for arthropod preservation against which other occurrences can be tested.",2003,https://doi.org/10.1144/0016-764901-136,article,NA,Rodney M. Feldmann; Carrie E. Schweitzer; Sergio A. Marenssi,Paleontology; Geology; Context (archaeology); Taphonomy; Cenozoic,Crustacean biology and ecology; Marine Biology and Ecology Research; Marine and fisheries research,Ecology; Oceanography; Global and Planetary Change,NA,14,497
"Soil–landform–plant communities relationships of a periglacial landscape at Potter Peninsula, Maritime Antarctica","Abstract. Integrated studies on the interplay between soils, periglacial geomorphology and plant communities are crucial for the understanding of climate change effects on terrestrial ecosystems of Maritime Antarctica, one of the most sensitive areas to global warming. Knowledge on physical environmental factors that influence plant communities can greatly benefit studies on monitoring climate change in Maritime Antarctica, where new ice-free areas are being constantly exposed, allowing plant growth and organic carbon inputs. The relationship between topography, plant communities and soils was investigated in Potter Peninsula, King George Island, Maritime Antarctica. We mapped the occurrence and distribution of plant communities and identified soil–landform–vegetation relationships. The vegetation map was obtained by classification of a Quickbird image, coupled with detailed landform and characterization of 18 soil profiles. The sub-formations were identified and classified, and we also determined the total elemental composition of lichens, mosses and grasses. Plant communities at Potter Peninsula occupy 23% of the ice-free area, at different landscape positions, showing decreasing diversity and biomass from the coastal zone to inland areas where sub-desert conditions prevail. There is a clear dependency between landform and vegetated soils. Soils with greater moisture or poorly drained, and acid to neutral pH, are favourable for mosses subformations. Saline, organic-matter rich ornithogenic soils of former penguin rookeries have greater biomass and diversity, with mixed associations of mosses and grasses, while stable felseenmeers and flat rocky cryoplanation surfaces are the preferred sites for Usnea and Himantormia lugubris lichens, at the highest surface. Lichens subformations cover the largest vegetated area, showing varying associations with mosses.",2014,https://doi.org/10.5194/sed-6-2261-2014,preprint,https://doi.org/10.5194/sed-6-2261-2014,Everton Luís Poelking; Carlos Ernesto Gonçalves Reynaud Schaefer; Elpı́dio Inácio Fernandes Filho; André Medeiros de Andrade; Adriano Afonso Spielmann,Lichen; Landform; Vegetation (pathology); Plant community,Polar Research and Ecology; Geology and Paleoclimatology Research; Cryospheric studies and observations,Ecology; Atmospheric Science; Atmospheric Science,NA,4,498
Managing fishing in the sub-Antarctic,"Harvesting of finfish in the sub-Antarctic is briefly described together with an historical account of its management by the international Commission for the Conservation of Antarctic Marine Living Resources (CCAMLR) under the Convention of the same name (CAMLR Convention).The key objectives of the CAMLR Convention are outlined, with emphasis on the procedures adopted by CCAMLR to meet its management objectives through implementation of an ecosystem-based and precautionary approach.Four case studies are presented to illustrate CCAMLR's success as a modern-day and effective marine management organisation.The cases considered are CCAMLR's efforts to: (a) combat Illegal, Unreported and Unregulated (IUU) fishing, (b) mitigate incidental seabird bycatch during longline fishing for toothfish, (c) institute precautionary management of developing fisheries and (d) address environmental protection.In evaluating CCAMLR's actions, emphasis is given to the challenges faced and lessons learnt thereby highlighting the organisation' s standing as an example of international best practice in the management of marine living resources on the high seas.",2007,https://doi.org/10.26749/rstpp.141.1.121,article,https://eprints.utas.edu.au/13347/4/2007_Miller_managing_fishing.pdf,DGM Miller,Fishing,Marine animal studies overview; Marine and fisheries research; Coral and Marine Ecosystems Studies,Ecology; Global and Planetary Change; Ecology,https://eprints.utas.edu.au/13347/4/2007_Miller_managing_fishing.pdf,9,500
"Impact of the ‘Little Ice Age’ climate cooling on the maar lake ecosystem affected by penguins: A lacustrine sediment record, Penguin Island, West Antarctica","A Pliocene-age volcano on Penguin Island became active again in the Pleistocene/Holocene, forming the main cone of the island – Deacon Peak, and leaving late-Holocene phreatomagmatic craters, including ‘Petrel Crater’, about 200 m in diameter and filled currently by a maar lake with a flat bottom at 18 m water depth. Petrographic, geochemical, photosynthetic pigment, and diatom data from the 72-cm-long sediment core reveal that the crater was initially a marine lagoon with typical phytoplankton assemblages. Most probably, tectonic–volcanic activity about 1250 years ago, documented in tephra fallout, triggered an abrupt glacio-isostatic uplift that separated the lake from the sea. The horizon of tephra, probably from the Deception Island volcano, marks a sudden change in environment from brackish to lacustrine. The ecological evolution of the lake was initially constrained by an uplift, whereas the influence of marine water vanished with time, the lake became meromictic, and the freshwater mixolimnion layer expanded, while the monimolimnion became anoxic due to the influence of a penguin rookery situated on the shore. During the ‘Little Ice Age’ (LIA), the maar may have been covered by permanent ice. A discharge of mineralized guano from the possibly enlarged penguin rookery on the lake shore caused an expansion of the anoxic monimolimnion to the ice surface and an important reduction of autochthonous lacustrine biota of the maar, whereas a substantially increased participation of allochthonous biota passively supplied with guano. That record in the lake sediment core reaffirms the occurrence of a regional LIA event in the maritime Antarctic.",2017,https://doi.org/10.1177/0959683616683254,article,NA,Agnieszka Wasiłowska; Andrzej Tatur; Zinajda Pushina; Andrzej Barczuk; Sergey Verkulich,Geology; Maar; Tephra; Crater lake; Oceanography,Geology and Paleoclimatology Research; Polar Research and Ecology; Marine Biology and Ecology Research,Atmospheric Science; Ecology; Oceanography,NA,7,502
"Considerations about the Evolutionary Stasis of<i>Notiolofos arquinotiensis</i>(Mammalia: Sparnotheriodontidae), Eocene of Seymour Island, Antarctica","Notiolofos arquinotiensis is the most abundant terrestrial placental mammal in the Paleogene of the Antarctic continent. Evidence suggests a South American origin of Sparnotheriodontidae, and an allopatric speciation event for the appearance of N. arquinotiensis. It was recorded exclusively on Seymour Island, through most of the La Meseta and Submeseta formations. Isotopic and paleomagnetic calibration of the units indicate a relatively continuous fossil record of at least 17.5 Ma. The stasis hypothesis is tested here as opposite to the possibility of a wider and previously non-identified specific diversity of Antarctic sparnotheriodontids. The material of N. arquinotensis available was compared in preservation, characters and dental occlusal areas to the more complete phylogenetic relative Sparnotheriodon epsilonoides and the North American Meniscotherium chamense. Despite there being no close phylogenetic relationship between Notiolofos and Meniscotherium, the morphological dental similarity between them suggests they could be interpreted as ecologically equivalent taxa. The analysis allows the reassignment of some N. arquinotensis teeth to other dental loci. The results indicate that there are no reasons to justify the presence of different species through the stratigraphic sequence or to refute the morphological stasis in N. arquinotensis. Stasis among Antarctic Eocene vertebrates is also recorded among Eocene penguins. The ""Plus ça change"" model indicate that morphological stasis and punctuated equilibrium were detected as the usual responses to widely fluctuating physical environments such as those characteristic of temperate regions and shallow waters. This model fits well with inferences on Antarctic paleoclimate and paleogeography and the land fossil record.",2015,https://doi.org/10.5710/amgh.14.09.2015.2934,article,https://ri.conicet.gov.ar/bitstream/11336/54582/2/CONICET_Digital_Nro.05fdd229-9b09-4ab1-9ed4-b00b0f61c43d_A.pdf,Javier N. Gelfo,Paleontology; Paleogene; Mammal; Geology; Taxon; Paleomagnetism,Evolution and Paleontology Studies; Bat Biology and Ecology Studies; Morphological variations and asymmetry,"Paleontology; Ecology, Evolution, Behavior and Systematics; Geometry and Topology",NA,10,509
"First bird remains from the Eocene of Algarrobo, central Chile Primeros restos de aves del Eoceno de Algarrobo, Chile central","Paleogene records of birds in the Eastern margin of the Pacific Ocean have increased in recent years, being almost exclusively restricted to fossil Sphenisciformes (penguins). New avian remains (Ornithurae, Neornithes) from Middle-to-Late Eocene levels of the Estratos de Algarrobo unit, in Algarrobo, central Chile, are disclosed in the present work. These new finds are significant in representing the first non-spheniscid bird remains of Middle to Late Eocene age, recovered in mid-latitudes of the eastern Pacific and probably belonging to a procelarid. It complements the regional record of Eocene birds, previously known only at high-latitudes such as Seymour Island (Antarctica) and Magallanes (Chile), and low-latitude locations in Peru.",2012,https://doi.org/10.5027/andgeov39n3-a010,article,NA,Roberto E. Yury-Yáñez; Rodrigo A. Otero; Sergio Soto‐Acuña; Mario E. Suárez; David Rubilar-Rogers; Michel Sallaberry,Paleogene; Geology; Paleontology; Latitude,Paleontology and Evolutionary Biology; Evolution and Paleontology Studies; Geology and Paleoclimatology Research,Paleontology; Paleontology; Atmospheric Science,NA,5,516
The implementation of ACAP Best Practice Advice to mitigate seabird bycatch in fisheries: Issues and options,"The Agreement on the Conservation of Albatrosses and Petrels (ACAP) is a multilateral agreement which strives to conserve albatrosses and petrels by coordinating international activities to mitigate threats to their populations. One of the major threats that seabirds face is fisheries-induced mortality, or bycatch. In recognition of the serious nature of this problem, ACAP established a Seabird Bycatch Working Group (SBWG) to advise on actions that will assist in the mitigation and reduction of seabird interactions with fisheries. The SBWG regularly examines the range of measures available that can minimise bycatch and has developed ""best practice advice"" (BPA), a suite of tools and methods for trawl and longline fisheries. This BPA has been widely promoted by ACAP Parties and others within jurisdictions and at Regional Fisheries Management Organisations (RFMOs) and CCAMLR other over the last 10 years. To assess the levels of implementation of ACAP's BPA for industrial fisheries we employed both a qualitative and semi-quantitative multiple method research design that comprised content analysis of documents and meeting reports from ACAP meetings, a review of current seabird conservation measures of all tRFMOs that had members which were also ACAP parties, and by conducting a survey that asked 13 questions in relation to the uptake and adoption of ACAP BPA. We confined our analysis to pelagic longline and trawl fisheries within the jurisdictions of both ACAP parties and non-parties. Our research identified a number of key gaps in the uptake of the BPA guidelines in these fisheries. Complete uptake of BPA was poor by ACAP Parties both within their jurisdictions, and in high seas fisheries managed through RFMOs. For Parties, the level of uptake was difficult to assess accurately because reporting to the Agreement has thus far been inadequate for this purpose. Uptake of BPA in high seas fisheries by non-parties and RFMos was also poor and unlikely to improve while ACAP Parties are unable to demonstrate commitment to their use in all national fisheries. The study findings provided advice and recommendations on addressing impediments to uptake that could lead to improved management of seabird bycatch in commercial fisheries.",2023,https://doi.org/10.1016/j.marpol.2023.105879,article,https://doi.org/10.1016/j.marpol.2023.105879,G. Barry Baker; Valeriya Komyakova; Alexia Wellbelove; Nicola Beynon; Marcus Haward,Bycatch; Seabird; Fishery; Pelagic zone; Business; Fisheries management,Avian ecology and behavior; Wildlife Ecology and Conservation; Marine animal studies overview,Ecology; Ecology; Ecology,NA,5,517
"Population Fluctuation of Pygoscelis Papua and Pygoscelis Antarctica, Elephant Island, South Shetlands, Antarctica","Reproductive population size of both the Gentoo penguin (Pygoscelis papua) and Chinstrap penguin (Pygoscelis antarctica) has changed over the last decades in many sites in the South Shetlands Islands.We evaluated the population sizes of these species on Stinker Point, Elephant Island, South Shetlands, Antarctic, during the breeding season 2009, 2010 and 2011, and we compared with preterit studies.Over the last 40 years, the number of breeding pairs here have shown uctuations, with changes of up to 32%.It is possible that these uctuations are related to the variation in prey availability and/or climate change.However, additional census and demographic surveys in Elephant Island are clearly needed to determine whether the decline represents a long-term trend or random circumstantial uctuations.",2012,https://doi.org/10.4322/apa.2014.068,article,https://doi.org/10.4322/apa.2014.068,Roberta da Cruz Piuco; Jaqueline Brummelhaus; Maria Virgı́nia Petry; Martin Sander,Pygoscelis,Marine and coastal plant biology; Cephalopods and Marine Biology; Polar Research and Ecology,"Oceanography; Ecology, Evolution, Behavior and Systematics; Ecology",NA,0,522
Large scale seabird community stucture along oceanographic gradients in the Scotia Sea and northern Antarctic Peninsula,Dataset and associated code for publication submitted to Frontiers in Marine Science. The data represent strip transect data collection efforts of seabirds aboard 2 tourist ships during the 2019-2020 Antarctic summer season throughout the Scotia Sea and Antarctic Peninsula. Data were analysed using R.,2023,https://doi.org/10.5281/zenodo.8313941,dataset,https://zenodo.org/record/8313941,Ollus; Biuw; Lowther; Fauchald; Johannessen; López; Gkikopoulou; Oosthuizen; Lindstrøm,Peninsula; Seabird; Oceanography; Scale (ratio),Marine and coastal plant biology; Marine animal studies overview; Isotope Analysis in Ecology,Oceanography; Ecology; Ecology,NA,1,532
Vomit or Flush? Diet analysis using samples from spontaneous regurgitates or the water-off-load technique,"Several methods, each with specific advantages and disadvantages, are frequently used to obtain diet samples from seabirds. The collection of regurgitates (REG) as well as samples from the stomach water-off-load (WOL) or flushing technique are some of the most commonly used approaches. During the Austral breeding season of 2005/06 diet samples from Cape Petrel Daption capense and Snow Petrel Pagodroma nivea were collected at Signy Island, South Orkney Islands, Antarctica. Primarily, diet samples were obtained by stomach flushing but occasionally (8 Snow Petrels and 12 Cape Petrels) birds spontaneously regurgitated their stomach contents before flushing. These regurgitates were sampled completely and stored separately. Afterwards the remainder of the bird’s stomach contents was flushed. By doing so, a comparison could then be made between the REG samples and the total stomach contents (REG+WOL). In the REG samples of both species the fraction of fish was underestimated and the fraction of crustaceans overestimated compared to the REG+WOL samples. This study shows that methodology-specific outcomes are potentially to be expected when doing dietary research. Using REG samples is shown not to be suitable for quantitative assessments of the diets of petrels. The WOL technique, which collects the entire stomach content, suits this purpose better.",2012,https://doi.org/10.61350/sbj.25.22,article,http://seabirdgroup.org.uk/journals/seabird-25/seabird-25-22.pdf,Ruben Fijn; J.A. van Franeker; Phil Trathan,Stomach; Fish <Actinopterygii>; Flushing,Avian ecology and behavior; Economic and Environmental Valuation; Water Quality and Resources Studies,Ecology; Economics and Econometrics; Water Science and Technology,http://seabirdgroup.org.uk/journals/seabird-25/seabird-25-22.pdf,2,534
PFASs in the Nordic environment,"This report describes the screening of an extensive list of conventional and emerging perand polyfluoroalkyl substances (PFASs) in the Nordic environment.PFASs is a large class of substances that have become an environmental problem due to extreme persistence and potential toxic effects in biota and humans.More than 4 000 PFASs are estimated to be in circulation on the global market and the environmental distribution is poorly understood.This screening study covers in total ninety-nine (99) PFASs and analysis of extractable organic fluorine (EOF).The latter can provide the amount, but not identity, of organofluorine in the samples, which in turn can be used to assess the mass balance between known and unknown PFASs.The study was initiated by the Nordic Screening Group and funded by the Nordic Council of Ministers through the Chemicals Group as well as agencies and institutes represented in the Nordic Screening Group.A total of 102 samples were analyzed in this study, including bird eggs, fish, marine mammals, terrestrial mammals, surface water, WWTP effluents and sludge, and air.Samples were collected by institutes from the participating countries and self-governing areas; Denmark, Faroe Islands, Finland, Greenland, Iceland, Norway, and Sweden.The majority of samples were collected in 2017.PFASs were analyzed using liquid-, supercritical fluid-, and gas chromatography coupled to mass spectrometry.EOF was analyzed using combustion ion chromatography.The PFAS profile in seabird eggs and marine mammals was dominated by the perfluoroalkyl acids (PFAAs) that are perfluoroalkyl carboxylic acids (PFCAs) and perfluoroalkyl sulfonic acids (PFSAs), and mainly perfluorooctane sulfonic acid (PFOS) and long chain PFCAs (>C8).The range of total PFAS concentrations in egg samples were 627 -707 ng/g w.w. for Sweden, 44.9 -99.9 ng/g w.w. for Iceland, and 56.9 -81.4 ng/g w.w. for Faroe Islands.Among the marine mammals, polar bear liver samples (Ursus maritimus) from Greenland showed the highest sum of PFASs (1426 -1890 ng/g) as well as highest EOF (1782 -2056 ng fluoride/g).The total PFASs in other marine mammal samples ranged between 35.1 ng/g in grey seal (Halichoerus grypus) from Denmark to 123 ng/g in harbour porpoise (Phocoena phocoena), also from Denmark.Reindeer (Rangifer tarandus) and freshwater fish livers from European perch (Perca fluviatilis), brown trout (Salmo trutta) and Arctic char (Salvelinus alpinus) also showed predominating PFCA and PFSA profiles with some minor contribution from PFCA precursor compounds.The total PFAS concentrations in the reindeer samples in descending order were 5.4 ng/g for Greenland, 3.3 ng/g for Sweden, 1.4 ng/g for Finland and 1.1 ng/g for Iceland.The brown bear sample (Ursus arctos) from Finland had a total PFAS concentration of 18.9 ng/g.Marine fish livers from Atlantic pollock (Pollachius pollachius), Greenland cod (Gadus ogac), Atlantic cod (Gadus morhua), European flounder (Platichthys flesus) and Atlantic herring (Clupea harengus), ranged from 10.6 ng/g to 18.2 ng/g.The average of total PFAS concentrations in the freshwater fish samples in 12 PFASs in the Nordic environment descending order were 154 (74.7 -302) ng/g for perch from Finland, 112 ng/g for perch from Norway,2) ng/g for trout and char from Faroe Islands, 24.5 (19.8 -29.1) ng/g for perch from Denmark, 5.9 (0.30 -11.47) ng/g for trout from Iceland, and 5.7 (5.2 -6.2) ng/g for perch from Sweden.Sludge samples were dominated by PFCA precursors, on average accounting for 75% of all identified PFASs, and mainly contributed by different isomers of polyfluoroalkyl phosphoric acid diesters (diPAPs).The PFASs in the sludge samples, in descending order, were 142 (136 -149) ng/g for Denmark, 103 (67.8 -180) ng/g for Sweden, 100 (74.9 -126) ng/g for Finland, 75.2 (64.1 -86.2) ng/g for Norway and 36.8 (34.9 -38.8) ng/g for Faroe IslandsEffluent samples contained a mix of PFAS classes including PFCAs, PFSAs, ultrashort PFASs (mainly perfluoropropionic acid, PFPrA) and PFCA precursors.The average total PFAS concentrations in the effluent samples were 113.3 ng/L for Sweden, 75.4 ng/L for Greenland, 55.4 ng/L for Iceland, 49.7 ng/L for Finland, 48.2 ng/L for Denmark, 44.0 ng/L for Norway and 34.2 ng/L for Faroe Islands.The PFASs in surface water mainly ranged between 1 and 10 ng/L, with one exception of 61 ng/L in Helsinki which could indicate strong influence from point source(s).PFCAs dominated the profile with the highest concentration for perfluorohexanoic acid (PFHxA) followed by perfluorobutanoic acid (PFBA).Air was collected using glass fiber filters (GFF) and PUF/XAD-2/PUF and analyzed for conventional PFASs and a suite of novel PFASs.Conventional PFASs detected in air included PFOA, perfluorobutane sulfonic acid (PFBS), perfluorohexane sulfonic acid (PFHxS), and PFOS.Novel PFAS such as 1,3-Bis(trifluoromethyl)-5-bromo-benzene (BTFBB) was frequently detected although their levels need to be further confirmed.Another novel PFAS that was detected in this study was perfluoroethylcyclohexane sulfonic acid (PFECHS).PFECHS was detected in fish liver, marine mammal liver, and also in surface water and WWTP effluent.The target analysis of PFASs could explain between 2% and 102% of the measured EOF.The average explanation degree for detected samples was 8% for surface water, 9% for WWTP sludge, 11% for WWTP effluents, 18% for reindeer, 26% for fresh water fish, 28% for bear, 37% for marine mammals, 42% for marine fish and 68% for bird eggs.This study demonstrates the need to include more PFAS classes in environmental assessments.Shorter chain PFASs with carbon chain lengths of 2-4 were frequently detected in surface water and WWTP effluent.Although having low bioaccumulation potential, they are likely as persistent as their longer chain homologues, and their long term effects on the environment and humans are unknown.Precursor compounds also contributed to the total PFASs in the present study and were frequently detected in many matrices.It is therefore important to include a comprehensive set of PFAS besides the stable end-products in environmental monitoring and to support regulatory discussions aiming at reducing PFAS exposure sources.The large proportion of unknown extractable organofluorine in most environmental samples in the Nordic environment also calls for further studies.The identity of substances contributing to the measured extractable fluorine in environmental samples also needs to be elucidated to further assess environmental and human health risks.d no no 5 PFPHP d no no Thermal decomposition in injector expected 6 DTFMP d no no Thermal decomposition in injector expected 7 TDFMS d no no Thermal decomposition in injector expected 8 ETDFHS d no no Thermal decomposition in injector expected 9 MNFBS d no no Thermal decomposition in injector expected 10 UDFBC d no no Thermal decomposition in injector expected 11 TCHFB d no no Thermal decomposition in injector expected 12 PFA d no no Thermal decomposition in injector expected 13 MNFBSA d yes 10-900 14 TDFMSA d yes",2019,https://doi.org/10.6027/tn2019-515,book,https://oru.diva-portal.org/smash/get/diva2:1427587/FULLTEXT01,Anna Kärrman; Thanh Wang; Roland Kallenborn; Anne Marie Langseter; Erik Magnus Ræder; Jan Ludvig Lyche; Leo W. Y. Yeung; Fangfang Chen; Ulrika Eriksson; Rudolf Aro; Felicia Fredriksson,Environmental chemistry; Biota; Aquatic environment; Chemistry,Per- and polyfluoroalkyl substances research; Toxic Organic Pollutants Impact; Atmospheric chemistry and aerosols,"Environmental Chemistry; Health, Toxicology and Mutagenesis; Atmospheric Science",NA,28,535
Distributions and Interactions in Three Groups of Polar Marine Plankton,"Polar marine ecosystems are highly productive, with strong seasonal phytoplankton blooms, and high abundances of vertebrate predators. A key link between these phytoplankton and megafauna are the zooplankton, which package and transform phytoplankton biomass, making it available to the fish, mammals, seabirds, and other predators in the ecosystem. I investigated three groups of these important small eukaryotes. In the Bering Sea I analyzed the diet of three morphologically very similar congeners of Pseudocalanus copepods. The two copepod species with largely overlapping geographic ranges were found to have different diets, suggesting feeding differences may serve as a mechanism of niche partitioning between these two species, reducing competition and allowing them both to persist simultaneously. In the West Antarctic Peninsula region the distribution of krill, and the diversity and distribution of microeukaryotes were analyzed in winter. Krill were concentrated within the fjords along the coast, with the few krill found in more offshore stations small, young-of-the-year individuals. Microeukaryotes in the peninsula region included organisms from nearly every major eukaryotic lineage. Microeukaryote assemblages were different in surface waters, deep-waters, and sediments, with further differences by geographic location. Sequences for multiple phytoplankton groups in sediment samples suggest the importance of resting stages, and of the sediments as a seed bank for the highly seasonal phytoplankton bloom. Enhanced understanding of the ecology of these polar ecosystems may potentially allow for improvements in modeling and fisheries management in these regions, and also serves as a baseline against which future changes may be compared.",2015,https://doi.org/10.23860/diss-cleary-alison-2015,dissertation,https://digitalcommons.uri.edu/cgi/viewcontent.cgi?article=1347&context=oa_diss,Alison C. Cleary,Phytoplankton; Krill; Ecology; Marine ecosystem; Zooplankton; Plankton; Oceanography; Biology; Biomass (ecology); Ecosystem,Marine animal studies overview; Marine Biology and Ecology Research; Marine and coastal ecosystems,Ecology; Oceanography; Oceanography,https://digitalcommons.uri.edu/cgi/viewcontent.cgi?article=1347&context=oa_diss,2,540
"The Portuguese industrial pelagic longline fishery in the Northeast Atlantic: Catch composition, spatio-temporal dynamics of fishing effort, and target species catch rates","The multispecific and highly dynamic nature of pelagic longline fisheries demands a holistic view that will likely benefit the development of effective management strategies. This study aims to provide an integrated perspective of the Portuguese longline fishery targeting swordfish Xiphias gladius and blue shark Prionace glauca in the Northeast Atlantic, regarding fishing dynamics, target species catches and associated bycatch. Data from 896 observed fishing sets (887,641 hooks) collected between 2015 and 2020 were used in a cluster analysis to group sets according to the target species. These sets were investigated for spatio-temporal patterns, and the relationship between target species catches and environmental and operational characteristics were examined using generalized additive mixed models (GAMM). A total of 46,306 individuals from 54 species (30 fish, 11 sharks, 2 manta rays, 6 cetaceans, 2 sea turtles and 2 seabirds) were recorded. Swordfish and blue shark comprised over 88.3% of the total catch in numbers (33.6% and 54.7%, respectively). Overall, most of the fishing effort occurred west off mainland Portugal, congregated during autumn when vessels targeted mostly swordfish, and dispersed over the region during spring and summer, when vessels targeted mostly blue shark. The bycatch of sea turtles and a relatively higher diversity of bony fish species, yet low catch in terms of abundance, appeared more associated with sets identified as targeting swordfish. Recorded catch of tunas Thunnus spp. and pelagic sharks, such as the shortfin mako Isurus oxyrinchus and the porbeagle Lamna nasus, were more associated with blue shark sets. Bigeye thresher Alopias superciliosus, thresher Alopias vulpinus, pelagic stingray Pteroplatytrygon violacea and lancetfish Alepisauros ferox were found equally associated with both targeted species. Management strategies for the region are discussed in light of these new findings.",2023,https://doi.org/10.1016/j.fishres.2023.106730,article,https://doi.org/10.1016/j.fishres.2023.106730,Hugo Parra; Christopher K. Pham; Miguel Machete; M. Begoña Santos; Karen A. Bjorndal; Frédèric Vandeperre,Swordfish; Fishery; Bycatch; Pelagic zone; Fishing; Tuna,Marine and fisheries research; Ichthyology and Marine Biology; Coral and Marine Ecosystems Studies,Global and Planetary Change; Nature and Landscape Conservation; Ecology,NA,10,543
"GROWTH RATE AND BEHAVIOR OVER 20 YEARS IN THE CRUSTOSE LICHEN HAEMATOMMA ERYTHROMMA AT ELEPHANT ISLAND, ANTARCTICA","Antarctica is one of the most extreme environments on the planet considering the climatic conditions. This greatly limits the development of plants, and is reflected in slow growth, especially in the lichens present in this environment. Haematomma erythromma is a nitrophile lichen easily identifiable by its color and was the species chosen to evaluate growth in Antarctica. Using a plastic sheet, squares of 20 x 20 cm were placed on eight different rocks with crustose lichen communities and the species found were drawn in 1992 and in 2012. The location chosen for the survey was Stinker Point, on Elephant Island, north of the South Shetland Archipelago. After 20 years and evaluating 178 thalli, H. erythromma grew 0.2 to 0.7 mm/year, one of the slowest among Antarctic lichens. The thallus growth is mainly oriented West/Northwest, against prevailing wind direction, probably due to nutrient carried form a penguin rockery nearby. New thalli formed during this evaluation and the old ones also grew to connect each other, resulting in a confluent larger thallus. The new thalli grew mostly over Xanthoria elegans (Link.) Th. Fr., Rhizoplaca aspidophora (Vain.) Redón and Buellia spp. demonstrating that H. erythromma is capable of colonize areas with other lichen species coverage. The growth to be confluent with other thalli and the wind orientation are novelties to this species of lichen.",2021,https://doi.org/10.4257/oeco.2021.2501.10,article,https://revistas.ufrj.br/index.php/oa/article/download/24621/22848,Jair Putzke; Adriano Luís Schünemann; Antônio Batista Pereira,Lichen; Thallus; Crustose; Archipelago,Lichen and fungal ecology; Polar Research and Ecology; Biocrusts and Microbial Ecology,"Ecology, Evolution, Behavior and Systematics; Ecology; Ecology, Evolution, Behavior and Systematics",https://revistas.ufrj.br/index.php/oa/article/download/24621/22848,1,554
Differences in tail feather growth rate in storm-petrels breeding in the Northern and Southern hemisphere: a ptilochronological approach,"Moulting and breeding are costly stages in the avian annual cycle and may impose trade-offs in energy allocation between both stages or in their timing. Here, we compared feather growth rates (FGR) of rectrices in adults between two pairs of small pelagic Procellariiformes species differing in moult-breeding strategies: the European storm-petrel Hydrobates pelagicus and Leach's storm-petrel Oceanodroma leucorhoa breeding in the Northern Hemisphere (Faroe Islands), showing moult-breeding overlap in tail feathers; and the Wilson's storm-petrel Oceanites oceanicus and black-bellied storm-petrel Fregetta tropica, breeding in the Southern Hemisphere (South Shetlands), temporally separating moult and breeding. We used ptilochronology (i.e., feather growth bar width) to reconstruct FGR reflecting relative energy availability during moult. Based on previous research, we expected positive correlations between feather length (FL) and FGR. Additionally, we expected to find differences in FGR relative to FL between the moult-breeding strategies, where a relatively higher FGR to FL indicates a higher energy availability for moult. To investigate if energy availability during moult in the studied species is similar to species from other avian orders, we used FGR and FL found in literature (n = 164) and this study. We fitted a phylogenetic generalized least squares (PGLS) model to FGR with FL, group (i.e., Procellariiformes vs. non-Procellariiformes) and the interaction FL * group as predictors. As it has been suggested that Procellariiformes may form two growth bars per 24 h, we fitted the same model but with doubled FGR for Procellariiformes (PGLSadj). The group term was significant in the PGLS model, but was not in the PGLSadj model, confirming this suggestion. Individually predicted FGR by the PGLSadj model based on FL, showed that the Southern species have a significantly higher FGR relative to FL compared to the Northern species. Additionally, we found no correlation between FL and FGR in the Northern species, and a positive correlation between FL and FGR in the Southern species, suggesting differences in the trade-off between feather growth and size between species from both hemispheres. The observed differences between the Northern and Southern species may be caused by different moult-breeding strategies. The Southern species may have had more energy available for moult as they are free from breeding duties during moult, while the Northern species may have had less free energy due to a trade-off in energy allocation between breeding and moulting. Our study shows how different moult-breeding strategies may affect relative nutritional condition or energy allocation during moult of migratory pelagic seabirds.",2019,https://doi.org/10.7717/peerj.7807,article,https://peerj.com/articles/7807.pdf,Anne N. M. A. Ausems; Katarzyna Wojczulanis‐Jakubas; Dariusz Jakubas,Feather; Seabird; Moulting; Biology; Southern Hemisphere; Flight feather; Ornithology,Avian ecology and behavior; Animal Behavior and Reproduction; Wildlife Ecology and Conservation,"Ecology; Ecology, Evolution, Behavior and Systematics; Ecology",https://peerj.com/articles/7807.pdf,4,561
Nonbreeding adult Adélie penguin data northern Antarctic Peninsula,"Raw, unprocessed satellite derived location data (Kiwisat PTT, Sirtrack New Zealand) Adélie penguins (adult, nonbreeding, N=30) tracked from two colonies at research stations in the South Shetland Islands, western Antarctic Peninsula. Fifteen individuals were tracked each at Carlini Station (ARG) and Henryk Arktowski Station (POL) during the austral summer of 2016-2017 (Nov to Feb). Data are provided in raw, csv format with lon, lat, individual ID, date/time, Argos-CLS location quality, and uw.prop (proportion of time spend underwater). Time is in UTC.",2021,https://doi.org/10.5281/zenodo.5036339,dataset,https://zenodo.org/record/5036339,Andrew Lowther; Małgorzata Korczak−Abshire; Mercedes Santos; W. Chris Oosthuizen,Peninsula; Geography,Marine and fisheries research; Marine animal studies overview; Avian ecology and behavior,Global and Planetary Change; Ecology; Ecology,NA,0,584
Nonbreeding adult Adélie penguin data northern Antarctic Peninsula,"Raw, unprocessed satellite derived location data (Kiwisat PTT, Sirtrack New Zealand) Adélie penguins (adult, nonbreeding, N=30) tracked from two colonies at research stations in the South Shetland Islands, western Antarctic Peninsula. Fifteen individuals were tracked each at Carlini Station (ARG) and Henryk Arktowski Station (POL) during the austral summer of 2016-2017 (Nov to Feb). Data are provided in raw, csv format with lon, lat, individual ID, date/time, Argos-CLS location quality, and uw.prop (proportion of time spend underwater). Time is in UTC.",2021,https://doi.org/10.5281/zenodo.5036338,dataset,https://zenodo.org/record/5036338,Andrew Lowther; Małgorzata Korczak−Abshire; Mercedes Santos; W. Chris Oosthuizen,Peninsula; Geography,Marine and fisheries research; Marine animal studies overview; Avian ecology and behavior,Global and Planetary Change; Ecology; Ecology,NA,0,585
"Biparental Care of Chinstrap Penguin: Molecular Sexing and Life History in the South Shetland Islands, Antarctica","Chinstrap penguin, Pygoscelis antarctica, breeding biology involves several distinct stages of chick rearing, in which each parent varies in their relative contribution to reproductive success.We investigated tertiary adult sex ratios using molecular sexing in breeding colonies during guard and crèche stages of chick rearing at Admiralty Bay (King George Island) and on Stinker Point (Elephant Island) in the 2010/2011 breeding season.We analyzed 52 blood samples and found this represented 31 males and 21 females.We observed that the adult sex ratio in guard and crèche stages did not vary signi cantly.However, we feel evidence did infer di erences in relative biparental care behavior between the two stages studied.us, it was possible to develop a potential hypothesis of relationship between sex ratio of adults present during di erent stages of the breeding season by molecular biology technique with Chinstrap penguin life history and gain understanding of the importance of contributions of both sexes in raising their o spring and for attaining reproductive success.",2013,https://doi.org/10.4322/apa.2014.101,article,https://doi.org/10.4322/apa.2014.101,Jaqueline Brummelhaus; Victor Hugo Valiati; Maria Virgı́nia Petry,Shetland; Sexing,Marine animal studies overview,Ecology,NA,0,586
Notes on Antarctic rocks collected by Mr C. E. Borchgrevink,"28° Fahr. Penguinswere about in great numbers, and no difficulty was experienced in killing some of them.On the 14th December, in latitude 66° 44' S. and longitude 164° 0' E., as the Antarctic approached Balleny Island, the ice floes greatly increased in size, and some of them were observed to carry stones and earth.So thick and dangerous was the ice that a vessel, dependent wholly upon sails, could not have existed, and even with steam those on board ran very considerable risk, and had one or two narrow escapes.They decided to run eastward, following in the track of the Erebus and Terror.On Christmas Eve they saw the midnight sun in latitude 66° 47' S. and longitude 174"" 8' E., and at midnight on the 31st December the sun was again shining brightly.Altogether they were thirty-eight days in working their way through the pack ice, and then they got into a clear, smooth, open expanse of sea.They steered straight for Cape Aclare in Victoria Land, which they first sighted on Jan. 16.Mr. Borchgrevink describes it as a square bluff of basaltic rock.The i* }e t e of the air here was 32°, and of the water 30°, and the sky was perfectly clear.Cape Adare rose to a height of 3,779feet.Near Mount Sabine a peak was sighted clear of snow, considered to be a volcano recently in eruption.On January 1 8th, they sighted Possession Island, where Sir James Ross landed fifty-four years before and planted the British flag.They found an immense quantity of penguins, and a large portion of the island, which they judged to be about three hundred and sixty acres in extent, was covered with a deep layer of guano.Small plants were found there by Mr. Borchgrevink growing on the rocks up to thirty feet above sea level.These have subsequently been identified as lichens.On the 20th February they steamed still further southward, ami ^ted a new cape which they named Cape Oscar, in honour oi the King of Sweden and Norway, whose birthday it happened t0 l^.On the 22nd they were in latitude 74° S., and no whales being visible they decided to return northwards to Cape Adare, where they landed, being the first human beings who had ever set foot on that territory.Their landing place was a sort of peninsula, which formed a complete breakwater for the inner bay, through which they steered.Immense swarms of penguins were on the cape, on which they nested as high up as 1,000 feet.Mr.Borchgrevink and his party after landing, collected specimens of the rock, and they also found some signs of vegetation, consisting of lichens (?) like those met with by them at Possession Island.Throughout the whole of their voyage they had a comparatively high temperature, and they met with great numbers of sperm whales.The minimum temperature which they encountered within the Antarctic circle was 25° Fahr., and the maximum was 46°, while all through the ice pack it kept at 28°.The mean temperature for January 1895 was 32-5° Fahr., and for February 30° Fahr.While at Possession Island and Cape Adare Mr. Borchgrevink collected specimens of the different varieties of rock obtainable at those localities.Several of the specimens from Cape Adare are in the form of waterworn pebbles, which were picked up by Mr.Borchgrevink on the shores of that headland.(3) Summary of Antarctic Geology.-The observations of the Antarctic explorers mentioned above prove that (a) eruptive, (b) sedimentary, and (c) metamorphic rocks are well represented m Antarctica.If the (a) Eruptive rocks be divided into respectively plutonic, and volcanic groups, we find that the former comprises granite, pegmatite, granulites rich in microcline and muscovite, syenite, diorite, diabase etc., and the latter pumice, andesites partly hornblendic, augite-labradorite rocks (augite-andesites 1), basalts, basic scoriae, palagonite tuffs.(b) Sedimentary rocks-These comprise the Cuczdlcea rocks of Cape Seymour, with fossil wood of Lower Tertiary Age, numerous fragments of limestone, partly molluscan, partly foraminiferal, the latter Tertiary, the former of doubtful geological age, some more Active (?).Deception Island-Large partly submerged crater with numerous fumaroles, dormant (?) 800 -1,800 ft., 17-Christensen Volcano Active Small.18. Sarsee Volcano ... Active » A -Specimens from Cape Adare.Garnetiferous-Granulitic-Aplite, (No. 4).This rock is the only representative of the acid-group among e sPeci<nens.In the mass it is a white, noncrystalline, aggregate of quartz and felspar granules.Numerous small, well-^vstallized red garnets are present, also numerous crystals of Ck tourmaline.In section the granulitic texture is very",1895,https://doi.org/10.5962/p.359226,article,https://www.biodiversitylibrary.org/partpdf/359226,Tannatt William Edgeworth David; William F Smeeth; J A Schofield,,Geology and Paleoclimatology Research; Pleistocene-Era Hominins and Archaeology; Geochemistry and Geologic Mapping,Atmospheric Science; Anthropology; Artificial Intelligence,https://www.biodiversitylibrary.org/partpdf/359226,5,594
Recent literature on lichens—228,"Achi, S. S., D. J. Adeyemo, C. Maju & J. Tagang. 2012. Characterization of buffing dust using Nigerian Research Reactor 1 (NIRR-1) and its environmental impact. Der Pharmacia Lettre 4(1): 372–380. Allen, J. L., B. P. Hodkinson & C. R. Bjork. 2012. A major range expansion for Platismatia wheeleri. North American Fungi 7(10): 1–12. Angiel, P. J. & M. Dabski. 2012. Lichenometric ages of the little ice age moraines on King George Island and of the last volcanic activity on Penguin Island (West Antarctica). Geografiska Annaler, Series A: Physical Geography 94(3): 395–412. Aptroot, A. & K. Yazici. 2012. A new Placopyrenium (Verrucariaceae) from Turkey. Lichenologist 44(6): 739–741. [New species: Placopyrenium bullatum Aptroot & Yazici.] Aptroot, A., F. Schumm & M. E. S. Caceres. 2012. Six new species of Pyrenula from the tropics. Lichenologist 44(5): 611–618. [New species: Pyrenula borneensis, P. endocrocea, P. hawaiiensis, P. rinodinospora, P. rubrojavanica, and P. thailandica (all names attributed to Aptroot).] Arcadia, L. 2012. The publication date of fascicle 1 of volume 2 of Hoffmann’s ‘Descriptio et Adumbratio’, and other notes on that work. Lichenologist 44(5): 719–722. Archer, A. W. 2012. Graphis supracola A.W. Archer is not endemic to Australia. Australasian Lichenology 71: 18–19. Augusto, S., M. J. Pereira, C. Maguas, A. Soares & C. Branquinho. 2012. Assessing human exposure to polycyclic aromatic hydrocarbons (PAH) in a petrochemical region utilizing data from environmental biomonitors. Journal of Toxicology and Environmental Health 75(13–15): 819–830. Babelewska, A. 2012. Lichens of the Kaliszak Nature Reserve (Wyzyna Krakowsko-Czestochowska) [Porosty Rezerwatu Kaliszak (Wyzyna Krakowsko-Czestochowska)]. Fragmenta Floristica et Geobotanica Polonica 19(1): 153–159. [In Polish with English abstract.] Bajpai, R. & D. K. Upreti. 2012. Accumulation and toxic effect of arsenic and other heavy metals in a contaminated area of West Bengal, India, in the lichen Pyxine cocoes (Sw.) Nyl. Ecotoxicology and Environmental Safety 83: 63–70. Balabanova, B., T. Stafilov, R. Sajn & K. Baeeva. 2012. Characterisation of heavy metals in lichen species Hypogymnia physodes and Evernia prunastri due to biomonitoring of air pollution in the vicinity of copper mine. International Journal of Environmental Research 6(3): 779–792. Batke, S. P. 2012. A preliminary survey of epiphytes in some tree canopies in Zambia and the Democratic Republic of Congo. African Journal of Ecology 50(3): 343–354. Beckett, R. P., F. V. Minibayeva & C. Liers. 2012. Occurrence of high tyrosinase activity in the non-Peltigeralean lichen Dermatocarpon miniatum (L.) W. Mann. Lichenologist 44(6): 827–832. Benatti, M. N. 2012. A worldwide key for the genus Parmelinopsis Elix & Hale (Parmeliaceae; Lichenized Ascomycetes). Opuscula Philolichenum 11: 304–312. Benatti, M. N. & J. A. Elix. 2012. The true identity of Bulbothrix goebelii (Zenker) Hale and the re-establishment of some of its synonyms as accepted species. Lichenologist 44(6): 813–826. Bohuslavova, O., P. Smilauer & J. Elster. 2012. Usnea lichen community biomass estimation on volcanic mesas, James Ross Island, Antarctica. Polar Biology 35(10): 1563–1572. Breuss, O. 2009. Flechten. Pages 272–281. In: Rabitsch, W. & F. Essl (eds.), Endemiten Kostbarkeiten in Osterreichs Pflanzenund Tierwelt. Naturwissenschaftlicher Verein fur Karnten, Klagenfurt. Brodo, I. 2012. IAL7 – A perspective. International Lichenological Newsletter 45(1): 8–9. Buck, W. R. & J. C. Lendemer. 2012. Puttea (Pilocarpaceae) in eastern North America. Opuscula Philolichenum 11: 141–144. Carlsen, T., M. Bendiksby, T. H. Hofton, S. Reiso, V. Bakkestuen, R. Haugan, H. Kauserud & E. Timdal. 2012. Species delimitation, bioclimatic range, and conservation status of the threatened lichen Fuscopannaria confusa. Lichenologist 44(5): 565–575. Cieślinski, S. 2008. The materials for the lichen biota of Kozienicka Forest (Central Poland) [Materialy do bioty porostow Puszczy Kozienickiej (Polska Środkowa)]. Fragmenta Floristica et Geobotanica Polonica 15(2): 277–288. [In Polish with English abstract.] Cieślinski, S. 2011. New and rare species of lichens in Kozienicka Forest (Central Poland) [Nowe i rzadkie gatunki porostow Puszczy 3 Corresponding author’s email: brendan.hodkinson@gmail.com The cumulative database for this series is available in searchable form on the World Wide Web at http://nhm2.uio.no/botanisk/ lav/RLL/RLL.HTM with full abstracts of electronically available articles. We owe thanks to the following: Einar Timdal for his work on the RLL database, Bill Buck for highlighting the more obscure sources, Jim Bennett for sharing his Scopus alerts, and the authors who send reprints or electronic versions of their works to us for inclusion. DOI: 10.1639/0007-2745-116.1.089",2013,https://doi.org/10.1639/0007-2745-116.1.089,article,NA,Brendan P. Hodkinson; Sarah Z. Hodkinson,Lichen,Lichen and fungal ecology; Allergic Rhinitis and Sensitization; Indoor Air Quality and Microbial Exposure,"Ecology, Evolution, Behavior and Systematics; Immunology and Allergy; Health, Toxicology and Mutagenesis",NA,3,595
Mercury Exposure in Antarctic Seabirds: Assessing the Influence of Trophic Position and Migration Patterns,"This study investigated total mercury (THg) concentrations in feathers and eggs of resident and migratory Antarctic seabirds. Stable isotope data (δ15N, δ13C, and δ34S) were employed to ascertain the key factors influencing the exposure of these species to Hg. We gathered feathers and eggs from three resident species - Adélie, Gentoo, and Chinstrap penguins, as well as five migratory species - Snowy Sheathbill, Antarctic Tern, Southern Giant Petrel, Kelp Gull, and South Polar Skua. These samples were collected from Admiralty Bay, King George Island, in the Antarctica Peninsula. For all species, THg concentrations were higher in feathers (mean ± SD: 2267 ± 2480 ng. g-1 dw) than in eggs (906 ± 1461 ng. g-1 dw). Species occupying higher trophic positions, such as the Southern Giant Petrel (6397 ± 2562 ng. g-1 dw) and South Polar Skua (4216 ± 1101 ng. g-1 dw), exhibited higher THg levels in their feathers than those at lower positions, like Antarctic Tern (1254 ± 400 ng. g-1 dw) and Chinstrap Penguin (910 ± 364 ng. g-1 dw). The δ15N values, which serve as a proxy for the trophic position, significantly correlated with THg concentrations. These findings reveal that trophic position influences THg concentrations in Antarctic seabirds. Migration did not appear to significantly affect the exposure of seabirds to THg, contrary to initial expectations. This research highlights the importance of evaluating the impacts of THg contamination on the Antarctic ecosystem by considering a variety of species. This multi-species approach offers critical insights into the factors that may potentially influence the exposure of these species to contaminants.",2023,https://doi.org/10.2139/ssrn.4481279,preprint,https://orbi.uliege.be/bitstream/2268/306075/1/2023%20Chemosphere%20Padila.pdf,Janeide de Assis Padilha; Juliana Souza‐Kasprzyk; Marianna Pinzone; G Prohaska; Winfred Espejo; Ângela Leite; Sara Pinto dos Santos; Larissa Schmauder Teixeira da Cunha; Erli Schneider Costa; Adriana R. L. Pessôa; João Paulo Machado Torres; Gilles Lepoint; Krishna Das; Paulo R. Dorneles,Mercury (programming language); Trophic level; Environmental science; Oceanography,Mercury impact and mitigation studies; Marine animal studies overview,"Health, Toxicology and Mutagenesis; Ecology",NA,0,596
Impacts of high pathogenicity avian influenza H5N1 2.3.4.4b south of the Antarctic Circle,"ABSTRACT High pathogenicity avian influenza (HPAI) H5N1 2.3.4.4b poses a substantial conservation threat to ecosystems, populations, and species globally, with its continued spread into new regions increasing concern for potential ecological consequences. During surveys in February – March 2025, we confirmed the virus’s presence at the southern extent of its known range along the Western Antarctic Peninsula, with recorded mortalities in South Polar Skuas S tercorarius maccormicki on distinct islands in Marguerite Bay, as well as one confirmed and one suspected case in Kelp Gulls Larus dominicanus . At the time of sampling, no evidence of infection was observed in other seabird or mammal species. Consistent with previous global reports, skuas – here, South Polar Skuas – appear particularly vulnerable, yet broader impacts on the local seabird and mammal community remain unclear. Additionally, our use of rapid antigen tests (VDRG® AIV Ag Rapid kit 2.0 – Median Diagnostics) in the field demonstrated their potential utility for real-time surveillance, though false negatives (10%) highlight limitations in test sensitivity. These findings contribute to a growing understanding of the impacts of HPAI H5N1 2.3.4.4b outbreaks on Antarctic species and populations, and will inform continued monitoring, conservation strategies, and biosecurity measures in response to the virus’s ongoing spread.",2025,https://doi.org/10.1101/2025.04.13.648652,preprint,https://doi.org/10.1101/2025.04.13.648652,Simon B. Z. Gorta; Víctor Neira; Michelle Wille; David Gajardo; Atilla Yılmaz; Özgün Oktar; Burcu Özsoy; Çağan H. Şekercioğlu,Influenza A virus subtype H5N1; Pathogenicity; Highly pathogenic,Cryospheric studies and observations; Influenza Virus Research Studies; Climate variability and models,Atmospheric Science; Epidemiology; Global and Planetary Change,NA,0,608
"Contoured Vertical Distribution and Spatio-temporal Variation of an Intertidal Macroalgal Assemblage in King George Island, Antarctica","Abstract Short-term variability, spatial variability, and the vertical distribution of an intertidal macroalgal assemblage were examined on the coast of Barton Peninsula, Maxwell Bay, King George Island, Antarctica. Sampling was performed during the three austral summer seasons from November 2016 to January 2019. The sampling interval for short-term variability was 1–2 months. Sampling for spatial variability was performed at two sites 400 m apart. Eighteen algal species were identified, with 75% relative coverage of the predominant red Iridaea cordata and endemic brown Phaeurus antarcticus . Summer abundance can be described as a shift from I. cordata to P. antarcticus , and the change in color is intuitively presented using a contour plot for the first time. Short-term variation in the macroalgal assemblage showed 78.35% similarity between one month and 64.61% similarity between two months. The spatial variation analysis indicated 77.13% similarity between the assemblage at the two sites. If global warming continues, the algal population of this region is expected to expand. P. antarcticus , which is primarily found in the subtidal zone, is predicted to relocate southward or higher in the near future. Long-term monitoring of this research region, which is dominated by the two species, is warranted to determine the impact of global warming on the macroalgal assemblage.",2021,https://doi.org/10.21203/rs.3.rs-627145/v1,preprint,https://www.researchsquare.com/article/rs-627145/latest.pdf,Young Wook Ko; Dong Seok Lee; Sanghee Kim; Jeong Ha Kim; Han‐Gu Choi,Intertidal zone; Assemblage (archaeology); Oceanography; Bay; Geography,Marine and coastal plant biology; Marine Biology and Ecology Research; Coastal and Marine Management,"Oceanography; Oceanography; Management, Monitoring, Policy and Law",https://www.researchsquare.com/article/rs-627145/latest.pdf,0,614
"JUST A SAILING SUPERSTITION? WILSON’S STORM PETREL PRESENCE AT COMMERCIAL TRAWLERS AT GOLFO SAN JORGE, ARGENTINA AND ITS RELATIONSHIP WITH WEATHER CONDITIONS","We conducted a survey to investigate the factors influencing the number of seabirds attending a research vessel during scientific trawling activities near the northern Antarctic Peninsula. Our objective was to assess whether seabirds exhibited varying levels of attendance that may be attributed to fishing activity. Counts of seabirds attending the vessel were made during non-fishing periods, net deployment, towing and retrieving. We also monitored environmental variables (e.g. pressure, wind speed and direction) and discards of fish and offal to determine whether those variables could be used to explain variability in seabird attendance. Three species, the Black-browed Albatross Thalassarche melanophris, Cape (or Pintado) Petrel Daption capense and Wilson’s Storm-Petrel Oceanites oceanicus were the most common seabirds attending the vessel. We found that abundance of seabirds did not vary between fishing activities, although the presence of discards caused an increase in the numbers...",2022,https://doi.org/10.20935/al5731,article,NA,Diego González Zevallos,Seabird; Trawling; Discards; Fishery; Fishing; Geography; Pelagic zone; Albatross,Avian ecology and behavior; Wildlife Ecology and Conservation; Species Distribution and Climate Change,Ecology; Ecology; Ecological Modeling,NA,0,617
"Diversity and species composition of diatom communities of Ardley Island, South Shetland Islands","The Antarctic diatom flora has been at the centre of interest of many studies in past decades. The present paper brings new information on the species richness, biogeography and community composition of diatoms on the Ardley Island, South Shetland Islands. One fresh-water and ten soil samples had been collected from the Antarctic Special protected area (ASPA) in the spring of 2019. The following analysis revealed eighty-six diatom taxa in well-developed communities, dominated by Luticola muticopsis, L. truncata, Pinnularia australoschoenfelderi, P. austroshetlandica and P. borealis. According to the current biogeographical knowledge, the majority of species have restricted distribution among the Antarctic Realm; 46.5% of them are reported from various islands of the Maritime Antarctic Region. Based on the dominance of species as Luticola muticopsis and L. truncata and their ecological preferences, we concluded that the species composition of the diatom communities is driven by high nutrient input from breeding seabirds and the moisture availability during the austral summer.",2021,https://doi.org/10.5817/cpr2021-1-4,article,https://journals.muni.cz/CPR/article/download/15416/12283,Tereza Cahová; Barbora Chattová,Shetland; Diatom; Species richness; Dominance (genetics); Ecology,Diatoms and Algae Research; Polar Research and Ecology; Microbial Community Ecology and Physiology,Biomaterials; Ecology; Ecology,https://journals.muni.cz/CPR/article/download/15416/12283,0,621
Preface,"This book began its evolution in 1999 when the British Antarctic Survey, where I worked at the time, began a new research programme on the management of marine ecosystems. This programme concentrated upon the krill-based ecosystem at South Georgia which has been the subject of almost continuous study since the Discovery Expeditions in the 1920s. Latterly, international efforts to understand the dynamics of this ecosystem and the wider Southern Ocean have been coordinated by the Commission for the Conservation of Antarctic Marine Living Resources (CCAMLR). The daunting task of describing ecosystem dynamics over such a large oceanic area with relatively limited resources led to the establishment of the CCAMLR Ecosystem Monitoring Programme, an internationally coordinated effort at data collection. Among other things, this contained a major component of monitoring the seal and seabird populations in the region. The logic for their inclusion was that they foraged over most of the regions of interest but returned to breed at very well defined locations. By undertaking a series of measurements of these predators at these locations, it was then argued that aspects of the ecosystem dynamics should be reflected by variability in the measurements of the predators. It was hoped that appropriate choices of the predators and measurement variables would provide indicators of the dynamics of their prey at different spatial and temporal scales.",2006,https://doi.org/10.1017/cbo9780511541964.001,book-chapter,NA,Ian L. Boyd; Sarah Wanless,,,,NA,0,625
History of monitoring the endangered ivory gull in the Canadian Arctic,"The ivory gull ( Pagophila eburnea Phipps 1774) is a rare seabird found in the Canadian High Arctic. The Seymour Island Migratory Bird Sanctuary has supported the core colony for ivory gull research since the 1970s, but by the 2000s, survey work was extended across the species’ range in Nunavut, prompted by growing Indigenous concerns of population declines, which led to regular monitoring of colonies. We found marked declines in numbers of ivory gulls since the 1980s, especially in the southern part of the range, leading the Canadian Committee on the Status of Endangered Wildlife in Canada to recommend uplisting ivory gulls to Endangered under Canada’s Species At Risk Act, which the federal government did in 2009. This resulted in the development of a national Recovery Strategy that outlined research and monitoring needs. Canadian results prompted international concern and led to coordinated, international research and monitoring on this iconic Arctic species, which collectively suggested worldwide declines in the species’ numbers. Despite our efforts, the future of monitoring, and indeed of ivory gulls in Canada, remains unclear.",2024,https://doi.org/10.1139/as-2023-0077,article,https://cdnsciencepub.com/doi/pdf/10.1139/as-2023-0077,Mark L. Mallory; H. Grant Gilchrist,Endangered species; Seabird; Geography; Wildlife; Indigenous; Arctic,Indigenous Studies and Ecology; Wildlife Ecology and Conservation; Isotope Analysis in Ecology,General Health Professions; Ecology; Ecology,https://cdnsciencepub.com/doi/pdf/10.1139/as-2023-0077,0,633
Deception Island Chinstrap penguin GPS tracking data 2018-2019 RAW,"These represent the speed filtered GPS dataset and associated CRAWL models (R package crawl, v2.2.1) for 83 individual Chinstrap penguins instrumented between November 2018 and February 2019 at Deception Island at Bailey Head and Macaroni Point. Each individual penguin has a unique identifier (D_Rxx_Pxx) The data is tidy (one row = 1 observation = 1 location) and clean (no NAs; no duplicated lines, tracks cut off by deployment date + 24h and recovery date; points less than 2 min apart were removed for D_R4_P10). Each track is matched to the individual penguin metadata (ID, instrument type, deployment, recovery dates, original file, breeding status) The data is stored as a tibble in a R environment, contains 84,550 GPS locations and 24 columns. The GPS locations are available unprojected (lat lon &amp;#34; +proj=lonlat +ellps=WGS84 +datum=WGS84&amp;#34;; EPGS 4326) and projected in Polar stereographic (+proj=stere +lat_0=-90 +lat_ts=-71 +lon_0=0 +x_0=0 +y_0=0 +datum=WGS84 +units=m +no_defs; EPSG:3031). Also included are pdf images of individual tracks, and the shapefile (polygon) of Deception Island used as a mask.",2020,https://doi.org/10.5281/zenodo.4120512,dataset,NA,Andy Lowther; Heidi Ahonen; W. Chris Oosthuizen; William Jouanneau; Lucas Krüger; Azwianewi B. Makhado; Audun Narvestad; Marie‐Anne Blanchet,Deception; Global Positioning System; Raw data,Marine and fisheries research,Global and Planetary Change,NA,0,634
"What is the Impact of the Habitat on Creating Alpha Diversity of Microarthropods (Acari, Collembola) in Antarctica?","Monitoring of environmental changes using bioindicators is absolutely necessary, particularly in areas undergoing dynamic transformations. Among others, this applies to polar regions, especially Antarctica. The aim of this study was to identify factors influencing the character of microarthropod assemblages in the Antarctic environment. It was decided to test a hypothesis on the significant role of habitat conditions determined by the location and character of the vegetation cover. The material for analyses was collected from four localities on King George Island in Antarctica in the vicinity of either a research station or a refuge, i.e. the Arctowski Station, the Demay Refuge, the Republica del Ecuador Refuge and the Comandante Ferraz Antarctic Station. At each location samples were collected from three microhabitats (lichens, moss, grass). A total of 310 508 microarthropod specimens were recorded with 17 species (1 Mesostigmata, 9 Oribatida, 7 Collembola species) Identified. On the basis of statistical analyses (e.g. the Shannon diversity index and Pielou’s evenness index, Tukey’s test, the permutational multivariate analysis – Adonis, the multilevel pattern analysis and the discriminant correspondence analysis) it was shown that microarthropod assemblages differ both in individual localities and selected microhabitats. The greatest number of species was reported in the grass turf, while the greatest species abundance was recorded in mosses. The dominant species at all the localities was Cryptopygus antarcticus antarcticus, found in greatest numbers also in grasses and mosses. In turn, Tullbergia mixta was the dominant species in lichens. Moreover, the following species new to King George Island were also identified: Flagrosuctobelba subcornigera, Liochthonius australis, Membranoppia (Pravoppia) ventrolaminata and Quadroppia (Coronoquadroppia) monstuosa belonging to Oribatida as well as Archisotoma brucei and Hypogastrura purpurescens belonging to Collembola.",2021,https://doi.org/10.2139/ssrn.3994189,article,NA,Dariusz J. Gwiazdowicz; Wojciech Niedbała; Dariusz Skarżyński; Bogna Zawieja,Acari; Habitat; Ecology; Alpha diversity; Diversity (politics),Polar Research and Ecology; Insect and Arachnid Ecology and Behavior; Adventure Sports and Sensation Seeking,Ecology; Genetics; Social Psychology,NA,0,635
Deception Island Chinstrap penguin GPS tracking data 2018-2019 RAW,"These represent the speed filtered GPS dataset and associated CRAWL models (R package crawl, v2.2.1) for 83 individual Chinstrap penguins instrumented between November 2018 and February 2019 at Deception Island at Bailey Head and Macaroni Point. Each individual penguin has a unique identifier (D_Rxx_Pxx) The data is tidy (one row = 1 observation = 1 location) and clean (no NAs; no duplicated lines, tracks cut off by deployment date + 24h and recovery date; points less than 2 min apart were removed for D_R4_P10). Each track is matched to the individual penguin metadata (ID, instrument type, deployment, recovery dates, original file, breeding status) The data is stored as a tibble in a R environment, contains 84,550 GPS locations and 24 columns. The GPS locations are available unprojected (lat lon &amp;#34; +proj=lonlat +ellps=WGS84 +datum=WGS84&amp;#34;; EPGS 4326) and projected in Polar stereographic (+proj=stere +lat_0=-90 +lat_ts=-71 +lon_0=0 +x_0=0 +y_0=0 +datum=WGS84 +units=m +no_defs; EPSG:3031). Also included are pdf images of individual tracks, and the shapefile (polygon) of Deception Island used as a mask.",2020,https://doi.org/10.5281/zenodo.3784735,dataset,NA,Andy Lowther; Heidi Ahonen; W. Chris Oosthuizen; William Jouanneau; Lucas Krüger; Azwianewi B. Makhado; Audun Narvestad; Marie‐Anne Blanchet,Global Positioning System; Deception,Marine and fisheries research,Global and Planetary Change,NA,0,636
Overexpression of Head date 1 gene (Hd1): an adaptation of antarctic hairgrass to guano input from Macronectes giganteus colonies of Antarctica,"The Antarctic biodiversity, beyond the species composition, also comprises interactions between fauna and flora. M. giganteus, is one of the species that occupy the antarctic ice-free areas for reproduction. The moss Sanionia uncinata (Hedw.) Loeske and Deschampsia antarctica Desv. gress, common in Antarctica, with other species make up vast green formations and is associated with breeding areas of seabirds. These sites are large deposits of guano, because a large amount of birds those gather in colonies. Due to this large supply of guano, the soil becomes a deposit of minerals, mainly of nitrogen available in the form of ammonium and nitrate. The problem is that not all plant species tolerate high quantities of these substances so different plant species show trends in the mechanisms of tolerance to stress by ammonium, which have been proven at the molecular level. The aim of this study was to investigate the influence of breeding colonies of seabirds on plant populations in the South Shetland Islands, Antarctica, from a molecular perspective. From the analysis of the collected samples, using the RNA-Seq and qRT-PCR approach was possible to identify a single gene differential and significantly expressed in D. antarctica. The LOC_Os06g16380 gene among the sampled treatments (control, 1m and 10m), showed higher expression coming 1m near breeding areas of M. giganteus. Our results suggest that Hd1 is associated with the plants stress related to guano input since that soil analysis demonstrated a higher concentration of mineral nitrogen available near of breeding areas of seabirds.",2022,https://doi.org/10.33448/rsd-v11i4.27208,article,https://rsdjournal.org/index.php/rsd/article/download/27208/23853,Clarissa Kappel Pereira; Mônica Munaretto Minozzo; Gustavo Francisco Aver; Antônio Batista Pereira; Bruna Lúcia Laindorf; Lurdes Zanchetta da Rosa; Maria Virgı́nia Petry,Guano; Shetland; Biology; Ecology,Polar Research and Ecology; Turfgrass Adaptation and Management,Ecology; Environmental Chemistry,https://rsdjournal.org/index.php/rsd/article/download/27208/23853,0,641
Occurrence of seabirds and marine mammals in the pelagic zone of the Patagonian Sea and north of the South Orkney Islands,"The Patagonian Sea is one of the most productive ecosystems in the Southern Hemisphere. Unlike other coastal regions, however, few studies exist on the top predators in its pelagic zone. In March 2017, a survey of seabirds and marine mammals was carried out on board the R/V Puerto Deseado in the Patagonian Sea, which extends from the South Atlantic Ocean to the north of the South Orkney Islands, Antarctica. Four of the five oceanographic regimes described in this region were studied, and 23 seabird species and five marine mammal species were recorded. Great shearwater Puffinus gravis , Antarctic prion Pachyptila desolata , and fin whale Balaenoptera physalus were the most abundant species. In the 2615 km traveled, two hotspots for top predators were found, coinciding with frontal zones: one in the shelf-break front and the other in the Southern Front of the Antarctic Circumpolar Current. The highest bird diversity and the greatest cetacean concentrations were recorded in the polar regime in the presence of low ice-field debris (5%). The results suggest that at the end of the austral summer, the distribution of top predators in this section of the South Atlantic Ocean is highly unequal. Some oceanic areas have a few species aggregations which contrast with the vast pelagic areas that have scarce species presence and activity. The hotspots were associated with high-productivity areas, but it is likely that they were also facilitated by the time of year (post-reproductive season), as most of the species were concentrated and had fed prior to their migrations. Citation: Orgeira J L. Occurrence of seabirds and marine mammals in the pelagic zone of the Patagonian Sea and north of the South Orkney Islands. Adv Polar Sci, 2018, 29(1): 25-33, doi: 10.13679/j.advps.2018.1.00025",2018,https://doi.org/10.13679/j.advps.2018.1.00025,article,NA,José Luis Orgeira,Pelagic zone; Seabird; Oceanography; Shearwater,Arctic and Russian Policy Studies; Marine animal studies overview; Polar Research and Ecology,Sociology and Political Science; Ecology; Ecology,NA,0,643
Deception Island Chinstrap penguin GPS tracking data 2018-2019 RAW,"These represent the speed filtered GPS dataset for 83 individual Chinstrap penguins instrumented between November 2018 and February 2019 at Deception Island at Bailey Head and Macaroni Point. Each individual penguin has a unique identifier (D_Rxx_Pxx) The data is tidy (one row = 1 observation = 1 location) and clean (no NAs; no duplicated lines, tracks cut off by deployment date + 24h and recovery date; points less than 2 min apart were removed for D_R4_P10). Each track is matched to the individual penguin metadata (ID, instrument type, deployment, recovery dates, original file, breeding status) The data is stored as a tibble in a R environment, contains 84,550 GPS locations and 24 columns. The GPS locations are available unprojected (lat lon "" +proj=lonlat +ellps=WGS84 +datum=WGS84""; EPGS 4326) and projected in Polar stereographic (+proj=stere +lat_0=-90 +lat_ts=-71 +lon_0=0 +x_0=0 +y_0=0 +datum=WGS84 +units=m +no_defs; EPSG:3031).",2020,https://doi.org/10.5281/zenodo.4118206,dataset,NA,Marie‐Anne Blanchet; Andy Lowther; Heidi Ahonen,Deception; Global Positioning System; Raw data,Marine and fisheries research,Global and Planetary Change,NA,0,645
Deception Island Chinstrap penguin GPS tracking data 2018-2019 RAW,"These represent the speed filtered GPS dataset for 83 individual Chinstrap penguins instrumented between November 2018 and February 2019 at Deception Island at Bailey Head and Macaroni Point. Each individual penguin has a unique identifier (D_Rxx_Pxx) The data is tidy (one row = 1 observation = 1 location) and clean (no NAs; no duplicated lines, tracks cut off by deployment date + 24h and recovery date; points less than 2 min apart were removed for D_R4_P10). Each track is matched to the individual penguin metadata (ID, instrument type, deployment, recovery dates, original file, breeding status) The data is stored as a tibble in a R environment, contains 84,550 GPS locations and 24 columns. The GPS locations are available unprojected (lat lon "" +proj=lonlat +ellps=WGS84 +datum=WGS84""; EPGS 4326) and projected in Polar stereographic (+proj=stere +lat_0=-90 +lat_ts=-71 +lon_0=0 +x_0=0 +y_0=0 +datum=WGS84 +units=m +no_defs; EPSG:3031).",2020,https://doi.org/10.5281/zenodo.4118205,dataset,NA,Marie‐Anne Blanchet; Andy Lowther; Heidi Ahonen,Deception; Global Positioning System; Raw data,Marine and fisheries research,Global and Planetary Change,NA,0,647
"What factors affect the alpha diversity of microarthropods (Acari, Collembola) on King George Island (Antarctica)?","Abstract The natural environment in polar regions is being transformed, glaciers are melting and succession of microarthropods is being observed. We tested the hypothesis that habitat conditions, determined by the locality and character of the vegetation cover, play a significant role in such succession. The material for analysis was collected from four localities on King George Island in Antarctica: Arctowski Station, Demay Refuge, Republica del Ecuador Refuge and Comandante Ferraz Antarctic Station. From each locality, 30 samples (grasses, lichens, mosses) were collected and 310 508 microarthropod specimens were recorded, with 17 species (1 Mesostigmata, 9 Oribatida, 7 Collembola species) identified. Based on statistical analyses, it was shown that microarthropod communities differ both in individual localities and selected microhabitats. The greatest number of species was reported in the grass turf, while the greatest number of individuals was recorded in mosses. The dominant species at all the localities was Cryptopygus antarcticus antarcticus (299 203 individuals), which was found in greatest numbers in grasses and mosses. In turn, Tullbergia mixta (2485 individuals) was the dominant species of the lichens. Moreover, the following species, new to King George Island, were also identified: Flagrosuctobelba subcornigera , Liochthonius australis , Membranoppia ventrolaminata and Quadroppia monstruosa belonging to Oribatida as well as Archisotoma brucei belonging to Collembola.",2023,https://doi.org/10.1017/s0954102023000160,article,NA,Dariusz J. Gwiazdowicz; Wojciech Niedbała; Dariusz Skarżyński; Bogna Zawieja,Oribatida; Lichen; Ecology; Ecological succession,Polar Research and Ecology; Collembola Taxonomy and Ecology Studies,"Ecology; Ecology, Evolution, Behavior and Systematics",NA,0,655
Large scale seabird community stucture along oceanographic gradients in the Scotia Sea and northern Antarctic Peninsula,Dataset and associated code for publication submitted to Frontiers in Marine Science. The data represent strip transect data collection efforts of seabirds aboard 2 tourist ships during the 2019-2020 Antarctic summer season throughout the Scotia Sea and Antarctic Peninsula. Data were analysed using R.,2023,https://doi.org/10.5281/zenodo.7984971,dataset,https://zenodo.org/record/7984971,Ollus; Biuw; Lowther; Fauchald; Johannessen; López; Gkikopoulou; Oosthuizen; Lindstrøm,Peninsula; Oceanography; Seabird; Scale (ratio),Marine and coastal plant biology; Marine animal studies overview; Isotope Analysis in Ecology,Oceanography; Ecology; Ecology,NA,0,656
Large scale seabird community stucture along oceanographic gradients in the Scotia Sea and northern Antarctic Peninsula,Dataset and associated code for publication submitted to Frontiers in Marine Science. The data represent distance sampling data collection efforts of flying seabirds aboard 2 tourist ships during the 2019-2020 Antarctic summer season throughout the Scotia Sea and Antarctic Peninsula. Data were analysed using R.,2023,https://doi.org/10.5281/zenodo.7984972,dataset,NA,Ollus; Biuw; Lowther; Fauchald; Johannessen; López; Gkikopoulou; Oosthuizen; Lindstrøm,Peninsula; Oceanography; Seabird; Scale (ratio); Geology; Nova scotia,Marine and coastal plant biology; Marine animal studies overview; Isotope Analysis in Ecology,Oceanography; Ecology; Ecology,NA,0,657
"Substrate Preferences and Interspecific Affinities of Antarctic Macroalgae: Insights from Maxwell Bay, King George Island","This study investigates the diversity and ecological dynamics of macroalgae in Maxwell Bay, King George Island, Antarctica, focusing on species distribution, substrate composition, and interspecific interactions. Across nine survey sites, 31 macroalgal species were recorded, with 12 species identified as significant due to their considerable relative frequency, coverage, and biomass. Palmaria decipiens was the most dominant species in terms of frequency and coverage, while Desmarestia anceps had the highest biomass. The study revealed distinct substrate preferences, with P. decipiens favoring cobble and mud substrates, and Himantothallus grandifolius associating predominantly with pebble substrates. A core group of species, including Plocamium sp., H. grandifolius, Picconiella plumosa, Iridaea sp., and Trematocarpus antarcticus, exhibited strong ecological interactions characterized by high substrate similarity and mutual affinity. In contrast, pioneer species like P. decipiens and Monostroma hariotii showed lower affinity with other species, reflecting their early successional roles. These findings enhance our understanding of the complex interspecific relationships within Antarctic macroalgal assemblage and provide valuable baseline data for future ecological studies in the region.",2024,https://doi.org/10.3390/d16100628,article,https://doi.org/10.3390/d16100628,Young Wook Ko; Kwon Mo Yang; Han‐Gu Choi,Bay; Affinities; George (robot); Interspecific competition; Raja; Substrate (aquarium),Marine and coastal plant biology; Marine Biology and Ecology Research; Polar Research and Ecology,Oceanography; Oceanography; Ecology,NA,0,665
"Arthropods, nematodes, fungi, and bacteria associated with penguin carrion in Barton Peninsula, King George Island, Antarctica","<title>Abstract</title> Carrion decomposition contributes to the soil microbial community structure. This research aimed to identify the soil arthropod, nematode, bacterial, and fungal communities associated with penguin carrion on King George Island, Antarctica. Soil samples were collected around and beneath fresh (freshly killed penguins by the predators) and dried (decomposed more than a year) penguin carrion. Soil bacterial and fungal communities associated with the penguin carrion were analyzed using the 16S rRNA Illumina MiSeq sequencing. Arthropod identification was using Sanger sequencing and nematodes were determined using morphological identification. This study demonstrated that there are no significant differences in arthropod and nematode (p = 0.415), bacteria (p = 0.386), and fungi (p = 0.635) communities between decomposition stages, soil location, and species of penguin carrion. This is the first study to identify soil arthropods, nematodes, bacterial, and fungal communities associated with penguin carrion, offering important insights into the initial documentation of the necrobiome communities in the polar region.",2023,https://doi.org/10.21203/rs.3.rs-3045861/v1,preprint,https://www.researchsquare.com/article/rs-3045861/latest.pdf,Nur Adilla Zaini; Van Lun Low; Selam Solomon Gebrelassie; Siti Sofo Ismail; Mohd Hafizi Mahmud; Jamal Houssaini; Won Young Lee; Jeffery K. Tomberlin; Chong Chin Heo,George (robot); Peninsula; Carrion; Ecology,Forensic Entomology and Diptera Studies; Human-Animal Interaction Studies; Insects and Parasite Interactions,"Insect Science; Genetics; Health, Toxicology and Mutagenesis",https://www.researchsquare.com/article/rs-3045861/latest.pdf,0,670
Individual-level differences in size drive movements and spatial segregation of a pelagic seabird,"Abstract Individual-level differences in size play a crucial role in shaping the movements and spatial segregation of sexually dimorphic pelagic seabirds. This study investigated how size influences the response of Southern giant petrels ( Macronectes giganteus ) to environmental conditions, particularly wind speed and direction, during foraging trips in the Maritime Antarctic Peninsula. Utilizing tracking data from 36 breeding individuals in two seasons, was found that smaller males exhibited higher transit speeds in response to stronger winds, whereas females showed more efficient utilization of wind during transit independently of size. Additionally, smaller females engaged in longer foraging trips associated with higher chlorophyll-a concentrations, while larger females were associated with areas of sea ice. The results suggest that size-driven variability influences not only individual movement patterns but also spatial segregation within the same sex. These findings provide insights into the intricate relationship between size, environmental factors, and foraging behavior in pelagic seabirds, highlighting the importance of considering individual-level variability in understanding population dynamics and responses to environmental change. Understanding how individual differences in size shape seabird ecology is essential in the face of climate-induced alterations in wind patterns in the Southern Ocean.",2024,https://doi.org/10.21203/rs.3.rs-3956269/v1,preprint,https://www.researchsquare.com/article/rs-3956269/latest.pdf,Lucas Krüger,Seabird; Pelagic zone,Avian ecology and behavior; Animal Behavior and Reproduction; Marine animal studies overview,"Ecology; Ecology, Evolution, Behavior and Systematics; Ecology",https://www.researchsquare.com/article/rs-3956269/latest.pdf,0,676
Dispatches,"Unmanned aircraft systems (UAS) will soon transform how ecologists conduct species counts, monitor changing environmental conditions, or detect invasive species – and US Geological Survey (USGS) researchers are leading the way. The USGS Unmanned Aircraft Systems Projects Office is exploring civilian applications for UAS, ranging from the 4-pound Raven to the 18-pound Honeywell T-Hawk, originally developed for military use. Until 2014, the team is conducting proof-of-concept flights to determine the capabilities, cost-effectiveness, and safety of using UAS to support US Department of Interior initiatives. For example, conducting a thermal image inventory of sandhill cranes (Grus canadensis) via UAS costs one-third as much as doing so using manned aircraft. Another project, assessing pygmy rabbit (Brachylagus idahoensis) habitat in Idaho, relies on UAS to document land cover and, by adding a near infrared sensor, also assesses the nutritional quality of the rabbit's plant diet. “The UAS fills the gap between labor-intensive ground measures, which don't provide the landscape heterogeneity detail, and the lower-resolution data available from satellite imagery”, says Jennifer Forbey, a biologist at Boise State University (Boise, ID). “We were able to survey a square kilometer of habitat in just a couple of hours”, she adds. The biggest hurdle, according to Forbey, is getting airtime. UAS images used to distinguish vegetation types around Florida's Lake Okeechobee. “We are seeing a huge increase in interest as word gets out about UAS capabilities”, says UAS project manager Mike Hutt (USGS; Denver, CO), who explains that “the real milestone in taking this technology from proof of concept to use by the everyday ecologist will come in 2015, when the rules, regulations, safety and risk analyses required by the Federal Aviation Administration are all done.” Other USGS researchers have built their own UAS from scratch. Franklin Percival, a biologist with the USGS Florida Cooperative Fish and Wildlife Research Unit (Gainesville, FL), has spent 12 years testing systems able to take tightly georeferenced, high-resolution imagery needed to effectively detect individual brown pelican (Pelecanus occidentalis) nests. Percival says the technology may not yet be ideal for conducting surveys in topographically complex landscapes or over an extended range, but, he says, the possibilities are endless. “This is tomorrow's tool”, he concludes. At hundreds of US coal-fired power plants, runoff and seepage from coal ash “ponds” frequently pollute groundwater and nearby habitats with selenium, arsenic, cadmium, lead, and other contaminants. Since 1967, several devastating accidents have occurred at such impoundments, poisoning hundreds of kilometers of waterways and leading to massive fish kills, local species extinctions, and other harmful consequences. A new study (Environ Sci Technol 2012; doi:10.1021/es301467q) documents the pollutant-related toll on wildlife and urges that new regulations fully consider the ecological effects and ban this means of coal-waste disposal. Currently, power plants must obtain federal permits for operating some 630 coal-waste storage reservoirs nationwide. That waste, however, is not technically regulated as “hazardous”, and environmental monitoring is voluntary. According to Dennis Lemly (US Forest Service, Winston-Salem, NC) and his coauthor, this arrangement has failed to protect natural resources. The latest catastrophe – widely covered in the media – was a 2008 spill in Tennessee that released roughly 4.4 million cubic meters of ash, laden with 3000 metric tons of heavy metals, across the surrounding landscape and into the nearby Emory River. Now, a new policy proposed by the US Environmental Protection Agency (EPA) would regulate coal ash waste as hazardous. However, the preferred alternative for disposal would continue to allow surface impoundments, albeit equipped with liners designed to protect groundwater. But, says Lemly, such liners are subject to physical damage and would have little effect on surface leaching, runoff, and discharges to waterways. Moreover, the EPA's cost–benefit analysis of disposal options ignores the related environmental toll. To address this omission, the researchers evaluated ecological impacts over the past 45 years at 21 impoundment sites – a small fraction of the locations where damage has occurred. Their tabulation of the costs of restoring fisheries, aquatic habitats, and other affected resources topped $2.3 billion. The analysis further showed that the economic burden of continuing to allow wet disposal of waste would approach $3.85 billion over the next 50 years – an amount sufficient to construct 257 state-of-the-art landfills, the only safe alternative according to the authors. The electric utility industry vigorously opposes regulating coal ash waste as hazardous and requiring mandatory landfill disposal, arguing that both would be unduly burdensome. “Our commentary is a voice for fish and wildlife in the debate”, Lemly says. “We maintain that ignoring the past 45 years of wildlife poisoning and allowing it to continue is even more unduly burdensome to the environment, and is also unethical.” Member states of the European Union (EU) have until 14 February 2014 to align their domestic laws with new regulations on electronic waste (e-waste), according to an update to the Waste Electrical and Electronic Equipment (WEEE) Directive that took effect in mid-August. The new directive requires that, starting in 2016, EU member states must collect 45% of electronic equipment sold. The collection target will increase after 2019, when member states can choose to meet the requirement of collecting either 65% of equipment sold or 85% of e-waste generated. The directive will also require retail stores to collect and recycle used electronic items, at no cost to the consumer. Although retailers cannot charge consumers directly for collection and recycling of their e-waste, consumers should be mindful of their purchases, warns Joseph Hennon, Environment Spokesman for the European Commission (Brussels, Belgium). “The EU WEEE directive is based on the principle of producer responsibility, to give producers an incentive to take waste costs into account and to design products as sustainably as possible. Nevertheless, producers clearly try to pass on the costs, and that is fair; consumers should feel the burden if buying a very environmentally expensive product and should take that fully into account when making their purchasing decisions.” Tatiana Terekhova, Program Officer for the Secretariat of the Basel, Rotterdam, and Stockholm Conventions, UN Environment Programme (Geneva, Switzerland), explains that more stringent e-waste recycling regulations will reduce the environmental impacts of poor recycling practices and provide socioeconomic opportunities for proper recyclers, especially in developing countries. “Electrical and electronic equipment (EEE) contains hazardous substances as well as materials of strategic value, such as indium and palladium, and precious metals like gold, copper, and silver, which can be recovered and recycled. These materials can serve as a valuable source of secondary raw materials, reducing pressure on scarce natural resources while minimizing the overall environmental footprint. Optimized EEE recycling could be a key area of sustainable e-waste management in that it has the potential to reduce negative environmental impacts, generate jobs, and promote sustainable incomes.” Two new studies examine how various animal species are moving – or not moving – in response to a changing climate. The first focuses on the rapid decline of the Belding's ground squirrel (Urocitellus beldingi), a burrowing rodent well-known to hikers in the western US (Proc R Soc B 2012; doi:10.1098/rspb.2012.1301). According to Toni Lyn Morelli, USDA Forest Service researcher (Kinsasha, DR Congo) and lead author of the study, the Belding's ground squirrel has disappeared from more than 40% of its range. “This ground squirrel is a potential indicator of the health of fragile and ecologically important meadow habitats. Its disappearance from a large portion of its southern range, not from direct habitat loss but apparently due to climate change, is alarming”, says Morelli. Despite the decline, the remaining Belding's ground squirrels have adapted to the changes in small ways. Morelli and colleagues identified “anthropogenic refugia” where the squirrels “were unexpectedly persisting, despite high temperatures, at a few low-elevation sites – such as campgrounds or agricultural fields –modified by people through the provision of food or water”. However, Morelli admits that the squirrels may not be responding fast enough to ensure their long-term survival. The mountain bluebird (Sialia currucoides) shifted its range upslope in the southern Sierra Nevada mountains. The second study compared historical and recent surveys of almost 100 different bird species in California's Sierra Nevada mountains, an area experiencing an average 1–2°C increase in temperature over the past century (Glob Change Biol 2012; doi:10.1111/j.1365-2486.2012.02784.x). The researchers discovered that two opposing influences – air temperature and changing precipitation regimes – impacted the birds' movements. “We found many changes to the elevational ranges of bird species: 84% of all species showed range shifts, but these were split between upslope and downslope directions. Based on the region's actual change in climate over the past 100 years, temperature did not explain all of these shifts”, explains Morgan Tingley, a postdoctoral researcher at Princeton University (Princeton, NJ) and lead author of the study. “Only when we included precipitation did our models adequately explain the movement patterns we observed, with temperature largely pushing species up and precipitation pulling them down.” Overall, the pace of adaptation varied by species and even by individuals within species. Both studies highlight the uncertainty associated with animal adaptation to changing climatic conditions. As Morelli points out, “We know that species are responding in different ways to anthropogenic climate change, and we need detailed studies to predict how ecosystems will look in the future and to help increase species' resilience.” Scientists have struggled to quantify atmospheric CO2 emissions from tropical deforestation. Accurate emissions estimates are crucial to understanding global carbon (C) cycles and creating reliable greenhouse-gas inventories. Now, researchers have combined detailed maps of deforestation and biomass to more accurately predict C emissions from deforestation in the Brazilian Amazon. The area of forest destroyed annually in Brazil has shrunk from 27 million km2 in 2004 to 7 million km2 in 2010, according to findings reported online in August (Global Change Biol 2012; doi:10.1111/j.1365-2486.2012.02782.x). “The decline is due to a combination of market forces and government policy”, explains Ana Paula Aguiar, a land-use modeller at the National Instiute for Space Research (São José dos Campos, Brazil) and lead author of the study. Amazon forests account for 10% of terrestrial primary productivity. Experts say Brazil has one of the best satellite-based systems for tracking deforestation. To convert the extent of forest destroyed each year into C emissions, previous studies supplied an average value for biomass as well as the amount of CO2 released when trees burn and the remaining woody debris gradually decomposes. But biomass distribution in the Amazon forest is heterogeneous. “So we decided to take the existing deforestation maps and combine them with spatially explicit biomass maps to get a more accurate estimate of carbon emissions”, Aguiar says. The researchers ran their emissions model with four different biomass maps and found, on average, that C emissions dropped from 1010 Tg CO2 to 543 Tg CO2 between 2004 and 2009. But the annual emissions estimates generated through those maps varied by as much as 20%. “This study points out the need for better biomass maps”, says Josef Kellndorfer, a physical geographer with the Woods Hole Research Center (Woods Hole, MA), a non-profit research organization. The study confirms earlier findings that deforestation is moving into areas of higher biomass. And even though total C emissions are declining, emissions per hectare are increasing, warns Aguiar. If deforestation were to rise again, C emissions could increase faster than they have in the past, she adds. The new data are also helpful for managing C stores by indicating what parts of the landscape are most important to protect if the aim is to prevent C release, Kellndorfer explains. “This paper shows that Brazil is moving in the right direction, by combining deforestation and biomass maps to get a better picture of carbon flux”. Recent outbreaks of zoonoses like SARS and H1N1 have highlighted the risk of disease transmission from animals to humans. But while epidemiologists know that closely related species are more likely to exchange parasites and pathogens, new research is demonstrating that factors other than relatedness can also be important in determining whether an animal species shares its diseases with humans. In a study published online in August (Ecol Lett 2012; doi:10.1111/j.1461-0248.2012.01858.x), scientists report the results of a comprehensive analysis aimed at estimating the proportion of parasites that several non-human primate species share with humans. Natalie Cooper, an assistant professor at Trinity College (Dublin, Ireland) and lead author of the article, explains that the results were surprising: “Although humans share most pathogens with our closest relatives – gorillas and chimpanzees –we share more pathogens than expected with our more distant relatives, the Old World monkeys” (like baboons and macaques). Humans also share fewer parasites than expected with another closely related ape species, the orangutan. The authors suggest that this is because primate species distantly related to humans tend to be terrestrial rather than arboreal, bringing them into more frequent and sustained contact with people. Charlie Nunn, an associate professor at Harvard University (Cambridge, MA) and a coauthor of the study, thinks that, “this may reflect that humans have more similar habitats that lead to more overlap with these monkeys than with orangutans. In addition, humans hunt many species of African monkeys for the bushmeat trade, and this increases exposure to infectious organisms found in these hunted animals.” In addition to emphasizing the importance of ecology – and not just evolution – in determining what species share parasites, the study also has important implications for detecting and preventing future zoonotic disease outbreaks. According to Nunn, the results suggest that “we need to be more vigilant regarding diseases in animals that overlap ecologically with humans, rather than focusing exclusively on our closest relatives. Included in this overlap are non-primate mammals, such as rodents and bats. A better understanding of ecological overlap between humans and other animals would go a long way toward targeting future zoonotic disease threats.” At Deception Island – one of the most frequently visited places in Antarctica – the population of chin-strap penguins (Pygoscelis antarctica) has declined by more than 50% over the past 25 years, according to a study in Polar Biology (2012; doi: 10.1007/s00300-012-1230-3). Under the impression that tourism was to blame for the observed decrease, the island's management group was considering closing the site to tourists. Because reduced chinstrap penguin numbers were found at all sites on Deception Island and not just those visited by the approximately 1354 tourists every year, something else was likely to blame. Heather Lynch, professor at Stony Brook University (Stony Brook, NY) and lead author of the study, suggests that regional climate change is the main culprit, since high temperatures result in loss of sea ice and alter the abundance and distribution of Antarctic krill (Euphausia superba), the penguin's main food source. This combination of factors makes it harder for the birds to survive and reproduce successfully each year. Penguins are notoriously difficult to survey accurately because most of their colonies are either too large or too remote to study directly. Management efforts also suffer from a lack of reliable information on the current size and status of chinstrap penguin populations. However, Lynch and her team were able to use new methods to accurately match estimates of penguin nests derived from satellite-based images to direct counts of nests in the field, thereby permitting the researchers to study penguin groups subjected to various levels of tourism. This technological advance has major implications for polar conservation because it allows scientists to reliably monitor populations that were previously unreachable. By working closely with the Antarctic Treaty System (www.ats.aq), Lynch ensures that the best scientific evidence is used to craft policy decisions related to wildlife management on the continent. “This is an excellent example of a study that was designed in response to a clear policy and management need”, remarks Lynch. Although the world's largest easily accessed penguin colony at Baily Head, on Deception Island, should remain open to tourists for now, “it's sad that visitors will not be able to see [the colony] in its former glory”. California's plan for balancing renewable energy with wildlife conservation in the desert got poor marks from independent reviewers, who are “deeply concerned” about the plan and doubt its scientific defensibility. Called the Desert Renewable Energy Conservation Plan (DRECP), the strategy aims to simplify the permitting process for utility-scale solar plants and will cover nearly nine million hectares of the Mojave and Colorado deserts that are home to many at-risk species, including the burrowing owl (Athene cunicularia), desert bighorn sheep (Ovis canadensis nelsoni), and Agassiz's desert tortoise (Gopherus agassizii). The DRECP is driven partly by a mandate requiring California to derive one-third of the state's energy from renewable sources by 2020. Counties have already issued a large number of desert energy permits and the state intends to begin issuing them by mid-2013. “The plan's aggressive schedule seems to have contributed to shortcuts in applying best available science”, says Wayne Spencer of the Conservation Biology Institute (San Diego, CA), one of the independent reviewers. Desert tortoises may lose valuable habitat under a new renewable energy plan. Critics point out that DRECP lacks an adaptive management plan, which is key to effective conservation, and that it fails to include California's desert-dependent species of special concern, such as the banded Gila monster (Heloderma suspectum cinctum) and the vermilion flycatcher (Pyrocephalus rubinus). While not at risk now, such species are meant to be managed so they stay that way. Also in question are the species models used for reserve design. These models generated a composite map intended to protect the most species in the least possible area. But even though some species models seemed to include a good amount of low-value habitat, the map-generating step did not account for differences in habitat value. This could mean losing high-quality habitat for any given species. “You may not be getting the conservation value you think you are”, cautions Steven Schwarzbach (US Geological Survey, Sacramento, CA), who led the independent review (www.drecp.org/documents/docs/Independent_Science_Panel_2012_Initial_Recommendations.pdf). Released in late August, the independent reviewers' initial recommendations are now under consideration by the DRECP planning team, which is led by the California Energy Commission (CEC). “DRECP is committed to applying the best available science and we welcome the panel's review”, says CEC Information Officer Sandy Louey (Sacramento, CA). The reviewers also advise the planning team to seek better scientific input and to ask for independent review more often. “We need a desert plan, so we want it to be the best it can be”, Schwarzbach insists. “Fixes are available and there's still time to get this right.” Members of Vietnam's nouveau riche are driving a rhinoceros poaching epidemic in South Africa, according to TRAFFIC, a non-governmental organization that monitors international wildlife trade. Young Vietnamese mix powdered rhino horn with wine as a hangover cure, flaunting the illegal substance as a show of wealth. TRAFFIC's new report, The South Africa–Vietnam Rhino Horn Trade Nexus (www.traffic.org/species-reports/traffic_species_mammals66.pdf), describes how booming demand for horn, facilitated by international crime syndicates, has escalated rhino poaching in South Africa to a record 448 animals killed in 2011. While Vietnam's rhino population slipped into extinction in 2010, South Africa is home to nearly three-quarters of all wild rhinos worldwide. South Africa has a superlative conservation record; it supports a population of 1915 black rhinos (Diceros bicornis) and 18 800 southern white rhinos (Ceratotherium simum simum), explains Jo Shaw, a program officer for TRAFFIC East/Southern Africa (Gauteng, South Africa). Admittedly the country allows regulated sport hunting of white rhinos and, from 1995 to 2011, roughly 1200 white rhinos were legally hunted. Although authorized international hunters can take their rhino trophies home, both South Africa and Vietnam prohibit commercial trade in rhinos and their products. Female southern white rhinoceros with calf. “So far this year, 373 rhinos are known to have died [as a result of unlawful killings] and, at this rate, over 500 will be dead by year's end”, Shaw says. Rhino numbers are still growing in South Africa, but the magnitude of the illegal slaughter leaves no room for complacency, she adds. The 2012 report found that the illegal trade in rhino horn occurs along a chain: beginning with poachers and corrupt officials in Africa, through exporters and couriers, to consumers in Vietnam. “Historically, demand for rhino horn in countries such as Japan, Yemen, South Korea, and Taiwan has created surges in illegal trade and poaching that have later subsided due to legislation, domestic trade bans, and education efforts advocating that it's not cool to consume rhino horn”, Shaw continues. She is optimistic that the current increase in illegal trade can also be stopped. South Africa has stepped up enforcement but success in Vietnam ultimately depends on high-level commitment, effective law enforcement, and campaigns to reduce consumer demand. On paper, it made a lot of sense. Spend AU$24 million of taxpayers' money to buy Toorale, a large irrigation and grazing property in central New South Wales in Australia, and dismantle its six dams. That way, up to 80 billion L more water a year could flow downstream into the Murray-Darling River Basin's degraded lower lakes, located 1000 km away, and help keep the Murray River mouth open. Trouble is, a whole new ecological community has developed around Toorale's dams over the past century, in part mitigating the loss of more than 50% of the former natural wet-lands across the vast Murray-Darling Basin due to over-allocation of water, alteration of river flows, and draining of swamps. Letting Toorale's water go now might help the lower lakes, but at the cost of valuable, scarce habitat for protected water-birds including straw-necked ibis (Threskiornis spinicollis) and brolgas (Grus rubicunda). Partial decommissioning of the dams, on the other hand, means falling short of promises to save the lower lakes. “My big concern is that the government is spending huge amounts of money buying back water across the Murray-Darling and not really understanding what to do with it”, explains ecologist Richard Kingsford (Australian Wetlands and Rivers Centre, University of New South Wales, Sydney). “It's a huge worry because most of the water is held in dams, and decisions have to be made. Certainly, there are some dams that are good for some water-birds and fish, but you have to check if they are – and inevitably there is no ‘free’ water in these systems.” The 2008 Toorale purchase was part of a AU$10 billion government program to cut irrigation diversions by up to 30%. Allowing more water to flow into the lower lakes has been an overriding policy objective, but Kingsford warns that each of the major tributaries also has end-of-system wetlands. “Their ecology has value in its own right”, says Kings-ford. “Lots of tributaries are not quite as degraded as the lower lakes but close to it, and they also need water; not all of the water goes to the lower lakes. I think there are a couple of things to think about, and this is a discussion that has to be had in the scientific community as well as more broadly. What is the value of the ecology at a local scale and at a basin scale? And what are the objectives for this system?”",2012,https://doi.org/10.1890/1540-9295-10.8.400,review,NA,ESA,Geological survey; Habitat,Remote Sensing and LiDAR Applications; 3D Surveying and Cultural Heritage,Environmental Engineering; Geology,NA,0,682
"Does climate change affect mercury inflow to periglacial regions? (King George Island, Antarctica)","&amp;lt;p&amp;gt;Mercury (Hg) is considered as a global pollutant. It is persistent in the environment and in organic compounds, mainly as methylmercury (MeHg), is accumulated in living organisms and it biomagnifies up the trophic chain. Periglacial areas in Antarctica have had the highest temperature rise in the southern hemisphere over the past fifty years (+3 &amp;amp;#730;C). The loss of the ice cover and the exposure of larger and larger ground surfaces caused by the increasing temperature, enable the initiation of rock erosion and soil formation processes. The&amp;amp;#160;King George Island&amp;amp;#160;is formed by rocks of volcanic origin.&amp;amp;#160;Therefore, this material could be a&amp;amp;#160;source of many compounds&amp;amp;#160;in the Antarctic coastal zone.&amp;amp;#160;In turn, these new periglacicl areas are places where more life (flora and fauna) appears. Both of these factors disturb the circulation of many elements in the polar region. The aim of the study was to determine the impact of periglacial regions formation on the inflow of Hg to the Antarctic ecosystem. The bioavailability of Hg contained in rocks and soil in the study area was also tested.&amp;lt;/p&amp;gt;&amp;lt;p&amp;gt;Sampling took place in December 2018 and January 2019&amp;amp;#160;in&amp;amp;#160;the King George Island. The samples&amp;amp;#160;of soil,&amp;amp;#160;lichen, moss, vascular plant and algae&amp;amp;#160;were collected and stored at -20&amp;amp;#160;&amp;amp;#176;C until analysis. The concentration of total mercury (THg) was measured by pyrolysis with the technique of atomic absorption spectroscopy on a direct mercury analyser DMA-80. To measure the concentration of methylmercury samples were extracted, MeHg concentration was measured using Automated Methtlmercury System MERX-M.&amp;lt;/p&amp;gt;&amp;lt;p&amp;gt;Research carried out on the King George Island has shown that mercury concentrations in soil and in rocks&amp;amp;#160;were slightly higher than those measured in continental Antarctica, but lower than in other parts of the world. However, concentrations of mercury in lichens were similar to those in urbanized regions worldwide. The research confirmed the correlation between the weathering processes of volcanic rocks in the studied area and the concentration of THg in the soil. Measured concentration of THg and MeHg in plants and lichens on King George Island indicated that bioavailable Hg was present in soil and rocks but weathering of rocks was only one of mercury sources. Methylmercury accounted for, on average, 15% of total mercury in lichens and plants samples but 0.1% in soil samples. The presence of animals - penguins and sea elephants had an impact on the increased concentration of THg and MeHg both in soil and in plant/lichen samples.&amp;amp;#160;&amp;lt;/p&amp;gt;&amp;lt;p&amp;gt;This study has been performed within the framework of a National Science Center projects No. 2019/33/B/ST10/00290 and No. 2017/27/N/ST10/02230.&amp;lt;/p&amp;gt;",2022,https://doi.org/10.5194/egusphere-egu22-363,preprint,NA,Aleksandra Cichecka; Dominika Saniewska; Michał Saniewski,,Polar Research and Ecology; Indigenous Studies and Ecology; Marine animal studies overview,Ecology; General Health Professions; Ecology,NA,0,683
Intra and interspecific differences in desiccation tolerance in native and alien Antarctic springtails in geothermal grounds,"The extreme low humidity and temperatures in Antarctica make it one of the harsher areas for life on our planet. In a global change context, environmental barriers that prevented the arrival of alien species in Antarctica are weakening. Deception Island, one of the four active volcanoes of Antarctica, is especially vulnerable to the impacts of alien species. Geothermal areas (GA) in this Island offer unique microclimatic conditions that could differentially affect native and alien soil arthropods. Here we explore the desiccation tolerance of a native (Cryptopygus antarcticus) and an alien (Proisotoma minuta) springtail (Collembola) species to these extreme environmental conditions. GA and non-geothermal areas (NGA) were selected to evaluate intra- and interspecific variation in desiccation tolerance. Populations of P. minuta from GA had greater desiccation tolerance than populations from NGA. However, desiccation tolerance of C. antarcticus did not differ between GA and NGA. This native species had greater desiccation tolerance than the alien P. minuta, but also greater body size. Our findings show that the alien P. minuta responds differently to environmental conditions than the native C. antarcticus. Furthermore, body size may influence desiccation tolerance in these two springtail species.",2024,https://doi.org/10.1002/jez.2789,article,https://onlinelibrary.wiley.com/doi/pdfdirect/10.1002/jez.2789,Pablo Escribano‐Álvarez; Mario G. Castro; Luis R. Pertierra; Miguel Á. Olalla‐Tárraga,Alien; Interspecific competition; Desiccation; Biology,Insect and Arachnid Ecology and Behavior; Physiological and biochemical adaptations; Tardigrade Biology and Ecology,"Genetics; Ecology; Ecology, Evolution, Behavior and Systematics",https://onlinelibrary.wiley.com/doi/pdfdirect/10.1002/jez.2789,0,684
Laughing Gas Kings of Penguin Guano…or Is It GuaN2O?,"aneStHeSioLoGY reFLectionS FroM tHe Wood LiBrarY-MUSeUM Laughing Gas Kings of Penguin Guano…or Is It GuaN 2 O?Lying roughly equidistant from the Antarctic peninsula and the tip of South America, South Georgia Island shelters a huge colony of King Penguins.These massive birds are celebrated on 43-pence stamps issued by South Georgia and the South Sandwich Islands (above).To pack on blubber, King Penguins ingest krill and fish that have dined on nitrogen-rich phytoplankton.Then the penguins excrete kingly amounts of guano.For South Georgia, global warming has increased both glacial retreat and penguin activity.Consequently, there is more open land from which soil microbes can release even greater amounts of nitrous oxide from deposited guano.With the ""intense"" levels of laughing gas, Danish scientist and permafrost expert Bo Eberling has observed that, ""after nosing about in guano for several hours, one goes completely cuckoo.""(",2020,https://doi.org/10.1097/aln.0000000000003604,article,https://pubs.asahq.org/anesthesiology/article-pdf/133/6/1183/513358/20201200.0-00012.pdf,Melissa Coleman; George S. Bause,Medicine; Guano,,,https://pubs.asahq.org/anesthesiology/article-pdf/133/6/1183/513358/20201200.0-00012.pdf,0,687
Killer whale predation on an Antarctic minke whale in the northern Antarctic Peninsula,"We describe the seldom observed event of a group of type A killer whale (Orcinus orca) predating on an Antarctic minke whale (Balaenoptera bonaerensis) in austral summer 2019. A pod of 11-13 individuals was observed - and documented by photographs and video - as they killed and fed on the minke whale in the Bransfield Strait, northern Antarctic Peninsula. The pod was being observed for about one hour, when some killer whale's individuals were noticed to be performing hunting behaviour. This lasted about 10 minutes, at the end of which the minke whale was killed. Three different species of seabirds were observed feeding on the minke carcass. A video of the encounter is provided.",2024,https://doi.org/10.1590/0001-3765202420230731,article,https://doi.org/10.1590/0001-3765202420230731,Elisa Seyboth; Manuela Bassoi; Renan C. de Lima; Jonatas Henrique Prado,Minke whale; Whale; Peninsula; Oceanography; Predation,Marine animal studies overview; Arctic and Antarctic ice dynamics; Marine and coastal plant biology,Ecology; Atmospheric Science; Oceanography,NA,0,688
Editorial: Ecology of marine zooplankton and micronekton in polar and sub-polar areas,"As reported by Azam et al. (2017) the polar and subpolar regions are characterized by ecosystems with high biodiversity and species richness. Hunt Jr. et al. (2016) highlighted that the variability among polar ecosystems, such as sea ice cover and thickness, population structure, abundance, diversity and food web, from phytoplankton to marine mammals, is due to the different circulation patterns of water masses between north and south. Huge environmental changes have been induced in those areas by a high climate dynamic, which has generated loss of biodiversity and consequent reduction of ecosystem services provided to the entire planet (Laffoley & Baxter, 2016). In this context, much attention was paid to the effects of these environmental changes on zooplankton structure and dynamics, and consequently on the matter and energy cycling in polar ecosystems, as also demonstrated by the results of La et al. (2019) on how climate changes can alter the zooplankton vertical migration (DVM) in the Southern Ocean. The high vulnerability of these ecosystems, in the presence of pressures such as climate change and overfishing, jeopardizes the essential ecosystem services they provide, e.g. in terms of carbon storage and suitable habitats for nursing and feeding (Azam et al. 2017;Johnston et al. 2022). The polar ecosystem presents high spatial variability in terms of the rate and direction of change in temperature and sea ice, but little is known about the mechanisms through which the spatial distribution of planktonic species is influenced (Yang et al. 2021). These changes appear to impact circumpolar food webs involving krill and other zooplankton. It follows that knowledge of the density and distribution of zooplankton is crucial to correctly estimate the energy transfer within the food web of the continental shelf and its response to climate change (Minutoli et al. 2024). In turn, ocean warming can have a significant impact on the structure and functioning of zooplankton (Fraser et al., 2023;Swadling et al., 2023).With this special issue, many researchers involved in the study of zooplankton and micronekton ecology have had the opportunity to provide updated data on their latest research in polar and subpolar environments. Therefore, their results will certainly contribute to improving the state of knowledge on polar ecology in these still poorly understood areas, which require urgent and significant operations to prevent and to mitigate, as soon as possible, the effects of climate change on ecosystems.In this research topic, 11 papers by 74 authors collaboratively address issues related to the zooplankton and micronekton spatial distribution, biomass, production, diel vertical migration, trophic relationships, and effects of climate change both in Antarctica (5 papers) and in the Arctic (6 papers). Two papers carried out by echosurvey in the Ross Sea concerned the spatial distribution of the biomass both in the crystal (E. crystallorophias) and Antarctic krill (E. superba). In particular, the authors focused their study on the possible impact of water masses on the vertical krill structure in different sectors of the Ross Sea, from Terra Nova Bay to Cape Adare. Barra et al. also emphasized the need to carry out multidisciplinary research campaigns for a better and more complete interpretation of the results, while De Felice et al. gave significant importance to salinity and the predator-prey relationship. Attention to the water mass structure and to biotic and abiotic variables in determining the composition of zooplankton communities characterized the study by Liu Y. et al. The authors compared the abundance and biodiversity data from the surface down to 1500 m among samples collected in the East Pacific and the Indian sectors of the Southern Ocean. The study on phytoplankton carried out by Liu L. et al. on a grid of stations located around the South Shetland Islands, along the Antarctic Peninsula, highlighted the importance of some environmental factors such as temperature and ice concentration, in determining the structure of phytoplankton communities. A direct relationship between pennate diatoms and krill was highlighted by multivariate analysis. The study by Chen et al. on the composition and diversity of heterotrophic flagellates in the western Cosmonaut Sea highlighted the remarkable abundance of this community in the euphotic zone and a strong correlation between environmental factors and taxonomic distribution. Most studies carried out in different areas of the Arctic have highlighted the effects of climate change on zooplankton, and in particular on copepods. Espinel-Velasco et al. focused on the potential implications that ocean acidification and warming may have on Arctic populations of calanoid copepods, with possible consequences on the entire food-web. The results of Gawinski et al. added among the climate variables also the reduction of Arctic sea ice as an effect on small-sized copepods, with cascading consequences on secondary production. Hop et al. studied the abundance of zooplankton communities at four glacier fronts in Kongsfjorden, Svalbard and concluded that under current conditions of global warming these glaciers could act as an ""elevator effect"" of prey (zooplankton) thus facilitating the feeding of predators, and particularly seabirds. The results of Ishihara et al. on the ecology, trophodynamics, and fatty acid composition of the copepod C. glacialis/marshallae in the Eastern and Northeastern Chukchi and Canadian basins, highlighted the adaptation of this species to climate changes in the Pacific Arctic Ocean. Kumagai et al., examining the zooplankton size spectra demonstrate that in the northern Bering Sea an optimal and efficient predator-prey relationship is established between zooplankton and fish larvae/juveniles. Kim et al. note the uncommon presence of ichthyoplankton species into the Chukchi Sea, attributing this ""anomaly"" to several climatic factors including freshwater inflow from the East Siberian Sea and the intrusion of warm Atlantic and Pacific waters.The global importance of the rich, unique and valuable biodiversity in the polar and subpolar ecosystems on which it depends has been recognized internationally. Unfortunately, it has been established that these ecosystems have already been affected by the physical and chemical impacts due to global change. For this reason, the international scientific community has recently recognized that an integrated multidisciplinary approach is needed to better understand the functioning of these vulnerable ecosystems, with particular interest in the carbon cycle to clarify the response of zooplankton to climate change (e.g. Everett et al., 2017;Hill et al. 2024;Ratnarajah et al., 2023).The importance of considering biological interactions in planktonic studies has been highlighted, employing open access and machine learning for measurable and repeatable distribution modeling and providing crucial ecological insights for informed conservation strategies in the face of environmental change (Grillo et al. 2022(Grillo et al. , 2024)).",2024,https://doi.org/10.3389/fmars.2024.1487229,editorial,https://doi.org/10.3389/fmars.2024.1487229,Letterio Guglielmo; A. Bergamasco; Guang Yang; Antonia Granata,Zooplankton; Polar; Oceanography,Marine animal studies overview; Marine and fisheries research; Ocean Acidification Effects and Responses,Ecology; Global and Planetary Change; Oceanography,NA,0,702
"MORPHOMETRIC ANALYSIS OF SHELLS OF Nacella concinna PREDATED BY GULL Larus dominicanus IN THREE ISLANDS OF THE SOUTH SHETLANDS: KING GEORGE, PENGUIN AND ELEPHANT ANTARCTICA","The gastropod Nacella concinna is common in the littoral zone of the Antarctic Peninsula.This invertebrate has great importance in terms of biomass for the region, being a potential prey for the Kelp gull Larus dominicanus.They have a tendency to opportunism, but can select large shells when they are available.This study aims to evaluate Nacella concinna shells morphometry and access whether the length, width, height and the apex differ significantly between sampling sites.Shells were collected manually in three islands of the South Shetlands: Elephant, Penguin and King George, at Kelp gull breeding and feeding points.The shells measurements were made with a caliper at the laboratory.Shells morphometric variables were compared between the three islands through discriminant analysis, with the function generated by it, an ANOVA was made.There were significant differences (p < 0,001) among the samples measured.All shell measurements were higher for Elephant Island.The variation found in shells among the three islands may have been influenced by differences in environmental conditions.",2015,https://doi.org/10.4322/apa.2015.006,article,https://doi.org/10.4322/apa.2015.006,Gabriela Bandasz Werle; César Rodrigo dos Santos; Maria Virgı́nia Petry,George (robot),Nuts composition and effects; Bee Products Chemical Analysis; Date Palm Research Studies,Nutrition and Dietetics; Insect Science; Plant Science,NA,0,711
British Ornithologists’ Union Union Medal,"John Croxall has had a long and distinguished association with the BOU. He joined as a student (and still a teenager) in 1965, becoming a Council member during 1974–78, and then serving as Vice President during 1987–91 and as President during 1995–99. During his time as President, John was responsible for one of the most significant developments ever for the BOU; appointing a full-time Administrator, Steve Dudley, when the then long-serving, part-time secretary, Gwen Bonham, chose to retire. The decision to invest more of the Union's resources in securing its long-term administration provided the platform on which all subsequent development of the BOU has been founded, and John's recognition of the need for this restructuring has therefore been a key component of the Union's continued success. John's career has been distinguished, with most people knowing him through his work on the marine birds and mammals of the Southern Ocean and Antarctica, and others through his tireless work on committees and working groups. He was educated at King Edward's School in Birmingham and Queen's College Oxford, leading to a first-class degree in zoology, followed by a PhD at the University of Auckland. After returning to Britain, he took up a short-term position as Research Associate at the University of Newcastle-upon-Tyne (1972–75), studying the problems of oiling in seabirds, an issue of great conservation concern at the time. He then moved to the British Antarctic Survey (BAS), where for the next 30 years he directed bird and mammal research, occupying progressively higher positions in this organization until his retirement as Head of Conservation Biology in 2006. While at BAS, John's main work focused on the role of sea birds and mammals as predators of other marine life, and their significance in the nutrient flux of the Southern Ocean. He helped to develop and use new ways of studying the diets, movements and energetics of ocean-living animals during swimming, diving and flight. He developed the first realistic models of the important krill-based predator–prey interactions in the Southern Ocean, which subsequently proved important in the sustainable development of southern fisheries. He also initiated the collection of co-ordinated long-term data on the dynamics of Southern Ocean top predators, including international programmes to map, by remote tracking, the core distributions and migration routes of albatrosses. His approach was based on high-quality personal research and perceptive syntheses of relevant literature, revealing a firm grasp of the underlying science. Another major research contribution concerned the life-history strategies of marine birds and mammals, with studies of the age of first breeding, age-related survival and reproductive success. He was concerned particularly with albatrosses, which, being some of the longest-lived and slowest-reproducing of birds, gave his work a special interest and significance. It was partly this work that, from annual survival estimates, revealed the slow long-term decline in albatross populations, attributed to the extra mortality imposed by long-line fisheries practices. His work on the demography and population sizes of various Southern Ocean birds and mammals has also provided a firm basis for the assessment of the effects of climate change and other human impacts on Antarctic wildlife. In these ways, he contributed not only to Antarctic ecology, but more widely to prevailing areas of debate in ecology and conservation. His publication record is also outstanding, amounting to around 320 papers and book chapters, and in a more popular vein, the Field Guide to the Wildlife of South Georgia (2012). However, his contribution has extended well beyond relevant research, as he has ensured that research findings have been applied to the sustainable use and conservation of Antarctic ecosystems. He has, for example, been a leading member of the UK delegation to the Convention for the Conservation of Antarctic Marine Living Resources (CCAMLR). He has been centrally involved in the UK's attempts to develop a coherent strategy for the management and conservation of these resources, and is a principal architect of the region's fisheries management policy. He also led global initiatives to manage Southern Ocean fisheries so as to minimize by-catch, especially of albatrosses. In addition to his work in the Southern Ocean, John has also contributed in a voluntary capacity to the development of conservation in Britain, mainly from his work, over 14 years, on the Council of the RSPB. He was involved first as a Council Member, then as Chairman of the Conservation Committee, and finally as Chairman of Council (1998–2003). In the latter role particularly, John's balance, tact and diplomacy contributed greatly to the development of the Society's conservation strategy at the time, and to its all-important relationships with its members, with other conservation organizations and with relevant sectors of Government. After his retirement from BAS, John became chair of Birdlife International's Global Seabird Programme in 2006, with responsibility for developing and implementing strategies for improving the conservation status of seabirds worldwide, a position which he holds to the present day. He was also a member of the Permanent Executive of the International Ornithological Committee during 1998–2006, and a founding Trustee of both Falklands Conservation (which he chaired during 1993–98) and the South Georgia Heritage Trust (where he plays a major role in the rodent eradication programme). These are just some of the voluntary ornithological and conservation organizations in which John has played an active role. The strength of his personal contributions to bird science and conservation have been internationally recognized by a string of prestigious awards, including the Scientific Medal of the Zoological Society (1984), the Polar Medal (1992 and 2004), the President's Medal of the British Ecological Society (1995), the Robert Cushman Murphy Medal of the International Colonial Waterbird Society (1997), the Marsh Award for Conservation of the Zoological Society of London (2002), the Godman-Salvin Medal of the British Ornithologists’ Union (2004), and the Lifetime Achievement Award of the Pacific Seabird Group (2008). He received honorary professorships from the Universities of Birmingham (1998) and Durham (1998), and an Honorary Fellowship of the AOU in 2004. On the basis of his research, he was elected Fellow of the Royal Society in 2005, in recognition of ‘his pioneering work with marine mammals and seabirds, particularly albatrosses, and his role in applying scientific research in the fields of conservation and fisheries management’. His wider contribution to research and conservation was recognized by the award of a CBE in 2004. In terms of his personal research, his commitment and influence, and his wider international contribution to conservation and resource management, as well as his commitment to the development of the BOU, John Croxall is an exemplary citizen of his discipline. For these various reasons, he is a well-deserving recipient of the BOU's Union Medal.",2015,https://doi.org/10.1111/ibi.12269,article,NA,John P. Croxall,Medal; Queen (butterfly),Avian ecology and behavior,Ecology,NA,0,717
The London Ice Well,"The London Ice Well William Logan (bio) You don’t have to worry, kid. I ain’t going to kill you. You’re the only friend I got. —Clint Eastwood, Unforgiven The severed ice of Ugolino’s cold kept its own velocity. Down, down, into the reeking marl of the pit, the guide whispered, brushing your collar with his hand. We were hard by the rotted docks of Regent’s Canal— I no longer recall the season. The crumbling brick seeped like a wound, gorged to the throat in rubble cleared barrowload by barrowload in the Blitz. What does a brick want? A brick wants redemption. A soothing cinematic blackness lay at bottom, halfway to Hull. Ladies of that mid-Victorian day used to cooling “soft” drinks with ice chopped from fjords, accounted “manufactured” ice not half so refreshing. Outside, boats thin as iron rods squeezed through brick tunnels. The silence gripped us like a lover. [End Page 150] William Logan William Logan’s Deception Island: Selected Earlier Poems was published in the U.K. this past spring by Salt Publishing. A book of new poems, Madame X, is forthcoming next summer from Penguin, and his edition of John Townsend Trowbridge’s poem “Guy Vernon” will be published by the University of Minnesota Press next spring. Copyright © 2011 Middlebury College Publications",2011,https://doi.org/10.1353/ner.2011.a448497,article,NA,William Logan,Art; Art history; Silence,Methane Hydrates and Related Phenomena,Environmental Chemistry,NA,0,718
Acknowledgments,"WE ARE EXTREMELY GRATEFUL to the many people who have generously offered time, interest, and expertise about the albatross and who clarifi ed issues and thrilled us with their energy and commitment to these magnifi cent wild and mysterious birds.Nongovernmental organizations, such as BirdLife International, the Royal Society for the Protection of Birds (RSPB), National Audubon, Birds Australia, Aves Uruguay, Forest and Bird, Sociedad Española de Ornitología, and others, including their staffs and researchers, have supplied data and information from various perspectives about the albatross.Government personnel in Argentina, Australia, Canada, Chile, France, New Zealand, South Africa, Spain, the United Kingdom, and the United States and staff members and researchers of Regional Fisheries bodies, notably those of the Convention for the Conservation of Antarctic Marine Living Resources (CCAMLR), as well as those of the Agreement for the Conservation of Albatrosses and Petrels (ACAP), have supplied information about marine resources, fi sheries statutes, and seabird mitigation techniques and have responded patiently to our queries.We appreciate their kindness.It is diffi cult to name all the people who have assisted us in this bold, indeed foolhardy, endeavor.John Croxall, lately of the British Antarctic Survey and now with BirdLife International, deserves our special gratitude for visiting with and guiding us, and for perusing various iterations of the manuscript.Cleo Small and Brian Sullivan have been most kind in discussing aspects of international fi sheries developments.In Australia, we thank Rosemary Gales, Mike Double, Peter Milburn, Lindsey Smith, and others who supplied data about the birds.Barry Baker proved most helpful in briefi ng Robin, introducing him to a number of experts, and helping him attend the inaugural ACAP Conference of Parties in Hobart, Tasmania.",2011,https://doi.org/10.7560/726826-002,book-chapter,https://www.degruyter.com/document/doi/10.7560/726826-002/pdf,Robin W. Doughty; Virginia Carmichael,,,,https://www.degruyter.com/document/doi/10.7560/726826-002/pdf,0,720
"Looking South: Australia's Antarctic Agenda – Edited by Lorne K. Kriwoken, Julia Jabour and Alan D. Hemmings","Looking South: Australia's Antarctic Agenda Lorne K. Kriwoken, Julia Jabour and Alan D. Hemmings ( eds ), The Federation Press , Annandale and Leichardt , 2007 , xi + 227 pp, ISBN 978 186287 657 6 ( paperback) A$49.95 . Three scholars at the University of Tasmania edited this volume. Kriwoken works in the School of Geography and Environment Studies, and Hemmings and Jabour are members of the Institute of Antarctic and South Ocean Studies. They jointly prepared the Introduction and Conclusion, and provide a useful précis of the twelve topical chapters, guiding readers to those which are most relevant to their enquiries and research. Apart from the Introduction and Chapter 13, chapters average 15 pages each. The editors and authors acknowledge the financial assistance of the University of Tasmania and the Law School at the University of Sydney. The text is supported by eight figures, six of which are maps. The maps are not uniformly useful. Figure 5, in Chapter 8, is a copy of a Convention on the Conservation of Antarctic Marine Living Resources (CCAMLR) map. It is reproduced at too small a scale. Unfortunately, the text does not discuss the map and one is left wondering what ‘58.4.4b’ means. They appear to be designated zones, but are not discussed. The absence of page-size maps of Macquarie, Heard and Macdonald Islands to accompany the regional maps that show their locations, is disappointing. All one can say about the Index is that it is very economical! Chapter 2 deals with Australia's sovereign claims to two sectors of Antarctica and the seas that border them. Rothwell and Scott have published extensively and usefully in this field. Subsequent to the production of this volume, Professor Gillian Triggs joined the Faculty in Sydney as Dean, and we can expect that the legal output on Antarctica, from Sydney, will continue to flourish. There is a careful analysis of Australia's capacity to interfere with Japan's catch of whales ‘. . . for scientific purposes . . .’. Australia's claim to extended areas of the continental margin off Antarctica and offshore islands, was included in the application to the Commission on the Limits of the Continental Shelf. However, Australia requested that no action should be taken in respect of that sector for the present. Haward, Hall and Kellow review the planning and operation of aspects of Australia's Antarctic policy. Figure 3 records, by initials, bodies associated with foreign governments and Australia's interests in Antarctica. It is not a helpful diagram and the sub-government initials ‘DEWR’, ‘DAFF’, ‘CW’ and ‘AQUIS’ are not explained, nor do they appear in the index. However, the authors provide useful comments on the national, Tasmanian and non-government bodies interested in the Antarctic. Powell and Jackson write about Australia's influence in the Antarctic Treaty System. They provide an admirable account of developments during the last 20 years. The 18 Consultative Parties have now been joined by a further ten. In 1985 Malaysia challenged the Antarctic Treaty System. However, while the issue is raised every three years in the United Nations, no attack has been sustained. Australia made important contributions to the Committee for Environment Protection and the Convention on the Conservation of Antarctic Marine Living Resources. The chapter by Stephens and Boer dealing with the legal and policy dilemmas that face Australia is very heavy going for anyone not versed in the law. However, this well-written chapter should provide encouragement for young scholars looking for challenging legal questions. Sandford writes about Antarctic science in a changing climate. She appears to be committed to the concept of global warming caused by human actions, and relies mainly on the Inter-governmental Panel on Climate Change (IPCC), Al Gore, the Stern Report and a 2006 Lowry Opinion Poll on climate change. On the penultimate pages concerns are expressed about some of Australia's low-lying neighbours threatened by rising seas. Since the chapter was written three years ago it is possible that Sandford might have shed some of her concerns. Recent reports do not provide evidence for the case that Tuvalu and the Maldives, for example, are threatened by rising sea-levels. The rest of the chapter provides a useful account of Australia's physical science research at established bases for the last 40 years, concluding with reviews of the next 11 or 41 years. Sandford's view is that there should be two key objectives: first, to increase political and public understanding of the relevance of Antarctic and Southern Ocean science; and second, to ensure that international cooperation and the pursuit of science remain a corner-stone of the Antarctic Treaty System. Johnson and Kriwoken have produced a fine, detailed account of the issues associated with Australian Antarctic tourism. Growing levels of tourism are discussed and the problem of increased operation from third-party States is explored. Australian tourists accounted for 8.4% of visitors in 2005–2006. For me the most satisfying chapter was written by Rob Hall, entitled ‘Saving Seabirds’. This is a detailed, well organised analysis. For several years fishers of pelagic species used lines 100 km long armed with 40 000 hooks. Large seabirds such as albatrosses and petrels travel long distances far from land to capture large pelagic fish. In the decade ending in 2002, trawlers drowned 100 000 of these birds every year as they swallowed hooks or hooked fish. The use of better designed hooks in 2003 reduced the number of birds killed. In 2006, for the first time, not one albatross was drowned by regulated long-line fishers. Jabour, Iliff and Molenaar have carefully analysed the international issue of whaling. While the closure in November 1978 of a whaling company at Cheyne's Beach near Albany, Western Australia was acclaimed, it has not been possible to end whaling. Australian authorities are on the side of the angels in this quest but only in 2006, for the first time, did anti-whaling States have a majority of one! The authors explain the attempts of States in favour and against whaling to settle the matter in their favour, but no final agreement is likely. This means that Australia cannot prevent Japanese whaling for research purposes within its EEZ (Exclusive Economic Zone) Antarctic sectors. Kriwoken and Holmes have written a classical essay about the physical and human geography of the islands of Macquarie, Heard and McDonald. In Chapter 12, Kellow has produced an elegant and measured essay on Australia, Antarctica and climate change. This is typified by two quotations from the Introduction and the Conclusion: Some might be surprised at the statement that Australia's climate change connection to Antarctica is primarily not to do with the impact of Australia's activities on the continent. . . . There is currently evidence of both ice loss from the Western Antarctic shelf, and gain on the Eastern Antarctic shelf, and it is not clear whether either of these changes represents damage. (p.165) While the possibility of a substantial loss of the Antarctic ice sheet cannot be ruled out conclusively, such a prospect lays a greater hold on the popular imagination than it does to the scientific community. (p.175) Hemmings has written a dense chapter entitled ‘Globalisation's Cold Genius and the Ending of Antarctic Isolation’. The usefulness of this chapter does not seem to bear comparison with the other chapters.",2009,https://doi.org/10.1111/j.1745-5871.2009.00612.x,article,https://onlinelibrary.wiley.com/doi/pdfdirect/10.1111/j.1745-5871.2009.00612.x,Victor Prescott,,Polar Research and Ecology,Ecology,https://onlinelibrary.wiley.com/doi/pdfdirect/10.1111/j.1745-5871.2009.00612.x,0,728
