id,title,display_name,authorships,abstract,doi,publication_date,publication_year,relevance_score,fwci,cited_by_count,counts_by_year,ids,type,is_oa,is_oa_anywhere,oa_status,oa_url,any_repository_has_fulltext,source_display_name,source_id,issn_l,host_organization,host_organization_name,landing_page_url,pdf_url,license,version,referenced_works,referenced_works_count,related_works,concepts,topics,keywords,is_paratext,is_retracted,language,sustainable_development_goals,awards,funders,apc,first_page,last_page,volume,issue
https://openalex.org/W885308044,"Seasonal and annual changes in Antarctic fur seal [Arctocephalus gazella] diet in the area of Admiralty Bay, King George Island, South Shetland Islands","Seasonal and annual changes in Antarctic fur seal [Arctocephalus gazella] diet in the area of Admiralty Bay, King George Island, South Shetland Islands",,"This study describes the seasonal and annual changes in the diet of non−breeding male Antarctic fur seals (Arctocephalus gazella) through the analysis of faeces collected on shore during four summer seasons (1993/94–1996/97) in the area of Admiralty Bay (King George Island, South Shetlands). Krill was the most frequent prey, found in 88.3% of the 473 samples. Fish was present in 84.7% of the samples, cephalopods and penguins in 12.5% each. Of the 3832 isolated otoliths, 3737 were identified as belonging to 17 fish species. The most numerous species were: Gymnoscopelus nicholsi, Electrona antarctica, Chionodraco rastro− spinosus, Pleuragramma antarcticum, and Notolepis coatsi. In January, almost exclusively, were taken pelagic Myctophidae constituting up to 90% of the total consumed fish biomass. However, in February and March, the number of bentho−pelagic Channichthyidae and Noto− theniidae as well as pelagic Paralepididae increased significantly, up to 45% of the biomass. In April the biomass of Myctophidae increased again. The frequency of squid and penguin oc− currence was similar and low, but considering the greater individual body mass of penguins, their role as a food item may be much greater. In March and April, penguins could be as im− portant prey item as fish. The amount of krill in the diet of Antarctic fur seals declined with a concomitant decrease in the mature krill availability. This appears to have been compensated by an increased frequency of the fur seal to eat fish and penguins.",NA,2006-01-01,2006,592.96454,0.3025,17,,,article,FALSE,FALSE,closed,NA,FALSE,Polish Polar Research,https://openalex.org/S67295124,0138-0338,https://openalex.org/P4310320322,De Gruyter Open,http://yadda.icm.edu.pl/yadda/element/bwmeta1.element.agro-article-14bcda8d-cd06-40e0-9b1f-e8ae6d00d88a,NA,NA,NA,,41,,,,,FALSE,FALSE,en,,,,,171,184,27,2
https://openalex.org/W2383833702,"Seasonal variation in the diet of Antarctic fur seals, Arctocephalus gazella, at 25 de Mayo/King George Island, South Shetland Islands, Antarctica","Seasonal variation in the diet of Antarctic fur seals, Arctocephalus gazella, at 25 de Mayo/King George Island, South Shetland Islands, Antarctica",,NA,https://doi.org/10.1007/s00300-016-1959-1,2016-05-12,2016,563.69525,1.5319,17,,,article,FALSE,FALSE,closed,NA,FALSE,Polar Biology,https://openalex.org/S196656238,0722-4060,https://openalex.org/P4310319900,Springer Science+Business Media,https://doi.org/10.1007/s00300-016-1959-1,NA,NA,publishedVersion,,19,,,,,FALSE,FALSE,en,,,,,471,475,40,2
https://openalex.org/W64193010,"Abundance of Antarctic Fur Seals in the South Shetland Islands, Antarctica, During the 1986/87 Austral Summer","Abundance of Antarctic Fur Seals in the South Shetland Islands, Antarctica, During the 1986/87 Austral Summer",,NA,https://doi.org/10.1007/978-3-642-84074-6_30,1990-01-01,1990,555.34656,0.5532,37,,,book-chapter,FALSE,FALSE,closed,NA,FALSE,NA,NA,NA,NA,NA,https://doi.org/10.1007/978-3-642-84074-6_30,NA,NA,publishedVersion,,8,,,,,FALSE,FALSE,en,,,,,265,270,NA,NA
https://openalex.org/W2083816828,"Examining natural population growth from near extinction: the case of the Antarctic fur seal at the South Shetlands, Antarctica","Examining natural population growth from near extinction: the case of the Antarctic fur seal at the South Shetlands, Antarctica",,NA,https://doi.org/10.1007/s00300-003-0587-8,2004-01-24,2004,487.6051,3.152,85,,,article,FALSE,FALSE,closed,NA,FALSE,Polar Biology,https://openalex.org/S196656238,0722-4060,https://openalex.org/P4310319900,Springer Science+Business Media,https://doi.org/10.1007/s00300-003-0587-8,NA,NA,publishedVersion,,27,,,,,FALSE,FALSE,en,,,,,304,311,27,5
https://openalex.org/W2063272719,"Interannual variation in the diet of non-breeding male Antarctic fur seals, Arctocephalus gazella, at Isla 25 de Mayo/King George Island","Interannual variation in the diet of non-breeding male Antarctic fur seals, Arctocephalus gazella, at Isla 25 de Mayo/King George Island",,NA,https://doi.org/10.1007/s00300-008-0475-3,2008-06-11,2008,475.76126,0,26,,,article,FALSE,TRUE,green,http://hdl.handle.net/11336/135116,TRUE,Polar Biology,https://openalex.org/S196656238,0722-4060,https://openalex.org/P4310319900,Springer Science+Business Media,https://doi.org/10.1007/s00300-008-0475-3,NA,NA,publishedVersion,,41,,,,,FALSE,FALSE,en,,,,,1365,1372,31,11
https://openalex.org/W2294401409,The diet of the Antarctic fur seal Arctocephalus gazella at the South Orkney Islands in ten consecutive years,The diet of the Antarctic fur seal Arctocephalus gazella at the South Orkney Islands in ten consecutive years,,NA,https://doi.org/10.1007/s00300-015-1836-3,2016-03-10,2016,453.22162,0.3064,16,,,article,TRUE,TRUE,bronze,https://link.springer.com/content/pdf/10.1007/s00300-015-1836-3.pdf,FALSE,Polar Biology,https://openalex.org/S196656238,0722-4060,https://openalex.org/P4310319900,Springer Science+Business Media,https://doi.org/10.1007/s00300-015-1836-3,https://link.springer.com/content/pdf/10.1007/s00300-015-1836-3.pdf,NA,publishedVersion,,38,,,,,FALSE,FALSE,en,,,,,1197,1206,39,7
https://openalex.org/W3213426540,Winter distribution of juvenile and sub-adult male Antarctic fur seals (Arctocephalus gazella) along the western Antarctic Peninsula,Winter distribution of juvenile and sub-adult male Antarctic fur seals (Arctocephalus gazella) along the western Antarctic Peninsula,,"Detailed knowledge of habitat use by marine megafauna is critical to understand their ecological roles and for the adequate management of marine resources. Antarctic fur seals (Arctocephalus gazella) inhabiting the Atlantic sector of the Southern Ocean prey largely on Antarctic krill (Euphausia superba) and play a central role in managing the krill fishery. Here, we assessed the demographic structure of three post-mating, early moult male haul-outs in the South Shetland Islands in early March and calculated the relative contribution of juveniles (1-4 years old) and sub-adult males (5-6 years) to the population remaining in maritime Antarctica after the breeding season. We also satellite tagged 11 juvenile males and four sub-adult males to analyze their movements and develop a species distribution model including both age classes. Our results highlighted the dominance of young individuals in the male population, revealed that they do not behave as central place foragers and identified key environmental drivers that affected their distribution at-sea throughout winter. Predicted potential foraging habitat overlapped highly with the known distribution of Antarctic krill, and identified the waters off the western Antarctic Peninsula and the Scotia Sea as the core of the distribution area of juvenile and sub-adult male Antarctic fur seals in winter. This pattern is similar to that of adult males but totally different from that of adult females, as the latter overwinter in areas at latitude 45-55° S. This segregation has implications for the ecology and management of the krill fishery.",https://doi.org/10.1038/s41598-021-01700-w,2021-11-15,2021,429.2916,1.0097,18,,,article,TRUE,TRUE,gold,https://www.nature.com/articles/s41598-021-01700-w.pdf,TRUE,Scientific Reports,https://openalex.org/S196734849,2045-2322,https://openalex.org/P4310319908,Nature Portfolio,https://doi.org/10.1038/s41598-021-01700-w,https://www.nature.com/articles/s41598-021-01700-w.pdf,cc-by,publishedVersion,,90,,,,,FALSE,FALSE,en,,,,,22234,22234,11,1
https://openalex.org/W2099133829,"Haul-out pattern of itinerant male Antarctic fur seals (Arctocephalus gazella) at Laurie Island, South Orkney Islands","Haul-out pattern of itinerant male Antarctic fur seals (Arctocephalus gazella) at Laurie Island, South Orkney Islands",,"The seasonal haul-out pattern of itinerant male Antarctic fur seals (Arctocephalus gazella) was determined by regular counts at Mossman Peninsula, Laurie Island, South Orkney Islands, from 1996 to 2005. Small numbers of animals began to arrive at the beach in late December / early January (mean date 28 December ± 15 days, n = 10). Peak numbers of animals ashore changed considerably between seasons. In 1996, 1998 and 2001, peak numbers were registered in March (6/3, 18/3 and 6/3, respectively). Numbers peaked in 1997, 1999 and 2005 at the end of January / beginning of February (26/1, 2/2 and 28/1, respectively). In 2000, 2002, 2003 and 2004 peaks were registered in the third week of February (15/2, 22/2, 14/2 and 20/2, respectively). Peaks in numbers of seals ashore also varied between years, being minimum during 2001 (2531 individuals) and maximum during 2006 (16 610 individuals). In March 1998 the coasts of Laurie Island were surveyed by navigating inflatable boats near the shoreline; 18 haul-out places were identified. The big differences in peak numbers, as well as in the dates of peak events among years, suggest that local conditions could have an effect on the numbers of animals hauled out in a given year. It may therefore be difficult to predict trends from summer censuses in non-breeding places.",https://doi.org/10.1111/j.1751-8369.2006.tb00029.x,2006-06-01,2006,348.30243,0.9076,7,,,article,TRUE,TRUE,gold,https://doi.org/10.1111/j.1751-8369.2006.tb00029.x,FALSE,Polar Research,https://openalex.org/S182295942,0800-0395,https://openalex.org/P4310320595,Wiley,https://doi.org/10.1111/j.1751-8369.2006.tb00029.x,NA,NA,publishedVersion,,12,,,,,FALSE,FALSE,en,,,,,139,144,25,2
https://openalex.org/W4252534761,"Haul-out pattern of itinerant male Antarctic fur seals (Arctocephalus gazella) at Laurie Island, South Orkney Islands","Haul-out pattern of itinerant male Antarctic fur seals (Arctocephalus gazella) at Laurie Island, South Orkney Islands",,"The seasonal haul-out pattern of itinerant male Antarctic fur seals (Arctocephalus gazella) was determined by regular counts at Mossman Peninsula, Laurie Island, South Orkney Islands, from 1996 to 2005. Small numbers of animals began to arrive at the beach in late December / early January (mean date 28 December ± 15 days, n = 10). Peak numbers of animals ashore changed considerably between seasons. In 1996, 1998 and 2001, peak numbers were registered in March (6/3, 18/3 and 6/3, respectively). Numbers peaked in 1997, 1999 and 2005 at the end of January / beginning of February (26/1, 2/2 and 28/1, respectively). In 2000, 2002, 2003 and 2004 peaks were registered in the third week of February (15/2, 22/2, 14/2 and 20/2, respectively). Peaks in numbers of seals ashore also varied between years, being minimum during 2001 (2531 individuals) and maximum during 2006 (16 610 individuals). In March 1998 the coasts of Laurie Island were surveyed by navigating inflatable boats near the shoreline; 18 haul-out places were identified. The big differences in peak numbers, as well as in the dates of peak events among years, suggest that local conditions could have an effect on the numbers of animals hauled out in a given year. It may therefore be difficult to predict trends from summer censuses in non-breeding places.",https://doi.org/10.3402/polar.v25i2.6243,2006-06-01,2006,344.06464,0.3025,7,,,article,TRUE,TRUE,gold,https://polarresearch.net/index.php/polar/article/download/2045/5296,FALSE,Polar Research,https://openalex.org/S182295942,0800-0395,https://openalex.org/P4310320595,Wiley,https://doi.org/10.3402/polar.v25i2.6243,https://polarresearch.net/index.php/polar/article/download/2045/5296,NA,publishedVersion,,8,,,,,FALSE,FALSE,en,,,,,139,144,25,2
https://openalex.org/W2149636596,Dynamic intra-seasonal habitat use by Antarctic fur seals suggests migratory hotspots near the Antarctic Peninsula,Dynamic intra-seasonal habitat use by Antarctic fur seals suggests migratory hotspots near the Antarctic Peninsula,,NA,https://doi.org/10.1007/s00227-013-2190-z,2013-02-21,2013,285.55594,1.2823,15,,,article,FALSE,FALSE,closed,NA,FALSE,Marine Biology,https://openalex.org/S118082147,0025-3162,https://openalex.org/P4310319900,Springer Science+Business Media,https://doi.org/10.1007/s00227-013-2190-z,NA,NA,publishedVersion,,70,,,,,FALSE,FALSE,en,,,,,1383,1393,160,6
https://openalex.org/W4387344095,Evaluating threats to South Shetland Antarctic fur seals amidst population collapse,Evaluating threats to South Shetland Antarctic fur seals amidst population collapse,,"Abstract Antarctic fur seals ( Arctocephalus gazella ) are an iconic marine mammal, an important component of Antarctic ecosystems, and a key indicator species for regional fisheries management. Recent studies have demonstrated Arctocephalus gazella is composed of at least four distinct subpopulations, including one breeding on the South Shetland Islands. These South Shetland Antarctic fur seals (SSAFS) are the highest latitude population of otariids in the world. As such, this subpopulation faces a unique array of environmental and ecological challenges, harbours a disproportionately large reservoir of genetic diversity for the species, and has experienced catastrophic population decline in the last 15 years (2008–2023). We review the array of current and potential threats to the successful recovery of SSAFS. If decision makers wish to promote resilience and support a robust population of this species with future recovery potential, actions are needed to address threats ranging from uncertain to critical, including debris entanglement, climate change, incidental mortality, and resource competition with the krill fishery. In particular, the risks associated with overlap in the spatial and temporal distribution of the young of the year and the krill fishery should be addressed carefully. There is an urgent need for updated population estimates for all Antarctic fur seal subpopulations, analysis on the population viability of the SSAFS, and further characterising summer and winter foraging behaviours to better inform potential conservation actions.",https://doi.org/10.1111/mam.12327,2023-10-04,2023,284.4345,3.7488,15,,,article,TRUE,TRUE,hybrid,https://onlinelibrary.wiley.com/doi/pdfdirect/10.1111/mam.12327,FALSE,Mammal Review,https://openalex.org/S175935889,0305-1838,https://openalex.org/P4310320595,Wiley,https://doi.org/10.1111/mam.12327,https://onlinelibrary.wiley.com/doi/pdfdirect/10.1111/mam.12327,public-domain,publishedVersion,,142,,,,,FALSE,FALSE,en,,,,,30,46,54,1
https://openalex.org/W2076301688,Geographical variation in the diet of the Antarctic fur seal Arctocephalus gazella,Geographical variation in the diet of the Antarctic fur seal Arctocephalus gazella,,NA,https://doi.org/10.1007/s00300-003-0554-4,2003-12-01,2003,168.67455,3.5174,66,,,article,FALSE,TRUE,green,http://sedici.unlp.edu.ar/handle/10915/132412,TRUE,Polar Biology,https://openalex.org/S196656238,0722-4060,https://openalex.org/P4310319900,Springer Science+Business Media,https://doi.org/10.1007/s00300-003-0554-4,NA,NA,publishedVersion,,28,,,,,FALSE,FALSE,en,,,,,753,758,26,12
https://openalex.org/W2036334853,"POPULATION GROWTH OF ANTARCTIC FUR SEALS: LIMITATION BY A TOP PREDATOR, THE LEOPARD SEAL?","POPULATION GROWTH OF ANTARCTIC FUR SEALS: LIMITATION BY A TOP PREDATOR, THE LEOPARD SEAL?",,"Antarctic fur seals (Arctocephalus gazella) in the South Shetland Islands are recovering from 19th-century exploitation more slowly than the main population at South Georgia. To document demographic changes associated with the recovery in the South Shetlands, we monitored fur seal abundance and reproduction in the vicinity of Elephant Island during austral summers from 1986/1987 through 1994/1995. Total births, mean and variance of birth dates, and average daily mortality rates were estimated from daily live pup counts at North Cove (NC) and North Annex (NA) colonies on Seal Island. Sightings of leopard seals (Hydrurga leptonyx) and incidents of leopard seal predation on fur seal pups were recorded opportunistically during daily fur seal research at both sites. High mortality of fur seal pups, attributed to predation by leopard seals frequently observed at NC, caused pup numbers to decline rapidly between January and March (i.e., prior to weaning) each year and probably caused a long-term decline in the size of that colony. The NA colony, where leopard seals were never observed, increased in size during the study. Pup mortality from causes other than leopard seal predation appeared to be similar at the two sites. The number of pups counted at four locations in the Elephant Island vicinity increased slowly, at an annual rate of 3.8%, compared to rates as high as 11% at other locations in the South Shetland Islands. Several lines of circumstantial evidence are consistent with the hypothesis that leopard seal predators limit the growth of the fur seal population in the Elephant Island area and perhaps in the broader population in the South Shetland Islands. The sustained growth of this fur seal population over many decades rules out certain predator–prey models, allowing inference about the interaction between leopard seals and fur seals even though it is less thoroughly studied than predator–prey systems of terrestrial vertebrates of the northern hemisphere. Top-down forces should be included in hypotheses for future research on the factors shaping the recovery of the fur seal population in the South Shetland Islands.",https://doi.org/10.1890/0012-9658(1998)079[2863:pgoafs]2.0.co;2,1998-12-01,1998,152.68886,2.45,95,,,article,FALSE,FALSE,closed,NA,FALSE,Ecology,https://openalex.org/S35917800,0012-9658,https://openalex.org/P4310320595,Wiley,https://doi.org/10.1890/0012-9658(1998)079[2863:pgoafs]2.0.co;2,NA,NA,publishedVersion,,58,,,,,FALSE,FALSE,en,,,,,2863,2877,79,8
https://openalex.org/W2169639753,Growth of a fur seal population,Growth of a fur seal population,,"Abstract The Antarctic fur seal Arctocephalus gazella is a polygynous Otarid in which a single pup is produced annually by cows over the age of 2 years. Following exploitation to the verge of extinction, a small breeding colony was discovered at Bird Island, South Georgia, in the 1930s. Up to 10000 pups a year were produced in the early 1960s and by 1975 the figure had reached an estimated 90000. The rapid population increase has resulted in the colonization of extensive breeding areas on the adjacent mainland of South Georgia with incipient colonies springing up on more distant parts of the island, and also in the South Sandwich, South Orkney and South Shetland Islands. Age determinations from the teeth of 195 breeding cows reveal a low mean age, early first breeding and a predominance of the younger age groups relative to the age structure of a stable population of northern fur seals Callorhinus ursinus. Annual adult cow survival is estimated at 89.8%, while that of first-year animals is about 64.5%. A decline in the rate of population increase is forecast within ten years and an outline for investigating the most likely factors influencing such a change is suggested.",https://doi.org/10.1098/rstb.1977.0072,1977-05-26,1977,149.02849,6.6662,215,,,article,FALSE,FALSE,closed,NA,FALSE,"Philosophical transactions of the Royal Society of London. Series B, Biological sciences",https://openalex.org/S4210191701,0080-4622,https://openalex.org/P4310319787,Royal Society,https://doi.org/10.1098/rstb.1977.0072,NA,NA,publishedVersion,,1,,,,,FALSE,FALSE,en,,,,,67,79,279,963
https://openalex.org/W2089315251,Opinion: Projecting the effects of environmental change on Antarctic seals,Opinion: Projecting the effects of environmental change on Antarctic seals,,"Abstract We consider how Antarctic seals may respond to changes in climate, realizing that anthropogenic alteration of food webs will influence these responses. The species considered include the ice-obligate - crabeater ( Lobodon carcinophaga ), Weddell ( Leptonychotes weddellii ), Ross ( Ommataphoca rossii ) and leopard ( Hydrurga leptonyx ) seal - and the ice-tolerant Antarctic fur seal ( Arctocephalus gazella ) and southern elephant seal ( Mirounga leonina ). The data analysed are from long-term censuses of Weddell seals in McMurdo Sound (1997–2006), and of Weddell, fur and elephant seals at Arthur Harbour, Antarctic Peninsula (1974–2005). After considering their responses to recent changes in environmental features, as well as projected and current changes to their habitat our conclusions are that the distribution and abundance of 1) crabeater and Weddell seals will be negatively affected by changes in the extent, persistence and type of annual sea ice, 2) Ross and leopard seal will be the least negatively influenced by changes in pack ice characteristics, although, as may be the case for crabeater and Weddell, population size and distribution may be altered through changes in food web dynamics, and 3) southern elephant and fur seals will respond in ways opposite to the pack ice species, but could also be influenced most immediately by changes in their food resources due to factors other than climate.",https://doi.org/10.1017/s0954102008001351,2008-05-16,2008,113.021774,8.1652,145,,,article,FALSE,FALSE,closed,NA,FALSE,Antarctic Science,https://openalex.org/S939558408,0954-1020,https://openalex.org/P4310311721,Cambridge University Press,https://doi.org/10.1017/s0954102008001351,NA,NA,publishedVersion,,109,,,,,FALSE,FALSE,en,,,,,425,435,20,5
https://openalex.org/W2087111453,Dispersal of male and female Antarctic fur seals (<i>Arctocephalus gazella</i>),Dispersal of male and female Antarctic fur seals (<i>Arctocephalus gazella</i>),,"This study examined the foraging locations of adult male and female Antarctic fur seals (Arctocephalus gazella) in the Scotia Sea during the postbreeding period. Satellite transmitters were used to track adult males and females and to obtain information about dive depths. Male fur seals migrated away from the breeding area during the postbreeding period whereas females remained close to the breeding grounds and foraged in the same area during two consecutive years. The most intensive foraging by females was associated with the edge of the continental shelf of South Georgia. Males dived deeper than females. Counts of males at South Georgia and at the South Orkney Islands support the result from satellite tracking data showing that males move from South Georgia to the South Orkney Islands at the end of the breeding season. Unlike males, females were limited in their foraging range by the necessity to return to feed dependent young, so breeding sites are likely to be located close to foraging areas that are optimal for females. Locations used for feeding by females were avoided by males, either because they were suboptimal for males or because foraging by females at South Georgia causes local depletion of food, and males, which have the option to forage further afield, can forage more successfully in regions where there are no females. Comparison with fisheries data also suggests that these fur seals are targeting the most abundant exploitable prey.",https://doi.org/10.1139/f97-314,1998-04-01,1998,108.43185,5.6909,158,,,article,FALSE,FALSE,closed,NA,FALSE,Canadian Journal of Fisheries and Aquatic Sciences,https://openalex.org/S57183551,0706-652X,https://openalex.org/P4310312929,Canadian Science Publishing,https://doi.org/10.1139/f97-314,NA,NA,publishedVersion,,32,,,,,FALSE,FALSE,en,,,,,845,852,55,4
https://openalex.org/W2589447968,Overwinter habitat selection by Antarctic krill under varying sea-ice conditions: implications for top predators and fishery management,Overwinter habitat selection by Antarctic krill under varying sea-ice conditions: implications for top predators and fishery management,,"Euphausia superba, krill-dependent predators, and fisheries in the Southern Ocean as areas typically covered by sea ice become ice-free in some winters. Research cruises conducted around the South Shetland Islands of the Antarctic Peninsula during winters with contrasting ice conditions provide the first acoustic estimates of krill biomass, habitat use, and association with top predators to examine potential interactions with the krill fishery. Krill abundance was very low in offshore waters during all winters. In Bransfield Strait, median krill abundance was an order of magnitude higher (8 krill m -2 ) compared to summer (0.25 krill m -2 ), and this pattern was observed in all winters regardless of ice cover. Acoustic estimates of krill biomass were also an order of magnitude higher (~5 500 000 metric tons [t] in 2014) than a 15 yr summer average (520 000 t). Looking at krilldependent predators, during winter, crabeater seals Lobodon carcinophagus were concentrated in Bransfield Strait where ice provided habitat, while Antarctic fur seals Arctocephalus gazella were more broadly distributed. Krill overwinter in coastal basin environments independent of ice and primary production and in an area that is becoming more frequently icefree. While long-term projections of climate change have focused on changing krill habitat and productivity declines, more immediate impacts of ongoing climate change include increased risks of negative fishery-krill-predator interactions, alteration of upper trophic level community structure, and changes in the pelagic ecology of this system. Development of management strategies to mitigate the increased risk to krill populations and their dependent predators over management timescales will be necessary to minimize the impacts of long-term climate change.",https://doi.org/10.3354/meps12099,2017-02-21,2017,100.46761,4.6026,88,,,article,TRUE,TRUE,bronze,https://www.int-res.com/articles/feature/m568p001.pdf,FALSE,Marine Ecology Progress Series,https://openalex.org/S96743589,0171-8630,https://openalex.org/P4310313773,Inter-Research,https://doi.org/10.3354/meps12099,https://www.int-res.com/articles/feature/m568p001.pdf,NA,publishedVersion,,84,,,,,FALSE,FALSE,en,,,,,1,16,568,NA
https://openalex.org/W2079296491,Destruction of antarctic terrestrial ecosystems by a rapidly increasing fur seal population,Destruction of antarctic terrestrial ecosystems by a rapidly increasing fur seal population,,NA,https://doi.org/10.1016/0006-3207(88)90052-3,1988-01-01,1988,98.61339,6.0374,84,,,article,FALSE,FALSE,closed,NA,FALSE,Biological Conservation,https://openalex.org/S80660208,0006-3207,https://openalex.org/P4310320990,Elsevier BV,https://doi.org/10.1016/0006-3207(88)90052-3,NA,NA,publishedVersion,,27,,,,,FALSE,FALSE,en,,,,,55,72,45,1
https://openalex.org/W1999022670,"Penguins, fur seals, and fishing: prey requirements and potential competition in the South Shetland Islands, Antarctica","Penguins, fur seals, and fishing: prey requirements and potential competition in the South Shetland Islands, Antarctica",,NA,https://doi.org/10.1007/s003000050261,1998-05-20,1998,97.21327,2.4226,86,,,article,FALSE,FALSE,closed,NA,FALSE,Polar Biology,https://openalex.org/S196656238,0722-4060,https://openalex.org/P4310319900,Springer Science+Business Media,https://doi.org/10.1007/s003000050261,NA,NA,publishedVersion,,34,,,,,FALSE,FALSE,en,,,,,365,374,19,6
https://openalex.org/W2572530906,Identifying Risk: Concurrent Overlap of the Antarctic Krill Fishery with Krill-Dependent Predators in the Scotia Sea,Identifying Risk: Concurrent Overlap of the Antarctic Krill Fishery with Krill-Dependent Predators in the Scotia Sea,,"Mitigating direct and indirect interactions between marine predators and fisheries is a motivating factor for ecosystem-based fisheries management (EBFM), especially where predators and fisheries compete for a shared resource. One difficulty in advancing EBFM is parameterizing clear functional responses of predators to indices of prey availability. Alternative characterizations of fishery-predator interactions may therefore benefit the implementation of EBFM. Telemetry data identify foraging areas used by predators and, therefore, represent critical information to mitigate potential competition between predators and fisheries. We analyzed six years (2009-2014) of telemetry data collected at Cape Shirreff, Livingston Island and Admiralty Bay, King George Island, Antarctica, on three species of Pygoscelid penguins and female Antarctic fur seals. In this region, all four species are primarily dependent on Antarctic krill. The tracking data demonstrate local movements near breeding colonies during the austral summer and dispersal from breeding colonies during the winter. We then assessed overlap between predators and the Antarctic krill fishery on a suite of spatiotemporal scales to examine how different data aggregations affect the extent and location of overlap. Concurrent overlap was observed on all spatiotemporal scales considered throughout the Antarctic Peninsula and South Orkney Islands region, including near tagging locations and in distant areas where recent fishing activity has concentrated. Overlap occurred at depths where mean krill densities were relatively high. Our results demonstrate that direct overlap of krill-dependent predators with the krill fishery on small spatiotemporal scales is relatively common throughout the Antarctic Peninsula region. As the krill fishery continues to develop and efforts to implement ecosystem-based management mature, indices of overlap may provide a useful metric for indicating where the risks of fishing are highest. A precautionary approach to allocating krill catches in space would be to avoid large increases in catch where overlap on small spatiotemporal scales is common.",https://doi.org/10.1371/journal.pone.0170132,2017-01-13,2017,96.890396,7.1825,104,,,article,TRUE,TRUE,gold,https://journals.plos.org/plosone/article/file?id=10.1371/journal.pone.0170132&type=printable,TRUE,PLoS ONE,https://openalex.org/S202381698,1932-6203,https://openalex.org/P4310315706,Public Library of Science,https://doi.org/10.1371/journal.pone.0170132,https://journals.plos.org/plosone/article/file?id=10.1371/journal.pone.0170132&type=printable,cc-by,publishedVersion,,64,,,,,FALSE,FALSE,en,,,,,e0170132,e0170132,12,1
https://openalex.org/W2186697488,"Reproductive Performance of Seabirds and Seals at South Georgia and Signy Island, South Orkney Islands, 1976–1987: Implications for Southern Ocean Monitoring Studies","Reproductive Performance of Seabirds and Seals at South Georgia and Signy Island, South Orkney Islands, 1976–1987: Implications for Southern Ocean Monitoring Studies",,NA,https://doi.org/10.1007/978-3-642-73724-4_23,1988-01-01,1988,96.11224,18.7321,321,,,book-chapter,FALSE,FALSE,closed,NA,FALSE,NA,NA,NA,NA,NA,https://doi.org/10.1007/978-3-642-73724-4_23,NA,NA,publishedVersion,,71,,,,,FALSE,FALSE,en,,,,,261,285,NA,NA
https://openalex.org/W2145579212,Ecological repercussions of historical fish extraction from the Southern Ocean,Ecological repercussions of historical fish extraction from the Southern Ocean,,"Abstract A major mid‐1980s shift in ecological structure of significant portions of the Southern Ocean was partially due to the serial depletion of fish by intensive industrial fishing, rather than solely to climate factors as previously hypothesized. Over a brief period (1969–1973), several finfish stocks were on average reduced to &lt;50%, and finally (mid‐1980s) to &lt;20%, of original size. Despite management actions, few stocks have recovered and some are still declining. Most affected species exhibit K‐selected life‐history patterns, and before exploitation presumably fluctuated in accordance with infrequent strong year classes, as is true of such fish elsewhere. A climate regime, the Southern Annular Mode, once oscillated between two states, but has remained in its ‘positive mode’ since the time of the fish extraction. This may have increased finfish vulnerability to exploitation. As breeding stocks decreased, we hypothesize that availability of annually produced juvenile fish fed upon by upper‐level predators remained low. Correlations between predator populations and fish biomass in predator foraging areas indicate that southern elephant seal Mirounga leonina , Antarctic fur seal Arctocephalus gazella , gentoo penguin Pygoscelis papua , macaroni penguin Eudyptes chrysolphus and ‘imperial’ shag Phalacrocorax spp. – all feeding extensively on these fish, and monitored at Marion, Crozet, Kerguelen, Heard, South Georgia, South Orkney and South Shetland Islands, where fishing was concentrated – declined simultaneously during the two periods of heavy fishing. These patterns indicate the past importance of demersal fish as prey in Antarctic marine systems, but determining these interactions’ ecological mechanisms may now be impossible.",https://doi.org/10.1111/j.1467-2979.2008.00293.x,2008-09-03,2008,93.72036,7.2973,126,,,article,FALSE,FALSE,closed,NA,FALSE,Fish and Fisheries,https://openalex.org/S103284624,1467-2960,https://openalex.org/P4310320595,Wiley,https://doi.org/10.1111/j.1467-2979.2008.00293.x,NA,NA,publishedVersion,,193,,,,,FALSE,FALSE,en,,,,,13,38,10,1
https://openalex.org/W2473516942,"The diet of the Antarctic fur seal Arctocephalus gazella at Harmony Point, South Shetland Islands: evidence of opportunistic foraging on penguins?","The diet of the Antarctic fur seal Arctocephalus gazella at Harmony Point, South Shetland Islands: evidence of opportunistic foraging on penguins?",,NA,https://doi.org/10.1007/s00300-003-0559-z,2004-01-01,2004,81.90877,1.5767,36,,,article,FALSE,TRUE,green,http://hdl.handle.net/11336/28466,TRUE,Polar Biology,https://openalex.org/S196656238,0722-4060,https://openalex.org/P4310319900,Springer Science+Business Media,https://doi.org/10.1007/s00300-003-0559-z,NA,NA,publishedVersion,,27,,,,,FALSE,FALSE,en,,,,,59,65,27,2
https://openalex.org/W2065347629,The present status of the Antarctic Fur Seal <i>Arctocephalus gazella</i> at South Shetland Islands,The present status of the Antarctic Fur Seal <i>Arctocephalus gazella</i> at South Shetland Islands,,"The purpose of this paper is to report on the present status of the small but growing population of the Antarctic Fur Seal Arctocephalus gazella in the South Shetland Islands (Fig 1). The previous history of the sealing of this species is well documented by O'Gorman (1961, 1963), Bonner and Laws (1964) and Bonner (1964,1968). The current status of this and other species of fur seals, and the species of sea lions and true seals in the Southern Hemisphere, has been summarized by Laws (1973a). Bonner (1968) has made natural history and population studies on Antarctic Fur Seals in South Georgia, and present research here is being carried out by Dr M. R. Payne and two other colleagues of the British Antarctic Survey (Laws, 1973b).",https://doi.org/10.1017/s003224740000190x,1978-05-01,1978,75.31239,0,27,,,article,FALSE,FALSE,closed,NA,FALSE,Polar Record,https://openalex.org/S118957039,0032-2474,https://openalex.org/P4310311721,Cambridge University Press,https://doi.org/10.1017/s003224740000190x,NA,NA,publishedVersion,,8,,,,,FALSE,FALSE,en,,,,,167,173,19,119
https://openalex.org/W2107623465,Life history buffering in Antarctic mammals and birds against changing patterns of climate and environmental variation,Life history buffering in Antarctic mammals and birds against changing patterns of climate and environmental variation,,"Abstract The consequences of warming for Antarctic long‐lived organisms depend on their ability to survive changing patterns of climate and environmental variation. Among birds and mammals of different Antarctic regions, including emperor penguins, snow petrels, southern fulmars, Antarctic fur seals and Weddell seals, we found strong support for selection of life history traits that reduce interannual variation in fitness. These species maximize fitness by keeping a low interannual variance in the survival of adults and in their propensity to breed annually, which are the vital rates that influence most the variability in population growth rate ( λ ). All these species have been able to buffer these rates against the effects of recent climate‐driven habitat changes except for Antarctic fur seals, in the Southwest Atlantic. In this region of the Southern Ocean, the rapid increase in ecosystem fluctuation, associated with increasing climate variability observed since 1990, has limited and rendered less predictable the main fur seal food supply, Antarctic krill. This has increased the fitness costs of breeding for females, causing significant short‐term changes in population structure through mortality and low breeding output. Changes occur now with a frequency higher than the mean female fur seal generation time, and therefore are likely to limit their adaptive response. Fur seals are more likely to rely on phenotypic plasticity to cope with short‐term changes in order to maximize individual fitness. With more frequent extreme climatic events driving more frequent ecosystem fluctuation, the repercussions for life histories in many Antarctic birds and mammals are likely to increase, particularly at regional scales. In species with less flexible life histories that are more constrained by fluctuation in their critical habitats, like sea‐ice, this may cause demographic changes, population compensation and changes in distribution, as already observed in penguin species living in the Antarctic Peninsula and adjacent islands.",https://doi.org/10.1111/j.1365-2486.2008.01678.x,2008-07-24,2008,74.174484,10.0975,166,,,article,FALSE,FALSE,closed,NA,FALSE,Global Change Biology,https://openalex.org/S74970393,1354-1013,https://openalex.org/P4310320595,Wiley,https://doi.org/10.1111/j.1365-2486.2008.01678.x,NA,NA,publishedVersion,,55,,,,,FALSE,FALSE,en,,,,,2473,2488,14,11
https://openalex.org/W2085955977,"Spring and summer predation on fish by the Antarctic fur seal, <i>Arctocephalus gazella</i>, at King George Island, South Shetland Islands","Spring and summer predation on fish by the Antarctic fur seal, <i>Arctocephalus gazella</i>, at King George Island, South Shetland Islands",,"The fish component of the diet of nonbreeding male Antarctic fur seals, Arctocephalus gazella, was analyzed from 70 scats collected at Stranger Point, King George Island, South Shetland Islands, during the austral spring (n = 36) and summer (n = 34) of 1993-1994. Fish occurred in approximately 70% of scats that contained food remains irrespective of season. In spring, the main fish prey were Electrona antarctica, Pleuragramma antarcticum, and Notolepis coatsi, which together gave two-thirds of the 110 otoliths recovered. In summer, 457 otoliths were retrieved; the most frequent and abundant species were Gymnoscopelus nicholsi, E. antarctica, and P. antarcticum, which represented over 80% of the otoliths recovered. A substantial increase in the amount of fish ingested by fur seals occurred from spring to summer concomitant with a change in the relative proportion of fish taxa. Most fish species identified are pelagic and feed on krill. During the study period, commercial fishing in the area was not based upon any of the fish species identified.",https://doi.org/10.1139/z99-064,1999-10-20,1999,73.44762,0.7184,31,,,article,FALSE,FALSE,closed,NA,FALSE,Canadian Journal of Zoology,https://openalex.org/S146329739,0008-4301,https://openalex.org/P4310313060,NRC Research Press,https://doi.org/10.1139/z99-064,NA,NA,publishedVersion,,17,,,,,FALSE,FALSE,en,,,,,1157,1160,77,7
https://openalex.org/W2043554309,Spatial and temporal variability in the fish diet of Antarctic fur seal (<i>Arctocephalus gazella</i>) in the Atlantic sector of the Southern Ocean,Spatial and temporal variability in the fish diet of Antarctic fur seal (<i>Arctocephalus gazella</i>) in the Atlantic sector of the Southern Ocean,,"The spatial and temporal variability in the fish component of the diet of Antarctic fur seals (Arctocephalus gazella (Peters, 1875)) in the Atlantic sector of the Southern Ocean was examined using diet data from 10 sites in the region including a 13-year time series from South Georgia. The fish species composition in the diet at each site showed a strong relationship with the local marine habitat / topography. The absence of formerly harvested fish species indicates a lack of recovery of stocks of Notothenia rossii Richardson, 1844 at South Georgia and Champsocephalus gunnari Lönnberg, 1905 at the South Orkney Islands. At South Georgia, Protomyctophum choriodon Hulley, 1981, Lepidonotothen larseni (Lönnberg, 1905), and C. gunnari were the most important species in the diet between 1991 and 2004. Variability in the occurrence of C. gunnari was driven mainly by annual scale processes, particularly those that influence the availability of Antarctic krill (Euphausia superba (Dana, 1852)). The occurrence of the pelagic P. choriodon was primarily influenced by shorter-term water mass changes within the foraging range of the seals. The fish composition in the diet reflects differences in marine habitat / topography, as well as variability, at a range of time scales that reflect environmental variability and harvesting.",https://doi.org/10.1139/z06-071,2006-07-01,2006,71.5337,3.0885,60,,,article,FALSE,FALSE,closed,NA,FALSE,Canadian Journal of Zoology,https://openalex.org/S146329739,0008-4301,https://openalex.org/P4310313060,NRC Research Press,https://doi.org/10.1139/z06-071,NA,NA,publishedVersion,,40,,,,,FALSE,FALSE,en,,,,,1025,1037,84,7
https://openalex.org/W2159820721,Relative Changes in Krill Abundance Inferred from Antarctic Fur Seal,Relative Changes in Krill Abundance Inferred from Antarctic Fur Seal,,"Antarctic krill Euphausia superba is a predominant species in the Southern Ocean, it is very sensitive to climate change, and it supports large stocks of fishes, seabirds, seals and whales in Antarctic marine ecosystems. Modern krill stocks have been estimated directly by net hauls and acoustic surveys; the historical krill density especially the long-term one in the Southern Ocean, however, is unknown. Here we inferred the relative krill population changes along the West Antarctic Peninsula (WAP) over the 20th century from the trophic level change of Antarctic fur seal Arctocephalus gazella using stable carbon (δ(13)C) and nitrogen (δ(15)N) isotopes of archival seal hairs. Since Antarctic fur seals feed preferentially on krill, the variation of δ(15)N in seal hair indicates a change in the proportion of krill in the seal's diets and thus the krill availability in local seawater. For the past century, enriching fur seal δ(15)N values indicated decreasing krill availability. This is agreement with direct observation for the past ∼30 years and suggests that the recently documented decline in krill populations began in the early parts of the 20th century. This novel method makes it possible to infer past krill population changes from ancient tissues of krill predators.",https://doi.org/10.1371/journal.pone.0027331,2011-11-07,2011,68.89479,3.4166,35,,,article,TRUE,TRUE,gold,https://journals.plos.org/plosone/article/file?id=10.1371/journal.pone.0027331&type=printable,TRUE,PLoS ONE,https://openalex.org/S202381698,1932-6203,https://openalex.org/P4310315706,Public Library of Science,https://doi.org/10.1371/journal.pone.0027331,https://journals.plos.org/plosone/article/file?id=10.1371/journal.pone.0027331&type=printable,cc-by,publishedVersion,,33,,,,,FALSE,FALSE,en,,,,,e27331,e27331,6,11
https://openalex.org/W2015830349,Investigating the use of stable isotope analysis of milk to infer seasonal trends in the diets and foraging habitats of female Antarctic fur seals,Investigating the use of stable isotope analysis of milk to infer seasonal trends in the diets and foraging habitats of female Antarctic fur seals,,NA,https://doi.org/10.1016/j.jembe.2010.08.015,2010-09-11,2010,68.13498,1.6004,32,,,article,FALSE,FALSE,closed,NA,FALSE,Journal of Experimental Marine Biology and Ecology,https://openalex.org/S155333626,0022-0981,https://openalex.org/P4310320990,Elsevier BV,https://doi.org/10.1016/j.jembe.2010.08.015,NA,NA,publishedVersion,,67,,,,,FALSE,FALSE,en,,,,,1,9,395,1-2
https://openalex.org/W2102592455,Postsealing genetic variation and population structure of two species of fur seal (<i>Arctocephalus gazella</i> and <i> A. tropicalis</i>),Postsealing genetic variation and population structure of two species of fur seal (<i>Arctocephalus gazella</i> and <i> A. tropicalis</i>),,"Commercial sealing in the 18th and 19th centuries had a major impact on the Antarctic and subantarctic fur seal populations (Arctocephalus gazella and A. tropicalis) in the Southern Ocean. The intensive and unrestricted nature of the industry ensured substantial reductions in population sizes and resulted in both species becoming locally extinct at some sites. However, both species are continuing to recover, through the recolonization of islands across their former range and increasing population size. This study investigated the extent and pattern of genetic variation in each species to examine the hypothesis that higher levels of historic sealing in A. gazella have resulted in a greater loss of genetic variability and population structure compared with A. tropicalis. A 316-bp section of the mitochondrial control region was sequenced and revealed nucleotide diversities of 3.2% and 4.8% for A. gazella and A. tropicalis, respectively. There was no geographical distribution of lineages observed within either species, although the respective PhiST values of 0.074 and 0.19 were significantly greater than zero. These data indicate low levels of population structure in A. gazella and relatively high levels in A. tropicalis. Additional samples screened with restriction endonucleases were incorporated, and the distribution of restriction fragment length polymorphism (RFLP) and sequence haplotypes were examined to identify the main source populations of newly recolonized islands. For A. tropicalis, the data suggest that Macquarie Island and Iles Crozet were probably recolonized by females from Marion Island, and to a lesser extent Ile Amsterdam. Although there was less population structure within A. gazella, there were two geographical regions identified: a western region containing the populations of South Georgia and Bouvetoya, which were the probable sources for populations at Marion, the South Shetland and Heard Islands; and an eastern region containing the panmictic populations of Iles Kerguelen and Macquarie Island. The latter region may be a result of a pronounced founder effect, or represent a remnant population that survived sealing at Iles Kerguelen.",https://doi.org/10.1046/j.1365-294x.2000.00856.x,2000-03-01,2000,66.864204,5.5988,118,,,article,FALSE,FALSE,closed,NA,FALSE,Molecular Ecology,https://openalex.org/S22454499,0962-1083,https://openalex.org/P4310320595,Wiley,https://doi.org/10.1046/j.1365-294x.2000.00856.x,NA,NA,publishedVersion,,63,,,,,FALSE,FALSE,en,,,,,299,314,9,3
https://openalex.org/W4294032380,Untangling unexpected terrestrial conservation challenges arising from the historical human exploitation of marine mammals in the Atlantic sector of the Southern Ocean,Untangling unexpected terrestrial conservation challenges arising from the historical human exploitation of marine mammals in the Atlantic sector of the Southern Ocean,,"Intensive human exploitation of the Antarctic fur seal (Arctocephalus gazella) in its primary population centre on sub-Antarctic South Georgia, as well as on other sub-Antarctic islands and parts of the South Shetland Islands, in the eighteenth and nineteenth centuries rapidly brought populations to the brink of extinction. The species has now recovered throughout its original distribution. Non-breeding and yearling seals, almost entirely males, from the South Georgia population now disperse in the summer months far more widely and in higher numbers than there is evidence for taking place in the pre-exploitation era. Large numbers now haul out in coastal terrestrial habitats in the South Orkney Islands and also along the north-east and west coast of the Antarctic Peninsula to at least Marguerite Bay. In these previously less- or non-visited areas, the seals cause levels of damage likely never to have been experienced previously to fragile terrestrial habitats through trampling and over-fertilisation, as well as eutrophication of sensitive freshwater ecosystems. This increased area of summer impact is likely to have further synergies with aspects of regional climate change, including reduction in extent and duration of sea ice permitting seals access farther south, and changes in krill abundance and distribution. The extent and conservation value of terrestrial habitats and biodiversity now threatened by fur seal distribution expansion, and the multiple anthropogenic factors acting in synergy both historically and to the present day, present a new and as yet unaddressed challenge to the agencies charged with ensuring the protection and conservation of Antarctica's unique ecosystems.",https://doi.org/10.1007/s13280-022-01782-4,2022-09-01,2022,66.53226,2.3739,14,,,review,TRUE,TRUE,hybrid,https://link.springer.com/content/pdf/10.1007/s13280-022-01782-4.pdf,TRUE,AMBIO,https://openalex.org/S46982553,0044-7447,https://openalex.org/P4310319900,Springer Science+Business Media,https://doi.org/10.1007/s13280-022-01782-4,https://link.springer.com/content/pdf/10.1007/s13280-022-01782-4.pdf,cc-by,publishedVersion,,123,,,,,FALSE,FALSE,en,,,,,357,375,52,2
https://openalex.org/W2018200825,Detection of Toxoplasma gondii antibodies in Antarctic pinnipeds,Detection of Toxoplasma gondii antibodies in Antarctic pinnipeds,,NA,https://doi.org/10.1016/j.vetpar.2012.05.020,2012-05-30,2012,66.438354,0.5958,28,,,article,FALSE,FALSE,closed,NA,FALSE,Veterinary Parasitology,https://openalex.org/S11852655,0304-4017,https://openalex.org/P4310320990,Elsevier BV,https://doi.org/10.1016/j.vetpar.2012.05.020,NA,NA,publishedVersion,,36,,,,,FALSE,FALSE,en,,,,,259,262,190,1-2
https://openalex.org/W2037783095,"Feeding ecology of Antarctic fur seals at Cape Shirreff, South Shetlands, Antarctica","Feeding ecology of Antarctic fur seals at Cape Shirreff, South Shetlands, Antarctica",,NA,https://doi.org/10.1007/s00300-003-0555-3,2004-01-01,2004,66.23601,4.0902,46,,,article,FALSE,FALSE,closed,NA,FALSE,Polar Biology,https://openalex.org/S196656238,0722-4060,https://openalex.org/P4310319900,Springer Science+Business Media,https://doi.org/10.1007/s00300-003-0555-3,NA,NA,publishedVersion,,37,,,,,FALSE,FALSE,en,,,,,92,98,27,2
https://openalex.org/W2093582819,"Fish diet of the Antarctic fur seal,Arctocephalus gazella, in summer, at Stranger Point, King George Island, South Shetland Islands","Fish diet of the Antarctic fur seal,Arctocephalus gazella, in summer, at Stranger Point, King George Island, South Shetland Islands",,NA,https://doi.org/10.1007/bf02342183,1996-05-01,1996,62.53409,1.4204,33,,,article,FALSE,FALSE,closed,NA,FALSE,Polar Biology,https://openalex.org/S196656238,0722-4060,https://openalex.org/P4310319900,Springer Science+Business Media,https://doi.org/10.1007/bf02342183,NA,NA,publishedVersion,,14,,,,,FALSE,FALSE,en,,,,,353,355,16,5
https://openalex.org/W2117514538,"Hunting and social behaviour of leopard seals (<i>Hydrurga leptonyx</i>) at Seal Island, South Shetland Islands, Antarctica","Hunting and social behaviour of leopard seals (<i>Hydrurga leptonyx</i>) at Seal Island, South Shetland Islands, Antarctica",,"Abstract The hunting behaviour of leopard seals Hydrurga leptonyx was monitored opportunistically at Seal Island, South Shetland Islands, during the austral summers from 1986/87 to 1994/95. Leopard seals used several methods to catch Antarctic fur seal pups Arctocephalus gazella and chinstrap penguins Pygoscelis antarctica , and individuals showed different hunting styles and hunting success. One to two leopard seals per year were responsible for an average of 60% of observed captures of fur seal pups. Leopard seals preyed on penguins throughout the summer, but preyed on fur seal pups only between late December and mid‐February. Hunting behaviour differed significantly between different locations on the island; fur seals were hunted only at one colony, and penguins were hunted in several areas. The relative abundance of prey types, size of prey in relation to predator, and specialization of individual leopard seals to hunt fur seal prey probably influence individual prey preferences among leopard seals. On five occasions, two leopard seals were seen together on Seal Island. Possible interpretations of the relationship between the inter‐acting leopard seals included a mother–offspring relationship, a consorting male–female pair, and an adult leopard seal followed by an unrelated juvenile. In two incidents at Seal Island, two leopard seals were observed interacting while hunting: one seal captured fur seal pups and appeared to release them to the other seal. Observations of leopard seals interacting during hunting sessions were difficult to confirm as co‐operative hunting, but they strongly implied that the two seals were not agonistic toward one another. The hunting success of individual leopard seals pursuing penguins or fur seals is probably high enough for co‐operative hunting not to become a common hunting strategy; however, it may occur infrequently when it increases the hunting productivity of the seals.",https://doi.org/10.1111/j.1469-7998.1999.tb01063.x,1999-09-01,1999,60.65171,0.3706,57,,,article,FALSE,FALSE,closed,NA,FALSE,Journal of Zoology,https://openalex.org/S44571845,0952-8369,https://openalex.org/P4310320595,Wiley,https://doi.org/10.1111/j.1469-7998.1999.tb01063.x,NA,NA,publishedVersion,,56,,,,,FALSE,FALSE,en,,,,,97,109,249,1
https://openalex.org/W1963784141,Heavy metals in Antarctic organisms,Heavy metals in Antarctic organisms,,NA,https://doi.org/10.1007/s003000050115,1997-01-16,1997,60.076965,1.1514,122,,,article,FALSE,FALSE,closed,NA,FALSE,Polar Biology,https://openalex.org/S196656238,0722-4060,https://openalex.org/P4310319900,Springer Science+Business Media,https://doi.org/10.1007/s003000050115,NA,NA,publishedVersion,,28,,,,,FALSE,FALSE,en,,,,,131,140,17,2
https://openalex.org/W2053449291,"Fish prey of Antarctic fur seals, Arctocephalus gazella, during the summer-autumn period at Laurie Island, South Orkney Islands","Fish prey of Antarctic fur seals, Arctocephalus gazella, during the summer-autumn period at Laurie Island, South Orkney Islands",,NA,https://doi.org/10.1007/bf00238354,1993-07-01,1993,57.4683,1.0573,41,,,article,FALSE,FALSE,closed,NA,FALSE,Polar Biology,https://openalex.org/S196656238,0722-4060,https://openalex.org/P4310319900,Springer Science+Business Media,https://doi.org/10.1007/bf00238354,NA,NA,publishedVersion,,9,,,,,FALSE,FALSE,en,,,,,NA,NA,13,5
https://openalex.org/W2086690896,"Distribution and abundance of marine bird and pinniped populations within Port Foster, Deception Island, Antarctica","Distribution and abundance of marine bird and pinniped populations within Port Foster, Deception Island, Antarctica",,NA,https://doi.org/10.1016/s0967-0645(03)00096-1,2003-05-19,2003,57.29581,1.2709,19,,,article,FALSE,FALSE,closed,NA,FALSE,Deep Sea Research Part II Topical Studies in Oceanography,https://openalex.org/S172051550,0967-0645,https://openalex.org/P4310320990,Elsevier BV,https://doi.org/10.1016/s0967-0645(03)00096-1,NA,NA,publishedVersion,,66,,,,,FALSE,FALSE,en,,,,,1873,1888,50,10-11
https://openalex.org/W3133528540,Drones Minimize Antarctic Predator Responses Relative to Ground Survey Methods: An Appeal for Context in Policy Advice,Drones Minimize Antarctic Predator Responses Relative to Ground Survey Methods: An Appeal for Context in Policy Advice,,"Unoccupied aerial systems (UAS) have become common tools for ecological monitoring and management. However, UAS use has the potential to negatively affect wildlife. Both policy makers and practitioners require data about the potential impacts of UAS on natural biota, but few studies exist and some of the published results conflict. We conducted two experiments to assess the responses of chinstrap penguins ( Pygoscelis antarcticus ), Antarctic fur seals ( Arctocephalus gazella ), and leopard seals ( Hydrurga leptonyx ) to UAS overflights. First, to provide a baseline for assessing disturbance from UAS operations, we compare behavioral responses from UAS flights to those from traditional, ground surveys. Second, to inform users and policy makers about preferred flight methods, we assess behavioral and physiological responses to UAS flown at specific altitudes, during different stages of breeding chronology, and with other site factors. Between January 2017 and March 2018 we conducted 268 UAS flight approaches and 36 ground-based surveys at Cape Shirreff, Antarctic Peninsula. We applied generalized linear mixed effects models and Kruskal-Wallis tests to 10,164 behavioral scores obtained from three independent observers. When directly compared, behavioral responses by all species to UAS overflights at 30 m were not different from control periods, while responses to ground surveys were significantly more intense. Behavioral responses generally increased as UAS flew lower, and for penguins those increases intensified as the breeding season progressed (i.e., guard and molt stages). We argue that results from UAS wildlife response studies need to be assessed relative to the impacts of alternative methods, and within the ecological context of the target species. Finally, we suggest data-driven best practices for both UAS use and for the design of future UAS-wildlife response studies.",https://doi.org/10.3389/fmars.2021.648772,2021-03-11,2021,56.64464,6.1118,46,,,article,TRUE,TRUE,gold,https://www.frontiersin.org/articles/10.3389/fmars.2021.648772/pdf,TRUE,Frontiers in Marine Science,https://openalex.org/S2596539584,2296-7745,https://openalex.org/P4310320527,Frontiers Media,https://doi.org/10.3389/fmars.2021.648772,https://www.frontiersin.org/articles/10.3389/fmars.2021.648772/pdf,cc-by,publishedVersion,,60,,,,,FALSE,FALSE,en,,,,,NA,NA,8,NA
https://openalex.org/W1991029176,Leucistic Antarctic fur seals at Bouvetøya,Leucistic Antarctic fur seals at Bouvetøya,,NA,https://doi.org/10.1007/s00300-005-0030-4,2005-08-01,2005,55.925316,1.347,22,,,article,FALSE,FALSE,closed,NA,FALSE,Polar Biology,https://openalex.org/S196656238,0722-4060,https://openalex.org/P4310319900,Springer Science+Business Media,https://doi.org/10.1007/s00300-005-0030-4,NA,NA,publishedVersion,,15,,,,,FALSE,FALSE,en,,,,,77,79,29,1
https://openalex.org/W3030335819,"Leopard seal diets in a rapidly warming polar region vary by year, season, sex, and body size","Leopard seal diets in a rapidly warming polar region vary by year, season, sex, and body size",,"The seasonal increase in leopard seal δ<sup>15</sup>N values, and thus fur seal in their diet, was predictably related to larger body size; it may also be forcing reductions to the largest Antarctic fur seal colony in the Antarctic Peninsula. Our ensemble sampling approach reduces historical biases in monitoring marine apex predator diets. Further, our results are necessary to best inform regional fisheries management planning.",https://doi.org/10.1186/s12898-020-00300-y,2020-06-03,2020,54.415,2.8911,41,,,article,TRUE,TRUE,gold,https://bmcecol.biomedcentral.com/track/pdf/10.1186/s12898-020-00300-y,TRUE,BMC Ecology,https://openalex.org/S24152333,1472-6785,https://openalex.org/P4310320256,BioMed Central,https://doi.org/10.1186/s12898-020-00300-y,https://bmcecol.biomedcentral.com/track/pdf/10.1186/s12898-020-00300-y,cc-by,publishedVersion,,98,,,,,FALSE,FALSE,en,,,,,32,32,20,1
https://openalex.org/W2087987575,"The diet of Antarctic fur seals, Arctocephalus gazella, at King George Island, during the summer?autumn period","The diet of Antarctic fur seals, Arctocephalus gazella, at King George Island, during the summer?autumn period",,NA,https://doi.org/10.1007/s00300-004-0693-2,2005-01-19,2005,54.260674,1.0103,25,,,article,FALSE,FALSE,closed,NA,FALSE,Polar Biology,https://openalex.org/S196656238,0722-4060,https://openalex.org/P4310319900,Springer Science+Business Media,https://doi.org/10.1007/s00300-004-0693-2,NA,NA,publishedVersion,,18,,,,,FALSE,FALSE,en,,,,,329,333,28,4
https://openalex.org/W1989442843,A 7000-year Record of Oribatid Mite Communities on a Maritime-Antarctic Island: Responses to Climate Change,A 7000-year Record of Oribatid Mite Communities on a Maritime-Antarctic Island: Responses to Climate Change,,"Abstract We studied the fossil remains of the common Antarctic oribatid mites, Alaskozetes antarcticus and Halozetes belgicae, in sediment cores from two lakes in adjacent catchments on Signy Island, South Orkney Islands, maritime Antarctic. The aim was to examine the response of these species to 7000 yr of documented environmental change. Mites colonized the island shortly after the ice sheet retreated and habitats became available. A temperate period in the Holocene (c. 3800–1400 cal. yr BP) led to population expansion by factors of 7 (both species) in one catchment and 5.1 and 2.3 for both species in the other. This mid-Holocene hypsithermal is thought to have involved increases in habitat size, productivity, temperature, and moisture availability. Mite populations went into decline as conditions cooled. A period of short cold summers from c. 1400 cal. yr BP persisting to the middle of this century continued to impose restrictions on the biota. These results suggest that mite populations will respond positively to the recent rapid regional warming documented in the maritime Antarctic. However, on Signy Island this prediction is complicated by a similarly recent and rapid expansion of the populations of Antarctic fur seals (Arctocephalus gazella), which has not occurred previously since deglaciation, damaging the mites' habitats and exerting a new set of ecological constraints.",https://doi.org/10.1657/1523-0430(2005)037[0239:ayroom]2.0.co;2,2005-05-01,2005,53.13444,2.6941,39,,,article,FALSE,TRUE,green,https://bioone.org/journals/arctic-antarctic-and-alpine-research/volume-37/issue-2/1523-0430_2005_037_0239_AYROOM_2.0.CO_2/A-7000-year-Record-of-Oribatid-Mite-Communities-on-a/10.1657/1523-0430(2005)037[0239:AYROOM]2.0.CO;2.pdf,TRUE,Arctic Antarctic and Alpine Research,https://openalex.org/S111448270,1523-0430,https://openalex.org/P4310316321,Institute of Arctic and Alpine Research,https://doi.org/10.1657/1523-0430(2005)037[0239:ayroom]2.0.co;2,NA,NA,publishedVersion,,41,,,,,FALSE,FALSE,en,,,,,239,245,37,2
https://openalex.org/W2093568724,Palaeolimnology of Antarctic fur seal Arctocephalus gazella populations and implications for Antarctic management,Palaeolimnology of Antarctic fur seal Arctocephalus gazella populations and implications for Antarctic management,,NA,https://doi.org/10.1016/s0006-3207(97)00068-2,1998-02-01,1998,50.35713,2.8259,57,,,article,FALSE,FALSE,closed,NA,FALSE,Biological Conservation,https://openalex.org/S80660208,0006-3207,https://openalex.org/P4310320990,Elsevier BV,https://doi.org/10.1016/s0006-3207(97)00068-2,NA,NA,publishedVersion,,44,,,,,FALSE,FALSE,en,,,,,145,154,83,2
https://openalex.org/W2034695662,Growth of Antarctic krill Euphausia superba at South Georgia,Growth of Antarctic krill Euphausia superba at South Georgia,,NA,https://doi.org/10.1007/s002270000425,2001-01-22,2001,50.059208,2.9235,29,,,article,FALSE,FALSE,closed,NA,FALSE,Marine Biology,https://openalex.org/S118082147,0025-3162,https://openalex.org/P4310319900,Springer Science+Business Media,https://doi.org/10.1007/s002270000425,NA,NA,publishedVersion,,0,,,,,FALSE,FALSE,en,,,,,57,62,138,1
https://openalex.org/W2046728421,"Polar pedunculate barnacles piggy-back on pycnogona, penguins, pinniped seals and plastics","Polar pedunculate barnacles piggy-back on pycnogona, penguins, pinniped seals and plastics",,"There is much concern about the potential for invasive species to enter the only marine region left with no known exotics - the Southern Ocean. Attention has focused on planktonic larval travel, shipping (ballast water and hull fouling) and marine debris as transport mechanisms. There is, however, another source of transport for biota across the Polar Frontal Zone - hitchhiking on megafauna, such as seals. In this study we report the frequency and burden of barnacles Lepaa australis attached to Antarctic fur seals Arctocephalus gazella coming ashore to breed at Bird Island, South Georgia. In the austral summers of 2001/2002, 2002/2003 and 2003/2004, female fur seals with barnacles attached arrived at Bird Island in late November/early December and peaked in mid-December. About 4 % of female fur seals carried barnacles, with the mean burden being - 10 barnacles. Pedunculate barnacles seem, therefore, to be entering the Southern Ocean in large numbers every year in the South Georgia region and probably elsewhere. We also found adult barnacles attached to a macaroni penguin and (perhaps the furthest and fastest travelling marine larvae) young stages (cyprids) on the leg ring of a wandering albatross. Barnacle plates provide a hard substratum to which other fouling marine organisms can attach, and thus travel as secondary hitch-hikers. We found polychaete worms (Spirorbidae) and a bryozoan colony (Ceneporella antarctica) encrusting a stalked barnacle attached to a pycnogonan (Collosendeis scotti). We suggest that fouling hitch-hiking barnacles (on migrating megafauna) offer a considerable natural mechanism for potential colonisers of Antarctic waters, This is of particular importance at the current time given the context of strong regional warming in the Scotia Arc-Antarctic Peninsula region.",https://doi.org/10.3354/meps284305,2004-01-01,2004,49.727005,1.544,41,,,article,TRUE,TRUE,bronze,https://www.int-res.com/articles/meps2004/284/m284p305.pdf,FALSE,Marine Ecology Progress Series,https://openalex.org/S96743589,0171-8630,https://openalex.org/P4310313773,Inter-Research,https://doi.org/10.3354/meps284305,https://www.int-res.com/articles/meps2004/284/m284p305.pdf,NA,publishedVersion,,35,,,,,FALSE,FALSE,en,,,,,305,310,284,NA
https://openalex.org/W4206365284,The Rapid Population Collapse of a Key Marine Predator in the Northern Antarctic Peninsula Endangers Genetic Diversity and Resilience to Climate Change,The Rapid Population Collapse of a Key Marine Predator in the Northern Antarctic Peninsula Endangers Genetic Diversity and Resilience to Climate Change,,"Antarctic fur seals (AFS) are an ecologically important predator and a focal indicator species for ecosystem-based Antarctic fisheries management. This species suffered intensive anthropogenic exploitation until the early 1900s, but recolonized most of its former distribution, including the southern-most colony at Cape Shirreff, South Shetland Islands (SSI). The IUCN describes a single, global AFS population of least concern ; however, extensive genetic analyses clearly identify four distinct breeding stocks, including one in the SSI. To update the population status of SSI AFS, we analyzed 20 years of field-based data including population counts, body size and condition, natality, recruitment, foraging behaviors, return rates, and pup mortality at the largest SSI colony. Our findings show a precipitous decline in AFS abundance (86% decrease since 2007), likely driven by leopard seal predation (increasing since 2001, p &amp;lt;&amp;lt; 0.001) and potentially worsening summer foraging conditions. We estimated that leopard seals consumed an average of 69.3% (range: 50.3–80.9%) of all AFS pups born each year since 2010. AFS foraging-trip durations, an index of their foraging habitat quality, were consistent with decreasing krill and fish availability. Significant improvement in the age-specific over-winter body condition of AFS indicates that observed population declines are driven by processes local to the northern Antarctic Peninsula. The loss of SSI AFS would substantially reduce the genetic diversity of the species, and decrease its resilience to climate change. There is an urgent need to reevaluate the conservation status of Antarctic fur seals, particularly for the rapidly declining SSI population.",https://doi.org/10.3389/fmars.2021.796488,2022-01-03,2022,49.270164,4.7477,30,,,article,TRUE,TRUE,gold,https://doi.org/10.3389/fmars.2021.796488,TRUE,Frontiers in Marine Science,https://openalex.org/S2596539584,2296-7745,https://openalex.org/P4310320527,Frontiers Media,https://doi.org/10.3389/fmars.2021.796488,NA,cc-by,publishedVersion,,144,,,,,FALSE,FALSE,en,,,,,NA,NA,8,NA
https://openalex.org/W1998980288,"Krill population dynamics at South Georgia 1991-1997, based on data from predators and nets","Krill population dynamics at South Georgia 1991-1997, based on data from predators and nets",,"Central to understanding krill population dynamics is knowledge of their population structure. To examine this we used length-frequency distributions from 142 wk of sampling (n = 23996 krill) of 3 predator species breeding at South Georgia and 12 wk of sampling (n = 10252 krill) from scientific nets from the same area over the summers of 1991-1997. In comparing the 5 years for which both predator and net samples were available, despite differing selectivities and spatio-temporal circumscriptions, both predators and nets were sampling the same overall krill population. Greatest similarity resulted from comparing net samples with samples from Antarctic fur seals and macaroni penguins combined; least temporal variation occurred in predator samples from late summer (March). From the 7 yr predator time series, within-year variation was greatest in 1991 and 1994, both years of low krill biomass at South Georgia. In both of these years large krill dominated during December but were completely replaced by small k r d by February. The mean length of the March knll population showed a regular increase from 1991 to 1993, fell to a minimum in 1994 and thereafter increased steadily to 1997 Using these data in conjunction with putative size/age-group cohorts in the lengthfrequency distribution, we suggest that years of high mean krill length reflect failure of small krill to recruit into the population, producing a period of low krill biomass in the following year. Sirmlar recruitment failure in the same years was evident in krill populations in the Antarctic Peninsula region to the south, indicating large-scale events. This supports suggestions of periodic fluctuations in krill production and recruitment which may relate directly to physical phenomena such as cycles in the distribution and extent of sea ice.",https://doi.org/10.3354/meps177103,1999-01-01,1999,48.46317,6.7412,73,,,article,TRUE,TRUE,bronze,https://www.int-res.com/articles/meps/177/m177p103.pdf,FALSE,Marine Ecology Progress Series,https://openalex.org/S96743589,0171-8630,https://openalex.org/P4310313773,Inter-Research,https://doi.org/10.3354/meps177103,https://www.int-res.com/articles/meps/177/m177p103.pdf,NA,publishedVersion,,1,,,,,FALSE,FALSE,en,,,,,103,114,177,NA
https://openalex.org/W2893338145,Preliminary study of long-range transport of halogenated flame retardants using Antarctic marine mammals,Preliminary study of long-range transport of halogenated flame retardants using Antarctic marine mammals,,NA,https://doi.org/10.1016/j.scitotenv.2018.09.287,2018-09-27,2018,48.365837,1.682,34,,,article,FALSE,FALSE,closed,NA,FALSE,The Science of The Total Environment,https://openalex.org/S86852077,0048-9697,https://openalex.org/P4310320990,Elsevier BV,https://doi.org/10.1016/j.scitotenv.2018.09.287,NA,NA,publishedVersion,,80,,,,,FALSE,FALSE,en,,,,,1889,1897,650,Pt 2
https://openalex.org/W1965309311,The distribution of seabirds and pinnipeds in Marguerite Bay and their relationship to physical features during austral winter 2001,The distribution of seabirds and pinnipeds in Marguerite Bay and their relationship to physical features during austral winter 2001,,NA,https://doi.org/10.1016/j.dsr2.2004.07.005,2004-08-01,2004,47.82023,3.3522,50,,,article,FALSE,FALSE,closed,NA,FALSE,Deep Sea Research Part II Topical Studies in Oceanography,https://openalex.org/S172051550,0967-0645,https://openalex.org/P4310320990,Elsevier BV,https://doi.org/10.1016/j.dsr2.2004.07.005,NA,NA,publishedVersion,,50,,,,,FALSE,FALSE,en,,,,,2261,2278,51,17-19
https://openalex.org/W2573177037,"Leucistic Antarctic fur seal (Arctocephalus gazella) at Robert Island, South Shetland Islands, Antarctica, with a note on colour morph nomenclature","Leucistic Antarctic fur seal (Arctocephalus gazella) at Robert Island, South Shetland Islands, Antarctica, with a note on colour morph nomenclature",,NA,https://doi.org/10.1007/s00300-016-2069-9,2017-01-13,2017,46.43807,2.2012,16,,,article,FALSE,FALSE,closed,NA,FALSE,Polar Biology,https://openalex.org/S196656238,0722-4060,https://openalex.org/P4310319900,Springer Science+Business Media,https://doi.org/10.1007/s00300-016-2069-9,NA,NA,publishedVersion,,30,,,,,FALSE,FALSE,en,,,,,1893,1897,40,9
https://openalex.org/W4232742952,"Population Growth of Antarctic Fur Seals: Limitation by a Top Predator, the Leopard Seal?","Population Growth of Antarctic Fur Seals: Limitation by a Top Predator, the Leopard Seal?",,"Antarctic fur seals (Arctocephalus gazella) in the South Shetland Islands are recovering from 19th-century exploitation more slowly than the main population at South Georgia. To document demographic changes associated with the recovery in the South Shetlands, we monitored fur seal abundance and reproduction in the vicinity of Elephant Island during austral summers from 1986/1987 through 1994/1995. Total births, mean and variance of birth dates, and average daily mortality rates were estimated from daily live pup counts at North Cove (NC) and North Annex (NA) colonies on Seal Island. Sightings of leopard seals (Hydrurga leptonyx) and incidents of leopard seal predation on fur seal pups were recorded opportunistically during daily fur seal research at both sites. High mortality of fur seal pups, attributed to predation by leopard seals frequently observed at NC, caused pup numbers to decline rapidly between January and March (i.e., prior to weaning) each year and probably caused a long-term decline in the size of that colony. The NA colony, where leopard seals were never observed, increased in size during the study. Pup mortality from causes other than leopard seal predation appeared to be similar at the two sites. The number of pups counted at four locations in the Elephant Island vicinity increased slowly, at an annual rate of 3.8%, compared to rates as high as 11% at other locations in the South Shetland Islands. Several lines of circumstantial evidence are consistent with the hypothesis that leopard seal predators limit the growth of the fur seal population in the Elephant Island area and perhaps in the broader population in the South Shetland Islands. The sustained growth of this fur seal population over many decades rules out certain predator–prey models, allowing inference about the interaction between leopard seals and fur seals even though it is less thoroughly studied than predator–prey systems of terrestrial vertebrates of the northern hemisphere. Top-down forces should be included in hypotheses for future research on the factors shaping the recovery of the fur seal population in the South Shetland Islands.",https://doi.org/10.2307/176522,1998-12-01,1998,46.066265,0,5,,,article,FALSE,FALSE,closed,NA,FALSE,Ecology,https://openalex.org/S35917800,0012-9658,https://openalex.org/P4310320595,Wiley,https://doi.org/10.2307/176522,NA,NA,publishedVersion,,0,,,,,FALSE,FALSE,en,,,,,2863,2863,79,8
https://openalex.org/W2134501246,Spatial distribution of predator/prey interactions in the Scotia Sea: implications for measuring predator/fisheries overlap,Spatial distribution of predator/prey interactions in the Scotia Sea: implications for measuring predator/fisheries overlap,,NA,https://doi.org/10.1016/j.dsr2.2004.06.007,2004-06-01,2004,44.204773,2.2242,41,,,article,FALSE,FALSE,closed,NA,FALSE,Deep Sea Research Part II Topical Studies in Oceanography,https://openalex.org/S172051550,0967-0645,https://openalex.org/P4310320990,Elsevier BV,https://doi.org/10.1016/j.dsr2.2004.06.007,NA,NA,publishedVersion,,34,,,,,FALSE,FALSE,en,,,,,1383,1396,51,12-13
https://openalex.org/W4244303431,Spatial distribution of predator/prey interactions in the Scotia Sea: implications for measuring predator/fisheries overlap,Spatial distribution of predator/prey interactions in the Scotia Sea: implications for measuring predator/fisheries overlap,,NA,https://doi.org/10.1016/s0967-0645(04)00086-4,2004-06-01,2004,42.909554,1.1092,38,,,article,FALSE,FALSE,closed,NA,FALSE,Deep Sea Research Part II Topical Studies in Oceanography,https://openalex.org/S172051550,0967-0645,https://openalex.org/P4310320990,Elsevier BV,https://doi.org/10.1016/s0967-0645(04)00086-4,NA,NA,publishedVersion,,0,,,,,FALSE,FALSE,en,,,,,1383,1396,51,12-13
https://openalex.org/W3208491557,"Comparative analysis of the diet of Arctocephalus gazella (Pinnipedia), at two localities of the South Shetland Islands, with emphasis on the fish component","Comparative analysis of the diet of Arctocephalus gazella (Pinnipedia), at two localities of the South Shetland Islands, with emphasis on the fish component",,"ABSTRACT We studied the diet of non-breeding male Antarctic fur Seals Arctocephalus gazella (Peters, 1875) at two different localities of the South Shetland Islands: Stranger Point, King George Island/Isla 25 de Mayo and Duthoit Point, Nelson Island, by the analysis of 65 faecal samples collected in February 2012. Overall, Antarctic krill Euphausia superba (Dana, 1850) and fish were the main prey taxa followed by penguins and cephalopods. Myctophids were dominant among fish; Gymnoscopelus nicholsi (Gilbert, 1911) was the most important prey species at both sampling sites, followed by Electrona antarctica (Gunther, 1878) at Stranger Point and by the nototheniid Pleuragramma antarctica (Boulenger, 1902) at Duthoit Point. The relative similarity found in the dietary composition of fur seals from both locations suggest they might have been sharing common feeding areas. Our results were compared with those reported in the literature for different localities of the South Shetland Islands and the Scotia Sea region. The absence of formerly harvested demersal notothenioid species in the diet of fur seals may reflect the negative impact that commercial fisheries had on some fish populations and supports the importance of implementing long-term monitoring studies on the feeding habits of A. gazella in the area.",https://doi.org/10.1590/1678-4766e2021024,2021-01-01,2021,42.647583,0.5058,4,,,article,TRUE,TRUE,diamond,http://www.seals.scar.org/pdf/statusofstocs.pdf,TRUE,Iheringia Série Zoologia,https://openalex.org/S126474381,0073-4721,https://openalex.org/P4310312321,Fundación Zoobotánica de Rio Grande do Sul,https://doi.org/10.1590/1678-4766e2021024,http://www.seals.scar.org/pdf/statusofstocs.pdf,cc-by,publishedVersion,,39,,,,,FALSE,FALSE,en,,,,,NA,NA,111,NA
https://openalex.org/W4307720480,Viral metagenomics reveals persistent as well as dietary acquired viruses in Antarctic fur seals,Viral metagenomics reveals persistent as well as dietary acquired viruses in Antarctic fur seals,,"Viruses linked to animals inhabiting Antarctic latitudes remain poorly studied. Remote environments hosting large pinniped populations may be prone to exposure of immunologically naïve animals to new infectious agents due to increasing human presence or introduction of new animal species. Antarctic fur seals (Arctocephalus gazella) inhabiting the Western Antarctic Peninsula and the South Shetland Islands are challenged because of climate change and increased anthropogenic activity. In the present study, the fecal and serum virome of A. gazella was characterized by applying target enrichment next generation sequencing. The resulting viromes were dominated by CRESS-DNA sequences. Viruses known to infect vertebrate and invertebrate hosts were also observed in fecal samples. Fur seal picornavirus was present in all the fecal pools studied suggesting it is a prevalent virus in these species. Six different viruses presenting similarities with previously described A. gazella viruses or other otariids and mammal viruses were identified as potential new A. gazella viruses. Also, diet-derived viruses such as crustacean viruses were present in fecal content. Penguin viruses, but not fish viruses, were also detected. Obtained results contribute to a better understanding of the viral community present in these species, which is relevant for its conservation.",https://doi.org/10.1038/s41598-022-23114-y,2022-10-28,2022,41.65888,1.1883,8,,,article,TRUE,TRUE,gold,https://www.nature.com/articles/s41598-022-23114-y.pdf,TRUE,Scientific Reports,https://openalex.org/S196734849,2045-2322,https://openalex.org/P4310319908,Nature Portfolio,https://doi.org/10.1038/s41598-022-23114-y,https://www.nature.com/articles/s41598-022-23114-y.pdf,cc-by,publishedVersion,,61,,,,,FALSE,FALSE,en,,,,,18207,18207,12,1
https://openalex.org/W962161967,Monitoring of birds and pinnipedians on King George Island [ South Shetland Islands ] in 1989-1990,Monitoring of birds and pinnipedians on King George Island [ South Shetland Islands ] in 1989-1990,,"In 1989/90, in the region of SSSI 8 situated on King George Island 21 bird species were observed, 12 species were breeding. Dominants were 3 Pygoscelis species (19229 pairs). Five species of pinnipedians were noticed. Mirounga leonina was most abundant in January (623 individuals), Arctocephalus gazella — in February and March (890 individuals), Hydrurga leptonyx in October (39 individuals). The abundance of Leptonychotes weddelli was low and rather stable. As a result of mild winter during the study period such birds as Sterna vittata and Pygoscelis adeliae stayed near their breeding places. The scarcity of Lobodon carcinophagus was probably also a result of this mild winter. K e y w o r d s : Antarctica, birds, pinnipedians, monitoring.",NA,1993-01-01,1993,40.992283,0,21,,,article,FALSE,FALSE,closed,NA,FALSE,NA,NA,NA,NA,NA,NA,NA,NA,NA,,6,,,,,FALSE,FALSE,en,,,,,75,89,14,1
https://openalex.org/W1967584662,Inter-sexual differences in Antarctic fur seal pup growth rates: evidence of environmental regulation?,Inter-sexual differences in Antarctic fur seal pup growth rates: evidence of environmental regulation?,,NA,https://doi.org/10.1007/s00300-009-0615-4,2009-03-26,2009,40.804024,0.9651,9,,,article,FALSE,FALSE,closed,NA,FALSE,Polar Biology,https://openalex.org/S196656238,0722-4060,https://openalex.org/P4310319900,Springer Science+Business Media,https://doi.org/10.1007/s00300-009-0615-4,NA,NA,publishedVersion,,20,,,,,FALSE,FALSE,en,,,,,1177,1186,32,8
https://openalex.org/W2074151067,"Detección de anticuerpos Anti-brucella en focas de Weddell (Leptonychotes weddellii) de Cabo Shirref, Antártica","Detección de anticuerpos Anti-brucella en focas de Weddell (Leptonychotes weddellii) de Cabo Shirref, Antártica",,"Posterior al hallazgo de anticuerpos anti-Brucella en muestras de lobo fino antártico (Arctocephalus gazella), el estudio serológico en Pinnipedia Antárticos se continuó con el fin de determinar la presencia de anticuerpos anti-Brucella en otras especies. Se colectaron muestras de sangre y de fluido extravascular de 12 ejemplares de foca de Weddell (Leptonychotes weddellii) encontrados en el Sitio de Especial Interés Científico (SEIC) Nº 32 y sitio CCAMLR Ecosystem Monitoring Program (CEMP) N° 2, ""Cabo Shirreff e Islotes San Telmo"" (62º 47' S; 60º 27' W), localizado en la costa Noroeste de la isla Livingston (Shetland del Sur), Antártica. Las muestras obtenidas fueron analizadas por la técnica convencional Rosa de Bengala (RB) y dos inmunoensayos enzimáticos de competencia: Compelisa®, y c-ELISA. De las muestras estudiadas se identificaron cinco con anticuerpos anti-Brucella, siendo las pruebas inmunoenzimáticas las técnicas más sensibles. Estos resultados muestran una alta probabilidad de presencia de infección por una bacteria del género Brucella en ejemplares L. weddellii y plantean la necesidad de realizar estudios complementarios, que permitan conocer la etiología y entender la epidemiología de Brucella en esta región del mundo",https://doi.org/10.4067/s0301-732x2002000100013,2002-01-01,2002,40.661716,0,7,,,article,TRUE,TRUE,diamond,https://doi.org/10.4067/s0301-732x2002000100013,TRUE,Archivos de medicina veterinaria,https://openalex.org/S124278815,0301-732X,https://openalex.org/P4310315531,Austral University of Chile,https://doi.org/10.4067/s0301-732x2002000100013,NA,cc-by-nc,publishedVersion,,6,,,,,FALSE,FALSE,es,,,,,NA,NA,34,1
https://openalex.org/W4310288580,Seasonal and interannual variability in the diet of young and subadult male Antarctic fur seals as revealed by stable C and N isotope ratios,Seasonal and interannual variability in the diet of young and subadult male Antarctic fur seals as revealed by stable C and N isotope ratios,,"Detailed knowledge of marine mammal diet is critical to understand their ecological roles and for the adequate management of marine resources. Antarctic fur seals ( Arctocephalus gazella) in the Southern Atlantic Ocean rely largely on Antarctic krill ( Euphausia superba) during the summer months, but their winter diet remains largely unknown. Here, stable carbon and nitrogen isotope ratios in whiskers and blood of young (2–3 years old) and subadult (4–7 years old) Antarctic fur seal males from the South Shetland Islands were used to assess the seasonal and interannual changes in the krill contribution to their diet. The stable isotope ratios revealed that krill dominated the diet of young and subadult male Antarctic fur seals year-round, with penguins, and not fish, as the second major prey, regardless of year and season. The year-round reliance of young and subadult male Antarctic fur seals on krill should be considered for ecosystem-based fisheries management, as they represent the bulk of the fur seal population remaining off Antarctica during the winter months.",https://doi.org/10.1139/cjfas-2022-0145,2022-11-29,2022,40.36103,0.6784,4,,,article,FALSE,FALSE,closed,NA,FALSE,Canadian Journal of Fisheries and Aquatic Sciences,https://openalex.org/S57183551,0706-652X,https://openalex.org/P4310312929,Canadian Science Publishing,https://doi.org/10.1139/cjfas-2022-0145,NA,NA,publishedVersion,,120,,,,,FALSE,FALSE,en,,,,,69,84,80,1
https://openalex.org/W2897801350,A global cline in a colour polymorphism suggests a limited contribution of gene flow towards the recovery of a heavily exploited marine mammal,A global cline in a colour polymorphism suggests a limited contribution of gene flow towards the recovery of a heavily exploited marine mammal,,"Evaluating how populations are connected by migration is important for understanding species resilience because gene flow can facilitate recovery from demographic declines. We therefore investigated the extent to which migration may have contributed to the global recovery of the Antarctic fur seal (<i>Arctocephalus gazella</i>), a circumpolar distributed marine mammal that was brought to the brink of extinction by the sealing industry in the eighteenth and nineteenth centuries. It is widely believed that animals emigrating from South Georgia, where a relict population escaped sealing, contributed to the re-establishment of formerly occupied breeding colonies across the geographical range of the species. To investigate this, we interrogated a genetic polymorphism (S291F) in the melanocortin 1 receptor gene, which is responsible for a cream-coloured phenotype that is relatively abundant at South Georgia and which appears to have recently spread to localities as far afield as Marion Island in the sub-Antarctic Indian Ocean. By sequencing a short region of this gene in 1492 pups from eight breeding colonies, we showed that S291F frequency rapidly declines with increasing geographical distance from South Georgia, consistent with locally restricted gene flow from South Georgia mainly to the South Shetland Islands and Bouvetøya. The S291F allele was not detected farther afield, suggesting that although emigrants from South Georgia may have been locally important, they are unlikely to have played a major role in the recovery of geographically more distant populations.",https://doi.org/10.1098/rsos.181227,2018-10-01,2018,38.455364,1.3694,14,,,article,TRUE,TRUE,gold,https://doi.org/10.1098/rsos.181227,TRUE,Royal Society Open Science,https://openalex.org/S2737558550,2054-5703,https://openalex.org/P4310319787,Royal Society,https://doi.org/10.1098/rsos.181227,NA,cc-by,publishedVersion,,41,,,,,FALSE,FALSE,en,,,,,181227,181227,5,10
https://openalex.org/W4285131464,Ecosystem shifts inferred from long-term stable isotope analysis of male Antarctic fur seal Arctocephalus gazella teeth,Ecosystem shifts inferred from long-term stable isotope analysis of male Antarctic fur seal Arctocephalus gazella teeth,,"The Atlantic sector of the Southern Ocean has been rapidly changing over the last century. Many of those changes are driven by climate anomalies such as the El Niño-Southern Oscillation and the Southern Annular Mode, which affect biological processes that scale up the food web. We used δ 13 C and δ 15 N time series of dentine growth layer groups (as a proxy of individual foraging history from multiple years, n = 41 teeth) to assess temporal shifts in foraging habits of subadult/adult male Antarctic fur seals Arctocephalus gazella (AFSs) in 2 areas of high concentration of Antarctic krill Euphausia superba : the South Shetland Islands and the South Orkney Islands. Our analyses, which represent the first long-term isotopic assessment of male AFS sampled in Antarctic waters, revealed a significant decrease of δ 13 C (0.04‰ yr -1 ) from 1974 to 2015 and a decrease of δ 15 N after the late 1990s. The observed changes are likely driven by shifts in latitudinal and longitudinal distribution of krill and increased incorporation of 15 N-enriched sources (higher trophic level prey and/or feeding in different areas) in the most recent period for reasons that are not yet clear. We were able to trace ecosystem changes through isotopic bio-archives of Antarctic fur seals, highlighting the role of this species as an ecosystem indicator of the trophic cascade effects caused by climate change in the Southern Ocean.",https://doi.org/10.3354/meps14112,2022-06-28,2022,37.634514,0.8372,5,,,article,FALSE,FALSE,closed,NA,FALSE,Marine Ecology Progress Series,https://openalex.org/S96743589,0171-8630,https://openalex.org/P4310313773,Inter-Research,https://doi.org/10.3354/meps14112,NA,NA,publishedVersion,,83,,,,,FALSE,FALSE,en,,,,,203,216,695,NA
https://openalex.org/W3201466157,"50,000 years of ice and seals: Impacts of the Last Glacial Maximum on Antarctic fur seals","50,000 years of ice and seals: Impacts of the Last Glacial Maximum on Antarctic fur seals",,"Ice is one of the most important drivers of population dynamics in polar organisms, influencing the locations, sizes, and connectivity of populations. Antarctic fur seals, <i>Arctocephalus gazella</i>, are particularly interesting in this regard, as they are concomitantly reliant on both ice-associated prey and ice-free coastal breeding areas. We reconstructed the history of this species through the Last Glacial Maximum (LGM) using genomic sequence data from seals across their range. Population size trends and divergence events were investigated using continuous-time size estimation analysis and divergence time estimation models. The combined results indicated that a panmictic population present prior to the LGM split into two small refugial populations during peak ice extent. Following ice decline, the western refugial population founded colonies at the South Shetlands, South Georgia, and Bouvetøya, while the eastern refugial population founded the colony on Iles Kerguelen. Postglacial population divergence times closely match geological estimates of when these coastal breeding areas became ice free. Given the predictions regarding continued future warming in polar oceans, these responses of Antarctic fur seals to past climate variation suggest it may be worthwhile giving conservation consideration to potential future breeding locations, such as areas further south along the Antarctic Peninsula, in addition to present colony areas.",https://doi.org/10.1002/ece3.8104,2021-09-10,2021,37.473454,1.6861,10,,,article,TRUE,TRUE,gold,https://onlinelibrary.wiley.com/doi/pdfdirect/10.1002/ece3.8104,TRUE,Ecology and Evolution,https://openalex.org/S2482021738,2045-7758,https://openalex.org/P4310320595,Wiley,https://doi.org/10.1002/ece3.8104,https://onlinelibrary.wiley.com/doi/pdfdirect/10.1002/ece3.8104,cc-by,publishedVersion,,43,,,,,FALSE,FALSE,en,,,,,14003,14011,11,20
https://openalex.org/W4392380023,Future climate‐induced distribution shifts in a sexually dimorphic key predator of the Southern Ocean,Future climate‐induced distribution shifts in a sexually dimorphic key predator of the Southern Ocean,,"The response to climate change in highly dimorphic species can be hindered by differences between sexes in habitat preferences and movement patterns. The Antarctic fur seal, Arctocephalus gazella, is the most abundant pinniped in the Southern Hemisphere, and one of the main consumers of Antarctic krill, Euphausia superba, in the Southern Ocean. However, the populations breeding in the Atlantic Southern Ocean are decreasing, partly due to global warming. Male and female Antarctic fur seals differ greatly in body size and foraging ecology, and little is known about their sex-specific responses to climate change. We used satellite tracking data and Earth System Models to predict changes in habitat suitability for male and female Antarctic fur seals from the Western Antarctic Peninsula under different climate change scenarios. Under the most extreme scenario (SSP5-8.5; global average temperature +4.4°C projected by 2100), suitable habitat patches will shift southward during the non-breeding season, leading to a minor overall habitat loss. The impact will be more pronounced for females than for males. The reduction of winter foraging grounds might decrease the survival of post-weaned females, reducing recruitment and jeopardizing population viability. During the breeding season, when males fast on land, suitable foraging grounds for females off the South Shetland Islands will remain largely unmodified, and new ones will emerge in the Bellingshausen Sea. As Antarctic fur seals are income breeders, the foraging grounds of females should be reasonably close to the breeding colony. As a result, the new suitable foraging grounds will be useful for females only if nearby beaches currently covered by sea ice emerge by the end of the century. Furthermore, the colonization of these new, ice-free breeding locations might be limited by strong female philopatry. These results should be considered when managing the fisheries of Antarctic krill in the Southern Ocean.",https://doi.org/10.1111/gcb.17191,2024-03-01,2024,36.693913,1.6966,6,,,article,TRUE,TRUE,hybrid,https://onlinelibrary.wiley.com/doi/pdfdirect/10.1111/gcb.17191,TRUE,Global Change Biology,https://openalex.org/S74970393,1354-1013,https://openalex.org/P4310320595,Wiley,https://doi.org/10.1111/gcb.17191,https://onlinelibrary.wiley.com/doi/pdfdirect/10.1111/gcb.17191,cc-by-nc-nd,publishedVersion,,101,,,,,FALSE,FALSE,en,,,,,e17191,e17191,30,3
https://openalex.org/W2033384170,First confirmed record of a leucistic Antarctic fur seal pup born outside the Scotia Arc Islands,First confirmed record of a leucistic Antarctic fur seal pup born outside the Scotia Arc Islands,,NA,https://doi.org/10.1007/s00300-014-1573-z,2014-09-08,2014,36.679802,0.4663,8,,,article,FALSE,FALSE,closed,NA,FALSE,Polar Biology,https://openalex.org/S196656238,0722-4060,https://openalex.org/P4310319900,Springer Science+Business Media,https://doi.org/10.1007/s00300-014-1573-z,NA,NA,publishedVersion,,20,,,,,FALSE,FALSE,en,,,,,569,571,38,4
https://openalex.org/W1980029786,Shedding new light on the life cycle of mackerel icefish in the Southern Ocean,Shedding new light on the life cycle of mackerel icefish in the Southern Ocean,,Mackerel icefish have a widespread distribution in the Atlantic and Indian Ocean sectors of the low‐Antarctic region. Biological characteristics differ considerably between populations in the southern Scotia Arc and those living further to the north. Fish living in the north mature 1 year earlier than in the south. They have a much shorter life span and die after they have spawned two to three times. The number of eggs produced per gram of body mass is higher in the north. Stocks have declined in most parts of the distributional range due to the impact of fishing and due to natural causes. Increases in populations of Antarctic fur seals at South Georgia and parts of the Indian Ocean appear to have led to increased predation on stocks of icefish. Shifts in hydrological regimes in the northern part of the distributional range have either started to lead or will lead to deteriorating living conditions for mackerel icefish in the near future. Fish stock assessment needs to take these constraints into consideration when providing advice on total allowable catches for fisheries management.,https://doi.org/10.1046/j.1095-8649.2003.00150.x,2003-07-01,2003,36.58706,2.8099,51,,,article,FALSE,FALSE,closed,NA,FALSE,Journal of Fish Biology,https://openalex.org/S9351502,0022-1112,https://openalex.org/P4310320595,Wiley,https://doi.org/10.1046/j.1095-8649.2003.00150.x,NA,NA,publishedVersion,,89,,,,,FALSE,FALSE,en,,,,,1,21,63,1
https://openalex.org/W2982923099,Variability in age of a Southern Ocean myctophid (Gymnoscopelus nicholsi) derived from scatrecovered otoliths,Variability in age of a Southern Ocean myctophid (Gymnoscopelus nicholsi) derived from scatrecovered otoliths,,"MEPS Marine Ecology Progress Series Contact the journal Facebook Twitter RSS Mailing List Subscribe to our mailing list via Mailchimp HomeLatest VolumeAbout the JournalEditorsTheme Sections MEPS 633:55-69 (2020) - DOI: https://doi.org/10.3354/meps13176 Variability in age of a Southern Ocean myctophid (Gymnoscopelus nicholsi) derived from scat-recovered otoliths Angela D. Klemmedson1,*, Christian S. Reiss2, Michael E. Goebel2, Ronald S. Kaufmann1, Emmanis Dorval3, Tomasz B. Linkowski4, Renato Borras-Chavez5 1Department of Environmental and Ocean Sciences, University of San Diego, San Diego, CA 92110, USA 2Antarctic Ecosystem Research Division, Southwest Fisheries Science Center, NOAA Fisheries, La Jolla, CA 92037, USA 3Ocean Associates Inc. under contract with National Marine Fisheries, Southwest Fisheries Science Center, La Jolla, CA 92037, USA 4Department of Fisheries Oceanography and Marine Ecology, National Marine Fisheries Research Institute, 81-332 Gdynia, Poland 5Center of Applied Ecology and Sustainability, Pontificia Universidad Católica de Chile, 8331150, Santiago, Chile *Corresponding author: aklemmedson@sandiego.edu ABSTRACT: Myctophids are ecologically important in the Southern Ocean, where they occupy a central trophic position and are a key energy resource for top predators. However, understanding their population dynamics is limited by a paucity of data due to sampling challenges. Antarctic fur seal Arctocephalus gazella scats provide large collections of otoliths and other prey remains that can be used to form time series for important mesopelagic taxa such as Gymnoscopelus nicholsi (Gn). Examination of otoliths from scats allowed for a reconstruction of Gn age and length structure from 8 selected sample years between 2000 and 2015. While mean reconstructed length did not change significantly over the time series, mean age declined. Older age classes were scarce in scat samples, and age-6 animals were not found after 2008. During the same time period, Gn otoliths in fur seal scats declined from approximately 2000 to fewer than 200. The decline in the number of otoliths in Antarctic fur seal scat samples coupled with the negative trend in mean age suggests declines in the availability of Gn on the South Shetland Island slope region between 2000 and 2015. This study demonstrates the utility of central-place foragers in assessing populations of unfished but ecologically important mesopelagic fishes, thus allowing evaluation of hypotheses about their population structure and dispersal. KEY WORDS: Myctophidae · Gymnoscopelus nicholsi · Otolith · Mesopelagic · Southern Ocean · Antarctic fur seal · Krill Full text in pdf format PreviousNextCite this article as: Klemmedson AD, Reiss CS, Goebel ME, Kaufmann RS, Dorval E, Linkowski TB, Borras-Chavez R (2020) Variability in age of a Southern Ocean myctophid (Gymnoscopelus nicholsi) derived from scat-recovered otoliths. Mar Ecol Prog Ser 633:55-69. https://doi.org/10.3354/meps13176 Export citation RSS - Facebook - Tweet - linkedIn Cited by Published in MEPS Vol. 633. Online publication date: January 09, 2020 Print ISSN: 0171-8630; Online ISSN: 1616-1599 Copyright © 2020 Inter-Research.",https://doi.org/10.3354/meps13176,2019-11-05,2019,36.55026,1.2113,15,,,article,FALSE,FALSE,closed,NA,FALSE,Marine Ecology Progress Series,https://openalex.org/S96743589,0171-8630,https://openalex.org/P4310313773,Inter-Research,https://doi.org/10.3354/meps13176,NA,NA,publishedVersion,,71,,,,,FALSE,FALSE,en,,,,,55,69,633,NA
https://openalex.org/W2131608087,Diving depths of the Chinstrap Penguin Pygoscelis antarctica,Diving depths of the Chinstrap Penguin Pygoscelis antarctica,,"Diving depths of four breeding chinstrap penguins were recorded throughout complete foraging trips to sea lasting 18-48 h at Signy Island, South Orkney Islands. Deeper dives reached 70 m but 90% of dives were shallower than 45 m and 40% were to less than 10 m. The diving pattern is compared with those of king penguins and Antarctic fur seals. Chinstrap penguins feed on krill and it is suggested that they do so chiefly during shallow dives at night when krill are near the surface. Using data on average measurements and weight of krill taken by chinstraps at Signy Island, and estimates of at-sea metabolic rate and the size of meals delivered to their chicks by the study birds, it is calculated that about 16 krill are caught per dive of duration c. 1.6 min.",NA,1983-11-01,1983,36.199337,5.5622,50,,,article,TRUE,TRUE,green,http://nora.nerc.ac.uk/id/eprint/504753/1/bulletin61_05.pdf,TRUE,NERC Open Research Archive (Natural Environment Research Council),https://openalex.org/S4306400758,NA,https://openalex.org/I141816643,Natural Environment Research Council,NA,http://nora.nerc.ac.uk/id/eprint/504753/1/bulletin61_05.pdf,NA,submittedVersion,,6,,,,,FALSE,FALSE,en,,,,,NA,NA,NA,NA
https://openalex.org/W2134622276,Widening the net: spatio-temporal variability in the krill population structure across the Scotia Sea,Widening the net: spatio-temporal variability in the krill population structure across the Scotia Sea,,NA,https://doi.org/10.1016/j.dsr2.2004.06.014,2004-06-01,2004,36.104702,0.8319,8,,,article,FALSE,FALSE,closed,NA,FALSE,Deep Sea Research Part II Topical Studies in Oceanography,https://openalex.org/S172051550,0967-0645,https://openalex.org/P4310320990,Elsevier BV,https://doi.org/10.1016/j.dsr2.2004.06.014,NA,NA,publishedVersion,,18,,,,,FALSE,FALSE,en,,,,,1275,1287,51,12-13
https://openalex.org/W4251258581,"Fish diet of the Antarctic fur seal, Arctocephalus gazella , in summer, at Stranger Point, King George Island, South Shetland Islands","Fish diet of the Antarctic fur seal, Arctocephalus gazella , in summer, at Stranger Point, King George Island, South Shetland Islands",,NA,https://doi.org/10.1007/s003000050064,1996-05-09,1996,32.25907,0,6,,,article,FALSE,FALSE,closed,NA,FALSE,Polar Biology,https://openalex.org/S196656238,0722-4060,https://openalex.org/P4310319900,Springer Science+Business Media,https://doi.org/10.1007/s003000050064,NA,NA,publishedVersion,,0,,,,,FALSE,FALSE,en,,,,,353,355,16,5
https://openalex.org/W4411428697,Temporary Absence of Warming in the Northern Weddell Sea Validates Expected Responses of Antarctic Seals to Sea Ice Change,Temporary Absence of Warming in the Northern Weddell Sea Validates Expected Responses of Antarctic Seals to Sea Ice Change,,"The temporal abundance of Antarctic seals is known to be influenced by variation in the sea ice environment, itself affected by temperature and daylight cycles across seasons. However, the sensitivity of seal populations to changes in their environment beyond expected natural variation depends on their abilities to deal with extreme conditions and to take advantage of favourable environmental changes, which is rarely validated empirically. Here, we report on the responses of three sympatric Antarctic seal species to sea ice change: two 'ice-tolerant' species: Antarctic fur seal Arctocephalus gazella and southern elephant seal Mirounga leonina, and the 'ice-obligate' Weddell seal Leptonychotes wedellii, over a 48-year period from 1977 to 2024 at Signy Island, South Orkney Islands. This area has undergone changes in the sea ice environment following persistent long-term warming since the 1950s, and a cooling period from approximately 1998-2014. The shared environment and varying adaptation to sea ice of the three species presented a unique opportunity to assess and compare species-specific responses to fluctuating sea ice cycles, and validate predictions of responses from projections of sea ice change. Across five decades, all three species were significantly affected by temporary changes in the sea-ice environment, which contributed to synchronous between-year variation in numbers, although density dependence was an important effect for each species. Maximum synchrony between seal species was observed from the late 1990s to mid-2000s, coinciding with the temporary absence of warming, with the ice obligate Weddell seal benefiting from an extended sea ice season but not the two ice-tolerant species. Numbers of Antarctic fur seals and Weddell seals declined significantly between 1977 and 2024 by approximately 47% and 54% respectively, from a peak in 1994 and 1985, although no significant overall long-term decline in the numbers of southern elephant seals was found, despite trend synchronicity.",https://doi.org/10.1111/gcb.70290,2025-06-01,2025,31.757868,6.6925,5,,,article,TRUE,TRUE,hybrid,https://doi.org/10.1111/gcb.70290,TRUE,Global Change Biology,https://openalex.org/S74970393,1354-1013,https://openalex.org/P4310320595,Wiley,https://doi.org/10.1111/gcb.70290,NA,cc-by,publishedVersion,,83,,,,,FALSE,FALSE,en,,,,,e70290,e70290,31,6
https://openalex.org/W3080612042,Isolation and genome sequencing of Staphylococcus schleiferi subspecies coagulans from Antarctic and North Sea seals,Isolation and genome sequencing of Staphylococcus schleiferi subspecies coagulans from Antarctic and North Sea seals,,"Reports on the commensal organism and opportunistic pathogen <i>Staphylococcus schleiferi</i> have largely considered isolates from humans and companion dogs. Two subspecies are recognized: the coagulase-negative <i>S. schleiferi</i> ssp. <i>schleiferi</i>, typically seen in humans, and the coagulase-positive <i>S. schleiferi</i> ssp. <i>coagulans</i>, typically seen in dogs. In this study, we report the isolation, genome sequencing and comparative genomics of three <i>S. schleiferi</i> ssp. <i>coagulans</i> isolates from mouth samples from two species of healthy, free-living Antarctic seals, southern elephant seals (<i>Mirounga leonina</i>) and Antarctic fur seals (<i>Arctocephalus gazella</i>), in the South Orkney Islands, Antarctica, and three isolates from post-mortem samples from grey seals (<i>Halichoerus grypus</i>) in Scotland, UK. This is the first report of <i>S. schleiferi</i> ssp. <i>coagulans</i> isolation from Antarctic fur seal and grey seal. The Antarctic fur seal represents the first isolation of <i>S. schleiferi</i> ssp. <i>coagulans</i> from the family <i>Otariidae</i>, while the grey seal represents the first isolation from a pinniped in the Northern Hemisphere. We compare seal, dog and human isolates from both <i>S. schleiferi</i> subspecies in the first genome-based phylogenetic analysis of the species.",https://doi.org/10.1099/acmi.0.000162,2020-08-21,2020,31.473915,0.1278,10,,,article,TRUE,TRUE,gold,https://doi.org/10.1099/acmi.0.000162,TRUE,Access Microbiology,https://openalex.org/S4210207429,2516-8290,https://openalex.org/P4310320497,Microbiology Society,https://doi.org/10.1099/acmi.0.000162,NA,cc-by,publishedVersion,,44,,,,,FALSE,FALSE,en,,,,,acmi000162,acmi000162,2,10
https://openalex.org/W4247050053,Widening the net: spatio-temporal variability in the krill population structure across the Scotia Sea,Widening the net: spatio-temporal variability in the krill population structure across the Scotia Sea,,NA,https://doi.org/10.1016/s0967-0645(04)00079-7,2004-06-01,2004,30.24688,0.6293,5,,,article,FALSE,FALSE,closed,NA,FALSE,Deep Sea Research Part II Topical Studies in Oceanography,https://openalex.org/S172051550,0967-0645,https://openalex.org/P4310320990,Elsevier BV,https://doi.org/10.1016/s0967-0645(04)00079-7,NA,NA,publishedVersion,,0,,,,,FALSE,FALSE,en,,,,,1275,1287,51,12-13
https://openalex.org/W4252234343,Dispersal of male and female Antarctic fur seals (&lt;i&gt;Arctocephalus gazella&lt;/i&gt;),Dispersal of male and female Antarctic fur seals (&lt;i&gt;Arctocephalus gazella&lt;/i&gt;),,"This study examined the foraging locations of adult male and female Antarctic fur seals (Arctocephalus gazella) in the Scotia Sea during the postbreeding period. Satellite transmitters were used to track adult males and females and to obtain information about dive depths. Male fur seals migrated away from the breeding area during the postbreeding period whereas females remained close to the breeding grounds and foraged in the same area during two consecutive years. The most intensive foraging by females was associated with the edge of the continental shelf of South Georgia. Males dived deeper than females. Counts of males at South Georgia and at the South Orkney Islands support the result from satellite tracking data showing that males move from South Georgia to the South Orkney Islands at the end of the breeding season. Unlike males, females were limited in their foraging range by the necessity to return to feed dependent young, so breeding sites are likely to be located close to foraging areas that are optimal for females. Locations used for feeding by females were avoided by males, either because they were suboptimal for males or because foraging by females at South Georgia causes local depletion of food, and males, which have the option to forage further afield, can forage more successfully in regions where there are no females. Comparison with fisheries data also suggests that these fur seals are targeting the most abundant exploitable prey.",https://doi.org/10.1139/cjfas-55-4-845,1998-01-01,1998,29.22152,0,7,,,article,FALSE,FALSE,closed,NA,FALSE,Canadian Journal of Fisheries and Aquatic Sciences,https://openalex.org/S57183551,0706-652X,https://openalex.org/P4310312929,Canadian Science Publishing,https://doi.org/10.1139/cjfas-55-4-845,NA,NA,publishedVersion,,0,,,,,FALSE,FALSE,en,,,,,845,852,55,4
https://openalex.org/W2019817733,"Using carapace measurements to determine the sex of Antarctic krill, Euphausia superba","Using carapace measurements to determine the sex of Antarctic krill, Euphausia superba",,NA,https://doi.org/10.1007/s00300-006-0184-8,2006-08-23,2006,29.19644,0.3082,11,,,article,FALSE,FALSE,closed,NA,FALSE,Polar Biology,https://openalex.org/S196656238,0722-4060,https://openalex.org/P4310319900,Springer Science+Business Media,https://doi.org/10.1007/s00300-006-0184-8,NA,NA,publishedVersion,,25,,,,,FALSE,FALSE,en,,,,,307,315,30,3
https://openalex.org/W3036039574,Antarctic fur seal (Arctocephalus gazella) annual migration and temporal patterns of on-shore occurrence of leucistic individuals on King George Island,Antarctic fur seal (Arctocephalus gazella) annual migration and temporal patterns of on-shore occurrence of leucistic individuals on King George Island,,"Abstract Non-invasive tracking the on-shore occurrence of the atypically pigmented animals and determination of land residency duration of leucistic seals would help us find out more about the rotation of the migrating population. During seven austral summer seasons (2011–2018), by counting the animals every 10 days at the Cape Lions Rump shore, King George Island, South Shetlands, in the Antarctic Specially Protected Area No. 151 and the adjacent ice-free land (31.52 km 2 ) we registered fourteen leucistic individuals per a total of 43,919 animals. Moreover, daily monitoring of local fauna resulted in further 33 leucistic animals (together 47, in all seasons). Whilst the results of 10-day censuses of the total population were similar inter-seasonally, a tendency for increased occurrence of leucistic individuals in successive seasons was revealed. Generally, the number of animals increased significantly as season progressed. Since leucistic individuals stayed on-shore for 1–2 days usually, it can be hypothesised that the observation of migrating Antarctic fur seals every 3 days does not involve the same individuals. Also, additional every 5-day censuses taken in one season in ASPA 151 resulted in a higher seasonal number of animals, which proves that more frequent counts help us estimate population abundance more efficiently. Thus, every 5-day counts are proposed as a feasible and justified method of population monitoring.",https://doi.org/10.1007/s00300-020-02694-3,2020-06-17,2020,28.774609,0,4,,,article,TRUE,TRUE,hybrid,https://link.springer.com/content/pdf/10.1007/s00300-020-02694-3.pdf,FALSE,Polar Biology,https://openalex.org/S196656238,0722-4060,https://openalex.org/P4310319900,Springer Science+Business Media,https://doi.org/10.1007/s00300-020-02694-3,https://link.springer.com/content/pdf/10.1007/s00300-020-02694-3.pdf,cc-by,publishedVersion,,32,,,,,FALSE,FALSE,en,,,,,929,935,43,7
https://openalex.org/W4409150957,"Terrestrial Spatial Distribution and Summer Abundance of Antarctic Fur Seals (<scp><i>Arctocephalus gazella</i></scp>) Near Palmer Station, Antarctica, From Drone Surveys","Terrestrial Spatial Distribution and Summer Abundance of Antarctic Fur Seals (<scp><i>Arctocephalus gazella</i></scp>) Near Palmer Station, Antarctica, From Drone Surveys",,"The shifting climatic regime of maritime Antarctica is driving complex changes across trophic levels that are manifesting differentially across its resident species and regions. Land-breeding pinnipeds have increased their seasonal attendance near Palmer Station since the earliest observations in the mid-1900s, and Antarctic fur seals (<i>Arctocephalus gazella</i>) now represent a significant but unstudied predator population in the region during the austral summer. To characterize the timing of abundance and the fine-scale distribution of this seasonal attendance, we carried out regular drone surveys of terrestrial habitats near Palmer Station in the austral summer of 2020. Using repeat animal counts and photogrammetric data products, we modeled fur seal abundance at survey sites over the period of observation, modeled habitat suitability based on fine-scale topographic habitat characteristics, and estimated abundance across terrestrial habitats near Palmer Station as a function of these products. High habitat suitability was most associated with low-slope and low-elevation inshore terrain and with relatively dry, sun-exposed, and wind-sheltered locations, and estimated peak abundance occurred on March 11 (day 71) of 2020. Models estimated 2289-5544 (95% confidence interval) fur seals on land across all potential terrestrial habitats (41 discrete sites) near Palmer Station and Wylie Bay on the south coast of Anvers Island during peak abundance. This constitutes a first estimate of the aggregate timing, abundance, and distribution of Antarctic fur seals in the terrestrial habitats of this region-a critical first step in understanding the phenology and ecological role of this largely nonbreeding predator population. These findings additionally establish a baseline from which to estimate future changes in this seasonal population and its effects on sympatric terrestrial and marine biota, as the physical environment and food chain of the western Antarctic Peninsula transform under long-term climatic changes.",https://doi.org/10.1002/ece3.70833,2025-04-01,2025,27.38077,3.4385,2,,,article,TRUE,TRUE,gold,https://onlinelibrary.wiley.com/doi/pdfdirect/10.1002/ece3.70833,TRUE,Ecology and Evolution,https://openalex.org/S2482021738,2045-7758,https://openalex.org/P4310320595,Wiley,https://doi.org/10.1002/ece3.70833,https://onlinelibrary.wiley.com/doi/pdfdirect/10.1002/ece3.70833,cc-by,publishedVersion,,73,,,,,FALSE,FALSE,en,,,,,e70833,e70833,15,4
https://openalex.org/W1483005408,Diseases and Parasites of Antarctic and Sub-Antarctic Seals,Diseases and Parasites of Antarctic and Sub-Antarctic Seals,,NA,https://doi.org/10.1007/978-3-540-93923-8_4,2009-01-01,2009,26.469055,0.6971,13,,,book-chapter,FALSE,FALSE,closed,NA,FALSE,NA,NA,NA,NA,NA,https://doi.org/10.1007/978-3-540-93923-8_4,NA,NA,publishedVersion,,201,,,,,FALSE,FALSE,en,,,,,57,93,NA,NA
https://openalex.org/W3183468965,Sexual segregation in juvenile Antarctic fur seals,Sexual segregation in juvenile Antarctic fur seals,,NA,https://doi.org/10.1007/s00442-021-04983-y,2021-07-26,2021,26.132328,0.3364,4,,,article,FALSE,FALSE,closed,NA,FALSE,Oecologia,https://openalex.org/S67154222,0029-8549,https://openalex.org/P4310319900,Springer Science+Business Media,https://doi.org/10.1007/s00442-021-04983-y,NA,NA,publishedVersion,,87,,,,,FALSE,FALSE,en,,,,,339,352,197,2
https://openalex.org/W1966957815,"Feeding habits of three seal species at the Danco Coast, Antarctica: a re-assessment","Feeding habits of three seal species at the Danco Coast, Antarctica: a re-assessment",,NA,https://doi.org/10.1007/s00300-011-0994-1,2011-03-22,2011,25.963085,1.2425,16,,,article,FALSE,FALSE,closed,NA,FALSE,Polar Biology,https://openalex.org/S196656238,0722-4060,https://openalex.org/P4310319900,Springer Science+Business Media,https://doi.org/10.1007/s00300-011-0994-1,NA,NA,publishedVersion,,23,,,,,FALSE,FALSE,en,,,,,1615,1620,34,10
https://openalex.org/W3129565662,"Antarctic Fur Seal (Arctocephalus gazella, Peters 1875)","Antarctic Fur Seal (Arctocephalus gazella, Peters 1875)",,NA,https://doi.org/10.1007/978-3-030-63177-2_4,2021-01-01,2021,25.244162,1.4774,5,,,book-chapter,FALSE,FALSE,closed,NA,FALSE,NA,NA,NA,NA,NA,https://doi.org/10.1007/978-3-030-63177-2_4,NA,NA,publishedVersion,,146,,,,,FALSE,FALSE,en,,,,,51,76,NA,NA
https://openalex.org/W1739030894,Krill and the Antarctic : finding the balance,Krill and the Antarctic : finding the balance,,"The Commission for the Conservation of Antarctic Marine Living Resources (CCAMLR) has a mandate to manage Southern Ocean resources using an ecosystem approach. In accordance with this, ecosystem models of the South Orkneys/South Georgia region (FAO Subareas 48.2 and 48.3, respectively) were constructed using the modelling software Ecopath with Ecosim. A model representing the region in the 1990s was used to assess the possible effects that an increased fishery for krill (Euphausia superbd) might have on the ecosystem. The model predicted that the expanded fishery could cause small declines in the biomass of several top predators (&lt;10%), such as Antarctic fur seals and baleen whales, and that bycatch in the krill trawl fishery could reduce some fish populations by almost 35%. Incorporating the natural annual variation in krill biomass into the model showed that predator populations could be negatively affected by years of low krill abundance, which would be further exacerbated by an increased krill fishery. The model also indicated that the traditional concept of the simple Southern Ocean food chain (i.e., primary production, krill, top predator) should be re-evaluated to consider other important intermediary species groups, such as fish and squid. Models representing the region in the past (pre-exploitation, 1900s and 1960s) were used to assess the impacts of commercial sealing, whaling and fishing in the region. Simulations suggest that the increase in Antarctic fur seals since the 1950s was not due to decreased competition for food as a result of the whaling activities in the first half of the 1900s. However, whaling may have had a positive effect on fish population sizes, especially certain commercially important species. Removing large krill predators from the simulated ecosystem, such as birds and seals, did not result in an increase in whales. Removing certain fish groups, however, had more of an acceleratory effect on whale recovery. These findings emphasize the need for a better understanding of the relative roles of species in the Southern Ocean ecosystem, as well as the natural variability of krill abundance, if management issues in the Antarctic are to be resolved.",https://doi.org/10.14288/1.0074873,2009-01-01,2009,23.279768,0.4914,10,,,article,TRUE,TRUE,green,http://hdl.handle.net/2429/15326,TRUE,cIRcle (University of British Columbia),https://openalex.org/S4377196297,NA,https://openalex.org/I141945490,University of British Columbia,http://hdl.handle.net/2429/15326,http://hdl.handle.net/2429/15326,NA,submittedVersion,,134,,,,,FALSE,FALSE,en,,,,,NA,NA,NA,NA
https://openalex.org/W4380877509,"The relevance of fish in the summer diet of the Antarctic fur seal (Arctocephalus gazella) at Hope Bay, Antarctic Peninsula and Stranger Point, South Shetland Islands","The relevance of fish in the summer diet of the Antarctic fur seal (Arctocephalus gazella) at Hope Bay, Antarctic Peninsula and Stranger Point, South Shetland Islands",,NA,https://doi.org/10.1007/s00300-023-03159-z,2023-06-16,2023,23.27052,1.0186,4,,,article,FALSE,FALSE,closed,NA,FALSE,Polar Biology,https://openalex.org/S196656238,0722-4060,https://openalex.org/P4310319900,Springer Science+Business Media,https://doi.org/10.1007/s00300-023-03159-z,NA,NA,publishedVersion,,54,,,,,FALSE,FALSE,en,,,,,809,818,46,9
https://openalex.org/W4206296190,"Spatial Distribution, Species Composition, and Number of Marine Mammals in the Argentine Basin, Drake Passage, East of Antarctic Peninsula, and Powell Basin in January–March 2020","Spatial Distribution, Species Composition, and Number of Marine Mammals in the Argentine Basin, Drake Passage, East of Antarctic Peninsula, and Powell Basin in January–March 2020",,NA,https://doi.org/10.1007/978-3-030-78927-5_25,2021-01-01,2021,21.60148,4.4323,6,,,book-chapter,FALSE,FALSE,closed,NA,FALSE,Advances in polar ecology,https://openalex.org/S4210221750,2468-5712,https://openalex.org/P4310319972,Springer International Publishing,https://doi.org/10.1007/978-3-030-78927-5_25,NA,NA,publishedVersion,,12,,,,,FALSE,FALSE,en,,,,,379,397,NA,NA
https://openalex.org/W4402497089,Avian influenza H5N1 threatens imperiled krill-dependent predators in Antarctica,Avian influenza H5N1 threatens imperiled krill-dependent predators in Antarctica,,"1 IntroductionThe panzootic high pathogenicity avian influenza subtype H5N1 clade 2.3.4.4b (hereafter H5N1) has spread globally in recent years at unprecedented rates (Klaassen and Wille 2023). This novel H5N1 differs from previous outbreaks because the barrier of transmission from birds to pinnipeds (seals and sea lions) is low (Dewar et al. 2023, Tomás et al. 2024), direct mammal to mammal transmission is likely (Plaza et al. 2024a, Restori et al. 2024, Rimondi et al. 2024, Uhart et al. 2024), and even small doses are virulent in mammals (Restori et al. 2024). During 2023 the virus spread around South America from the Pacific to the Atlantic Ocean, killing hundreds of thousands of seabirds and pinnipeds (Leguia et al. 2023, Ulloa et al. 2023, Azat et al. 2024, Campagna et al. 2024, de Lima et al., 2024, Plaza et al. 2024b). Fears of H5N1 following wildlife migration routes and infecting Antarctic seabird and pinniped colonies (Boulinier, 2023, Dewar et al. 2023, Stokstad 2024) have recently been realized by confirmed infections at several locations on the Antarctic Peninsula (AP) (Bennett Lazo et al., 2024, SCAR-AWHN 2024, WAHIS 2024). Given the geographic proximity of South Georgia in the southwest Atlantic (Figure 1), where Antarctic fur seals (Arctocephalus gazella) and southern elephant seals (Mirounga leonina) have been infected (Bennison et al. 2024), and the common, direct behavioral interactions with regional H5N1-infected seabird species, the risk to Antarctic pinnipeds is extremely high. The vast majority of Antarctic seabirds and marine mammals depend on Antarctic krill (Euphausia superba, hereafter krill) as their main prey source (Laws 1985). Krill is also the target of the largest commercial fishery in the Southern Ocean, which is managed by the Commission for the Conservation of Antarctic Marine Living Resources (CCAMLR 1980). The krill fishery has grown substantially in recent decades, and has temporally and spatially concentrated its effort into small areas that overlap with krill-dependent predators (Santa Cruz et al. 2018, Watters et al. 2020). Empirical observations indicate that, given natural variability in the system, such concentrated catches pose plausible risks to predator populations (Watters et al. 2020, Krüger et al. 2021). The current krill fishery management strategy is not adaptable based on changes in the ecosystem and has not been updated for over a decade. However, CCAMLR is currently considering the adoption of management strategies that are annually adaptable and spread the allowable catch in space and time, which could alleviate risks to krill predators (Warwick-Evans et al. 2022, Watters and Hinke 2022). Trawling vessels fishing for krill are required to use marine mammal-exclusion devices; nevertheless, pinnipeds and whales are occasionally killed incidentally (e.g., CCAMLR Secretariat 2024). Therefore, CCAMLR is also considering time-area closures to limit interactions between the krill fishery and Antarctic seabirds and marine mammals during biologically critical periods.Given the novel, highly-transmissible nature of H5N1 resulting in mass die-offs in marine mammals, we have grave concern about the potential negative effects on krill-dependent predators, including some already-vulnerable populations. Particularly, South Shetland Antarctic fur seals (SSAFS, Figure 2), a genetically-distinct population of the species that is experiencing a catastrophic population collapse (Krause et al. 2022). Since 2007, the abundance estimates of SSAFS have dropped extraordinarily from over 40,000 to under 1,500 animals. While there have been demographically-positive changes in the region like the substantial reduction of predation on SSAFS pups by leopard seals (Krause et al. 2024), other high risk conservation threats remain. Immediate threats to this long-lived, low-fecundity population include competition for prey from other krill predators and the krill fishery, incidental mortality in fishing trawls, and most urgently, H5N1 mortality (Krause et al. 2024).2 DiscussionThis influenza virus alone can devastate pinniped populations within months (Leguia et al. 2023, Campagna et al. 2024, Plaza et al. 2024b), and cumulatively these threats imperil adequate SSAFS conservation and require urgent management action. To minimize the negative impacts of H5N1 on SSAFS and other small or vulnerable populations, we recommend: 1) adoption of conservation measures to reduce non-H5N1 mortality for SSAFS including adaptive krill fishery management and targeted time-area closures, 2) enhanced surveillance and testing of H5N1 in the AP, 3) real-time communication of suspected cases (SCAR-AWHN 2024), 4) using biosecurity best practices during interactions with wildlife (WOAH 2024), and 5) removal and proper disposal of H5N1-infected carcasses when possible (Dewar et al. 2023, Knief et al. 2024).4 Figure LegendsFigure 1. A regional map of the Antarctic Peninsula illustrating the proximity of H5N1-infected seabird and pinniped colonies along migratory pathways from South America via South Georgia to the Peninsula, particularly the South Shetland Island archipelago. Figure 2. A mother – pup pair of South Shetland Antarctic fur seals (Arctocephalus gazella), a genetically-distinct population of the species that is at extreme conservation risk due to high pathogenicity avian influenza H5N1, potential incidental mortality in the krill fishery, and other factors. Photo taken in accordance with Marine Mammal Protection Act Permit No. 25786.",https://doi.org/10.3389/fmars.2024.1453737,2024-09-12,2024,21.543827,1.408,3,,,article,TRUE,TRUE,gold,https://public-pages-files-2025.frontiersin.org/journals/marine-science/articles/10.3389/fmars.2024.1453737/pdf,TRUE,Frontiers in Marine Science,https://openalex.org/S2596539584,2296-7745,https://openalex.org/P4310320527,Frontiers Media,https://doi.org/10.3389/fmars.2024.1453737,https://public-pages-files-2025.frontiersin.org/journals/marine-science/articles/10.3389/fmars.2024.1453737/pdf,cc-by,publishedVersion,,27,,,,,FALSE,FALSE,en,,,,,NA,NA,11,NA
https://openalex.org/W4321370448,Commercial krill fishing within a foraging supergroup of fin whales in the Southern Ocean,Commercial krill fishing within a foraging supergroup of fin whales in the Southern Ocean,,"Industrial whaling in the 20th century reduced the global biomass of marine mammals by over fourfold (Bar-on et al., 2018). The majority of this overexploitation occurred during a 70-year period in the Southern Ocean (1904–1978) (Rocha et al., 2014). Fin whales (Balaenoptera physalus), the second largest species of all time, accounted for half of all baleen whales harvested in the Southern Ocean, 726,461 individuals in total (Rocha et al., 2014). A recent survey estimated that ~1300 fin whales were in the southwestern Scotia Sea (Elephant Island and South Orkney Islands region) (Viquerat & Herr, 2017). This recovering population subsists primarily on Antarctic krill (hereafter “krill”; Euphausia suberba) (Herr et al., 2022; Viquerat & Herr, 2017). The extent of competition between recovering whales and the growing krill fishery is of great interest but is poorly understood. On 13 January 2022 (17:10–19:10 local time), we observed a remarkably large aggregation of foraging fin whales 15 km northwest of Coronation Island between 60°24.44′ S, 46°04.45′ W and 60°18.29′ S, 45°53.51′ W (Figure 1 and Video S1). Eye height was 12 m above sea level, providing a visible area of 185 km2 over the passage. Viewing conditions were favorable: visibility >20 km, swell height 1–2 m, Beaufort 3 wind speed. The charted depth was between 294 and 465 m, and the nearest point of land was 14 km away (Figure 1A). The sighting occurred at the tail end of a large spring phytoplankton bloom in the southern Scotia Sea (Figure 2A,B, Appendix S1). Evidence of a mix of behavioral modes was observed, including surface feeding (distended buccal cavity) and steeply arched deeper dives (presumably nonsurface feeding). The mean (±SD) blow duration was 8.3 ± 2.9 s, and the total number of instantaneous blows visible was 143 (Figure 1E). When combined with estimates of hourly blow rate (Kopelman & Sadove, 1995), we obtained a group size estimate of 979 (95% CI: 830–1153; Figure 1D, Appendix S1) for the mixed-behavior—surface and nonsurface feeding—aggregation of fin whales. Among the fin whales were two juvenile humpback whales (Megaptera novaeangliae), a blue whale (B. musculus), Antarctic fur seals (Arctocephalus gazella), and thousands of seabirds, including prions, petrels, penguins, and albatrosses. Within this multispecies aggregation of krill predators there were also four commercial krill vessels actively harvesting krill (Figure 1B). This observation of a supergroup of ~1000 foraging fin whales is among the largest aggregations of baleen whales ever recorded (Herr et al., 2022; Viquerat & Herr, 2017). While large aggregations of baleen whales—specifically fin whales—are not new for these waters, our observation is larger than most postwhaling sightings by an order of magnitude (Herr et al., 2022; Joiris & Dochy, 2013; Santora et al., 2014; Viquerat & Herr, 2017). Further, our sighting highlights that krill fishing and high densities of foraging whales can co-occur in the Southern Ocean (Figure 1B and Video S2). This scenario presents both welfare and conservation concerns for whales as the fishery grows. In 2020 and 2021, three humpback whale fatalities were reported from krill fishing operations in the Commission for the Conservation of Antarctic Marine Living Resources (CCAMLR) Area 48 (CCAMLR, 2021). Specifically, South Orkney West—the Small-Scale Management Unit (SSMU) in CCAMLR Subarea 48.2 where we made our observation—is the global epicenter of krill fishing. Nearly 30% of all krill taken annually is harvested from this SSMU (Trathan & Grant, 2020). Under the present scenario of increasing whale densities (Zerbini et al., 2019) and krill fishing effort (CCAMLR Secretariat, 2021), whale–fishery interactions, including bycatch and direct competition for krill, are likely to increase unless action is taken. The recent combination of technological advances in fishing, reduced sea ice extent and duration, and increasing demand for krill in aquaculture feed and nutritional supplements has led to the expansion of the krill fishery (CCAMLR, 2022). Three of the four observed vessels were using continuous trawling, where the krill is transported from the cod end of the net to the vessel without having to remove the net from the water, while the remaining vessel was using conventional trawling, where the net is removed from the water. Each krill fishing vessel typically harvests 250 t day−1 but can harvest up to 800 t day−1 via continuous trawling or 400 t day−1 via conventional trawling (Nicol & Foster, 2016). Thus, while the observed combination of fishing vessels typically harvests ~1000 t day−1, they can extract 2800 t day−1. Field-based estimates of baleen whale prey consumption (Savoca et al., 2021) suggest a fin whale aggregation this size likely consumes 4000 t day−1 of krill. Thus, these fishing vessels may have harvested krill at rates similar to those of the entire supergroup of whales. Industrial krill harvesting in direct competition with foraging fin whales is concerning because the regional abundance of fin whales and krill remains far below the prewhaling baseline. Paradoxically, krill abundance in the Atlantic sector of the Southern Ocean has likely declined since the end of commercial whaling (Atkinson et al., 2004), which may be due to the loss of nutrient recycling services of the missing whales (Savoca et al., 2021; Smetacek, 2008). Fin whales and other mysticetes play a crucial role in enhancing the productivity of the Southern Ocean by catalyzing nutrient availability to the base of marine food webs (Roman et al., 2014; Savoca et al., 2021; Smetacek, 2008). Therefore, threats to whale recovery, survival, or ability to forage optimally can disrupt ecosystem functioning. Prior to krill fishing, whales and phytoplankton blooms were often spatially separated perhaps due to local top-down control of phytoplankton by krill grazing (Hardy, 1967). In contrast, our observation of an overlapping phytoplankton bloom, vast krill swarm, and supergroup of foraging whales raises the possibility that simultaneous harvesting of krill by commercial fishing vessels and a supergroup of whales depressed krill abundance and grazing pressure locally. Such potential changes to ecosystem dynamics from commercial fishing should be closely monitored. Climate change also looms large in the Southwest Atlantic, where sustained surface warming has led to ecological shifts over the past several decades (Whitehouse et al., 2008). The whale aggregation and fishing activity reported here was associated with a large spring phytoplankton bloom (Figure 2A,B,E) following an exceptionally warm austral spring and a near-record low in regional sea ice extent (Figure 2C,D). Although isolated, our observation brings into focus interactions between recovering baleen whales and the intensifying Southern Ocean krill fishery. CCAMLR is mandated to ensure “maintenance of the ecological relationships between harvested, dependent and related populations of Antarctic marine living resources” (CCAMLR Convention Article II.3 b). Regarding the krill fishery specifically, CCAMLR is responsible to ensure that krill predators are not harmed due to fishing. CCAMLR has typically deferred cetacean conservation and management to the International Whaling Commission (IWC), but IWC has no jurisdiction in the management of the krill fishery or bycatch. The potential for industrial-scale krill harvesting to disrupt the positive feedback loop in ocean productivity, yielded by the dynamic interplay between phytoplankton, krill, and whales (Roman et al., 2014; Savoca et al., 2021), warrants further evaluation by CCAMLR and the IWC. CCAMLR can use its management mandate to protect krill-dependent predators, including baleen whales, from adverse interactions with the krill fishery (Meyer et al., 2020). Ultimately, more research is needed to quantify how commercial krill harvesting alongside foraging predators will impact whale and krill recovery in the 21st century. Conor Ryan, Maya Santangelo, and Brent Stephenson made field observations. Conor Ryan, Matthew S. Savoca, Trevor A. Branch, and Earle A. Wilson designed the research, analyzed the data, and wrote the paper. Thanks go to Captain Aaron Wood amd the officers and crew of National Geographic Endurance. The assistance of our colleagues, videographer Eric Wehrmeister in particular, is greatly appreciated. Satellite and Argo profiling float data were collected and made freely available by the Southern Ocean Carbon and Climate Observations and Modeling (SOCCOM) project funded by the National Science Foundation, Division of Polar Programs (NSF PLR -1425989 and OPP-1936222), supplemented by NASA, and by the International Argo Program and the National Oceanic and Atmospheric Administration (NOAA) programs that contribute to it. The Argo Program is part of the Global Ocean Observing System. This work was supported by MAC3 Impact Philanthropies. The authors declare no conflict of interest. Processed data and analysis code (Ryan et al., 2023) are available in Zenodo at https://doi.org/10.5281/zenodo.7511123. We use sea ice data from the NOAA/National Snow and Ice Data Center Climate Data Record (CDR) of Passive Microwave SIC (Meier et al., 2022) and sea surface temperature from the NOAA Optimum Interpolation (OI) SST V2 product (Reynolds et al., 2002). The OI SST V2 data were accessed via the NOAA PLS website at https://psl.noaa.gov/data/gridded/data.noaa.oisst.v2.html. Appendix S1. Video S1. Video S2. Video S1 legend. Video S2 legend. Please note: The publisher is not responsible for the content or functionality of any supporting information supplied by the authors. Any queries (other than missing content) should be directed to the corresponding author for the article.",https://doi.org/10.1002/ecy.4002,2023-02-20,2023,21.506710000000002,3.8451,18,,,article,TRUE,TRUE,hybrid,https://onlinelibrary.wiley.com/doi/pdfdirect/10.1002/ecy.4002,FALSE,Ecology,https://openalex.org/S35917800,0012-9658,https://openalex.org/P4310320595,Wiley,https://doi.org/10.1002/ecy.4002,https://onlinelibrary.wiley.com/doi/pdfdirect/10.1002/ecy.4002,cc-by,publishedVersion,,24,,,,,FALSE,FALSE,en,,,,,e4002,e4002,104,4
https://openalex.org/W2802459621,Comparing stable isotope values from vibrissae of newborn Antarctic fur seal pups (Arctocephalus gazella) to those of their mothers to better understand adult female foraging ecology and migration patterns,Comparing stable isotope values from vibrissae of newborn Antarctic fur seal pups (Arctocephalus gazella) to those of their mothers to better understand adult female foraging ecology and migration patterns,,"Overexploitation of Southern Ocean fish stocks has caused significant trophic restructuring in Antarctic marine ecosystems, forcing Antarctic fur seals (Arctocephalus gazella) to forage on alternative prey. As a species that has faced near extinction in the recent past, it is important to have accurate data to monitor the effects ecosystem changes may have had on their diet, health, and behavior. Stable carbon (Î´13C) and nitrogen (Î´15N) isotope analysis is a proven technique for reconstructing foraging ecology and migration patterns in marine mammals. Investigating whether the stable isotope values from Antarctic fur seal pup vibrissae grown in utero can provide valid data on their mothers' foraging ecology is useful as newborns are much more accessible research subjects than adults. Using samples collected at Cape Shirreff, Livingston Island in the South Shetland Islands during November to December 2012, I compared stable isotope values from vibrissae of 1- or 2-day-old pups with those from their mothersâ vibrissae. I determined whisker growth rates for all individual seals in the study, using known total gestational whisker growth for pups, and known annual growth for mothers. I used spatial data from some mothers to determine if isotopic data corresponded to known migration routes. No distinct patterns emerged for the Î´13C values, whereas the Î´15N data suggest a correlation with the Antarctic Polar Front. Pup and mother isotope data show the appearance of a correlation when normalized for individual growth rates, however further research with revised sample collection parameters would be ideal to conclusively establish this relationship.",NA,2016-01-01,2016,21.408085,0,2,,,article,TRUE,TRUE,green,https://escholarship.org/uc/item/5vn5x64v,TRUE,eScholarship (California Digital Library),https://openalex.org/S4306400115,NA,https://openalex.org/I2801248553,California Digital Library,https://escholarship.org/uc/item/5vn5x64v,https://escholarship.org/uc/item/5vn5x64v,NA,submittedVersion,,0,,,,,FALSE,FALSE,en,,,,,NA,NA,NA,NA
https://openalex.org/W2006181830,Marine centres of origin as evolutionary engines,Marine centres of origin as evolutionary engines,,"The world ocean supports a dynamic system in which living organisms undergo constant movements. Although some would appear to be sedentary, all are capable of invading new territory at some stage in their life cycle. Underlying these comparatively rapid changes is a much slower evolutionary system whereby new species are formed and spread out. Depending on their place of origin and genetic resources, some of the new species may give rise to continuing phyletic lines. At the same pace, some older species approach extinction by continuing to lose territory. Over time, this evolutionary system appears to be no less dynamic than the contemporary one. In recent years, considerable attention has been paid to the East Indies as a centre of origin for the marine tropics. While other centres of origin in the Antarctic and the North Pacific have been recognized, little attention has been paid to their external influence. Yet in the cooler waters of the oceans, they are as important to those areas as the East Indies is for the tropics. Evidence indicates that evolutionary flows from all three centres contribute to a dynamic system that extends throughout the world ocean. Each of the three centres and its salient features is discussed in turn, the information is summarized, and then stated in the form of a hypothesis. Antarctica has a long history of harbouring a temperate marine fauna. That assemblage first become apparent in the Devonian when the Antarctic continent was still attached to the southern of At that time, Antarctica to the that was by its of the of throughout the and the the to the a from the of to Antarctica and to That the of and the Antarctic in the of the the of the new from to to form at the a the waters from the and At time, was a that Antarctic form the when was a of a Antarctica and is that first formed in the At the of the has a of marine as as of and of the and first of that on at At the Antarctic may have and by time, appears that a place is the of and by the The of a in the Antarctic in the that the to become that time, much of the for as the and of the and that to become of the marine fauna. from other of Antarctica to living The waters of the Antarctic and are by a that its origin to of a of and extinction of by the of and by species from the The Antarctic is three The the Antarctic continent the and and have species and is in a of its The is the on the world that is of that The the and has a of that a be The of the Antarctic is In the than the species are In the the is the of this of species be are of for is of the the Antarctic is the of a evolutionary of and species the of the species in Antarctic of to the by a in their that the a of and The and of the Antarctic supports are and these three of the the that from the North the in the Antarctic as a has been to be a from the of Antarctic is the first of the In the of their the to a of At the same time, they in a The of the is to be the is some species as as and species in and The the is in the Antarctic and The three the are to the Antarctic of in which the the is a centre of origin has been The the Antarctic by the and the may be to have The to the and no have been that are older than the have the of the the and of Antarctica the of the in a other the of evolutionary that has the may have in the in the The Antarctic is evolutionary centre for have been from the and and all have been in the still At in the species of have become The of and their centre in the have spread to and the southern in the southern and of in its has been as a centre of origin for a of living in southern that have their in the The in In from the same to have become In the same of all the the of than Antarctic species of of Antarctic origin in the they are in the waters of The of to the Antarctic continent and its at has important from the Antarctic to the ocean and have been for a of and in the in the then the to the and the Pacific to the The marine in the may have been to that the Antarctic was the from the the at the same time, a for the of organisms from the a centre of the Antarctic may have its on the and In to its of species that have other the Antarctic has a for The is the species are on the and of the Antarctic and the southern of the The of the in the waters of the the three are to the Antarctic and the Antarctica has been as of the of the and some of and The Antarctic have a for that have from the are in the their are in the is for the of the appear to have in the than in the the the Antarctic from the are the and The is of Pacific origin of the a their to the Antarctic the The is of Pacific origin and Antarctic waters by the and the In of the history of the its origin to have been in the and in the of to Antarctica in the to the of the are species in Antarctic the they are by from the of Yet the have little in the The three and of the that have from of this for as the and species of to the are in Antarctic are as the and The the of the North in the have the Antarctic in their for of the species is in its of the southern of the the Antarctic on the Antarctic The in the The in the Pacific as all of the southern species to the same their to the southern than that of the The of North on of the of the North in the of a in the this the marine of the North Pacific from that of the has been that to as a the of a in the recent on and that the first place as much as the a of in the in the of the and its by a of species and be in the North Pacific from its that its in the At the same time, in the the first may have been and by of that been for than The of has been the have been on the by species that in the from that to be of Pacific origin of a of in of the The species in the North Pacific is as as that of the Although of the species to have that the by that was to that has been little the that the of the be for by the in species are that for the of the from the the Pacific from a are extinction much of the that was for the Pacific species to the the of the which of is the same as by are on extinction to that they be by the of At the of the the was and still The of the the system and the of on the that a of place and a of the species and the to the of the waters by the of some that species of Pacific origin in place at to the is to the of the Pacific to extinction in the is that the Pacific the of a the The have been have as to in that some invading species by is to species that have that the they is to the that the a may be when in a the of the species that from the to the North Although the are the as a of the by all of North and some species of North Pacific the the and in the North Pacific the species to the North The on the other in the North and species to the North the marine and of the and the of the in the North the of the are of origin the the and the in the North then spread to the North indicates that the in the have than species The apparent evolutionary are of the species that the are In the Pacific are indicates a of for the that marine organisms appears to be much less than by evolutionary is a in species and from of the on of the the has been in for of have that of species in the North Pacific have become in the North than of the species have been are as the has that the North much and that in have a are the North than the North The North is a ocean a and is to the of from the The North Pacific is from and by the that has been in place important of the of the was the of the have to the first a throughout the North Pacific and the the of some by the from the as as from the of the Pacific and the was the of a new In the extends to the of in the and to the at the of the in the are all of the waters and the of In the extends to in the and in the In these southern that the to the and the other to the species no to and and evolutionary to place in is are to a on of ocean in of its has been in the genetic by some of the from the North Pacific to the North have been then on of the of on of a recent a and the other species be to the is a of The and of Although the of the of its origin to the North Pacific and North has of of the species are of the and of the the are that to the are the and the The is the the of the North Pacific and North In the Antarctic species and The are to the history of the Antarctic as to less than for the In to a on the of the and the North the North Pacific on the southern the Antarctic and the The waters of the North Pacific from the in the to southern on the and to and on the That may be and The marine of the North Pacific a of In evolutionary this was from and species that to to the of species that of the North is the of its and has a and the was from the of the by the The North Pacific has a of organisms to the southern The place whereby the species a by the at of that have become long to become at the species the is in the North by is the the and the of recent has that a of three species may be three from a that place the Pacific the in the Antarctic other of North Pacific origin are by species the Antarctic the and the are capable of and The has history that has been by The of the North that the of the a their to the Antarctic the of the the the the and to the a the of the its origin to the the the all the to the Antarctic the then the the The its in the same as has in Antarctic and waters has been for the The southern species of this to a the is of North Pacific has been that is to a species that the was from by of the and the The of the to all of in the North of the are and of these has in the southern that the centre of origin for the was in the North Pacific and that the southern species have their of the southern species to the in the North and has been in its may have been the other southern and in the North they the southern by the of the the the was to have in the North spread to the North and then the southern by a of the that the place and that the to the that the and In of the of of In of the the in the North In may be that the in the Pacific have place from to the North Pacific in the indicates that the and of the has species that have been to and At the same time, the North Pacific has of species from other that the North Pacific has been as important centre of has a on the of the marine in the North temperate southern ocean and the has been a of species that to the The the the of the is by the of the the of the Pacific and oceans, the and and and the of the oceans, the the tropics. the to a to the a to the is a species and that the of the that of the The is when its is to that of the to Pacific species than the other three The marine on the and in the of the a than the at The is the of the in to the by the at may be that the of have a history than the cooler the and the the of the for waters at the The become in the that in the Although is of to the evolutionary of the to be a that attention to in the of they on changes that place in the and of the and the of the that new first in and then of species in the the of the the three evolutionary of the in the and The of the on the the was on the to and the of the on the of was for the of to was by and on to and as of The same from their of the to first appear the that important evolutionary of to was by that the of in has been by in that undergo changes to Over time, the to has a in the Although the centres in the Antarctic and North Pacific have to the and have the tropics. are of that at has been that the centres in the the and the may be to the may years, been a the evolutionary of the tropics. the have to as a they have extinction to the on the origin of the marine and that the their in waters that at the of In this that the been a of evolutionary and a that to extinction is important to that of the have been to their by of that than In a that the of the that have as a of evolutionary a the as a species a of to the and has been that a of when of and temperate no be The give rise to extinction that may in the of that are The of has been as the first in extinction that may have history species become the may species are to extinction by to the cooler of In this may become and recent for the of to be and to be southern of the southern by in the they to be that become in the The older three of the recent in of the North The in the North and the North and to that a from a to extinction in the North by extinction in the North would a southern of in the temperate of the southern are a in and marine may of the has that the marine of and that in the and the that their the same the has a of the areas of and are the and In to the of of the in the are in In the of the appear to be of this is for the temperate waters of is of a from the North Pacific to some from the North of the have become in the Antarctic and In is a of organisms that by the of the from by the and Over the the world has been by phyletic that have in the tropics. would be a to that this been the In history have been when the marine was to at the of the and The extinction at the of the when of all marine and than of the species The other extinction in of the marine species to are to have place of The have been to as and that the is the and is that the at the of the at the of the extinction evolutionary is important to that the the and of the of is the of and and the of and The that was by organisms from and other of by to a of the evolutionary to the to the centres of origin have for some time, the of new species and The of the be by to the has the to from the extinction In the all of the to of for the from all of the a of Although have that the have been a of evolutionary the of the has The the in of evolutionary the of marine on the of the contemporary marine The of the in of and considerable this important of living marine organisms they The that are in the have been a by the of are in species in the of the The of marine have their of species a comparatively formed by the the and this East Indies is a in species that is In the the is less than that for the other the and is a the of the tropics. the of the and of the is that of on marine that have and that the of the from the East is that of the evolutionary some have from the East has been in to the of and of In the some have as a phyletic new species at the that the species of the centre and that their the In the the has been is that by species are may be that in all a appears in the East The of the to the and of the are a that have been to these have been the that a extinction to of the The of extinction its in the East and from their centre of The is that by the of genetic species from in a in genetic that the in species the Pacific of the from and genetic that the East Indies was the place of origin for their that these for the that the East Indies has been as a centre of evolutionary still the of the evolutionary centre be in the East Indies of some other of the tropics. are that to the history of the East Indies that the in the of and the of and little in the East Indies the The assemblage has been in the of in In their of in the the of species from and North to in the was a in the of the the centre in the East Indies was that the and of the centre was in that of the that from and North to for the of the in the the to the and the and the The that was in the as the was the continuing of to the of the and the of The of these and the may be the and the other its the East Indies to a in evolutionary has been that the by is to centres of that species are by In would have the species from the that of species would in a be a as to the The of was in on centres of origin was that species from centres and that place in areas to that of evolutionary are place that may be in of a phyletic and that is Over the may be as the that place when a new species from its place of origin and in new place when a new species less to its place of origin and in evolutionary Each of the would appear to be The of species indicates the of a centre of origin and the a of from that In to the may that the East Indies appears to be the place of origin for a of dynamic that appear to the ocean. are by a from the East The of these is the are is a in in which the the from the East of some that the East species to be the extinction appear to in the East and a of genetic extends of species from the East Indies the would and the that have been The that these and as they the of the centre of origin hypothesis. species that are in the centre be to that are less in a genetic the and that the of the East Indies extends the of the the from the other are the East Pacific that and the and the of and of species have the to in the and is no of in the the that the has been to from the the the other of the appear to as species have been to the of to in the to have been no from the to the the of the in than species of organisms have in the less than a have the the of the other three and is the to the of the and a of the are all in the and are in the the and some of the older the of the East Indies as a centre of origin some The of older place in the that was formed in the when the from At the was by the the North become and the of the to a time, a the and In the the of the become and and North and ocean the the contemporary The from the In the the of the was from that of the by a that may have the The of this marine is by its of the At the same time, the as a North and the of and The may have been from a by the in that place the of the The of the in the the of the marine then to in place by the The of that the of the a on the of the that all of the species the of the at those The indicates a extinction of a that to the The was by that a in the than in the the to of the at in the is the that has the species is less than be from its of the species of and of some of the the in the The appears to the the have that are to of the is its of the other the of the has of species that are to species to to on of is a of species of that have the by the of that the is still in the of from The of the may have been the the of have in that in the have capable of the to the and that species in the are capable of invading the appears that the has been as a centre of as a centre has been to the the other three has been in for a of the East Indies to be the centre of origin for the marine then the be a centre of Antarctic the of the of the first some The when of to The new the of the that has in the marine The external of the Antarctic to the has been species in the have to to the waters of the of these are when their Antarctic that they have been species as some and have their much species have all the to the The external has been in the that the of the is to that the ocean and is a in to the that a of organisms to that The waters Antarctica have to be to a of and as some and are that have a place for that have from the North the Antarctic a is a centre of origin that to other areas at the same time, is a for and In the North and place that the of the North Pacific and the in the the of the the North Pacific organisms and a new to some are that the to the to become may have as as At the may have been and appears that the was and the The of the a the North Pacific and the the North Pacific that was to a much as than the species from the The was a in the of the of the little in the and a by a The from the and from the of the In the North Pacific and in the North new on of ocean. new in the may be by a at the species have a of species that in and from their in the North Pacific have considerable of species to the southern of the species that to the the by of of from in southern waters in the to become important of the Antarctic and their have been a the when the than they are for of the they the of the world ocean. are important in which the have the and of marine and the have been a of evolutionary by the of new of marine appear in become for of and are then to of the to in to is the of on the and the of the and other the in and has been that the of in has been by in that undergo changes to The in which the have the of the marine world is by the of that of and has been the origin of and is is centre of for these and that is the East Indies the is a centre of origin that is those species that as the to give rise to phyletic to new and from the of the to the other is for species of East Indies origin to other In species have The of is by of in the world the are by a The and are by their have species The are in the the The of of the species are they to and In some as southern and the the of species in the to the of the In of the world is a the and The organisms to that are to be older and than their is that considerable in evolutionary from the the of the and that from is for the the of the North Pacific is The and the waters of the southern are of considerable evolutionary they and that in the tropics. of the are in the temperate In the areas of and has a of and The temperate species and to these appear to be that have a long of the other in southern are and those of North Pacific origin are appears that the of the southern has from three the Antarctic centre of of southern and and of of the species that by the The that living organisms in the are of a dynamic system that is by evolutionary centres of species are from they they other species that are less less in a genetic The is as a species its is to as they become may give rise to and the as they Over time, these changes in of and other that from centres of The and of the centres is the that for the been in the East that time, has been the of a of that have been and in the by a from the The are by changes in species extinction and genetic the of the from the East have the East Pacific to the the of to the and the to the Although has been for species from the to other they have and the That is those a In a in the southern of some have been to and are and have been on for the The the has the and the the centre of origin was in the formed in and in of and the by the to In other centres of origin as evolutionary as the East Indies That in the centres may have been for the a of the at may have been than have and The North Pacific is the of the centre of origin that of the was formed its the of the the The the changes in the of that The in the North Pacific The North Pacific centre has a on the and waters of the southern of the by organisms that capable of the by of to and The Antarctic a of evolutionary for and a for from the North a centre of species to the and its external is in the from the a to the and areas in of the The that the marine system in are the three centres of the East the North Pacific and the from the constant of species spread and they that be as in genetic and recent have of a of species be to the of a The of a its of has to that this of has been of evolutionary Yet the place of origin of the the for its In centres of origin the and are to be of considerable The evolutionary that is in centres of In the areas of that the centres species than the in is to at a than The is that species to be in the centres than formed species have that are in the centres by of genetic are the that to the system to of for from the of in that has been in the of at the of are in evolutionary and and in the of and and is other in the of a to be of be by the of",https://doi.org/10.1046/j.1365-2699.2003.00810.x,2003-01-01,2003,21.092718,35.0033,326,,,article,FALSE,FALSE,closed,NA,FALSE,Journal of Biogeography,https://openalex.org/S138151673,0305-0270,https://openalex.org/P4310320595,Wiley,https://doi.org/10.1046/j.1365-2699.2003.00810.x,NA,NA,publishedVersion,,79,,,,,FALSE,FALSE,en,,,,,1,18,30,1
https://openalex.org/W3080115326,"Late Holocene variation in the Hard prey remains and stable isotope values of penguin and seal tissues from the Danger Islands, Antarctica","Late Holocene variation in the Hard prey remains and stable isotope values of penguin and seal tissues from the Danger Islands, Antarctica",,NA,https://doi.org/10.1007/s00300-020-02728-w,2020-08-24,2020,20.065117,0.3213,4,,,article,FALSE,TRUE,green,https://digitalcommons.lsu.edu/oceanography_coastal_pubs/320,TRUE,Polar Biology,https://openalex.org/S196656238,0722-4060,https://openalex.org/P4310319900,Springer Science+Business Media,https://doi.org/10.1007/s00300-020-02728-w,NA,NA,publishedVersion,,67,,,,,FALSE,FALSE,en,,,,,1571,1582,43,10
https://openalex.org/W4407483944,"The importance of krill in the diet of the Antarctic fur seal Arctocephalus gazella from Stranger Point (Isla 25 de Mayo/King George Island), South Shetland Islands","The importance of krill in the diet of the Antarctic fur seal Arctocephalus gazella from Stranger Point (Isla 25 de Mayo/King George Island), South Shetland Islands",,NA,https://doi.org/10.1007/s00300-025-03363-z,2025-02-13,2025,18.579172,1.6687,1,,,article,FALSE,TRUE,green,http://hdl.handle.net/11336/273837,TRUE,Polar Biology,https://openalex.org/S196656238,0722-4060,https://openalex.org/P4310319900,Springer Science+Business Media,https://doi.org/10.1007/s00300-025-03363-z,NA,NA,publishedVersion,,59,,,,,FALSE,FALSE,en,,,,,NA,NA,48,2
https://openalex.org/W4245004028,"Hunting and social behaviour of leopard seals (Hydrurga leptonyx) at Seal Island, South Shetland Islands, Antarctica","Hunting and social behaviour of leopard seals (Hydrurga leptonyx) at Seal Island, South Shetland Islands, Antarctica",,"The hunting behaviour of leopard seals Hydrurga leptonyx was monitored opportunistically at Seal Island, South Shetland Islands, during the austral summers from 1986/87 to 1994/95. Leopard seals used several methods to catch Antarctic fur seal pups Arctocephalus gazella and chinstrap penguins Pygoscelis antarctica, and individuals showed different hunting styles and hunting success. One to two leopard seals per year were responsible for an average of 60% of observed captures of fur seal pups. Leopard seals preyed on penguins throughout the summer, but preyed on fur seal pups only between late December and mid-February. Hunting behaviour differed significantly between different locations on the island; fur seals were hunted only at one colony, and penguins were hunted in several areas. The relative abundance of prey types, size of prey in relation to predator, and specialization of individual leopard seals to hunt fur seal prey probably influence individual prey preferences among leopard seals. On five occasions, two leopard seals were seen together on Seal Island. Possible interpretations of the relationship between the inter-acting leopard seals included a mother–offspring relationship, a consorting male–female pair, and an adult leopard seal followed by an unrelated juvenile. In two incidents at Seal Island, two leopard seals were observed interacting while hunting: one seal captured fur seal pups and appeared to release them to the other seal. Observations of leopard seals interacting during hunting sessions were difficult to confirm as co-operative hunting, but they strongly implied that the two seals were not agonistic toward one another. The hunting success of individual leopard seals pursuing penguins or fur seals is probably high enough for co-operative hunting not to become a common hunting strategy; however, it may occur infrequently when it increases the hunting productivity of the seals.",https://doi.org/10.1017/s0952836999009097,1999-09-01,1999,17.96365,0,2,,,article,FALSE,FALSE,closed,NA,FALSE,Journal of Zoology,https://openalex.org/S44571845,0952-8369,https://openalex.org/P4310320595,Wiley,https://doi.org/10.1017/s0952836999009097,NA,NA,publishedVersion,,0,,,,,FALSE,FALSE,en,,,,,97,109,249,1
https://openalex.org/W4401008695,Postsealing genetic variation and population structure of two species of fur seal (Arctocephalus gazella and A-tropicalis),Postsealing genetic variation and population structure of two species of fur seal (Arctocephalus gazella and A-tropicalis),,"Commercial sealing in the 18th and 19th centuries had a major impact on the Antarctic and subantarctic fur seal populations (Arctocephalus gazella and A. tropicalis) in the Southern Ocean. The intensive and unrestricted nature of the industry ensured substantial reductions in population sizes and resulted in both species becoming locally extinct at some sites. However, both species are continuing to recover, through the recolonization of islands across their former range and increasing population size. This study investigated the extent and pattern of genetic variation in each species to examine the hypothesis that higher levels of historic sealing in A. gazella have resulted in a greater loss of genetic variability and population structure compared with A. tropicalis. A 316-bp section of the mitochondrial control region was sequenced and revealed nucleotide diversities of 3.2% and 4.8% for A. gazella and A. tropicalis, respectively. There was no geographical distribution of lineages observed within either species, although the respective Î¦(ST) values of 0.074 and 0.19 were significantly greater than zero. These data indicate low levels of population structure in A. gazella and relatively high levels in A. tropicalis. Additional samples screened with restriction endonucleases were incorporated, and the distribution of restriction fragment length polymorphism (RFLP) and sequence haplotypes were examined to identify the main source populations of newly recolonized islands. For A. tropicalis, the data suggest that Macquarie Island and Iles Crozet were probably recolonized by females from Marion Island, and to a lesser extent Ile Amsterdam. Although there was less population structure within A. gazella, there were two geographical regions identified: a western region containing the populations of South Georgia and Bouvetoya, which were the probable sources for populations at Marion, the South Shetland and Heard Islands; and an eastern region containing the panmictic populations of Iles Kerguelen and Macquarie Island. The latter region may be a result of a pronounced founder effect, or represent a remnant population that survived sealing at Iles Kerguelen.",NA,2000-01-01,2000,17.962034,0,5,,,article,FALSE,TRUE,green,https://figshare.com/articles/journal_contribution/Postsealing_genetic_variation_and_population_structure_of_two_species_of_fur_seal_Arctocephalus_gazella_and_A-tropicalis_/22839638,TRUE,SPIRE - Sciences Po Institutional REpository,https://openalex.org/S4406922466,NA,NA,NA,https://hal.science/hal-00193623,NA,NA,submittedVersion,,0,,,,,FALSE,FALSE,en,,,,,NA,NA,NA,NA
https://openalex.org/W4406150630,Viral diversity in stool samples of fur seals from Antarctica using metagenomic shotgun,Viral diversity in stool samples of fur seals from Antarctica using metagenomic shotgun,,NA,https://doi.org/10.1007/s00300-024-03334-w,2025-01-07,2025,15.677299,1.8359,1,,,article,FALSE,FALSE,closed,NA,FALSE,Polar Biology,https://openalex.org/S196656238,0722-4060,https://openalex.org/P4310319900,Springer Science+Business Media,https://doi.org/10.1007/s00300-024-03334-w,NA,NA,publishedVersion,,66,,,,,FALSE,FALSE,en,,,,,NA,NA,48,1
https://openalex.org/W4304193026,"The relevance of fish in the summer diet of the Antarctic fur seal (Arctocephalus gazella) at Hope Bay, Antarctic Peninsula and Stranger Point, South Shetland Islands","The relevance of fish in the summer diet of the Antarctic fur seal (Arctocephalus gazella) at Hope Bay, Antarctic Peninsula and Stranger Point, South Shetland Islands",,"Abstract The fish incidence, particularly notothenioids and myctophids, in the diet of non-breeding male Arctocephalus gazella in the western Antarctic Peninsula (AP) region is scarcely known. We made a comparative diet analysis on 158 faecal samples collected in summer 2005 at Hope Bay (HB), AP and at Stranger Point (SP), South Shetland Islands (SSI). The occurrence of Antarctic krill Euphausia superba and fish as prey was similar at HB, whereas krill was predominant at SP. For each fish species identified based on the otoliths found, their relative importance in the diet was evaluated using the IRI index. Notothenioid fish prevailed at HB : Pleuragramma.antarctica was the most important prey followed by Chaenodraco wilsoni . Contrarily, myctophids predominated at SP : Gymnoscopelus nicholsi and Electrona antarctica were the dominant prey. Both benthopelagic and pelagic fish species were represented at HB, while the latter were more important at SP; we suggest that seals from SP are foraging in pelagic strata, while at HB their habitat includes benthic and pelagic environments. Demersal nototheniid species were scarcely represented and only at HB, which might be related to a preference of fur seals on the more abundant pelagic prey there. At SP, the absence of demersal nototheniid otoliths in the faeces could be linked to the historical finfish fisheries that took place in the SSI area. On fish species consumption, there was a higher diversity at SP in comparison with HB but a low overlap between these sites. Our findings are compared with studies from localities of the AP and the Scotia Arc.",https://doi.org/10.21203/rs.3.rs-2133125/v1,2022-10-11,2022,15.399915,NA,1,,,preprint,TRUE,TRUE,green,https://www.researchsquare.com/article/rs-2133125/latest.pdf,TRUE,Research Square,https://openalex.org/S4306525896,NA,NA,NA,https://doi.org/10.21203/rs.3.rs-2133125/v1,https://www.researchsquare.com/article/rs-2133125/latest.pdf,cc-by,acceptedVersion,,60,,,,,FALSE,FALSE,en,,,,,NA,NA,NA,NA
https://openalex.org/W4283030003,"Penguins past and present: Trace elements, stable isotopes, and population dynamics in Antarctic and sub-Antarctic penguins and seals","Penguins past and present: Trace elements, stable isotopes, and population dynamics in Antarctic and sub-Antarctic penguins and seals",,"Antarctica and the sub-Antarctic are remote regions where the impacts from climate change and anthropogenic activities are increasingly apparent. Previous studies show that the Antarctic is warming and has been affected by anthropogenic contaminants. Marine predators such as penguins and seals are commonly used in these regions as sentinels of ecosystem health as predator tissues can be used as non-invasive proxies of diet, population trends, and contaminant exposure. This thesis includes two separate studies which investigate the influence of climate change and human activity on Antarctic and sub-Antarctic ecosystems. First, Adelie penguin (Pygoscelis adeliae) eggshell samples were collected from four distinct regions of the Antarctic peninsula and analyzed for 12 heavy metals. Results were compared by geographic location, human activity, and trophic level differences to delineate drivers of variation. The main significant factors were geographic location and foraging; the influence of human presence was not an apparent driver, except for Zn. The toxic heavy metals As and Al were present in all samples suggesting ecosystem wide contamination, but Cd and Pb were widely undetectable. These results provide a baseline for future study of heavy metal exposure in Antarctic penguins using eggshell. Second, sediment cores were collected from two distinct sites on South Georgia Island, a sub-Antarctic island home to two key marine predators, the King Penguin (Aptenodytes patagonicus) and Antarctic fur seal (Arctocephalus gazella). Populations dynamics of these species have been affected by human exploitation and warming climate over the past two centuries, but records are sporadic. The sediment cores were determined to represent a 150-170 year time series. Dated sections were analyzed for total carbon (TN%), total nitrogen (TN%), δ13C, δ15N, and enumeration of biological remains (seal hairs and penguin feathers). These proxies of penguin and seal abundance were correlated with known changes in King Penguin populations since the early 1900s. These results provide details regarding the timing of penguin and seal recovery from exploitation concurrent with recent glacial retreat. This study validates the use of sediment cores as proxies for historical penguin and seal abundance on sub-Antarctic islands, allowing better management of these populations as the region continues to experience environmental change.",https://doi.org/10.31390/gradschool_theses.5351,2021-04-26,2021,14.336666,NA,1,,,dissertation,TRUE,TRUE,gold,https://repository.lsu.edu/cgi/viewcontent.cgi?article=6409&context=gradschool_theses,TRUE,NA,NA,NA,NA,NA,https://doi.org/10.31390/gradschool_theses.5351,https://repository.lsu.edu/cgi/viewcontent.cgi?article=6409&context=gradschool_theses,NA,publishedVersion,,147,,,,,FALSE,FALSE,en,,,,,NA,NA,NA,NA
https://openalex.org/W1509551155,Acoustic and ecological investigations into predator-prey interactions between Antarctic krill (Euphausia superba) and seal and bird predators,Acoustic and ecological investigations into predator-prey interactions between Antarctic krill (Euphausia superba) and seal and bird predators,,"1. Antarctic krill (Euphausia superba) form aggregations known as swarms that vary greatly in size and density. Six acoustic surveys were conducted as part of multidisciplinary studies at two study sites, the western and eastern core boxes (WCB and ECB), during the 1997, 1998 and 1999 austral summers, at South Georgia. A quantitative, automated, image processing algorithm was used to identify swarms, and calculate swarm descriptors, or metrics. In contrast to acoustic surveys of aggregations of other pelagic species, a strong correlation (r = 0.88, p = 0.02, 95% C.I.= 0.24 to 0.99) between the number of krill swarms and the mean areal krill density [rho.hat] was found. Multivariate analysis was used to partition swarms into three types, based on contrasting morphological and internal krill density parameters. Swarm types were distributed differently between inter-surveys and between on and off-shelf regions. \n\nThis swarm type variation has implications for krill predators, by causing spatial heterogeneity in swarm detectability, suggesting that for optimal foraging to occur, predators must engage in some sort of adaptive foraging strategy. \n\n2. Krill predator-prey interactions were found to occur at multiple spatial and temporal scales, in a nested, or hierarchical structure. At the largest inter-survey scale, an index of variability, I, was developed to compare variation in survey-scale predator sightings, sea temperature and [rho.hat]. Using I and a two-way ANOVA, core box, rather than year, was found to be a more important factor in determining species distribution. The absence of Blue-petrels (Halobaena caerulea) and the elevated number of Antarctic fur seals (Arctocephalus gazella) suggest that 1998 was a characterised by colder than average water surrounding South Georgia, and a high [rho.hat] in the ECB. At the smaller, intra-survey scales (&lt;80 km, &lt;5 day), the characteristic scale (distances in which \npredator group size, or krill density were similar, L_s) were determined. For krill and predators L_s varied by survey and the L_s of krill also varied by depth within a survey. Overlap in L_s were stronger between predator species than between a predator species and krill, indicating predators were taking foraging cues from the activity of predators, rather than from the underlying krill distribution. No relationship was found between swarm characteristics and predator activity, suggesting either there is no relationship between krill swarms and predators, or that the predator and acoustic observation techniques may not be appropriate to detect such a relationship.\n\n3. To overcome the 2-D sampling limitations of conventional echosounders, a multibeam echosounder (MBE) observed entire swarms in three-dimensions. Swarms found in the nearshore environment of Livingston Island situated in the South Shetland Islands, exhibited only a narrow range of surface area to volume ratios or roughnesses (R = 3.3, CV = 0.23), suggesting that krill adopt a consistent group behaviour to maintain swarm shape. Generalized additive models (GAM) suggested that the presence of air-breathing predators influenced the shape of a krill swarm (R decreased in the presence of predators: the swarm became more spherical). A 2D distance sampling framework was used to estimate the abundance, N, and associated variance of krill swarms. This technique took into account angular and range detectability (half-normal, [sigma_r.hat] = 365.00 m, CV = 0.16) and determined the vertical distribution of krill swarms to be best approximated by a beta-distribution ([alpha.hat] = 2.62, [CV.hat] = 0.19; [beta.hat] = 2.41, [CV.hat] = 0.15), giving the abundance of swarms in survey region as [N.hat] = 5,062 ([CV.hat] = 0.35). This research represents a substantial contribution to developing estimation of pelagic biomass using MBEs.\n\n4. When using a single- or split-beam missing pings occur when the transmit or receive cycles are interrupted, often by aeration of the water column, under the echosounder transducer during rough weather. A thin-plate regression spline based approach was used to model the missing krill data, with knots chosen using a branch and bound algorithm. This method performs well for acoustic observations of krill swarms where data are tightly clustered and change rapidly. For these data the technique outperformed the standard MGCV GAM, and the technique is applicable for estimating acoustically derived biomass from line transect surveys.",NA,2008-11-27,2008,13.261906,NA,1,,,dissertation,TRUE,TRUE,green,http://hdl.handle.net/10023/579,TRUE,UPT. Syiah Kuala University Library (Syiah Kuala University),https://openalex.org/S4377196378,NA,https://openalex.org/I187494767,Universitas Syiah Kuala,http://hdl.handle.net/10023/579,http://hdl.handle.net/10023/579,NA,submittedVersion,,0,,,,,FALSE,FALSE,en,,,,,NA,NA,NA,NA
https://openalex.org/W4320056158,Observations on Marine Mammals and Seabirds in the Antarctic: Ecological Fingerprints of Seaside Distributions during the 79th Voyage of the R/V Akademik Mstislav Keldysh,Observations on Marine Mammals and Seabirds in the Antarctic: Ecological Fingerprints of Seaside Distributions during the 79th Voyage of the R/V Akademik Mstislav Keldysh,,"A survey of the expedition on the R/V Akademik Mstislav Keldysh in the waters south of the southernmost tip of Argentina, in the Drake Passage, as well as in the vicinities of the Antarctic Peninsula, the Scotia Sea, and the northern part of the Weddell Sea, was undertaken during two trips: January 16–February 6 (hereafter, January) and February 8–March 3 (hereafter, February), 2020. We propose a new method for analyzing the results of ecological studies and, based on this method, present new information on the ecology and spatial distribution of marine mammals and seabirds of the Antarctic. A number of marine mammal and seabird species showed similar ecological fingerprints, indicating their similar spatial distributions and the same relations to the environmental conditions regardless of their systematic position. The fin whale, the humpback whale, the snow petrel, the Adélie penguin, the Antarctic petrel, and the southern fulmar showed similar specific patterns of ecological fingerprints in January, showing the association of these species to the sea areas with icebergs and/or cut ice. In February, the allocation of the whale species to icy areas weakened what was mirrored in their ecological fingerprints, while all the above-mentioned bird species still preserved this association. The ecological fingerprints clearly circumscribe the broadness of the abiotic ecological niche occupied by individual species or species clusters. Ecological fingerprints are capable of showing changes in species distribution areas in certain periods (the southern royal albatross), in the strategy of the area usage patterns (the Antarctic fur seal), as well as in other ecological features, including those not yet considered.",https://doi.org/10.1134/s1062359022080088,2022-12-01,2022,10.537632,0.3895,2,,,article,FALSE,FALSE,closed,NA,FALSE,Biology Bulletin,https://openalex.org/S4210230782,1062-3590,https://openalex.org/P4310320267,Pleiades Publishing,https://doi.org/10.1134/s1062359022080088,NA,NA,publishedVersion,,17,,,,,FALSE,FALSE,en,,,,,1244,1259,49,8
https://openalex.org/W3162147025,"Ecosistema marino del estrecho de Bransfield, bahía Almirantazgo y alrededores de las islas Joinville y Elefante. ANTAR XXII, 2014","Ecosistema marino del estrecho de Bransfield, bahía Almirantazgo y alrededores de las islas Joinville y Elefante. ANTAR XXII, 2014",,"In the austral summer 2014, the Instituto del Mar del Peru developed the scientific XXII Peru Campaign to Antarctica, XXII ANTAR, aboard the BIC Humboldt. The results of research on the Antarctic marine ecosystem disclose the interrelationships between Antarctic krill (Euphausia superba), wildlife and accompanying flora, predators and oceanographic conditions prevailing in the middle. The sea surface temperature varied between -1.5 and 1.6 °C, associated with cold waters of the Weddell Sea, oxygen ranged between 5.3 and 8.24 mL/L. The phytoplankton community was composed of diatoms (i) central: Corethron criophilum, Proboscia alata and Rhyzosolenia styliformis; (ii) pennatales, with more frequent genres like Fragilaria sp., Fragilariopsis sp., Navicula sp. and Pseudo-nitzschia. The most important species of copepods zooplankton community were Calanoides acutus, Metridia gerlachei and Rhincalanus gigas, the quetognato Sagitta sp. and euphausiid Thysanoessa macrura. The pelagic community was dominated by krill E. superba (94.7%), followed by Salpa thompsoni (3.6%), and scyphozoas jellyfish Desmonema sp. and Peryphylla peryphylla (1.34%). Catching fish and ice lantern fish belonging to the families Channichthyidae, Paralepididae and Myctophidae was recorded. Antarctic marine biodiversity verified at depths between 90 and 161 m, was composed of 65 species belonging to 9 taxonomic groups. The dominant species in terms of relative abundance were: Asteroidea (Labidiaster annulatus, Pomachocrinus kerguelensis, Ophiuroidea 1), Teleostei (Notothenia gibberifrons, Chionodraco rastrospinosus and Chaenocephalus aceratus), Tunicata (Styela rotunda), Polychaeta (Phyllodocidae) Porifera (Sponge) Nudibranchia (Doris sp.), Cephalopoda (Paraledone sp., Eledone sp.), Cnidara (gorgonians) and Isopoda (Natatolona sp.). 25 species of seabirds belonging to 3 orders and 8 families were recorded, the most abundant species petrel (Daption capense), followed by petrel silver (Fulmarus glacialoides) and chinstrap (Pygoscelis antarctica) and 7 species marine mammals, belonging to 2 orders and 3 families, represented by observations of cetaceans (75.96%) and pinnipeds (24.04%). Among the cetaceans, they highlighted the humpback whale Megaptera novaeangliae, the fin whale Balaenoptera physalus, B. borealis and B. bonaerensis. Among the pinnipeds, Arctocephalus gazella was the most prevalent species. Wide distribution of krill in the study area were recorded, the largest acoustic densities (>1000 m/mn²) were observed around the Elephant and Joinville Islands; while lower acoustic densities (250-1000 m²/mn²) was recorded in the Bransfield Strait. One hydroacoustic biomass krill 7’330,574 t and 2’926,906 t by methods reflectivity (White Strength, TS) Stochastic Approximation Distorted Wave (SDWBA) and Greene, respectively estimated. These results were obtained greater than 2013 (876.367 t SDWBA method), mainly due to higher assessed area (Antar XXII, 21,071 nm2, 2014) compared to the previous season (Antar XXI, 8,040 nm2, 2013). The estimated around Elephant Island (4’569,039 t) biomass accounted for 62.3% of all existing biomass in the study area. High values of concentrations of Aromatic Hydrocarbons Total (HAT) and mercury in seawater in different areas Bransfield Strait, around Deception Island, south of Elephant Island and Admiralty Bay were recorded. High concentrations of mercury in samples of muscle tissue of fish N. gibberifrons (0.18 and 0.36 mg/kg) were observed.",NA,2016-12-30,2016,9.559248,0,1,,,article,FALSE,FALSE,closed,NA,FALSE,NA,NA,NA,NA,NA,https://repositorio.imarpe.gob.pe/bitstream/20.500.12958/3101/1/Boletin%2031%282%29-11.pdf,NA,NA,NA,,0,,,,,FALSE,FALSE,es,,,,,229,294,31,2
https://openalex.org/W4411541579,Individual Specialization in a Generalist Apex Predator: The Leopard Seal,Individual Specialization in a Generalist Apex Predator: The Leopard Seal,,"Apex predators are typically considered dietary generalists, which often masks individual variability. However, individual specialization-consistent differences among individuals in resource use or ecological role-is common in apex predators. In some species, only a few specialized individuals can significantly impact prey populations. Leopard seals (<i>Hydrurga leptonyx</i>) are apex predators important to the structure and function of the Southern Ocean ecosystem. Though broadly described as generalists, little is known about their trophic ecology at the population or individual level. We analyzed δ<sup>13</sup>C and δ<sup>15</sup>N profiles in whiskers (<i>n</i> = 46) from 34 leopard seals in the Western Antarctic Peninsula to assess trophic variation. We also evaluated individual consistency across years using repeat samples from 7 seals over 2-10 years. We compared population and individual isotopic niche space and explored drivers of intraspecific variation in leopard seal trophic ecology. We find that leopard seals have a broad trophic niche (range: 6.96%-15.21‰) and are generalists at the population level. However, most individuals are specialists (59% for δ<sup>15</sup>N and δ<sup>13</sup>C), with only a few generalists (13% for δ<sup>15</sup>N, 6% for δ<sup>13</sup>C). Individuals also specialize at different trophic levels. Most variation in trophic ecology is driven by individual specialization, but sex and mass also contribute. We also find that some seals specialize over time, consistently foraging at the same trophic level, while others switch within and between years. This suggests some seals may disproportionately impact prey, especially when specialists consistently target specific species. Long-term specialization by a few leopard seals likely contributed to the decline of the local Antarctic fur seal population. Our findings show the importance of examining individual specialization in leopard seals across their range to understand their impact on other prey populations. This approach should be applied to other apex predator populations, as a few specialists can significantly impact ecosystems.",https://doi.org/10.1002/ece3.71593,2025-06-01,2025,7.5239744,1.7193,1,,,article,TRUE,TRUE,gold,https://onlinelibrary.wiley.com/doi/pdfdirect/10.1002/ece3.71593,TRUE,Ecology and Evolution,https://openalex.org/S2482021738,2045-7758,https://openalex.org/P4310320595,Wiley,https://doi.org/10.1002/ece3.71593,https://onlinelibrary.wiley.com/doi/pdfdirect/10.1002/ece3.71593,cc-by,publishedVersion,,103,,,,,FALSE,FALSE,en,,,,,e71593,e71593,15,6
https://openalex.org/W4411037083,"Temporal variation in the summer diet of Arctocephalus gazella at Stranger Point, Isla 25 de Mayo/King George, South Shetland Islands","Temporal variation in the summer diet of Arctocephalus gazella at Stranger Point, Isla 25 de Mayo/King George, South Shetland Islands",,NA,https://doi.org/10.1007/s00300-025-03398-2,2025-06-04,2025,6.268276,0,0,,,article,FALSE,FALSE,closed,NA,FALSE,Polar Biology,https://openalex.org/S196656238,0722-4060,https://openalex.org/P4310319900,Springer Science+Business Media,https://doi.org/10.1007/s00300-025-03398-2,NA,NA,publishedVersion,,29,,,,,FALSE,FALSE,en,,,,,NA,NA,48,3
https://openalex.org/W4416594249,Genomic analyses reveal trans-generational haul out site fidelity in leopard seals,Genomic analyses reveal trans-generational haul out site fidelity in leopard seals,,"As top predators, leopard seals (Hydrurga leptonyx) have a key role in Southern Ocean ecosystems. For example, this species has driven the local collapse of Antarctic fur seals (Arctocephalus gazella) at Cape Shirreff, in the northern Antarctic Peninsula. However, little is known about leopard seal haul out site fidelity and social behavior. Here, we employ ""genomic tagging"" and relatedness analyses from a genome-wide single nucleotide polymorphism (SNP) dataset obtained from 88 leopard seal tissue samples to investigate patterns of seasonal haul out site fidelity and social structure at Cape Shirreff, a leopard seal hotspot during austral summers. Although many seals were observed only once, some females had remarkably high site fidelity returning to the same location across timeframes of up to eight years. Most leopard seals were unrelated, but we identified a trio of closely related females, including a mother-daughter pair, indicating that seasonal site fidelity can span generations. Interestingly, the mother leopard seal identified through our relatedness analyses is a foraging specialist that targets Antarctic fur seal pups; her diet changed very little over the past decade. Our findings suggest high individual variability in leopard seal behavior regarding site fidelity and social structure. Such flexibility may play a key role in this species' responses to environmental change.",https://doi.org/10.1038/s41598-025-25641-w,2025-11-24,2025,5.9952397,0,0,,,article,TRUE,TRUE,gold,https://www.nature.com/articles/s41598-025-25641-w.pdf,TRUE,Scientific Reports,https://openalex.org/S196734849,2045-2322,https://openalex.org/P4310319908,Nature Portfolio,https://doi.org/10.1038/s41598-025-25641-w,https://www.nature.com/articles/s41598-025-25641-w.pdf,cc-by-nc-nd,publishedVersion,,84,,,,,FALSE,FALSE,en,,,,,41627,41627,15,1
https://openalex.org/W7122751271,Occurrence and group size of seals in the Western Antarctica: Results from the 2023 VII Turkish Antarctic Research Expedition,Occurrence and group size of seals in the Western Antarctica: Results from the 2023 VII Turkish Antarctic Research Expedition,,"Antarctica offers a unique opportunity to study climate-related changes and ecological responses due to its remoteness and relatively undisturbed ecosystems. Pinnipeds, which are among the top predators in the Southern Ocean, are important bioindicators of environmental conditions. This study presents data on the distribution, species composition, and group sizes of pinnipeds observed during the VII Turkish Antarctic Research Expedition along the Western Antarctic Peninsula (WAP) in January–February 2023. The observations were conducted both from the research vessel BIO Hespérides and during land-based surveys at nine sites located in the islands off the Danco and Graham Coasts, at the north side of Marguerite Bay, in South Shetland Islands and Trinity Peninsula. A total of 70 sightings were recorded, including five pinniped species from the Phocidae and Otariidae families: southern elephant seals (Mirounga leonina), Weddell seals (Leptonychotes weddellii), leopard seals (Hydrurga leptonyx), crabeater seals (Lobodon carcinophaga), and Antarctic fur seals (Arctocephalus gazella). No Ross seals (Ommatophoca rossii) were sighted. Southern elephant seals sightings (n = 40) were the most frequently recorded, especially in the northern part of the study area, with one group comprising up to 250 individuals. Weddell seals (n = 16) were mostly sighted on the sea ice near Adelaide Island, while Antarctic fur seals (n = 8) were observed both on land and at sea, with one unusually large aggregation (approximately 1,000 individuals). Leopard seals (n = 3) and crabeater seals (n = 2) were observed in small numbers, mostly as solitary individuals or in small groups. These results contribute to the baseline knowledge of pinniped distribution patterns along the WAP and provide insights into regional population structures during the austral summer. The data are important for future ecological monitoring and understanding of species-specific responses to environmental changes in Antarctic ecosystems.",https://doi.org/10.5817/cpr2025-2-11,2026-01-11,2026,5.8284645,0,0,,,article,TRUE,TRUE,diamond,https://journals.muni.cz/CPR/article/download/42789/34941,FALSE,Czech Polar Reports,https://openalex.org/S2764658641,1805-0689,https://openalex.org/P4310314295,Masaryk University,https://doi.org/10.5817/cpr2025-2-11,https://journals.muni.cz/CPR/article/download/42789/34941,NA,publishedVersion,,67,,,,,FALSE,FALSE,NA,,,,,NA,NA,15,2
https://openalex.org/W7120761478,"Distribuition and occurency of pinnipeds in the Elephant Island, South Shetlands Islands, Antarctica, between 2005 and 2010 from aerial censuses","Distribuition and occurency of pinnipeds in the Elephant Island, South Shetlands Islands, Antarctica, between 2005 and 2010 from aerial censuses",,"Pinnipeds are marine mammals of the Carnivora order. Some species were close to the complete extinction due to predatory hunt for their skin and blubber. Conservation measures have been taken to avoid extinction and population monitoring is essential to evaluate how populations are responding along the years. Remote sensing, from satellite images and aerial photographs, allows the monitoring through individual counting without interfering directly in the animals. The main objective of this work is to analyze aspects of the demography and the distribution of pinnipeds in the Elephant Island, located northeast of the Antarctic Peninsula, in the South Shetlands Islands, during the Austral summer (November to March) in the years of 2005 to 2010, using aerial censuses performed around the Elephant Island. The aerial censuses photographs were taken from Squirrel helicopters of the Brazilian Navy flying at a constant speed, 30 to 50 meters height along the island s perimeter. The data were obtained by counting the individuals registered in the photographs. The counting of all censuses summed 27.592 individuals along the years. Due to the fact that it was not possible to cover the totality of the island s perimeter in all censuses, the distribution and occurrence were studied dividing the island into seven sectors along its total perimeter. In general, the species observed more frequently in all sectors were the Southern elephant seals (Mirounga leonina) and Antarctic fur seals (Artocephalus gazella). Even though other seals species such as the Weddell seal (Leptonychotes weddelli), the leopard seal (Hydrurga leptonyx) and the crabeater seal (Lobodon carcinophaga) registered to the Elephant Island exhibited low representativeness in their occupancy, their presence is constant in all censuses. Using the statistical technique Principal Coordinates Analysis, we notice that the occupancy pattern of the Elephant Island by the pinnipeds is related to the substrate present in the different sectors of the island and to the period of the Austral summer sampled. Southern elephant seals settle in sectors of sandy substrate and exhibit the largest occupation during the earlier months of summer (November and December), while Antarctic fur seals preferably settle in rocky substrates and its occupancy is larger during the latest months of summer (January to February). New breeding sites were described in particular for the Antarctic fur seals in so called sectors of Valentin and Piloto Pardo. Preliminary data taken from satellite images of Valentin sector corroborated the aerial photograph data and indicated that the Antarctic fur seals are the predominant species in this region. To our knowledge, this is the first study taken with aerial censuses data in the Elephant Island, and the results presented here have great use for the correct management and conservation politics for the pinnipeds.",NA,2015-05-15,2015,5.778136,NA,0,,,dissertation,TRUE,TRUE,green,http://repositorio.ufsm.br/handle/1/5331,TRUE,LA Referencia (Red Federada de Repositorios Institucionales de Publicaciones Científicas),https://openalex.org/S4306402641,NA,https://openalex.org/I4383465926,LA Referencia,http://repositorio.ufsm.br/handle/1/5331,http://repositorio.ufsm.br/handle/1/5331,other-oa,submittedVersion,,0,,,,,FALSE,FALSE,pt,,,,,NA,NA,NA,NA
https://openalex.org/W4386333973,"Number of the Most Abundant Marine Mammals Species in the Vicinities of the Antarctic Peninsula, Scotia Sea, and Powell Basin","Number of the Most Abundant Marine Mammals Species in the Vicinities of the Antarctic Peninsula, Scotia Sea, and Powell Basin",,"Abstract—Observations were conducted from the R/V Akademik Mstislav Keldysh in the Drake Passage, the vicinities of the Antarctic Peninsula, the Scotia Sea, and the northern Weddell Sea during two cruises in January–early March 2020 (cruise 79) and during a single cruise in January–February 2022 (cruise 87). The data make it possible to assess the number of the most abundant sea mammals in the area near the South Shetland Islands, Scotia Sea, and Powell Basin. The 2022 observation area in the Antarctic was located about 150 km east of the 2020 area. The survey area, which was a bit larger than 343 000 km2 in January–February 2020, hosted approximately 1200 humpback whales (Megaptera novaeangliae) and 2800 fin whales (Balaenoptera physalus). In 2022, this area hosted approximately 2500 fin whales and again more than 1200 humpback whales. The numbers of the Antarctic fur seals in each season here were assessed at approximately 2000–3000 animals. The type of distribution of these two whale species along the track of the vessel indicated the absence of intra- or interspecies food competition during the austral summers of 2020 and 2022. It was possible to evaluate the total numbers of Antarctic fur seal (Arctocephalus gazella); however, this assessment appeared less precise than the same ones for humpback and fin whales.",https://doi.org/10.1134/s0001437023040069,2023-08-01,2023,5.569479,0,0,,,article,FALSE,FALSE,closed,NA,FALSE,Oceanology,https://openalex.org/S59498126,0001-4370,https://openalex.org/P4310320267,Pleiades Publishing,http://dx.doi.org/10.1134/s0001437023040069,NA,NA,publishedVersion,,13,,,,,FALSE,FALSE,en,,,,,600,608,63,4
https://openalex.org/W4394957018,"Number of the Most Abundant Sea Mammal Species in the Vicinities of the Antarctic Peninsula, Scotia Sea and Powell Basin Area","Number of the Most Abundant Sea Mammal Species in the Vicinities of the Antarctic Peninsula, Scotia Sea and Powell Basin Area",,"Observations were conducted from the Research Vessel “Akademik Mstislav Keldysh” in the Drake Passage, vicinities of the Antarctic Peninsula, Scotia Sea and the northern part of the Weddel Sea during two voyages in January–early March 2020 (the vessel trip number 79) and during the single voyage in January–February 2022 (trip number 87). Data allow to evaluate the number of the most abundant sea mammals in the area near South Shetland Islands, Scotia Sea and Powell Basin. Observation area of 2022 in the Antarctic were located in about 150 km eastwards of the area of 2020. The area under survey of a little bit greater than 343 th. square km in January-February 2020 held approximately 1200 Humpback Whales (Megaptera novaeangliae) and 2800 Fin Whales (Balaenoptera physalus). In 2022 this area held approximately 2500 Fin Whales and again 1200 or more amount of Humpback Whales. Numbers of the Antarctic Fur Seals in each season here assessed approximately 2000-3000 animals. Type of distribution of these two whale species along the vessel track pointed on the absence of food competition either within or between these species during Antarctic summers of 2020 and 2022. It was possible to evaluate the total numbers of the Antarctic Fur Seal (Arctocephalus gazella), however this evaluation appeared to be less precise than the same ones for Humpback Whales and Fin Whales.",https://doi.org/10.31857/s0030157423040068,2023-07-01,2023,5.5326347,0,0,,,article,FALSE,FALSE,closed,NA,FALSE,Океанология,https://openalex.org/S51671208,0030-1574,https://openalex.org/P4310319820,MAIK Nauka/Interperiodica,http://dx.doi.org/10.31857/s0030157423040068,NA,NA,publishedVersion,,11,,,,,FALSE,FALSE,en,,,,,689,698,63,4
https://openalex.org/W7116851636,Marked population reduction in Antarctic fur seals challenges their Least Concern category,Marked population reduction in Antarctic fur seals challenges their Least Concern category,,NA,https://doi.org/10.2139/ssrn.5958155,2025-01-01,2025,5.2181597,NA,0,,,preprint,TRUE,TRUE,green,https://doi.org/10.2139/ssrn.5958155,TRUE,SSRN Electronic Journal,https://openalex.org/S4210172589,1556-5068,https://openalex.org/I1318003438,RELX Group (Netherlands),https://doi.org/10.2139/ssrn.5958155,NA,NA,acceptedVersion,,64,,,,,FALSE,FALSE,NA,,,,,NA,NA,NA,NA
https://openalex.org/W4412159592,"Enfoque ecológico y comparativo en el monitoreo de pinnípedos (Mammalia: Pinnipedia) en los alrededores de la Estación Científica Pedro Vicente Maldonado, Antártida","Enfoque ecológico y comparativo en el monitoreo de pinnípedos (Mammalia: Pinnipedia) en los alrededores de la Estación Científica Pedro Vicente Maldonado, Antártida",,"Monitoring of pinnipeds around the Pedro Vicente Maldonado Scientific Station (South Shetland islands, Antarctica) was conducted between 2010 and 2014 and resumed in 2023–2024 during the austral summers, focusing on four pinniped species: Arctocephalus gazella, Leptonychotes weddellii, Hydrurga leptonyx, and Mirounga leonina. This study examined population dynamics, spatial distribution, and substrate preferences, particularly for A. gazella. The data analyzed in this study were collected through fixed-width transect surveys across 11 transects (46.8 km in 2023 and 27.0 km in 2024), using direct observation and statistical tests (Wilcoxon, Kruskal-Wallis). A total of 604 pinnipeds were recorded (340 in 2023 and 264 in 2024), with A. gazella (295 individuals) and M. leonina (250 individuals) being the most abundant. Despite interannual fluctuations, the analyses did not reveal significant differences in abundance between years (Wilcoxon, p &gt; 0.05). However, A. gazella exhibited a notable increase (4.7 ind./km) in 2024. Substrate preferences varied among species, with A. gazella predominantly occupying soft substrates (χ² = 95.18, p &lt; 0.05), while M. leonina preferred very soft substrates (χ² = 188.36, p &lt; 0.001) compared to other species. Spatial segregation was observed among species (Kruskal-Wallis, H = 8.62, p = 0.03), with A. gazella concentrated on Barrientos and Robert Islands, and H. leptonyx on Torre Island. The results align with the need for continuous monitoring of these species and highlight the importance of considering potential factors, such as food availability and climatic conditions, that may influence different populations.",https://doi.org/10.59763/mam.aeq.v7i2.141,2025-07-10,2025,5.058636,0,0,,,article,TRUE,TRUE,hybrid,https://mammalia-aequatorialis.org/index.php/boletin/article/download/141/255,FALSE,Mammalia aequatorialis,https://openalex.org/S4387289909,2697-3286,NA,NA,https://doi.org/10.59763/mam.aeq.v7i2.141,https://mammalia-aequatorialis.org/index.php/boletin/article/download/141/255,cc-by,publishedVersion,,39,,,,,FALSE,FALSE,es,,,,,163,167,7,2
https://openalex.org/W2894183301,"Supplementary material from ""A global cline in a colour polymorphism suggests a limited contribution of gene flow towards the recovery of a heavily exploited marine mammal""","Supplementary material from ""A global cline in a colour polymorphism suggests a limited contribution of gene flow towards the recovery of a heavily exploited marine mammal""",,"Evaluating how populations are connected by migration is important for understanding species resilience because gene flow can facilitate recovery from demographic declines. We therefore investigated the extent to which migration may have contributed to the global recovery of the Antarctic fur seal (<i>Arctocephalus gazella</i>), a circumpolar distributed marine mammal that was brought to the brink of extinction by the sealing industry in the eighteenth and nineteenth centuries. It is widely believed that animals emigrating from South Georgia, where a relict population escaped sealing, contributed to the re-establishment of formerly occupied breeding colonies across the geographical range of the species. To investigate this, we interrogated a genetic polymorphism (S291F) in the melanocortin 1 receptor gene, which is responsible for a cream-coloured phenotype that is relatively abundant at South Georgia and which appears to have recently spread to localities as far afield as Marion Island in the sub-Antarctic Indian Ocean. By sequencing a short region of this gene in 1492 pups from eight breeding colonies, we showed that S291F frequency rapidly declines with increasing geographical distance from South Georgia, consistent with locally restricted gene flow from South Georgia mainly to the South Shetland Islands and Bouvetøya. The S291F allele was not detected farther afield, suggesting that although emigrants from South Georgia may have been locally important, they are unlikely to have played a major role in the recovery of geographically more distant populations.",https://doi.org/10.6084/m9.figshare.c.4248443.v2,2018-01-01,2018,4.107122,NA,0,,,article,TRUE,TRUE,green,https://doi.org/10.6084/m9.figshare.c.4248443.v2,TRUE,Figshare,https://openalex.org/S4377196282,NA,https://openalex.org/I4210132348,Figshare (United Kingdom),https://doi.org/10.6084/m9.figshare.c.4248443.v2,NA,cc-by,NA,,0,,,,,FALSE,FALSE,en,,,,,NA,NA,NA,NA
https://openalex.org/W7133768064,Deep Metagenomics Uncovers Functional Adaptations and Pathogenic Risks in the Gut Microbiome of Antarctic Fur Seals (Arctocephalus gazella),Deep Metagenomics Uncovers Functional Adaptations and Pathogenic Risks in the Gut Microbiome of Antarctic Fur Seals (Arctocephalus gazella),,NA,https://doi.org/10.21203/rs.3.rs-8441910/v1,2026-03-05,2026,3.8595517,NA,0,,,preprint,TRUE,TRUE,green,https://www.researchsquare.com/article/rs-8441910/latest.pdf,TRUE,Research Square,https://openalex.org/S4306525896,NA,NA,NA,https://doi.org/10.21203/rs.3.rs-8441910/v1,https://www.researchsquare.com/article/rs-8441910/latest.pdf,cc-by,acceptedVersion,,0,,,,,FALSE,FALSE,NA,,,,,NA,NA,NA,NA
https://openalex.org/W7140107478,"A 26‐Year Record of Seasonality and Interannual Variability in Marine Mammal Sightings From Northern Marguerite Bay, Antarctica","A 26‐Year Record of Seasonality and Interannual Variability in Marine Mammal Sightings From Northern Marguerite Bay, Antarctica",,"ABSTRACT Whales and seals are an important and often conspicuous component of the Southern Ocean pelagic fauna. Some species have been studied extensively, but almost exclusively in the austral summer, and winter data for any species are sparse. Here we report the results from a 26‐year record (1998–2023) of year‐round weekly observations of marine mammals in Ryder Bay, an inlet of northern Marguerite Bay on the western Antarctic Peninsula. Humpback Whales are summer visitors and can be present any time between December and May, though a few individuals may remain over winter. Minke Whales and Killer Whales are present year‐round, as are the three ice‐obligate phocid seals, Crabeater, Weddell and Leopard Seals. A few (1–12) Weddell Seal pups are born in most years. Southern Elephant Seals are seasonal visitors, with variable numbers hauled out to moult from November to June; a small number (1–6) of pups are born occasionally. Antarctic Fur Seals are present from February to June, often in large numbers, typically leaving once fast ice starts to form. All species were seen in pack‐ice concentrations ranging from open water to close pack, but none were seen once extensive fast ice developed. In those species that were present year‐round, sighting frequency was lower in winter than summer, suggesting a seasonal movement away from nearshore waters. Sighting frequency of Humpback Whales has increased over the study period, with whales arriving earlier by ~18 days per decade, and staying longer. Over the same period, sightings of Minke Whales have become less frequent, and those of Killer Whales more frequent. These changes are likely linked to shifts in ice dynamics driven by regional climate change along the western Antarctic Peninsula.",https://doi.org/10.1002/ece3.73317,2026-03-01,2026,3.7721422,0,0,,,article,TRUE,TRUE,gold,https://doi.org/10.1002/ece3.73317,TRUE,Ecology and Evolution,https://openalex.org/S2482021738,2045-7758,https://openalex.org/P4310320595,Wiley,https://doi.org/10.1002/ece3.73317,NA,cc-by,publishedVersion,,55,,,,,FALSE,FALSE,en,,,,,NA,NA,16,3
https://openalex.org/W4249465929,Southern Ocean Fisheries,Southern Ocean Fisheries,,NA,https://doi.org/10.1016/b978-0-12-409548-9.11636-7,2018-10-22,2018,2.7929876,0,0,,,book-chapter,FALSE,FALSE,closed,NA,FALSE,Elsevier eBooks,https://openalex.org/S4306463230,NA,https://openalex.org/P4310320990,Elsevier BV,https://doi.org/10.1016/b978-0-12-409548-9.11636-7,NA,NA,publishedVersion,,8,,,,,FALSE,FALSE,en,,,,,510,516,NA,NA
https://openalex.org/W2766160815,"The foraging ecology, diet, and mass estimation of an apex predator, the leopard seal (Hydrurga leptonyx), at Livingston Island, Antarctic Peninsula","The foraging ecology, diet, and mass estimation of an apex predator, the leopard seal (Hydrurga leptonyx), at Livingston Island, Antarctic Peninsula",,"Describing the foraging dynamics of apex predators is crucial to understanding ecosystem function and to effective conservation and management. Leopard seals are conspicuous apex predators in Antarctic coastal ecosystems; however, their foraging ecology is poorly understood. Likely due to a geographical redistribution driven by pack-ice habitat reduction in the western Antarctic Peninsula, leopard seals have been hauling out at Cape Shirreff with increasing frequency in recent years. Utilizing that rare access we implemented an integrated sampling design including morphometrics, biological samples, and bio-logger deployments in January and February between 2008 and 2014. Subsequently, we quantified foraging behavior using: k-means cluster (diving), time-local convex hulls (movement), Bayesian stable isotope mixing models (diet), and linear regression (mass estimation) analyses. While they are typically described as generalist apex predators, video, dive, and movement data suggest they employ specialized foraging patterns. They affect coastal ecosystems through pathways beyond direct predation, including intraspecific kleptoparasitism, predator-induced stress effects, facultative scavenging and food caching. Leopard seal diving behavior is concentrated at night, is both shallow and coastal, and is composed of four distinct dive types. Haul-out probabilities were highest near midday and were positively correlated with available daylight. Video, scat and stable isotope analyses indicate that their summer diet contains four prey groups: Antarctic fur seals, pygoscelid penguins, krill, and demersal notothen fishes. Finally, measurements of body size and mass are fundamental to pinniped population management and research. The recent proliferation of unmanned aerial systems (UAS) in wildlife monitoring has provided a promising new platform for the photogrammetry of free-ranging pinnipeds. Photogrammetric measurements from a single, vertical image obtained using UAS were as accurate as ground measures, and provide a noninvasive approach for estimating the mass and body condition of pinnipeds. This dissertation provides substantial insight into the hunting tactics, foraging behavior, and diet of large adult female leopard seals and provides a viable option for future monitoring.",NA,2016-01-01,2016,2.5651867,0,0,,,article,TRUE,TRUE,green,https://escholarship.org/uc/item/7mp1s7bw,TRUE,eScholarship (California Digital Library),https://openalex.org/S4306400115,NA,https://openalex.org/I2801248553,California Digital Library,https://escholarship.org/uc/item/7mp1s7bw,https://escholarship.org/uc/item/7mp1s7bw,NA,submittedVersion,,0,,,,,FALSE,FALSE,en,,,,,NA,NA,NA,NA
https://openalex.org/W2916798976,"Scientific investigations of the National Marine Mammal Laboratory, 1990","Scientific investigations of the National Marine Mammal Laboratory, 1990",,"Field research was carried out on Seal Island (60°59.5'S, 55°24.5'W), South Shetland Islands from 14 December 1989 to 27 February 1990. The main focus ofstudy was the ecology and population biology of Antarctic fur seals Arctocephalusgazella (Bengtson and others 1990a, b)and chinstrap Pygoscelis antarctica and macaroni Eudyptes chrysolophus penguins (Bengtson and others 1990a; Croll and others 1990). Analysis of stomach and fecal contents of live adult and sub-adult animals showed that krill were predominate in the diets of all three species, especially the penguins. Prey fed to penguin chicks by their parents contained 99% krill by weight. Thedietof fur seals varied from principally krill (62%), to fish (13%), to mixed krill and fish (25%). Traces of squid beaks were found in 15% of the fur seal stomach samples. Time-depth recorders and radio transm itters were attached to 14 fur seals, 10 macaroni penguins and 40 chinstrap penguins, to assess foraging behavior. Fur seals foraged at depths averaging 20—30 m, and the penguins 35–50 m. All three species swam to areas 11—100 km north of Seal Island to feed (water depths varied from 200 m to greater than 3000 m). These results are consistent with data collected in 1988 and 1989.",https://doi.org/10.1017/s0032247400020258,1992-01-01,1992,2.429624,0,0,,,article,FALSE,FALSE,closed,NA,FALSE,Polar Record,https://openalex.org/S118957039,0032-2474,https://openalex.org/P4310311721,Cambridge University Press,https://doi.org/10.1017/s0032247400020258,NA,NA,publishedVersion,,6,,,,,FALSE,FALSE,en,,,,,43,46,28,164
https://openalex.org/W2908070457,Presence of parasites in pinnipeds from the Antarctic Peninsula,Presence of parasites in pinnipeds from the Antarctic Peninsula,,"NOTA 520 8 The Antarctic region is the most isolated on earth. Recently, it has been recognised as a place worthy of very high standards of environmental protection. However, the constant human intromission and the worldwide environmental degradation have been identified as serious risks in the introduction and spread of diseases, exerting an influence on health of Antarctic wildlife. With regard to this topic, marine mammals have been described as prime sentinels of aquatic ecosystems. Pinnipeds are the most conspicuous marine mammal group in the Antarctic region and they might therefore provide an approach to evaluate the health of this singular ecosystem. Research in pinnipeds has resulted in a compilation of data of emerging and reemerging diseases, some of them caused by parasites. However, whereas the information is substantial in worldwide populations, in the Antarctic and the Sub Antarctic regions is currently limited. To contribute with further information and in response to the demands of the Antarctic Treaty System, the main objective of this Doctoral Thesis has been to evaluate health status of Antarctic pinnipeds through the investigation of the presence of relevant parasites in marine mammal populations. For this purpose, faecal and blood samples of the phocids Weddell seals, Crabeater seals, Leopard seals, Southern elephant seals and the otariid Antarctic fur seals from different locations along the Antarctic Peninsula and South Shetland Islands have been analysed. In the first part of the study, the presence of the systemic zoonotic protozoan parasite Toxoplasma gondii was investigated (Chapter 2). In marine mammals, infections with T. gondii cause morbidity and mortality and although the route of infection for these animals is not known, environmental contamination plays a crucial role. Exposure to T. gondii in different Antarctic pinnipeds was evaluated by means of a serological test. Antibodies were detected in all populations analysed although higher percentages and highest titres were found in Southern elephant seals and Weddell seals (76.9%, 1:400; and 41.9%, 1:800, respectively). The differences observed between animal species could be due to their different distribution and migratory ranges as well as their feeding habits. This is the first report on the detection of T. gondii in Antarctic marine mammals... RESUMEN. La Antartida esta considerada actualmente como el entorno mas aislado que existe, con caracteristicas geograficas y climatologicas unicas que la diferencian del resto del mundo. Sin embargo, este aislamiento es relativo, observandose una migracion constante de mamiferos y aves marinas, los cuales viajan hacia y desde la Antartida, pudiendo transportar agentes potencialmente patogenos. Igualmente, a traves de la historia, se ha producido un incremento de la actividad humana en la Antartida, que hoy en dia se debe fundamentalmente a actividades cientificas y turisticas. Por otro lado, se considera que los cambios medioambientales que se estan produciendo globalmente, pueden constituir tambien un riesgo inminente de introduccion y diseminacion de enfermedades, lo que puede ejercer una gran influencia sobre la fauna autoctona. Recientemente, el ecosistema Antartico ha sido formalmente reconocido a nivel mundial como un lugar digno de un nivel muy alto de proteccion medioambiental. Por este motivo, a raiz del ano Geofisico Internacional de 1957-58, se inicio la formulacion de lo que se denomino el Tratado Antartico, creado en 1959. Este tratado es un documento muy sencillo, en el que se establecen unas medidas basicas para la realizacion de actividades cientificas en la Antartida con especial atencion a la proteccion del medio ambiente Antartico y la salud de la fauna antartica. El Tratado Antartico, a traves del Comite Cientifico de Investigaciones Antarticas (SCAR) ha indicado que “es escasa la informacion que se tiene sobre las enfermedades propias de los animales antarticos”. Ademas, “...hay una gran necesidad de realizar estudios que permitan conocer la situacion sanitaria de las diferentes especies y poblaciones de animales que habitan el ecosistema antartico, con la finalidad de contribuir al conocimiento cientifico y orientar la creacion de medidas de administracion de los recursos vivos marinos de la Antartida”, insistiendo ademas en que “...es fundamental destinar esfuerzos para estimar la situacion sanitaria de las poblaciones naturales de vertebrados superiores de la Antartida, mediante su seguimiento periodico, como tambien, dimensionar su efecto sobre la dinamica poblacional de las especies afectadas y realizar estudios epidemiologicos de las enfermedades que los afectan. Tales estudios podran servir como un indicador de la accion humana en ese ecosistema y mejorar las medidas de prevencion de la potencial contaminacion biologica, desde o hacia la Antartida, que surgen a partir de las actividades domesticas del hombre en la Antartida...”...",NA,2013-03-19,2013,1.4407952,NA,0,,,dissertation,FALSE,FALSE,closed,NA,FALSE,NA,NA,NA,NA,NA,https://eprints.ucm.es/22236/1/T34547.pdf,NA,NA,NA,,0,,,,,FALSE,FALSE,en,,,,,NA,NA,NA,NA
https://openalex.org/W3118789415,32 An approach to in vitro oocyte maturation and fertilization in threatened Saharan Dorcas gazelle (Gazella dorcas osiris) using frozen-thawed epididymal sperm cells,32 An approach to in vitro oocyte maturation and fertilization in threatened Saharan Dorcas gazelle (Gazella dorcas osiris) using frozen-thawed epididymal sperm cells,,"The Dorcas gazelle (Gazella dorcas), in the family Bovidae, is one of the smallest species of the genus Gazella. Its population is decreasing and it is classified as vulnerable by the International Union of Conservation of Nature Red List of Threatened Species. The subspecies Saharan Dorcas gazelle (G. dorcas osiris), originating in the central-western Saharan and Sahel regions, is almost extinct in the wild because of over-hunting. Thereon, assisted reproductive techniques (ARTs) could help in its population management. Here, we performed in vitro maturation (IVM) of oocytes recovered from an adult female of Saharan Dorcas gazelle (10 years old) to attempt IVF with frozen-thawed epididymal sperm cells from an adult male (9 years old) of the same subspecies, following protocols for ARTs in cattle. Epididymal sperm was obtained after postmortem examination by cannulation of vas deferens with commercial semen extender Gent A (Minitub). Motility features were assessed using a computer-assisted sperm analysis system (Proiser SL), and viability was evaluated using eosin/nigrosin staining. After collection, viability (88.3%), total (17.8%) and progressive (8.7%) motility were assessed. A total of 820.5 × 106 sperm cells was obtained and diluted (1:1) in a semen extender with permeable cryoprotectants (Gent B, Minitub). Then, the sample was refrigerated in straws (200 × 106 mL−1; 0.5 mL) at 4°C for 1 h and exposed to liquid nitrogen vapors (LN2) for 10 min before being directly plunged into and kept on LN2. A total of 35 oocytes were recovered by slicing, 27 of which were selected for IVM (24 h, 38.5°C, 5% CO2 in humidified air). Motile sperm were obtained by centrifugation of thawed semen (10 min, 1000 × g) by performing a density gradient (BoviPure, Nidacon). Post-thawing viability (72.9%) and total (14%) and progressive (4%) motility were evaluated just before IVF. After IVM, 17 oocytes were incubated for IVF for 20 h with 1 × 106 thawed sperm cells mL−1 (although the first polar body extrusion was observed only in 5 of the 17 oocytes before IVF; 29.4%). Also, 7 oocytes selected for IVM were vitrified and kept for the genetic bank, and 3 were fixed. Thereafter, all oocytes that underwent IVF were incubated for in vitro embryo culture (38.5°C, 5% CO2, 5% O2 in humidified air) to avoid discarding any potential zygote. Cleavage was assessed at 48 h post-IVF. From those, only 2 oocytes successfully achieved IVF out of the 5 that showed first polar body extrusion (40%), although cleavage was asymmetric and embryos did not progress. The rest of oocytes (12) did not achieved IVM, IVF, or cleavage. Results suggest that optimal protocols and appropriate individualized conditions for vulnerable nondomestic ungulates are required for successful ARTs. Future efforts are needed to improve preservation strategies for the gametes/embryo conservation of endangered species. JG and MRC contributed equally to this work. JG is supported by AGAUR (2018 FI_B 00236) and MRC by FPU (Training for Academic Staff) (FPU15/06029).",https://doi.org/10.1071/rdv33n2ab32,2021-01-07,2021,1.1603746,0,0,,,article,FALSE,FALSE,closed,NA,FALSE,Reproduction Fertility and Development,https://openalex.org/S199941106,1031-3613,https://openalex.org/P4310320302,CSIRO Publishing,https://doi.org/10.1071/rdv33n2ab32,NA,NA,publishedVersion,,0,,,,,FALSE,FALSE,en,,,,,123,123,33,2
