id,title,display_name,authorships,abstract,doi,publication_date,publication_year,relevance_score,fwci,cited_by_count,counts_by_year,ids,type,is_oa,is_oa_anywhere,oa_status,oa_url,any_repository_has_fulltext,source_display_name,source_id,issn_l,host_organization,host_organization_name,landing_page_url,pdf_url,license,version,referenced_works,referenced_works_count,related_works,concepts,topics,keywords,is_paratext,is_retracted,language,sustainable_development_goals,awards,funders,apc,first_page,last_page,volume,issue
https://openalex.org/W3197382376,"Trends in relative abundance of fjord Notothenia rossii, Gobionotothen gibberifrons and Notothenia coriiceps at Potter Cove, south Shetland Islands, after commercial fishing in the area","Trends in relative abundance of fjord Notothenia rossii, Gobionotothen gibberifrons and Notothenia coriiceps at Potter Cove, south Shetland Islands, after commercial fishing in the area",,NA,NA,2000-01-01,2000,705.18646,1.9425,35,,,article,FALSE,FALSE,closed,NA,FALSE,NA,NA,NA,NA,NA,http://www.vliz.be/en/imis?module=ref&refid=4764,NA,NA,NA,,14,,,,,FALSE,FALSE,en,,,,,NA,NA,NA,NA
https://openalex.org/W1996676212,"Geographical distribution and abundance of postlarval and juvenile Pleuragramma antarcticum (Pisces, Notothenioidei) off the Antarctic Peninsula","Geographical distribution and abundance of postlarval and juvenile Pleuragramma antarcticum (Pisces, Notothenioidei) off the Antarctic Peninsula",,NA,https://doi.org/10.1007/bf00258262,1986-09-01,1986,616.1073,3.0579,59,,,article,FALSE,FALSE,closed,NA,FALSE,Polar Biology,https://openalex.org/S196656238,0722-4060,https://openalex.org/P4310319900,Springer Science+Business Media,https://doi.org/10.1007/bf00258262,NA,NA,publishedVersion,,19,,,,,FALSE,FALSE,en,,,,,111,119,6,2
https://openalex.org/W1515804423,"Ecology of inshore notothenioid fish from the Danco Coast, Antarctic Peninsula","Ecology of inshore notothenioid fish from the Danco Coast, Antarctic Peninsula",,NA,https://doi.org/10.1007/s00300-002-0463-y,2003-01-14,2003,562.6784,2.3472,64,,,article,FALSE,TRUE,green,http://sedici.unlp.edu.ar/handle/10915/139233,TRUE,Polar Biology,https://openalex.org/S196656238,0722-4060,https://openalex.org/P4310319900,Springer Science+Business Media,https://doi.org/10.1007/s00300-002-0463-y,NA,NA,publishedVersion,,21,,,,,FALSE,FALSE,en,,,,,157,165,26,3
https://openalex.org/W2076669069,"Interannual variability in the feeding of ice fish (Notothenioidei, Channichthyidae) in the southern Scotia Arc and the Antarctic Peninsula region (CCAMLR Subareas 48.1 and 48.2)","Interannual variability in the feeding of ice fish (Notothenioidei, Channichthyidae) in the southern Scotia Arc and the Antarctic Peninsula region (CCAMLR Subareas 48.1 and 48.2)",,NA,https://doi.org/10.1007/s00300-013-1363-z,2013-07-15,2013,559.65216,0.6708,22,,,article,FALSE,FALSE,closed,NA,FALSE,Polar Biology,https://openalex.org/S196656238,0722-4060,https://openalex.org/P4310319900,Springer Science+Business Media,https://doi.org/10.1007/s00300-013-1363-z,NA,NA,publishedVersion,,32,,,,,FALSE,FALSE,en,,,,,1451,1462,36,10
https://openalex.org/W2029256677,Food and feeding ecology of postlarval and juvenile Pleuragramma antarcticum (Pisces; Notothenioidei) in the seasonal pack ice zone off the Antarctic peninsula,Food and feeding ecology of postlarval and juvenile Pleuragramma antarcticum (Pisces; Notothenioidei) in the seasonal pack ice zone off the Antarctic peninsula,,NA,https://doi.org/10.1007/bf00443949,1987-08-01,1987,548.5018,3.6204,62,,,article,FALSE,FALSE,closed,NA,FALSE,Polar Biology,https://openalex.org/S196656238,0722-4060,https://openalex.org/P4310319900,Springer Science+Business Media,https://doi.org/10.1007/bf00443949,NA,NA,publishedVersion,,18,,,,,FALSE,FALSE,en,,,,,307,315,7,5
https://openalex.org/W2619051166,Changing status of three notothenioid fish at the South Shetland Islands (1983–2016) after impacts of the 1970–80s commercial fishery,Changing status of three notothenioid fish at the South Shetland Islands (1983–2016) after impacts of the 1970–80s commercial fishery,,NA,https://doi.org/10.1007/s00300-017-2125-0,2017-05-26,2017,464.90555,1.3743,30,,,article,TRUE,TRUE,bronze,https://link.springer.com/content/pdf/10.1007/s00300-017-2125-0.pdf,TRUE,Polar Biology,https://openalex.org/S196656238,0722-4060,https://openalex.org/P4310319900,Springer Science+Business Media,https://doi.org/10.1007/s00300-017-2125-0,https://link.springer.com/content/pdf/10.1007/s00300-017-2125-0.pdf,NA,publishedVersion,,28,,,,,FALSE,FALSE,en,,,,,2047,2054,40,10
https://openalex.org/W2002099758,Buoyancy studies of three morphs of the Antarctic fish Trematomus newnesi (Nototheniidae) from the South Shetland Islands,Buoyancy studies of three morphs of the Antarctic fish Trematomus newnesi (Nototheniidae) from the South Shetland Islands,,NA,https://doi.org/10.1007/s00300-009-0760-9,2010-01-12,2010,383.46707,1.7099,15,,,article,FALSE,TRUE,green,http://hdl.handle.net/11336/53528,TRUE,Polar Biology,https://openalex.org/S196656238,0722-4060,https://openalex.org/P4310319900,Springer Science+Business Media,https://doi.org/10.1007/s00300-009-0760-9,NA,NA,publishedVersion,,42,,,,,FALSE,FALSE,en,,,,,823,831,33,6
https://openalex.org/W2093470285,"Dietary overlap in inshore notothenioid fish from the Danco Coast, western Antarctic Peninsula","Dietary overlap in inshore notothenioid fish from the Danco Coast, western Antarctic Peninsula",,"We carried out a dietary overlap analysis between notothenioid species by examining the stomach contents of more than 900 specimens collected in a fish assemblage at the Danco Coast, western Antarctic Peninsula, in the summer of 2000. Prey reoccurrences among fish species were 32.2%, with krill Euphausia superba, salps and the gammaridean Prostebeingia longicornis the most reoccurring prey. The diet similarity between species pairs was lower than 55%, in accordance with similar fish assemblages in the South Orkney Islands, the South Shetland Islands and the Antarctic Peninsula. Whereas at those localities the higher prey overlap was between krill-feeding fish species, at the Danco Coast it was between Trematomus bernacchii and Lepidonotothen nudifrons, Notothenia coriiceps and Notothenia rossii, Notothenia coriiceps and Parachaenichthyis charcoti, and Trematomus newnesi and Notothenia rossii, which shared primarily gammaridean amphipods, algae, fish and krill, respectively. Krill is normally the main prey of fish in summer in inshore waters of the western Antarctic Peninsula, but its density in January/February 2000 was notably lower than in previous years. Therefore, at the Danco Coast, under conditions of krill shortage, most of the notothenioid species foraged more intensively on alternative prey, such as gammarideans, fish and algae. The difference between areas in the pattern of dietary overlap might be related to differences in prey availability between years and to the degree of competition for targeted prey.Keywords:Fish dietary overlap; notothenioid fish; Antarctic Peninsula. (Published: 17 October 2013)Citation: Polar Research 2013, 32, 21319, http://dx.doi.org/10.3402/polar.v32i0.21319",https://doi.org/10.3402/polar.v32i0.21319,2013-01-01,2013,339.01138,0.6736,23,,,article,TRUE,TRUE,gold,https://polarresearch.net/index.php/polar/article/download/3090/pdf_1,TRUE,Polar Research,https://openalex.org/S182295942,0800-0395,https://openalex.org/P4310320595,Wiley,https://doi.org/10.3402/polar.v32i0.21319,https://polarresearch.net/index.php/polar/article/download/3090/pdf_1,cc-by-nc,publishedVersion,,36,,,,,FALSE,FALSE,en,,,,,21319,21319,32,1
https://openalex.org/W2984883743,Spatial distribution and population structure of juvenile Antarctic toothfish (Dissostichus mawsoni) in the South Shetland Islands,Spatial distribution and population structure of juvenile Antarctic toothfish (Dissostichus mawsoni) in the South Shetland Islands,,NA,https://doi.org/10.1007/s00300-019-02602-4,2019-11-16,2019,293.4089,0.2627,5,,,article,FALSE,FALSE,closed,NA,FALSE,Polar Biology,https://openalex.org/S196656238,0722-4060,https://openalex.org/P4310319900,Springer Science+Business Media,https://doi.org/10.1007/s00300-019-02602-4,NA,NA,publishedVersion,,24,,,,,FALSE,FALSE,en,,,,,2237,2247,42,12
https://openalex.org/W2145331796,"Changes in acanthocephalan infection of the Antarctic fish Notothenia coriiceps in Admiralty Bay, King George Island, over 29 years","Changes in acanthocephalan infection of the Antarctic fish Notothenia coriiceps in Admiralty Bay, King George Island, over 29 years",,"Changes in acanthocephalan infection of the Antarctic fish Notothenia coriiceps in Admiralty Bay, King George Island, over 29 years A comparison between the levels of infection with Acanthocephala of the fish Notothenia coriiceps in Admiralty Bay (South Shetland Islands, Antarctic) in 1978/79 and 2007/08 is presented. The same eight acanthocephalan species, three echinorhynchids maturing in fish, Aspersentis megarhynchus (dominant species), Metacanthocephalus johnstoni (subdominant species) and M. dalmori (common species), and five polymorphids maturing in mammals and birds, Corynosoma hamanni, C. pseudohamanni (both co-dominant species), C. arctocephali and C. bullosum (both common species), and C. shackletoni (rare species), were found. Echinorhynchids were more numerous in 2007/08 (mean abundance 46.54 versus 35.35 in 1978/79), whereas polymorphids more numerous in 1978/79 (mean abundance 74.35 versus 36.40 in 2007/08). The overall results therefore demonstrated that echinorhynchids were more numerous than polymorphids in 2007/08 and the reverse was true in 1978/79. This situation is dependent mainly upon the decreased infections with C. hamanni, C. pseudohamanni and C. bullosum , and to a lesser degree upon the increasing of infections with M. johnstoni. The decrease of the three Corynosoma spp. is possibly associated with the decreasing of populations of final hosts, seals, on the shore of Admiralty Bay in the vicinity of Arctowski Station.",https://doi.org/10.2478/v10183-012-0005-4,2012-01-01,2012,282.85706,1.4769,16,,,article,TRUE,TRUE,diamond,https://doi.org/10.2478/v10183-012-0005-4,FALSE,Polish Polar Research,https://openalex.org/S67295124,0138-0338,https://openalex.org/P4310320322,De Gruyter Open,https://doi.org/10.2478/v10183-012-0005-4,NA,cc-by,publishedVersion,,18,,,,,FALSE,FALSE,en,,,,,99,108,33,1
https://openalex.org/W2960364879,"Comparative populational study of Lepidonotothen larseni and L. nudifrons (Teleostei: Nototheniidae) from the Antarctic Peninsula and the South Shetland Islands, Antarctica","Comparative populational study of Lepidonotothen larseni and L. nudifrons (Teleostei: Nototheniidae) from the Antarctic Peninsula and the South Shetland Islands, Antarctica",,NA,https://doi.org/10.1007/s00300-019-02540-1,2019-07-15,2019,266.49606,1.6184,9,,,article,FALSE,TRUE,green,http://doi.org/10.1007/s00300-019-02540-1,TRUE,Polar Biology,https://openalex.org/S196656238,0722-4060,https://openalex.org/P4310319900,Springer Science+Business Media,https://doi.org/10.1007/s00300-019-02540-1,NA,NA,publishedVersion,,79,,,,,FALSE,FALSE,en,,,,,1537,1547,42,8
https://openalex.org/W2090226910,"Dietary overlap among early juvenile stages in an Antarctic notothenioid fish assemblage at Potter Cove, South Shetland Islands","Dietary overlap among early juvenile stages in an Antarctic notothenioid fish assemblage at Potter Cove, South Shetland Islands",,NA,https://doi.org/10.1007/s00300-014-1545-3,2014-09-16,2014,255.16519,0.4847,17,,,article,FALSE,TRUE,green,http://hdl.handle.net/11336/35889,TRUE,Polar Biology,https://openalex.org/S196656238,0722-4060,https://openalex.org/P4310319900,Springer Science+Business Media,https://doi.org/10.1007/s00300-014-1545-3,NA,NA,publishedVersion,,33,,,,,FALSE,FALSE,en,,,,,1507,1515,37,10
https://openalex.org/W2152895802,"Changes in Digenean Infection of the Antarctic Fish Notothenia Coriiceps in Admiralty Bay, King George Island, Over Three Decades","Changes in Digenean Infection of the Antarctic Fish Notothenia Coriiceps in Admiralty Bay, King George Island, Over Three Decades",,"Abstract The infection of black rockcod, Notothenia coriiceps, with digeneans in Admiralty Bay (South Shetland Islands) within three months, from November 2007 to January 2008, is compared with the infection in the same three months in 1978/79, based on the examination of twenty fish collected in each month. Digenea found in 1978/1979 season were more numer-ous, and more diverse. Only five digenean species, Macvicaria georgiana , Neolebouria antarctica , Lepidapedon garrardi , Genolinea bowersi and Lecithaster macrocotyle , were re-corded during both investigations, whereas three species, Neolepidapedon trematomi , Elytro-phalloides oatesi and Gonocerca phycidis , only in 1978/79. M. georgiana was the dominant species in 1978/79 and sub-dominant in 2007/08. Other digeneans were found in N. coriiceps in 2007/08 invariably together with M. georgiana. G. bowersi was the sub-dominant species in 1978/79 and the most common species in 2007/2008. Infections with Digenea belonging to other species were much less intense. Of the three rare or common species in 1978/79, the two, L. garrardi and L. macrocotyle , occurred in both seasons, whereas E. oatesi occurred only in 1978/79. Three remaining species were sporadic or absent. The overall results there-fore demonstrated that infections with almost all digenean species were less strong in 2007/08 than three decades earlier, in 1978/79. Only data on M. georgiana , G. bowersi and L. g arrardi were statistically significant (p &lt;0.05). Data on the occurrence of 14 species of Digenea in N. coriiceps from South Shetland Islands, South Orkney Islands, South Georgia, Argentine Is-lands, Melchior Islands, Adelie Land and Heard Island are given.",https://doi.org/10.2478/popore-2014-0009,2014-11-20,2014,241.53537,0.9302,8,,,article,TRUE,TRUE,diamond,https://doi.org/10.2478/popore-2014-0009,FALSE,Polish Polar Research,https://openalex.org/S67295124,0138-0338,https://openalex.org/P4310320322,De Gruyter Open,https://doi.org/10.2478/popore-2014-0009,NA,cc-by,publishedVersion,,11,,,,,FALSE,FALSE,en,,,,,513,520,35,3
https://openalex.org/W4387378978,Trophodynamics of the Antarctic toothfish (Dissostichus mawsoni) in the Antarctic Peninsula: Ontogenetic changes in diet composition and prey fatty acid profiles,Trophodynamics of the Antarctic toothfish (Dissostichus mawsoni) in the Antarctic Peninsula: Ontogenetic changes in diet composition and prey fatty acid profiles,,"The Antarctic toothfish (Dissostichus mawsoni) is the largest notothenioid species in the Southern Ocean, playing a keystone role in the trophic web as a food source for marine mammals and a top predator in deep-sea ecosystems. Most ecological knowledge on this species relies on samples from areas where direct fishing is allowed, whereas in areas closed to fishing, such as the Antarctic Peninsula (AP), there are still key ecological gaps to ensure effective conservation, especially regarding our understanding of its trophic relationships within the ecosystem. Here, we present the first comprehensive study of the feeding behavior of Antarctic toothfish caught in the northern tip of the AP, during two consecutive fishing seasons (2019/20 and 2020/21). Stomach content was analyzed according to size-classes, sex and season. Macroscopic morphological analysis was used to identify prey, whereas DNA analysis was used in highly digested prey items. Fatty acid analysis was conducted to determine the prey's nutritional composition. The diet mainly consisted of Macrouridae, Cephalopoda, Anotopteridae, and Channichthyidae. Other prey items found were crustaceans and penguin remains; however, these were rare in terms of their presence in stomach samples. Sex had no effect on diet, whereas size-class and fishing season influenced prey composition. From 27 fatty acid profiles identified, we observed two different prey groups of fishes (integrated by families Anotopteridae, Macrouridae and Channichthyidae) and cephalopods. Our results revealed a narrow range of prey items typical of a generalist predator, which probably consumes the most abundant prey. Understanding the diet and trophic relationships of Antarctic toothfish is critical for a better comprehension of its role in the benthic-demersal ecosystem of the AP, key for ecosystemic fisheries management, and relevant for understanding and predicting the effect of climate change on this species.",https://doi.org/10.1371/journal.pone.0287376,2023-10-05,2023,240.86275,1.4288,6,,,article,TRUE,TRUE,gold,https://doi.org/10.1371/journal.pone.0287376,TRUE,PLoS ONE,https://openalex.org/S202381698,1932-6203,https://openalex.org/P4310315706,Public Library of Science,https://doi.org/10.1371/journal.pone.0287376,NA,cc-by,publishedVersion,,66,,,,,FALSE,FALSE,en,,,,,e0287376,e0287376,18,10
https://openalex.org/W2098098971,"Attempts at a quantitative estimate by trawl sampling of distribution of postlarval and juvenile notothenioids (Pisces, Perciformes) in relation to environmental conditions in the Antarctic Peninsula region during SIBEX 1983-84","Attempts at a quantitative estimate by trawl sampling of distribution of postlarval and juvenile notothenioids (Pisces, Perciformes) in relation to environmental conditions in the Antarctic Peninsula region during SIBEX 1983-84",,"During the SIBEX 1983-84 programme, an attempt was made at a quantitative estimate of the distribution of postlarval and juvenile fish north of the South Shetland Islands and the Palmer Archipelago, and in the Bransfield Straits by means of a 368-mesh sampling trawl, designed especially for this project. A total of 14 fish species at the postlarval and juvenile stages was found in the catches. The greatest abundance up to 928 individuals per hour of fishing was recorded within shelf waters of the Antarctic Peninsula. Postlarval and juvenile Pleuragramma antarcticum was the most common and most abundant species there. Relations between fish abundance and environment were observed in the area studied. A decrease in the abundance of juvenile Nototheniidae and Channichthyidae accompanied an increase in depth to the bottom. The abundant occurrence of Pleuragramma seemed to be influenced by the temperature and salinity of water.",NA,1986-02-01,1986,214.38089,0.4932,27,,,article,FALSE,FALSE,closed,NA,FALSE,Institutional Repository National Institute of Polar Research (National Institute of Polar Research (Japan)),https://openalex.org/S4306401088,NA,https://openalex.org/I36080156,National Institute of Polar Research,https://nipr.repo.nii.ac.jp/?action=repository_uri&amp;item_id=1901,NA,NA,submittedVersion,,0,,,,,FALSE,FALSE,en,,,,,299,315,40,40
https://openalex.org/W946813020,Distribution of larval and juvenile Nototheniops larseni and Pleuragramma antarcticum off the Antarctic Peninsula in relation to oceanographic conditions,Distribution of larval and juvenile Nototheniops larseni and Pleuragramma antarcticum off the Antarctic Peninsula in relation to oceanographic conditions,,"The vertical and spatial distribution of Pleuragramma antarcticum and Nototheniops larseni in the Bransfield Strait was studied during the BIOANTAR 93 cruise performed from RV &gt;Hespérides&gt; in Antarctic summer 1992/93. A multiple plankton net (Bioness) and a Bongo net were used to collect samples at 75 stations and one 24 h station. A number of depth layers (400-200, 200-150, 150-100, 50-20, 20-0 m) were sampled depending on the station. The water temperature and salinity profiles were analyzed to determine the association of species with water masses. Our data showed that the abundance of both Pleuragramma antarcticum and Nototheniops larseni is related to temperature. Abundance values exceeding 5 larvae/103m3 were seldom found when the temperature was less than 0°C. The relationship between larvae abundance and salinity seems to be inverse, although this result might be biased by the geographical distribution of stations and of sampled layers. In a 24 h station placed between Gerlache and Bransfield Strait, the most abundant fish larvae was Pleuragramma antarcticum, which were mainly found between 100-50 m and in warm waters (&gt; 0°C). The daily migration of larvae in the vertical did not appear to be controlled by the oscillation of the pycnocline.",https://doi.org/10.26028/cybium/1998-221-007,2023-01-26,2023,200.70522,0,14,,,article,FALSE,TRUE,green,https://doi.org/10.26028/cybium/1998-221-007,TRUE,DIGITAL.CSIC (Spanish National Research Council (CSIC)),https://openalex.org/S4306400616,NA,https://openalex.org/I134820265,Consejo Superior de Investigaciones Científicas,http://hdl.handle.net/10261/85198,NA,NA,acceptedVersion,,0,,,,,FALSE,FALSE,en,,,,,69,81,22,1
https://openalex.org/W4404522899,"A comprehensive study of the life history traits of Trematomus newnesi (Pisces, Notothenioidei) off the South Shetland Islands","A comprehensive study of the life history traits of Trematomus newnesi (Pisces, Notothenioidei) off the South Shetland Islands",,NA,https://doi.org/10.1016/j.ecss.2024.109040,2024-11-19,2024,196.18694,0.5401,2,,,article,FALSE,FALSE,closed,NA,FALSE,Estuarine Coastal and Shelf Science,https://openalex.org/S43867544,0272-7714,https://openalex.org/P4310320990,Elsevier BV,https://doi.org/10.1016/j.ecss.2024.109040,NA,NA,publishedVersion,,80,,,,,FALSE,FALSE,en,,,,,109040,109040,312,NA
https://openalex.org/W3162006963,"Accumulation of PBDEs and MeO-PBDEs in notothenioid fish from the South Shetland Islands, Antarctica: An interspecies comparative study","Accumulation of PBDEs and MeO-PBDEs in notothenioid fish from the South Shetland Islands, Antarctica: An interspecies comparative study",,NA,https://doi.org/10.1016/j.marpolbul.2021.112453,2021-05-07,2021,194.72493,0.8418,10,,,article,FALSE,TRUE,green,http://hdl.handle.net/11336/153341,TRUE,Marine Pollution Bulletin,https://openalex.org/S101229256,0025-326X,https://openalex.org/P4310320990,Elsevier BV,https://doi.org/10.1016/j.marpolbul.2021.112453,NA,NA,publishedVersion,,46,,,,,FALSE,FALSE,en,,,,,112453,112453,168,NA
https://openalex.org/W2486740244,"Studies on the composition of the stock of Chaenocephalus aceratus (Lönnberg, 1906), Pisces, Channichthyidae, in the region of South Georgia and South Shetlands","Studies on the composition of the stock of Chaenocephalus aceratus (Lönnberg, 1906), Pisces, Channichthyidae, in the region of South Georgia and South Shetlands",,"Structure of Chaenocephalus aceratus stock in the region of South Georgia is constantly fluctuating, depending on the strength of recruited generations. The stock is heavily exploited, contrarily to the region of Elephant Is. and King George Is., where fishing is not so intensive. Growth rate of Chaenocephalus aceratus in the region of Elephant Is. (preliminary results) is similar as in the region of South Georgia.",https://doi.org/10.3750/aip1990.20.1.03,1990-06-30,1990,187.40805,0,9,,,article,TRUE,TRUE,gold,https://aiep.pensoft.net/article/25187/download/pdf/,FALSE,Acta Ichthyologica Et Piscatoria,https://openalex.org/S107494347,0137-1592,https://openalex.org/P4310317383,Szczecin Scientific Society,https://doi.org/10.3750/aip1990.20.1.03,https://aiep.pensoft.net/article/25187/download/pdf/,cc-by,publishedVersion,,0,,,,,FALSE,FALSE,en,,,,,29,44,20,1
https://openalex.org/W4385615659,Inter-annual dynamics in the trophic ecology of juveniles of five notothenioid fish species from the South Shetland Islands (Southern Ocean),Inter-annual dynamics in the trophic ecology of juveniles of five notothenioid fish species from the South Shetland Islands (Southern Ocean),,NA,https://doi.org/10.1007/s00300-023-03179-9,2023-08-06,2023,181.62263,0.7927,3,,,article,FALSE,FALSE,closed,NA,FALSE,Polar Biology,https://openalex.org/S196656238,0722-4060,https://openalex.org/P4310319900,Springer Science+Business Media,https://doi.org/10.1007/s00300-023-03179-9,NA,NA,publishedVersion,,28,,,,,FALSE,FALSE,en,,,,,993,1009,46,9
https://openalex.org/W2055985493,The role of fish in the Antarctic marine food web: differences between inshore and offshore waters in the southern Scotia Arc and west Antarctic Peninsula,The role of fish in the Antarctic marine food web: differences between inshore and offshore waters in the southern Scotia Arc and west Antarctic Peninsula,,"The role of fish in the Antarctic food web in inshore and offshore waters is analysed, taking as an example the coastal marine communities of the southern Scotia Arc (South Orkney Islands and South Shetland Islands) and the west Antarctic Peninsula. Inshore, the ecological role of demersal fish is more important than that of krill. There, demersal fish are major consumers of benthos and also feed on zooplankton (mainly krill in summer). They are links between lower and upper levels of the food web and are common prey of other fish, birds and seals. Offshore, demersal fish depend less on benthos and feed more on zooplankton (mainly krill) and nekton, and are less accessible as prey of birds and seals. There, pelagic fish (especially lantern fish) are more abundant than inshore and play an important role in the energy flow from macrozooplankton to higher trophic levels (seabirds and seals). Through the higher fish predators, energy is transferred to land in the form of fish remains, pellets (birds), regurgitation and faeces (birds and seals). However, in the general context of the Antarctic marine ecosystem, krill ( Euphausia superba ) plays the central role in the food web because it is the main food source in terms of biomass for most of the high level predators from demersal fish up to whales. This has no obvious equivalent in other marine ecosystems. In Antarctic offshore coastal and oceanic waters the greatest proportion of energy from the ecosystem is transferred to land directly through krill consumers, such as flying birds, penguins, and seals. Beside krill, the populations of fish in the Antarctic Ocean are the second most important element for higher predators, in particular the energy-rich pelagic Myctophidae in open waters and the pelagic Antarctic silver fish ( Pleuragramma antarcticum ) in the high Antarctic zone. Although the occurrence of these pelagic fish inshore has been poorly documented, their abundance in neritic waters could be higher than previously believed.",https://doi.org/10.1017/s0954102002000111,2002-12-01,2002,180.7159,1.827,166,,,article,FALSE,FALSE,closed,NA,FALSE,Antarctic Science,https://openalex.org/S939558408,0954-1020,https://openalex.org/P4310311721,Cambridge University Press,https://doi.org/10.1017/s0954102002000111,NA,NA,publishedVersion,,91,,,,,FALSE,FALSE,en,,,,,293,309,14,4
https://openalex.org/W2704382551,"Ontogenetic changes in the feeding strategy of <i>Lepidonotothen nudifrons</i> (Pisces, Nototheniidae) off the South Shetland Islands and the Antarctic Peninsula","Ontogenetic changes in the feeding strategy of <i>Lepidonotothen nudifrons</i> (Pisces, Nototheniidae) off the South Shetland Islands and the Antarctic Peninsula",,"The diet and feeding strategy of Lepidonotothen nudifrons off the South Shetland Islands and the Antarctic Peninsula, as well as their variation in relation to ontogenetic stage (juvenile– adult) and sampling area, were determined by stomach contents analysis. Additionally, the trophic level of this species was estimated to determine its position within the Antarctic food web. Out of 247 specimens with prey in their stomachs, 144 were caught near the South Shetland Islands and 103 off the Antarctic Peninsula. Ontogenetic changes in the trophic ecology of L. nudifrons were observed in both areas and were mainly related to a decrease of copepods and an increase of euphausiids in the diet. The diet of juveniles from the South Shetland Islands was characterized by the dominance of calanoid copepods, followed by isopods and amphipods, whereas diet off the Antarctic Peninsula was dominated by amphipods and cyclopoid copepods. The diet in adults was dominated by amphipods and euphausiids in both areas. The specialization of individual predators on different prey types was observed when considering the whole population of L. nudifrons, but when ontogenetic stages were considered separately it showed a more mixed feeding strategy, with different dominant prey for each class. Although the trophic level increased with fish size, L. nudifrons can be classified as secondary consumer throughout its lifespan.",https://doi.org/10.1080/17518369.2017.1331558,2017-01-01,2017,175.21759,0.3437,4,,,article,TRUE,TRUE,gold,https://polarresearch.net/index.php/polar/article/download/2652/6054,TRUE,Polar Research,https://openalex.org/S182295942,0800-0395,https://openalex.org/P4310320595,Wiley,https://doi.org/10.1080/17518369.2017.1331558,https://polarresearch.net/index.php/polar/article/download/2652/6054,NA,publishedVersion,,47,,,,,FALSE,FALSE,en,,,,,1331558,1331558,36,1
https://openalex.org/W2218360447,Vertical Distribution and Abundance of Pleuragramma antarcticum (Pisces: Nototheniidae) on a 24 Hour Station in Gerlache Strait,Vertical Distribution and Abundance of Pleuragramma antarcticum (Pisces: Nototheniidae) on a 24 Hour Station in Gerlache Strait,,NA,NA,1993-12-01,1993,166.67241,0,2,,,article,FALSE,FALSE,closed,NA,FALSE,Han'gug geugji yeon'gu,https://openalex.org/S2764748656,1225-021X,NA,NA,https://repository.kopri.re.kr/handle/201206/9278,NA,NA,NA,,2,,,,,FALSE,FALSE,en,,,,,61,66,4,2
https://openalex.org/W2076301688,Geographical variation in the diet of the Antarctic fur seal Arctocephalus gazella,Geographical variation in the diet of the Antarctic fur seal Arctocephalus gazella,,NA,https://doi.org/10.1007/s00300-003-0554-4,2003-12-01,2003,150.05936,3.5174,66,,,article,FALSE,TRUE,green,http://sedici.unlp.edu.ar/handle/10915/132412,TRUE,Polar Biology,https://openalex.org/S196656238,0722-4060,https://openalex.org/P4310319900,Springer Science+Business Media,https://doi.org/10.1007/s00300-003-0554-4,NA,NA,publishedVersion,,28,,,,,FALSE,FALSE,en,,,,,753,758,26,12
https://openalex.org/W2113902751,Increasing levels and biomagnification of persistent organic pollutants (POPs) in Antarctic biota,Increasing levels and biomagnification of persistent organic pollutants (POPs) in Antarctic biota,,NA,https://doi.org/10.1016/j.marpolbul.2003.08.004,2003-09-17,2003,143.41945,2.0904,137,,,article,FALSE,FALSE,closed,NA,FALSE,Marine Pollution Bulletin,https://openalex.org/S101229256,0025-326X,https://openalex.org/P4310320990,Elsevier BV,https://doi.org/10.1016/j.marpolbul.2003.08.004,NA,NA,publishedVersion,,44,,,,,FALSE,FALSE,en,,,,,295,302,48,3-4
https://openalex.org/W1984175960,"Diet of two icefish species from the South Shetland Islands and Elephant Island, Champsocephalus gunnari and Chaenocephalus aceratus","Diet of two icefish species from the South Shetland Islands and Elephant Island, Champsocephalus gunnari and Chaenocephalus aceratus",,NA,https://doi.org/10.1007/s00300-003-0570-4,2004-01-01,2004,140.24913,1.9576,51,,,article,FALSE,FALSE,closed,NA,FALSE,Polar Biology,https://openalex.org/S196656238,0722-4060,https://openalex.org/P4310319900,Springer Science+Business Media,https://doi.org/10.1007/s00300-003-0570-4,NA,NA,publishedVersion,,33,,,,,FALSE,FALSE,en,,,,,119,129,27,2
https://openalex.org/W1996682444,"Seasonal aspects of the biology and diet of nearshore nototheniid fish at Potter Cove, South Shetland Islands, Antarctica","Seasonal aspects of the biology and diet of nearshore nototheniid fish at Potter Cove, South Shetland Islands, Antarctica",,NA,https://doi.org/10.1007/bf00236523,1990-12-01,1990,131.21788,0.5612,107,,,article,FALSE,FALSE,closed,NA,FALSE,Polar Biology,https://openalex.org/S196656238,0722-4060,https://openalex.org/P4310319900,Springer Science+Business Media,https://doi.org/10.1007/bf00236523,NA,NA,publishedVersion,,8,,,,,FALSE,FALSE,en,,,,,NA,NA,11,1
https://openalex.org/W2318400809,"A Baseline Studies on Plasmatic Constituents in the Notothenia Rossii and Notothenia Coriiceps in Admiralty Bay, King George Island, Antarctica","A Baseline Studies on Plasmatic Constituents in the Notothenia Rossii and Notothenia Coriiceps in Admiralty Bay, King George Island, Antarctica",,NA,https://doi.org/10.4322/apa.2014.079,2012-01-01,2012,128.57968,0,1,,,article,FALSE,FALSE,closed,NA,FALSE,INCT-APA Annual Activity Report,https://openalex.org/S4210208978,2177-918X,NA,NA,https://doi.org/10.4322/apa.2014.079,NA,NA,publishedVersion,,3,,,,,FALSE,FALSE,en,,,,,144,147,NA,NA
https://openalex.org/W2103795353,Fish Stocks in the Southern Scotia Arc Region—A Review and Prospects for Future Research,Fish Stocks in the Southern Scotia Arc Region—A Review and Prospects for Future Research,,"We provide a summary of biological aspects and population trends of demersal finfish stocks in the southern Scotia Arc region of Antarctica. Information presented here, drawn largely from recent scientific research surveys, includes aspects of species composition, biomass and stock structure, reproduction and early life history, age, growth, and natural mortality, and diet. Although Antarctic fish faunal groups overlap in the southern Scotia Arc, the region is dominated by species of low-Antarctic origin both in terms of biomass and number of species. Several basic biological parameters of the abundant fish species in the southern Scotia Arc are comparatively well known, though less so in the South Orkney Islands than the South Shetland Islands. These stocks suffered substantial declines as a result of commercial exploitation of mackerel ice fish, Champsocephalus gunnari, and marbled notothenia, Notothenia rossii, in the late 1970s and mid 1980s. This led to a moratorium on directed fishing in 1989–90 which remains in effect. At present, several stocks, with the exception of these two species, appear to have recovered. A number of important biological features, such as age, growth, mortality, and the early life history of most species are still poorly understood. Key biological research needs are identified.",https://doi.org/10.1080/10641260590953900,2005-04-01,2005,124.64883,2.5167,58,,,article,FALSE,FALSE,closed,NA,FALSE,Reviews in Fisheries Science,https://openalex.org/S112413680,1064-1262,https://openalex.org/P4310320547,Taylor & Francis,https://doi.org/10.1080/10641260590953900,NA,NA,publishedVersion,,73,,,,,FALSE,FALSE,en,,,,,75,108,13,2
https://openalex.org/W2106744478,"Comparative population genetics of seven notothenioid fish species reveals high levels of gene flow along ocean currents in the southern Scotia Arc, Antarctica","Comparative population genetics of seven notothenioid fish species reveals high levels of gene flow along ocean currents in the southern Scotia Arc, Antarctica",,NA,https://doi.org/10.1007/s00300-012-1155-x,2012-02-08,2012,123.02796,3.7152,54,,,article,FALSE,FALSE,closed,NA,FALSE,Polar Biology,https://openalex.org/S196656238,0722-4060,https://openalex.org/P4310319900,Springer Science+Business Media,https://doi.org/10.1007/s00300-012-1155-x,NA,NA,publishedVersion,,92,,,,,FALSE,FALSE,en,,,,,1073,1086,35,7
https://openalex.org/W2184543428,New Correction Factors for the Quantification of Fish Represented in Pellets of the Imperial Cormorant Phalacrocorax Atriceps,New Correction Factors for the Quantification of Fish Represented in Pellets of the Imperial Cormorant Phalacrocorax Atriceps,,"A comparative analysis was carried out on stomach contents and pellets (regurgitated casts) of the Imperial Cormorant Phalacrocorax atriceps collected throughout the breeding season at Nelson Island, South Shetland Islands, Antarctica. This allowed an estimation of correction factors to compensate for the loss and digestion of otoliths in pellets and more accurately estimate the real mass of ingested fish. These factors were calculated for Notothenia coriiceps, Harpagifer antarcticus, Nototheniops nudifrons, Trematomus newnesi, Gobionotothen gibberifrons, Notothenia rossii, Pagothenia bernacchii and Parachaenichthys charcoti, but not for Pleuragramma antarcticum, Notolepis coatsi and Electrona antarctica since they were only represented in pellets. Fish were the main prey and N. coriiceps and H. antarcticus were the dominant species both in mass and number. Observations of activity patterns showed that daily foraging trips per bird increased in number but diminished in duration through the breeding season. These trends reflected the increase in the chicks’ energetic demands.",https://doi.org/10.5038/2074-1235.26.1.398,1998-01-01,1998,122.98539,0.4089,24,,,article,TRUE,TRUE,bronze,https://digitalcommons.usf.edu/cgi/viewcontent.cgi?article=1324&context=marine_ornithology,FALSE,Marine ornithology,https://openalex.org/S2764713751,1018-3337,NA,NA,https://doi.org/10.5038/2074-1235.26.1.398,https://digitalcommons.usf.edu/cgi/viewcontent.cgi?article=1324&context=marine_ornithology,NA,publishedVersion,,18,,,,,FALSE,FALSE,en,,,,,35,39,26,1
https://openalex.org/W1988996241,"Slow recovery of previously depleted demersal fish at the South Shetland Islands, 1983–2010","Slow recovery of previously depleted demersal fish at the South Shetland Islands, 1983–2010",,NA,https://doi.org/10.1016/j.fishres.2012.02.017,2012-02-28,2012,119.22017,2.9658,45,,,article,FALSE,FALSE,closed,NA,FALSE,Fisheries Research,https://openalex.org/S20111203,0165-7836,https://openalex.org/P4310320990,Elsevier BV,https://doi.org/10.1016/j.fishres.2012.02.017,NA,NA,publishedVersion,,52,,,,,FALSE,FALSE,en,,,,,206,213,125-126,NA
https://openalex.org/W2107542735,Three forms of killer whales (Orcinus orca) in Antarctic waters,Three forms of killer whales (Orcinus orca) in Antarctic waters,,"This paper provides field descriptions and biological observations of three different forms of killer whale (Orcinus orca) that occur in Antarctica based on field observations and a review of available photographs. Identifications were based on the relative size and orientation of the white eyepatch and the presence or absence of a dorsal cape. Type A (presumably the nominate form) has a medium-sized eyepatch oriented parallel to the body axis, no dorsal cape, it occurs mainly off-shore in ice-free water, has a circumpolar distribution and apparently preys mainly upon Antarctic minke whales (Balaenoptera bonaerensis). Type B also has an eyepatch oriented parallel to the body axis, but the eyepatch is at least twice as large as in Type A, it has a dorsal cape, mainly inhabits inshore waters, regularly occurs in pack-ice, is distributed around the continent and is regularly sighted in the Antarctic Peninsula area. Although it may also prey upon Antarctic minke whales and possibly humpback whales (Megaptera novaeangliae), seals seem to be the most important prey item. Type C has a small, forward-slanted eyepatch, a dorsal cape, inhabits inshore waters and lives mainly in the pack-ice; it occurs mostly off East Antarctica, and to date it has been recorded feeding only on Antarctic toothfish (Dissostichus mawsoni). Type C appears to be referable to Orcinus glacialis as described by Berzin and Vladimirov (1983). Although similar ecological specialisations have been reported for sympatric killer whale populations in the Northeast Pacific (i.e. an inshore mammal-eater, an inshore fish-eater and an offshore form), the extent of morphological divergence, habitat segregation and, perhaps, reproductive isolation, appears to be more pronounced among Antarctic populations. Although under a Biological Species Concept these forms appear to warrant separate species status, it will be important to show that this interpretation is consistent with results of molecular genetic analyses and additional morphological studies.",https://doi.org/10.47536/jcrm.v5i2.813,2023-04-11,2023,118.11263,13.812,295,,,article,TRUE,TRUE,hybrid,https://journal.iwc.int/index.php/jcrm/article/download/813/534,FALSE,The journal of cetacean research and management. Special issue,https://openalex.org/S4393917597,1561-073X,NA,NA,https://doi.org/10.47536/jcrm.v5i2.813,https://journal.iwc.int/index.php/jcrm/article/download/813/534,cc-by-nc,publishedVersion,,28,,,,,FALSE,FALSE,en,,,,,131,139,5,2
https://openalex.org/W2093124684,Pelagic fishes in the Marguerite Bay region of the West Antarctic Peninsula continental shelf,Pelagic fishes in the Marguerite Bay region of the West Antarctic Peninsula continental shelf,,NA,https://doi.org/10.1016/j.dsr2.2007.11.015,2007-12-28,2007,103.3033,1.4339,63,,,article,FALSE,FALSE,closed,NA,FALSE,Deep Sea Research Part II Topical Studies in Oceanography,https://openalex.org/S172051550,0967-0645,https://openalex.org/P4310320990,Elsevier BV,https://doi.org/10.1016/j.dsr2.2007.11.015,NA,NA,publishedVersion,,59,,,,,FALSE,FALSE,en,,,,,523,539,55,3-4
https://openalex.org/W2146906085,Shags in Antarctica: their feeding behaviour and ecological role in the marine food web,Shags in Antarctica: their feeding behaviour and ecological role in the marine food web,,"Feeding behaviour, ecological role in the marine food web and population trends of the Antarctic shag Phalacrocorax bransfieldensis and the South Georgia shag P. georgianus in Antarctica are analysed. The diving depths and duration recorded for these shags are the deepest and longest among all flying birds in Antarctica and match deep dives performed by small Antarctic penguins. Individual shags of both sexes partition foraging depths and food resources, which might diminish intra-specific competition. Like other sub-Antarctic shags, P. bransfieldensis and P. georgianus are bottom feeders that prey predominantly on demersal fish. In the southern Scotia Arc and west Antarctic Peninsula, nototheniids, mainly Notothenia coriiceps , constitute their main prey. Shag partners alternate the time at sea and, as the energy requirements at the nest increase, they increase the number but reduce the duration of the feeding trips. A steady declining trend in the number of breeding pairs of both species has been observed in the last decade at several Antarctic localities; this phenomenon at the South Shetland Islands might be at least partially explained by the effect of the commercial fishery on their prey. In inshore shallow waters shags occupy the trophic niche of main predators of demersal fish and play an important ecological role as regulators of populations of particular fish prey that have marked site fidelity. The potential use of shags as biomonitors in Antarctica is discussed.",https://doi.org/10.1017/s0954102006000010,2006-03-01,2006,98.56255,3.4082,54,,,article,TRUE,TRUE,bronze,https://www.cambridge.org/core/services/aop-cambridge-core/content/view/A77516977BCEB9020E734D1E3A26E414/S0954102006000010a.pdf/div-class-title-shags-in-antarctica-their-feeding-behaviour-and-ecological-role-in-the-marine-food-web-div.pdf,TRUE,Antarctic Science,https://openalex.org/S939558408,0954-1020,https://openalex.org/P4310311721,Cambridge University Press,https://doi.org/10.1017/s0954102006000010,https://www.cambridge.org/core/services/aop-cambridge-core/content/view/A77516977BCEB9020E734D1E3A26E414/S0954102006000010a.pdf/div-class-title-shags-in-antarctica-their-feeding-behaviour-and-ecological-role-in-the-marine-food-web-div.pdf,NA,publishedVersion,,129,,,,,FALSE,FALSE,en,,,,,3,14,18,1
https://openalex.org/W2046264633,"Persistent organic pollutants (POPs) in antarctic fish: levels, patterns, changes","Persistent organic pollutants (POPs) in antarctic fish: levels, patterns, changes",,NA,https://doi.org/10.1016/s0045-6535(03)00551-4,2003-07-31,2003,97.69418,2.3227,135,,,article,FALSE,FALSE,closed,NA,FALSE,Chemosphere,https://openalex.org/S203465130,0045-6535,https://openalex.org/P4310320990,Elsevier BV,https://doi.org/10.1016/s0045-6535(03)00551-4,NA,NA,publishedVersion,,55,,,,,FALSE,FALSE,en,,,,,667,678,53,6
https://openalex.org/W4415772132,Reproductive biology of Trematomus hansoni (Nototheniidae) in the West Antarctic Peninsula reveals inshore spawning,Reproductive biology of Trematomus hansoni (Nototheniidae) in the West Antarctic Peninsula reveals inshore spawning,,NA,https://doi.org/10.1016/j.ecss.2025.109598,2025-11-02,2025,97.42686,0.9839,1,,,article,FALSE,FALSE,closed,NA,FALSE,Estuarine Coastal and Shelf Science,https://openalex.org/S43867544,0272-7714,https://openalex.org/P4310320990,Elsevier BV,https://doi.org/10.1016/j.ecss.2025.109598,NA,NA,publishedVersion,,38,,,,,FALSE,FALSE,en,,,,,109598,109598,328,NA
https://openalex.org/W3021967677,"Antarctic demersal finfish around the Elephant and the South Orkney islands: distribution, abundance and biological characteristics","Antarctic demersal finfish around the Elephant and the South Orkney islands: distribution, abundance and biological characteristics",,"A research survey for demersal finfish was completed using bottom trawl fishing gear, following a random stratified sampling design, between 50 and 500 m on shelf areas of subarea 48.1 (Elephant Island) and Subarea 48.2 (South Orkney Island). An acoustic survey was simultaneously carried out to enhance knowledge of bathymetry and the distribution of fish and krill in the studied area. The cruise took place between the 6 and 27 January 2018. A total of 36 hauls were carried out, 15 around Elephant Island and 21 around the South Orkney Islands. A total of 37 fish species were caught with a total biomass of 19,112 kg. The main species encountered included Notothenia rossii and Champsocephalus gunnari, with nominal catches weighing 16,204 (85%) and 876 kg (5%), respectively. Other species of fish accounted noticeably for lower amounts (11%), such as Gobionotothen gibberifrons (330 kg), Chaenocephalus aceratus (322 kg), and Pseudochaenichthys georgianus (299 kg). Indicative estimates of standing stock biomass suggested that in this cruise, N. rossii was the most abundant demersal finfish species in the Elephant Island area, followed by C. gunnari. Differently, on the South Orkney Islands shelf, the most abundant species was G. gibberifrons, followed by P. georgianus. The study provides biological data (length frequency distribution, median size, sex ratio, gonad maturity stages, length-weight relationship) on the main species captured during the survey, and the oceanographic characteristics (depth profiles of temperature, salinity, density) obtained with CTD around the South Orkney Islands.",https://doi.org/10.3856/vol48-issue2-fulltext-2469,2020-05-06,2020,95.442986,0.719,11,,,article,TRUE,TRUE,gold,http://lajar.ucv.cl/index.php/rlajar/article/download/vol48-issue2-fulltext-2469/1195,TRUE,Latin American Journal of Aquatic Research,https://openalex.org/S164034821,0718-560X,https://openalex.org/P4310315532,"Escuela de Ciencias del Mar, Facultad de Recursos Naturales, Pontificia Universidad Católica de Valparaíso",https://doi.org/10.3856/vol48-issue2-fulltext-2469,http://lajar.ucv.cl/index.php/rlajar/article/download/vol48-issue2-fulltext-2469/1195,cc-by-nc-nd,publishedVersion,,22,,,,,FALSE,FALSE,en,,,,,304,322,48,2
https://openalex.org/W2064226193,Population subdivision in the Antarctic toothfish (<i>Dissostichus mawsoni</i>) revealed by mitochondrial and nuclear single nucleotide polymorphisms (SNPs),Population subdivision in the Antarctic toothfish (<i>Dissostichus mawsoni</i>) revealed by mitochondrial and nuclear single nucleotide polymorphisms (SNPs),,"Abstract The Antarctic toothfish ( Dissostichus mawsoni ) exhibits a circumpolar distribution in coastal waters south of the Antarctic Polar Front. For a preliminary evaluation of global population structure in this species, we examined four mitochondrial regions and 13 nuclear gene fragments in samples from four CCAMLR Subareas in the Southern Ocean (Australian Antarctic Territory (Subarea 58.4.2), Ross Dependency (Subareas 88.1 and 88.2) and the South Shetland Islands (Subarea 48.1). Significant genetic differentiation within and among locations was observed for both mitochondrial and nuclear loci. The single nucleotide polymorphism (SNP) markers developed here will be useful for more extensive analyses of population structure in this species.",https://doi.org/10.1017/s0954102008000965,2008-01-23,2008,94.97909,0.573,33,,,article,FALSE,FALSE,closed,NA,FALSE,Antarctic Science,https://openalex.org/S939558408,0954-1020,https://openalex.org/P4310311721,Cambridge University Press,https://doi.org/10.1017/s0954102008000965,NA,NA,publishedVersion,,56,,,,,FALSE,FALSE,en,,,,,327,338,20,4
https://openalex.org/W2113015683,"Community structure and feeding ecology of mesopelagic fishes in the slope waters of King George Island (South Shetland Islands, Antarctica)","Community structure and feeding ecology of mesopelagic fishes in the slope waters of King George Island (South Shetland Islands, Antarctica)",,NA,https://doi.org/10.1016/j.dsr.2004.06.008,2004-08-26,2004,94.73427,2.2366,100,,,article,FALSE,FALSE,closed,NA,FALSE,Deep Sea Research Part I Oceanographic Research Papers,https://openalex.org/S113880702,0967-0637,https://openalex.org/P4310320990,Elsevier BV,https://doi.org/10.1016/j.dsr.2004.06.008,NA,NA,publishedVersion,,73,,,,,FALSE,FALSE,en,,,,,1685,1708,51,11
https://openalex.org/W4415826923,Otolith morphology as a tool to discriminate climate-driven growth variations in populations of black rockcod (Notothenia coriiceps) sampled over the last three decades off the Antarctic Peninsula,Otolith morphology as a tool to discriminate climate-driven growth variations in populations of black rockcod (Notothenia coriiceps) sampled over the last three decades off the Antarctic Peninsula,,NA,https://doi.org/10.1016/j.scitotenv.2025.180869,2025-11-01,2025,94.16631,0.8997,1,,,article,FALSE,FALSE,closed,NA,FALSE,The Science of The Total Environment,https://openalex.org/S86852077,0048-9697,https://openalex.org/P4310320990,Elsevier BV,https://doi.org/10.1016/j.scitotenv.2025.180869,NA,NA,publishedVersion,,38,,,,,FALSE,FALSE,en,,,,,180869,180869,1005,NA
https://openalex.org/W1966922502,"The diet of the Weddell seal Leptonychotes weddelli at Harmony Point, South Shetland Islands","The diet of the Weddell seal Leptonychotes weddelli at Harmony Point, South Shetland Islands",,NA,https://doi.org/10.1007/s003000050202,1997-11-13,1997,88.79398,1.5698,43,,,article,FALSE,FALSE,closed,NA,FALSE,Polar Biology,https://openalex.org/S196656238,0722-4060,https://openalex.org/P4310319900,Springer Science+Business Media,https://doi.org/10.1007/s003000050202,NA,NA,publishedVersion,,15,,,,,FALSE,FALSE,en,,,,,371,375,18,6
https://openalex.org/W2338872989,"EXPLORATORY FISHING FOR DISSOSTICHUS SPP. IN THE ANTARCTIC REGION (SUBAREAS 48.1,48.2 AND 88.3)","EXPLORATORY FISHING FOR DISSOSTICHUS SPP. IN THE ANTARCTIC REGION (SUBAREAS 48.1,48.2 AND 88.3)",,"During February and March 1998, a 43-day cruise on FV Tierra del Fuego was conducted as part of the New Fisheries Projects developed by Chile, primarily to establish the presence of Dissostichus spp. in Subareas 48.1, 48.2 and 88.3. Industrial longlines (Spanish system) were used for the operation, with variable quantities of fish hooks (1 440 to 4 320), No. 9 Mustad Kirby type, set between depths of 600 and 2 550 m. Sardines (Sardinops sagax) and squid (Illex argentinus) were used as bait. Antarctic toothfish (Dissostichus mawsoni) were recorded around Peter I Island (Latitude 6849'S), and from the Bellingshausen Sea (70'38's) to Clarence and Elephant Islands (61°14'S), while Patagonian toothfish (Dissostichus eleginoides) were caught in waters from King George Island in the South Pacific Ocean (61°24'S) to the Scotia Sea in the South Atlantic (58'03's). Yields of Dissostichus spp. were very low in the three subareas, with values of only 5.7 g/hook (Subarea 88.3), 19.1 g/hook (Subarea 48.1) and 3.0 g/hook (Subarea 48.2), and an average over all areas of 11.1 g/ hook. Resume",NA,1999-01-01,1999,88.71826,0.6458,16,,,article,FALSE,FALSE,closed,NA,FALSE,NA,NA,NA,NA,NA,https://www.ccamlr.org/es/system/files/science_journal_papers/01arana-vega.pdf,NA,NA,NA,,3,,,,,FALSE,FALSE,ceb,,,,,NA,NA,NA,NA
https://openalex.org/W2160350675,"Ecology of Pseudoterranova decipiens (Krabbe, 1878) (Nematoda: Anisakidae) from Antarctic waters","Ecology of Pseudoterranova decipiens (Krabbe, 1878) (Nematoda: Anisakidae) from Antarctic waters",,NA,https://doi.org/10.1007/s004360050608,1999-06-24,1999,88.12839,1.4683,71,,,article,FALSE,FALSE,closed,NA,FALSE,Parasitology Research,https://openalex.org/S155128447,0932-0113,https://openalex.org/P4310319900,Springer Science+Business Media,https://doi.org/10.1007/s004360050608,NA,NA,publishedVersion,,29,,,,,FALSE,FALSE,en,,,,,638,646,85,8-9
https://openalex.org/W2195918692,"Linking population trends of Antarctic shag (Phalacrocorax bransfieldensis) and fish at Nelson Island, South Shetland Islands (Antarctica)","Linking population trends of Antarctic shag (Phalacrocorax bransfieldensis) and fish at Nelson Island, South Shetland Islands (Antarctica)",,NA,https://doi.org/10.1007/s00300-015-1850-5,2015-12-09,2015,88.062904,0.9825,16,,,article,TRUE,TRUE,bronze,https://link.springer.com/content/pdf/10.1007/s00300-015-1850-5.pdf,TRUE,Polar Biology,https://openalex.org/S196656238,0722-4060,https://openalex.org/P4310319900,Springer Science+Business Media,https://doi.org/10.1007/s00300-015-1850-5,https://link.springer.com/content/pdf/10.1007/s00300-015-1850-5.pdf,NA,publishedVersion,,33,,,,,FALSE,FALSE,en,,,,,1491,1497,39,8
https://openalex.org/W2583731576,"Digenean, monogenean and cestode infection of inshore fish at the South Orkney Islands","Digenean, monogenean and cestode infection of inshore fish at the South Orkney Islands",,"Notothenioid fish of 3 species - 23 immature Notothenia coriiceps, 4 Gobionotothen gibberifrons and 11 Chaenocephalus aceratus, from the coastal zone at the South Orkney Islands were examined to determine their parasite infection. Five digenean species from the intestine, one monogenean species from the skin, two tetraphyllidean larval forms (cercoids) from the intestine, and diphyllobothriid plerocercoids from the stomach's wall, liver and body cavity are reported. Infections are compared with those of fish from adjacent island groups along the Scotia Arc. Parasite infections of the fish from the South Orkney Islands were more similar to those at the South Shetland Islands area than at South Georgia. The infection of N. coriiceps and G. gibberifrons is similar to that of fjord fish at South Georgia and the South Shetland Islands, whereas the parasite burden of Ch. aceratus was more similar to that of this fish species inhabiting the open sea.",NA,1997-01-01,1997,87.866165,0.3979,11,,,article,FALSE,FALSE,closed,NA,FALSE,NA,NA,NA,NA,NA,http://nora.nerc.ac.uk/514791/,NA,NA,NA,,0,,,,,FALSE,FALSE,en,,,,,NA,NA,NA,NA
https://openalex.org/W2019391217,"Notothenioid fish, krill and phytoplankton from Antarctica contain a vitamin E constituent (α-tocomonoenol) functionally associated with cold-water adaptation","Notothenioid fish, krill and phytoplankton from Antarctica contain a vitamin E constituent (α-tocomonoenol) functionally associated with cold-water adaptation",,NA,https://doi.org/10.1016/s1096-4959(02)00150-1,2002-11-01,2002,87.622154,1.6756,46,,,article,FALSE,FALSE,closed,NA,FALSE,Comparative Biochemistry and Physiology Part B Biochemistry and Molecular Biology,https://openalex.org/S102889028,1096-4959,https://openalex.org/P4310320990,Elsevier BV,https://doi.org/10.1016/s1096-4959(02)00150-1,NA,NA,publishedVersion,,39,,,,,FALSE,FALSE,en,,,,,299,305,133,3
https://openalex.org/W2097280171,"Diversity, relative abundance, new locality records and population structure of Antarctic demersal fishes from the northern Scotia Arc islands and Bouvetøya","Diversity, relative abundance, new locality records and population structure of Antarctic demersal fishes from the northern Scotia Arc islands and Bouvetøya",,NA,https://doi.org/10.1007/s00300-008-0489-x,2008-07-17,2008,86.89563,1.7157,37,,,article,FALSE,FALSE,closed,NA,FALSE,Polar Biology,https://openalex.org/S196656238,0722-4060,https://openalex.org/P4310319900,Springer Science+Business Media,https://doi.org/10.1007/s00300-008-0489-x,NA,NA,publishedVersion,,52,,,,,FALSE,FALSE,en,,,,,1481,1497,31,12
https://openalex.org/W2062982631,Winter aspects of the ichthyoplankton community in Antarctic Peninsula waters,Winter aspects of the ichthyoplankton community in Antarctic Peninsula waters,,NA,https://doi.org/10.1007/bf00234274,1991-05-01,1991,84.77465,0.5513,32,,,article,FALSE,FALSE,closed,NA,FALSE,Polar Biology,https://openalex.org/S196656238,0722-4060,https://openalex.org/P4310319900,Springer Science+Business Media,https://doi.org/10.1007/bf00234274,NA,NA,publishedVersion,,21,,,,,FALSE,FALSE,en,,,,,NA,NA,11,2
https://openalex.org/W1998051344,"The composition of the coastal fish fauna around Elephant Island (South Shetland Islands, Antarctica)","The composition of the coastal fish fauna around Elephant Island (South Shetland Islands, Antarctica)",,NA,https://doi.org/10.1007/s003000000159,2000-11-20,2000,81.47052,1.296,36,,,article,FALSE,FALSE,closed,NA,FALSE,Polar Biology,https://openalex.org/S196656238,0722-4060,https://openalex.org/P4310319900,Springer Science+Business Media,https://doi.org/10.1007/s003000000159,NA,NA,publishedVersion,,0,,,,,FALSE,FALSE,en,,,,,825,832,23,12
https://openalex.org/W2069625540,"The diet of the Weddell Seal Leptonychotes weddellii at the Danco Coast, Antarctic Peninsula","The diet of the Weddell Seal Leptonychotes weddellii at the Danco Coast, Antarctic Peninsula",,NA,https://doi.org/10.1007/s00300-005-0048-7,2005-09-26,2005,78.830826,0.3391,31,,,article,FALSE,TRUE,green,http://sedici.unlp.edu.ar/handle/10915/132480,TRUE,Polar Biology,https://openalex.org/S196656238,0722-4060,https://openalex.org/P4310319900,Springer Science+Business Media,https://doi.org/10.1007/s00300-005-0048-7,NA,NA,publishedVersion,,27,,,,,FALSE,FALSE,en,,,,,257,262,29,4
https://openalex.org/W2027976201,"A krill-dominated micronekton and macrozooplankton community in Croker Passage, Antarctica with an estimate of fish predation","A krill-dominated micronekton and macrozooplankton community in Croker Passage, Antarctica with an estimate of fish predation",,NA,https://doi.org/10.1016/j.dsr2.2004.07.004,2004-08-01,2004,78.08664,0.9422,55,,,article,FALSE,FALSE,closed,NA,FALSE,Deep Sea Research Part II Topical Studies in Oceanography,https://openalex.org/S172051550,0967-0645,https://openalex.org/P4310320990,Elsevier BV,https://doi.org/10.1016/j.dsr2.2004.07.004,NA,NA,publishedVersion,,53,,,,,FALSE,FALSE,en,,,,,2247,2260,51,17-19
https://openalex.org/W2333118559,"Trends, cycles, interannual variability for three pelagic species west of the Antarctic Peninsula 1993-2008","Trends, cycles, interannual variability for three pelagic species west of the Antarctic Peninsula 1993-2008",,"The Palmer Long Term Ecological Research study region west of the Antarctic Peninsula is experiencing warming and changing seasonal sea ice dynamics. Abundance patterns of 3 species of pelagic secondary producers were analyzed for trends, cycles, range extensions or shifts in the location of highest density, and for changes in population dynamics over a 16 yr period (1993)(1994)(1995)(1996)(1997)(1998)(1999)(2000)(2001)(2002)(2003)(2004)(2005)(2006)(2007)(2008). Species analyzed represented different hydrographic regimes and are known to have contrasting responses to seasonal sea ice dynamics: krill Euphausia superba, seasonal sea ice zone; tunicates Salpa thompsoni, warmer waters with minimal sea ice; and larval Antarctic silverfish Pleuragramma antarcticum, cold continental shelf waters. Cycles were observed in grid-wide abundance and recruitment for E. superba. Maximum grid-wide densities did not decrease, but the location of highest densities shifted southward 200 km, away from Adlie penguin rookeries at the northern end. A distinct change post-1999 was apparent in the frequency of occurrence and abundance of S. thompsoni. Mixtures of krill and salps became common, but neither peak densities nor the frequency of peak years for salps increased. As with Antarctic krill, highest salp densities shifted southward alongshore. Larval P. antarcticum were abundant in the northern coastal region in the early 1990s, but virtually disappeared in that region after 1999/2000. Possible mechanisms underlying these observations include the southerly movement of the sea ice edge during spring, changes in proximity of source populations (salps), and changes in transport pathways (larval P. antarcticum). Patterns are compared to those in the SW Atlantic.",https://doi.org/10.3354/meps10965,2014-08-04,2014,76.22668,4.9554,56,,,article,TRUE,TRUE,bronze,https://www.int-res.com/articles/meps_oa/m515p011.pdf,FALSE,Marine Ecology Progress Series,https://openalex.org/S96743589,0171-8630,https://openalex.org/P4310313773,Inter-Research,https://doi.org/10.3354/meps10965,https://www.int-res.com/articles/meps_oa/m515p011.pdf,NA,publishedVersion,,118,,,,,FALSE,FALSE,en,,,,,11,32,515,NA
https://openalex.org/W2043554309,Spatial and temporal variability in the fish diet of Antarctic fur seal (<i>Arctocephalus gazella</i>) in the Atlantic sector of the Southern Ocean,Spatial and temporal variability in the fish diet of Antarctic fur seal (<i>Arctocephalus gazella</i>) in the Atlantic sector of the Southern Ocean,,"The spatial and temporal variability in the fish component of the diet of Antarctic fur seals (Arctocephalus gazella (Peters, 1875)) in the Atlantic sector of the Southern Ocean was examined using diet data from 10 sites in the region including a 13-year time series from South Georgia. The fish species composition in the diet at each site showed a strong relationship with the local marine habitat / topography. The absence of formerly harvested fish species indicates a lack of recovery of stocks of Notothenia rossii Richardson, 1844 at South Georgia and Champsocephalus gunnari Lönnberg, 1905 at the South Orkney Islands. At South Georgia, Protomyctophum choriodon Hulley, 1981, Lepidonotothen larseni (Lönnberg, 1905), and C. gunnari were the most important species in the diet between 1991 and 2004. Variability in the occurrence of C. gunnari was driven mainly by annual scale processes, particularly those that influence the availability of Antarctic krill (Euphausia superba (Dana, 1852)). The occurrence of the pelagic P. choriodon was primarily influenced by shorter-term water mass changes within the foraging range of the seals. The fish composition in the diet reflects differences in marine habitat / topography, as well as variability, at a range of time scales that reflect environmental variability and harvesting.",https://doi.org/10.1139/z06-071,2006-07-01,2006,75.32617,3.1013,61,,,article,FALSE,FALSE,closed,NA,FALSE,Canadian Journal of Zoology,https://openalex.org/S146329739,0008-4301,https://openalex.org/P4310313060,NRC Research Press,https://doi.org/10.1139/z06-071,NA,NA,publishedVersion,,40,,,,,FALSE,FALSE,en,,,,,1025,1037,84,7
https://openalex.org/W164306932,The diet of the South Georgia shag Phalacrocorax georgianus at South Orkney Islands in five consecutive years,The diet of the South Georgia shag Phalacrocorax georgianus at South Orkney Islands in five consecutive years,,NA,https://doi.org/10.1007/s00300-002-0389-4,2002-08-01,2002,75.08877,0.3365,22,,,article,FALSE,TRUE,green,http://hdl.handle.net/11336/97289,TRUE,Polar Biology,https://openalex.org/S196656238,0722-4060,https://openalex.org/P4310319900,Springer Science+Business Media,https://doi.org/10.1007/s00300-002-0389-4,NA,NA,publishedVersion,,23,,,,,FALSE,FALSE,en,,,,,557,561,25,8
https://openalex.org/W2021938753,"Fish populations of Port Foster, Deception Island, Antarctica and vicinity","Fish populations of Port Foster, Deception Island, Antarctica and vicinity",,NA,https://doi.org/10.1016/s0967-0645(03)00094-8,2003-06-01,2003,74.44678,1.4563,19,,,article,FALSE,FALSE,closed,NA,FALSE,Deep Sea Research Part II Topical Studies in Oceanography,https://openalex.org/S172051550,0967-0645,https://openalex.org/P4310320990,Elsevier BV,https://doi.org/10.1016/s0967-0645(03)00094-8,NA,NA,publishedVersion,,67,,,,,FALSE,FALSE,en,,,,,1843,1858,50,10-11
https://openalex.org/W2085955977,"Spring and summer predation on fish by the Antarctic fur seal, <i>Arctocephalus gazella</i>, at King George Island, South Shetland Islands","Spring and summer predation on fish by the Antarctic fur seal, <i>Arctocephalus gazella</i>, at King George Island, South Shetland Islands",,"The fish component of the diet of nonbreeding male Antarctic fur seals, Arctocephalus gazella, was analyzed from 70 scats collected at Stranger Point, King George Island, South Shetland Islands, during the austral spring (n = 36) and summer (n = 34) of 1993-1994. Fish occurred in approximately 70% of scats that contained food remains irrespective of season. In spring, the main fish prey were Electrona antarctica, Pleuragramma antarcticum, and Notolepis coatsi, which together gave two-thirds of the 110 otoliths recovered. In summer, 457 otoliths were retrieved; the most frequent and abundant species were Gymnoscopelus nicholsi, E. antarctica, and P. antarcticum, which represented over 80% of the otoliths recovered. A substantial increase in the amount of fish ingested by fur seals occurred from spring to summer concomitant with a change in the relative proportion of fish taxa. Most fish species identified are pelagic and feed on krill. During the study period, commercial fishing in the area was not based upon any of the fish species identified.",https://doi.org/10.1139/z99-064,1999-10-20,1999,74.40608,0.7184,31,,,article,FALSE,FALSE,closed,NA,FALSE,Canadian Journal of Zoology,https://openalex.org/S146329739,0008-4301,https://openalex.org/P4310313060,NRC Research Press,https://doi.org/10.1139/z99-064,NA,NA,publishedVersion,,17,,,,,FALSE,FALSE,en,,,,,1157,1160,77,7
https://openalex.org/W4387945930,"DNA strand breaks in caged Antarctic coastal fishes (Trematomus newnesi), following exposure to the waters in front of the Brazilian Antarctic Research Station ""Comandante Ferraz"", King George Island","DNA strand breaks in caged Antarctic coastal fishes (Trematomus newnesi), following exposure to the waters in front of the Brazilian Antarctic Research Station ""Comandante Ferraz"", King George Island",,The comet assay was used to assess DNA strand breaks in erythrocytes of the Antarctic coastal fishes Trematomus newnesi exposed in cages to the water in front of the fuel tanks and the water near the sewage outlet of the Brazilian Antarctic Research Station in order to evaluate their potential genotoxicity and the viability of applying the assay for environmental monitoring of Antarctic waters. DNA damage was significantly higher in fishes exposed to the waters in front of the fuel tanks and near the sewage outlet as compared to those in control fishes exposed to the water at the reference site apparently free from pollution sources. Differences in DNA damage between fish maintained at the sewage outlet and those in the water in front of the fuel tanks were also significant in one of the two experiments performed. The comet assay and the fish T. newnesi seemed to be useful for detecting the potential genotoxicity of Antarctic waters by DNA strand breaks.,https://doi.org/10.31789/pab.v5n1.006,2012-01-01,2012,74.13143,0.2944,1,,,article,TRUE,TRUE,bronze,https://doi.org/10.31789/pab.v5n1.006,FALSE,PESQUISA ANTÁRTICA BRASILEIRA (Academia Brasileira de Ciências),https://openalex.org/S4387997931,0103-4049,NA,NA,http://doi.org/10.31789/pab.v5n1.006,https://doi.org/10.31789/pab.v5n1.006,NA,publishedVersion,,37,,,,,FALSE,FALSE,en,,,,,1,10,5,1
https://openalex.org/W2117827605,Fishing down the food web of the Antarctic continental shelf and slope,Fishing down the food web of the Antarctic continental shelf and slope,,"ABSTRACT The history of biotic exploitation for the continental margin (shelf and slope) of the Antarctic Large Marine Ecosystem (LME) is reviewed, with emphasis on the period from 1970 to 2010. In the Antarctic Peninsula portion, marine mammals were decimated by the 1970s and groundfish by the early 1980s. Fishing for Antarctic krill Euphausia superba began upon the demise of groundfish and now is the only fishing that remains in this region. Surveys show that cetacean and most groundfish stocks remain severely depressed, harvest of which is now prohibited by the International Whaling Commission and the Commission for the Conservation of Antarctic Marine Living Resources (CCAMLR). On the other hand, krill fishing in this region is underway and in recent years has contributed up to 72% of the Southern Ocean catch, depending on fishing conditions and the CCAMLR conservation measures in force. Elsewhere along the Antarctic continental margin, marine mammals were also severely depleted by the 1970s, followed directly by relatively low-level fisheries for krill that continued until the early 1990s. Recently in these areas, where fin-fishing is still allowed, fisheries for Antarctic toothfish Dissostichus mawsoni have been initiated, with one of this fish's main prey, grenadiers Macrourus spp., being taken significantly as by-catch. Continental margin fishing currently accounts for ~25% of the total toothfish catch of the Southern Ocean. Fishing along the Antarctic continental margin, especially the Antarctic Peninsula region, is a clear case of both the tragedy of the commons and ‘fishing down the food web’.",https://doi.org/10.1017/s0032247412000757,2013-02-27,2013,73.14405,8.0228,70,,,article,FALSE,FALSE,closed,NA,FALSE,Polar Record,https://openalex.org/S118957039,0032-2474,https://openalex.org/P4310311721,Cambridge University Press,https://doi.org/10.1017/s0032247412000757,NA,NA,publishedVersion,,48,,,,,FALSE,FALSE,en,,,,,92,107,50,1
https://openalex.org/W2261157182,"Changes in biomass of eight species of finfish around the South Orkney Islands (Subarea 48,2) from three bottom trawl surveys","Changes in biomass of eight species of finfish around the South Orkney Islands (Subarea 48,2) from three bottom trawl surveys",,"Stocks of finfish exploited around the South Orkney Islands (Subarea 48.2) suffered&#13;\nsubstantial declines from split-year 1977/78 to 1989/90. The biomass of several species of&#13;\nfinfish has been monitored through scientific bottom trawl surveys within the 500 m&#13;\nisobath of the South Orkney Islands, most recently by the Federal Republic of Germany in&#13;\n1985, Spain in 1991 and the USA in 1999. From these surveys, estimates of total stock&#13;\nbiomass were computed for the eight species of finfish which were most abundant&#13;\nin catches. Biomass levels and size composition from the March 1999 trawl survey&#13;\nwere compared to previous surveys conducted in February 1985 and January to February&#13;\n1991. Species examined were Gobionotothen gibberifrons, Lepidonotothen sqtlarnifrons,&#13;\nPseudochaenichfhys georgianus, Charnpsocephalus gunnari, Chae~zocephalus aceratus,&#13;\nChionodraco rastrospinosus, Notothenia rossii and Lepidonotothen larseni. Despite substantial&#13;\nvariability in point estimates, biomass levels of most species appear to be unchanged or&#13;\nmay have declined slightly since 1991. The stock of C. gzinnari is currently extremely low,&#13;\nwhile there appear to be strong signs of recovery for N. rossii. However, overall levels of&#13;\nbiomass indicate very little potential for commercial exploitation at this tim",NA,2000-01-01,2000,72.60311,1.1655,25,,,article,TRUE,TRUE,green,http://hdl.handle.net/10261/325976,TRUE,DIGITAL.CSIC (Spanish National Research Council (CSIC)),https://openalex.org/S4306400616,NA,https://openalex.org/I134820265,Consejo Superior de Investigaciones Científicas,http://hdl.handle.net/10261/325976,NA,cc-by-nc-nd,submittedVersion,,0,,,,,FALSE,FALSE,en,,,,,53,74,7,NA
https://openalex.org/W2071712420,Specialisations of swimming muscles in the pelagic antarctic fish Pleuragramma antarcticum,Specialisations of swimming muscles in the pelagic antarctic fish Pleuragramma antarcticum,,NA,https://doi.org/10.1007/bf00392949,1988-12-01,1988,72.33607,3.5218,44,,,article,FALSE,FALSE,closed,NA,FALSE,Marine Biology,https://openalex.org/S118082147,0025-3162,https://openalex.org/P4310319900,Springer Science+Business Media,https://doi.org/10.1007/bf00392949,NA,NA,publishedVersion,,29,,,,,FALSE,FALSE,en,,,,,3,12,100,1
https://openalex.org/W2144006480,Population divergences despite long pelagic larval stages: lessons from crocodile icefishes (<scp>C</scp>hannichthyidae),Population divergences despite long pelagic larval stages: lessons from crocodile icefishes (<scp>C</scp>hannichthyidae),,"Dispersal via pelagic larval stages plays a key role in population connectivity of many marine species. The degree of connectivity is often correlated with the time that larvae spend in the water column. The Antarctic notothenioid fishes develop through an unusually long pelagic larval phase often exceeding 1 year. Notothenioids thus represent a prime model system for studying the influence of prolonged larval phases on population structure in otherwise demersal species. Here, we compare the population genetic structure and demographic history of two sub-Antarctic crocodile icefish species (Chaenocephalus aceratus and Champsocephalus gunnari) from the Scotia Arc and Bouvet Island in the Atlantic sector of the Southern Ocean to delineate the relative importance of species-specific, oceanographic and paleoclimatic factors to gene flow. Based on 7 (C. aceratus) and 8 (C. gunnari) microsatellites, as well as two mitochondrial DNA markers (cytochrome b, D-loop), we detect pronounced population genetic structure in both species (amova FSTs range from 0.04 to 0.53). High genetic similarities were found concordantly in the populations sampled at the Southern Scotia Arc between Elephant Island and South Orkney Islands, whereas the populations from Bouvet Island, which is located far to the east of the Scotia Arc, are substantially differentiated from those of the Scotia Arc region. Nonetheless, haplotype genealogies and Bayesian cluster analyses suggest occasional gene flow over thousands of kilometres. Higher divergences between populations of C. gunnari as compared to C. aceratus are probably caused by lower dispersal capabilities and demographic effects. Bayesian skyline plots reveal population size reductions during past glacial events in both species with an estimated onset of population expansions about 25 000 years ago.",https://doi.org/10.1111/mec.12612,2013-12-03,2013,71.0056,2.9201,23,,,article,FALSE,FALSE,closed,NA,FALSE,Molecular Ecology,https://openalex.org/S22454499,0962-1083,https://openalex.org/P4310320595,Wiley,https://doi.org/10.1111/mec.12612,NA,NA,publishedVersion,,89,,,,,FALSE,FALSE,en,,,,,284,299,23,2
https://openalex.org/W2091125576,"Analysis of trace metals in the Antarctic host-parasite system Notothenia coriiceps and Aspersentis megarhynchus (Acanthocephala) caught at King George Island, South Shetland Islands","Analysis of trace metals in the Antarctic host-parasite system Notothenia coriiceps and Aspersentis megarhynchus (Acanthocephala) caught at King George Island, South Shetland Islands",,NA,https://doi.org/10.1007/s00300-003-0538-4,2003-10-01,2003,68.977516,3.1838,71,,,article,FALSE,FALSE,closed,NA,FALSE,Polar Biology,https://openalex.org/S196656238,0722-4060,https://openalex.org/P4310319900,Springer Science+Business Media,https://doi.org/10.1007/s00300-003-0538-4,NA,NA,publishedVersion,,43,,,,,FALSE,FALSE,en,,,,,680,686,26,10
https://openalex.org/W2141195765,How important are pelagic preys for the kelp gull during chick-rearing at the South Shetland Islands?,How important are pelagic preys for the kelp gull during chick-rearing at the South Shetland Islands?,,NA,https://doi.org/10.1007/s003000050213,1997-12-11,1997,68.83405,0.7258,22,,,article,FALSE,FALSE,closed,NA,FALSE,Polar Biology,https://openalex.org/S196656238,0722-4060,https://openalex.org/P4310319900,Springer Science+Business Media,https://doi.org/10.1007/s003000050213,NA,NA,publishedVersion,,16,,,,,FALSE,FALSE,en,,,,,32,36,19,1
https://openalex.org/W2125867995,Larval ascaridoid nematodes (Anisakidae) in fish from the South Shetland Islands (Southern Ocean),Larval ascaridoid nematodes (Anisakidae) in fish from the South Shetland Islands (Southern Ocean),,"The aim of this study was to assess the anisakid nematode distribution pattern in the fish collected from the South Shetland Islands. A total of 32 fish species were examined for the presence of nematodes in 1978, 1979, 1981 and 2007/2008. The fish were caught off the South Shetland Islands (Elephant Island, Shishkov Island and in Admiralty Bay - King George Island). Three genera of L3 larval nematodes were identified: Anisakis sp., Contra− caecum spp. and Pseudoterranova decipiens. The infection level was higher on the shelf around the islands than in Admiralty Bay. This is explained by a higher abundance of the fi− nal hosts in the region. A comparison of the infection data from 1978/79 and 2007/2008 with data from 1994/96 (Palm et al. 1998, 2007) was done. The parameters of infection of Notothenia coriiceps and Lepidonotothen nudifrons by Pseudoterranova decipiens were decreasing within the 30 years period.",NA,2009-01-01,2009,68.25736,0.6457,21,,,article,TRUE,TRUE,green,http://agro.icm.edu.pl/agro/element/bwmeta1.element.agro-article-c3cc2fe9-6ade-4fa9-bbbf-b0bbd87bc8f7,TRUE,Polish Polar Research,https://openalex.org/S67295124,0138-0338,https://openalex.org/P4310320322,De Gruyter Open,http://agro.icm.edu.pl/agro/element/bwmeta1.element.agro-article-c3cc2fe9-6ade-4fa9-bbbf-b0bbd87bc8f7,NA,NA,NA,,20,,,,,FALSE,FALSE,en,,,,,49,58,30,1
https://openalex.org/W4223525229,"Species composition, distribution and relative abundance of the inshore fish community off the Argentine Islands, Bellingshausen Sea","Species composition, distribution and relative abundance of the inshore fish community off the Argentine Islands, Bellingshausen Sea",,"Abstract In the last three decades, several interdisciplinary studies investigated the marine ecosystems off the West Antarctic Peninsula (WAP), one of the most impacted areas of the Southern Ocean by the global warming. Although the extent of near-shore habitats along the WAP is wider than elsewhere in Antarctica, the coastal fish communities have been rarely studied. Complementing these previous studies, we provide new data on the species composition, population structure and relative abundance of the inshore fish community living off the Argentine Islands (Bellingshausen Sea). Fish samples were caught all the year round during four different periods spread over ten years (from 2006 to 2017). The fish fauna consisted of fourteen high-Antarctic and low-Antarctic species of notothenioids, most of them belonging to the Nototheniidae. Notothenia coriiceps was by far the most abundant species, followed in decreasing abundance by Chaenocephalus aceratus , Notothenia rossii , Trematomus newnesi and Trematomus bernacchii . Our findings provide context for future ecological studies as this area represents either a spawning and nursery area for multiple species in this study. More generally, the inshore waters off the Argentine Islands represent the southern limit of distribution for several low-Antarctic species, and our results provide critical baseline data for assessing possible disruptions in population dynamics driven by the ongoing climate change.",https://doi.org/10.1007/s00300-022-03040-5,2022-04-10,2022,66.08683,1.0189,9,,,article,TRUE,TRUE,hybrid,https://link.springer.com/content/pdf/10.1007/s00300-022-03040-5.pdf,FALSE,Polar Biology,https://openalex.org/S196656238,0722-4060,https://openalex.org/P4310319900,Springer Science+Business Media,https://doi.org/10.1007/s00300-022-03040-5,https://link.springer.com/content/pdf/10.1007/s00300-022-03040-5.pdf,cc-by,publishedVersion,,31,,,,,FALSE,FALSE,en,,,,,845,855,45,5
https://openalex.org/W2071980730,The utility of otolith microstructure in determining the timing and position of the first annulus in juvenile Antarctic toothfish (Dissostichus mawsoni) from the South Shetland Islands,The utility of otolith microstructure in determining the timing and position of the first annulus in juvenile Antarctic toothfish (Dissostichus mawsoni) from the South Shetland Islands,,NA,https://doi.org/10.1007/s00300-007-0281-3,2007-04-03,2007,66.04637,0.717,27,,,article,FALSE,FALSE,closed,NA,FALSE,Polar Biology,https://openalex.org/S196656238,0722-4060,https://openalex.org/P4310319900,Springer Science+Business Media,https://doi.org/10.1007/s00300-007-0281-3,NA,NA,publishedVersion,,27,,,,,FALSE,FALSE,en,,,,,1219,1226,30,10
https://openalex.org/W1997113954,"Fish in the diet of the Antarctic shag at four colonies on the Danco Coast, Antarctic Peninsula","Fish in the diet of the Antarctic shag at four colonies on the Danco Coast, Antarctic Peninsula",,"The diet of breeding Antarctic shags ( Phalacrocorax bransfieldensis ) was investigated at four colonies on the Danco Coast, Antarctic Peninsula, by the analysis of 616 pellets (regurgitated casts) collected from December 1997 to February 1998. Overall, demersal-benthic fish were the most frequent and important prey at all the colonies, followed by octopods and gastropods. Amongst fish, Notothenia coriiceps was the main prey in all of the sampling sites, followed in similar importance by Gobionotothen gibberifrons at Cape Herschel, Primavera Island and Midas Island and in less importance by Harpagifer antarcticus at Py Point. There were marked differences among colonies in the size of the fish consumed. The largest and the smallest specimens were eaten by shags from Midas Island and Py Point respectively. This was mainly influenced by the number of specimens of the smallest fish species, H. antarcticus , consumed at Py Point. The differences in the diet composition may be related to the different foraging areas used by the shags. Results from this study differ from previous studies around the Antarctic Peninsula. The shags at the Danco Coast preyed markedly more intensively than those at the South Shetland Islands on G. gibberifrons . This finding reflects the low abundance of this fish species in inshore waters (&lt; 100 m depth) at the South Shetland Islands and supports the use of the Antarctic shags to monitor trends in local populations of coastal fish species.",https://doi.org/10.1017/s095410200200055x,2002-03-01,2002,66.001236,0.6091,13,,,article,FALSE,FALSE,closed,NA,FALSE,Antarctic Science,https://openalex.org/S939558408,0954-1020,https://openalex.org/P4310311721,Cambridge University Press,https://doi.org/10.1017/s095410200200055x,NA,NA,publishedVersion,,21,,,,,FALSE,FALSE,en,,,,,32,36,14,1
https://openalex.org/W2204230682,SEX DIFFERENCES IN DIVING DEPTHS AND DIET OF ANTARCTIC SHAGS AT THE SOUTH SHETLAND ISLANDS,SEX DIFFERENCES IN DIVING DEPTHS AND DIET OF ANTARCTIC SHAGS AT THE SOUTH SHETLAND ISLANDS,,"Sexual differences in maximum diving depths and in the composition of the diet of the Antarctic Shag (Phalacrocorax bransfieldensis) were investigated at Harmony Point, Nelson Island, South Shetland Islands, Antarctica, during the 1995–1996 and 1996–1997 breeding seasons. The mean maximum diving depth estimated by the capillary-tube depth gauge technique was 37.8 m which, when compared with other studies, reflects good food availability in shallow waters around Harmony Point. Females dived significantly deeper than males and also reached the maximum dive depth registered (112.6 m). The analysis of the stomach contents recovered when the individuals with capillary-tubes returned to the nest from foraging trips indicated that males ingested almost exclusively large Notothenia coriiceps specimens, whereas females preyed more intensively on smaller fish. The differences observed suggest that individuals of both sexes partitioned foraging depths and food resources.",https://doi.org/10.1648/0273-8570-72.1.22,2001-01-01,2001,65.08162,3.473,47,,,article,FALSE,FALSE,closed,NA,FALSE,Journal of Field Ornithology,https://openalex.org/S197402693,0273-8570,https://openalex.org/P4310316699,Association of Field Ornithologists,https://doi.org/10.1648/0273-8570-72.1.22,NA,NA,publishedVersion,,23,,,,,FALSE,FALSE,en,,,,,22,29,72,1
https://openalex.org/W2569674220,Life history traits of Notothenia rossii and N. coriiceps along the southern Scotia Arc,Life history traits of Notothenia rossii and N. coriiceps along the southern Scotia Arc,,NA,https://doi.org/10.1007/s00300-016-2066-z,2017-01-06,2017,63.82654,0.6871,23,,,article,FALSE,FALSE,closed,NA,FALSE,Polar Biology,https://openalex.org/S196656238,0722-4060,https://openalex.org/P4310319900,Springer Science+Business Media,https://doi.org/10.1007/s00300-016-2066-z,NA,NA,publishedVersion,,57,,,,,FALSE,FALSE,en,,,,,1409,1423,40,7
https://openalex.org/W2140922424,"Adélie penguin diet and climate change during the middle to late Holocene in northern Marguerite Bay, Antarctic Peninsula","Adélie penguin diet and climate change during the middle to late Holocene in northern Marguerite Bay, Antarctic Peninsula",,NA,https://doi.org/10.1007/s00300-001-0334-y,2002-03-01,2002,63.762794,3.0284,70,,,article,FALSE,FALSE,closed,NA,FALSE,Polar Biology,https://openalex.org/S196656238,0722-4060,https://openalex.org/P4310319900,Springer Science+Business Media,https://doi.org/10.1007/s00300-001-0334-y,NA,NA,publishedVersion,,31,,,,,FALSE,FALSE,en,,,,,222,229,25,3
https://openalex.org/W2004295676,Report on anisakid nematodes in polar regions – Preliminary results,Report on anisakid nematodes in polar regions – Preliminary results,,NA,https://doi.org/10.1016/j.polar.2009.08.003,2009-10-09,2009,63.706226,0.6434,12,,,article,FALSE,FALSE,closed,NA,FALSE,Polar Science,https://openalex.org/S14279969,1873-9652,https://openalex.org/P4310320990,Elsevier BV,https://doi.org/10.1016/j.polar.2009.08.003,NA,NA,publishedVersion,,21,,,,,FALSE,FALSE,en,,,,,207,211,3,3
https://openalex.org/W2090523086,Microsatellite analysis reveals genetic differentiation between year-classes in the icefish Chaenocephalus aceratus at South Shetlands and Elephant Island,Microsatellite analysis reveals genetic differentiation between year-classes in the icefish Chaenocephalus aceratus at South Shetlands and Elephant Island,,NA,https://doi.org/10.1007/s00300-007-0325-8,2007-07-17,2007,63.652428,0.9047,20,,,article,FALSE,FALSE,closed,NA,FALSE,Polar Biology,https://openalex.org/S196656238,0722-4060,https://openalex.org/P4310319900,Springer Science+Business Media,https://doi.org/10.1007/s00300-007-0325-8,NA,NA,publishedVersion,,56,,,,,FALSE,FALSE,en,,,,,1605,1613,30,12
https://openalex.org/W2294401409,The diet of the Antarctic fur seal Arctocephalus gazella at the South Orkney Islands in ten consecutive years,The diet of the Antarctic fur seal Arctocephalus gazella at the South Orkney Islands in ten consecutive years,,NA,https://doi.org/10.1007/s00300-015-1836-3,2016-03-10,2016,63.22306,0.3064,16,,,article,TRUE,TRUE,bronze,https://link.springer.com/content/pdf/10.1007/s00300-015-1836-3.pdf,FALSE,Polar Biology,https://openalex.org/S196656238,0722-4060,https://openalex.org/P4310319900,Springer Science+Business Media,https://doi.org/10.1007/s00300-015-1836-3,https://link.springer.com/content/pdf/10.1007/s00300-015-1836-3.pdf,NA,publishedVersion,,38,,,,,FALSE,FALSE,en,,,,,1197,1206,39,7
https://openalex.org/W2746194320,Implications of biological factors on accumulation of persistent organic pollutants in Antarctic notothenioid fish,Implications of biological factors on accumulation of persistent organic pollutants in Antarctic notothenioid fish,,NA,https://doi.org/10.1016/j.ecoenv.2017.08.009,2017-08-14,2017,61.430202,1.4794,23,,,article,TRUE,TRUE,bronze,https://ars.els-cdn.com/content/image/1-s2.0-S014765131730502X-fx1_lrg.jpg,TRUE,Ecotoxicology and Environmental Safety,https://openalex.org/S13733787,0147-6513,https://openalex.org/P4310320990,Elsevier BV,https://doi.org/10.1016/j.ecoenv.2017.08.009,https://ars.els-cdn.com/content/image/1-s2.0-S014765131730502X-fx1_lrg.jpg,NA,publishedVersion,,56,,,,,FALSE,FALSE,en,,,,,630,639,145,NA
https://openalex.org/W1563869035,"Fish prey of southern elephant seals, Mirounga leonina, at King George Island","Fish prey of southern elephant seals, Mirounga leonina, at King George Island",,NA,https://doi.org/10.1007/s00300-002-0408-5,2002-10-01,2002,61.056488,3.3511,92,,,article,FALSE,FALSE,closed,NA,FALSE,Polar Biology,https://openalex.org/S196656238,0722-4060,https://openalex.org/P4310319900,Springer Science+Business Media,https://doi.org/10.1007/s00300-002-0408-5,NA,NA,publishedVersion,,16,,,,,FALSE,FALSE,en,,,,,739,743,25,10
https://openalex.org/W2091027105,Spatial and temporal boundaries to gene flow between Chaenocephalus aceratus populations at South Orkney and South Shetlands,Spatial and temporal boundaries to gene flow between Chaenocephalus aceratus populations at South Orkney and South Shetlands,,"The black-fin icefish Chaenocephalus aceratus is among the most abundant fish species on the Antarctic continental shelves of the Scotia Arc, and Bouvet Island. We genotyped 11 microsatellite loci in C. aceratus population samples from South Orkney, southern South Shetlands, and Elephant Island (northern South Shetlands) collected in 2002 and 2006. This investigation further develops a previous study on the species reporting the presence of one panmittic population in southern South Shetlands and Elephant Island, with genetic differentiation between year classes. Our results reveal a more complex pattern of differentiation than shown previously, as genetic differences occur both at the temporal level at Elephant Island and at the geographic scale between southern South Shetland -Elephant Islands and South Orkney population samples. In particular, the magnitude of genetic differentiation at the temporal scale, the relatively high effective population size (N e ) and high gene flow indicate that genetic differentiation is not only driven by geographic distance. At present, our results should be taken into account when defining conservation measures and management boundaries in regions where fishery is still open or where other Antarctic fish species are still exploited.",https://doi.org/10.3354/meps07831,2009-01-05,2009,60.866863,1.7292,31,,,article,TRUE,TRUE,bronze,https://www.int-res.com/articles/meps2008/376/m376p269.pdf,TRUE,Marine Ecology Progress Series,https://openalex.org/S96743589,0171-8630,https://openalex.org/P4310313773,Inter-Research,https://doi.org/10.3354/meps07831,https://www.int-res.com/articles/meps2008/376/m376p269.pdf,NA,publishedVersion,,103,,,,,FALSE,FALSE,en,,,,,269,281,376,NA
https://openalex.org/W2773020171,Metagenomic sequencing of environmental DNA reveals marine faunal assemblages from the West Antarctic Peninsula,Metagenomic sequencing of environmental DNA reveals marine faunal assemblages from the West Antarctic Peninsula,,"The West Antarctic Peninsula (WAP) is the fastest warming region in Antarctica where climate impact on the cold-adapted marine ecosystem is already visible. To monitor faunal changes in remote vast bodies of Antarctic waters, efficient and informative tools are essential. High-throughput sequencing of environmental DNA (eDNA) has emerged as one such tool for monitoring biodiversity and ecosystems, as it increases detection sensitivity of taxa, and sampling is often simpler and less costly than traditional collection methods. We collected water samples from four WAP shallow (≤300m) shelf regions, recovered the eDNA therein, and performed metagenomic shotgun sequencing and analyses to determine the effectiveness of this method to assess marine benthic faunal diversity; this includes the detection of deep-water predatory king crabs whose potential shoreward expansion to warming shelves has sparked much concern. Using a customized bioinformatics pipeline, we identified abundant signatures of common benthic invertebrate fauna, endemic notothenioid fishes, as well as lithodid king crabs. We also uncovered species richness and diversity comparable to biological inventories compiled by the use of traditional survey methods, supporting the efficacy of the eDNA shotgun sequencing approach. As the rate of eDNA degradation affects faunal detection sensitivity, we also quantified mitochondrial ND2 gene copies in eDNA derived from a WAP icefish and found ND2 copies persisted to at least 20days in the cold WAP water, much longer than values reported for temperate environments. We propose that eDNA metagenomic sequencing complements traditional sampling, and combining both will enable more inclusive biodiversity detection and faunal change monitoring in the vast Southern Ocean.",https://doi.org/10.1016/j.margen.2017.11.003,2017-12-06,2017,60.74719,5.7993,132,,,article,TRUE,TRUE,hybrid,https://www.sciencedirect.com/science/article/am/pii/S1874778717302581,TRUE,Marine Genomics,https://openalex.org/S107001494,1874-7787,https://openalex.org/P4310320990,Elsevier BV,https://doi.org/10.1016/j.margen.2017.11.003,https://www.sciencedirect.com/science/article/am/pii/S1874778717302581,cc-by-nc-nd,publishedVersion,,117,,,,,FALSE,FALSE,en,,,,,148,160,37,NA
https://openalex.org/W2132053926,Photographic survey of benthos provides insights into the Antarctic fish fauna from the Marguerite Bay slope and the Amundsen Sea,Photographic survey of benthos provides insights into the Antarctic fish fauna from the Marguerite Bay slope and the Amundsen Sea,,"Abstract We reviewed photographic images of fishes from depths of 381–2282 m in Marguerite Bay and 405–2007 m in the Amundsen Sea. Marguerite Bay fishes were 33% notothenioids and 67% non-notothenioids. Channichthyids (47%) and nototheniids (44%) were the most abundant notothenioids. The deep-living channichthyid Chionobathyscus dewitti (74%) and the nototheniid genus Trematomus (66%) were the most abundant taxa within these two families. The most abundant non-notothenioids were the macrourid Macrourus whitsoni (72%) and zoarcids (18%). Amundsen Sea fishes were 87% notothenioids and 13% non-notothenioids, the latter exclusively Macrourus whitsoni . Bathydraconids (38%) and artedidraconids (30%) were the most abundant notothenioids. We observed that Macrourus whitsoni was benthopelagic and benthic and infested by large ectoparasitic copepods. Juvenile (42 cm) Dissostichus mawsoni was not neutrally buoyant and resided on the substrate at 1277 m. Lepidonotothen squamifrons was seen near and on nests of eggs in early December. A Pogonophryne sp. from 2127 m was not a member of the deep-living unspotted P. albipinna group. Chionobathyscus dewitti inhabited the water column as well as the substrate. The pelagic zoarcid Melanostigma gelatinosum was documented in the water column a few metres above the substrate. The zoogeographic character of the Marguerite Bay fauna was West Antarctic or low-Antarctic and the Amundsen Sea was East Antarctic or high-Antarctic.",https://doi.org/10.1017/s0954102012000697,2012-10-10,2012,60.416367,1.4664,33,,,article,FALSE,FALSE,closed,NA,FALSE,Antarctic Science,https://openalex.org/S939558408,0954-1020,https://openalex.org/P4310311721,Cambridge University Press,https://doi.org/10.1017/s0954102012000697,NA,NA,publishedVersion,,67,,,,,FALSE,FALSE,en,,,,,31,43,25,1
https://openalex.org/W2113684701,"The helminth fauna of some notothenioid fishes collected from the shelf of Argentine Islands, West Antarctica","The helminth fauna of some notothenioid fishes collected from the shelf of Argentine Islands, West Antarctica",,"The infections of four fish species, Trematomus newnesi, T. bernacchii, Lindber− gichthys nudifrons and Harpagifer antarcticus with parasitic worms, in the coastal zone off the Vernadsky Station (Argentine Islands, West Antarctica) are described. Data on infec− tions are compared with previous results from Admiralty Bay at the South Shetland Islands. Indices of infection are for each host-parasite relationship. In total, 16 taxa of parasites were recorded: 6 digeneans, 3 larval cestodes, 4 (adult and cystacanth) acanthocephalans, and 3 (adult and larval) nematodes. Fifteen of them have been previously recorded in Notothenia coriiceps from this area. Hence, the number of parasitic taxa recorded in this region in− creased from 21 to 22. Either the digenean Macvicaria georgiana or acanthocephalan Corynosoma pseudohamanni were dominants in different hosts. Trematomus bernacchii was the most strongly infected, especially with M. georgiana (prevalence 100%, mean abundance 113.7). The infection parameters of the majority of parasites were lower at the Vernadsky Station than in the Admiralty Bay, especially for host-parasite relations with larval cestodes and nematodes. The presently reported study have confirmed that the south− ern range of distribution of two acanthocephalans, Aspersentis megarhynchus and Coryno− soma hamanni extends south to the area near the Argentine Islands.",NA,2005-01-01,2005,60.219273,0.6786,30,,,article,FALSE,FALSE,closed,NA,FALSE,Polish Polar Research,https://openalex.org/S67295124,0138-0338,https://openalex.org/P4310320322,De Gruyter Open,http://agro.icm.edu.pl/agro/element/bwmeta1.element.agro-article-63df2936-7b59-40c8-a493-d067b97a2b35,NA,NA,NA,,17,,,,,FALSE,FALSE,en,,,,,315,324,26,4
https://openalex.org/W2268510624,"Assemblage characteristics and diet of fish in the shallow coastal waters of James Ross Island, Antarctica","Assemblage characteristics and diet of fish in the shallow coastal waters of James Ross Island, Antarctica",,NA,https://doi.org/10.1007/s00300-016-1896-z,2016-01-25,2016,60.13211,1.5438,18,,,article,FALSE,FALSE,closed,NA,FALSE,Polar Biology,https://openalex.org/S196656238,0722-4060,https://openalex.org/P4310319900,Springer Science+Business Media,https://doi.org/10.1007/s00300-016-1896-z,NA,NA,publishedVersion,,44,,,,,FALSE,FALSE,en,,,,,2299,2309,39,12
https://openalex.org/W1973084529,"Ecological and physiological aspects of the antarctic fishes Notothenia rossii and Notothenia coriiceps in Admiralty Bay, Antarctic Peninsula","Ecological and physiological aspects of the antarctic fishes Notothenia rossii and Notothenia coriiceps in Admiralty Bay, Antarctic Peninsula",,NA,https://doi.org/10.1007/s10641-014-0311-2,2014-07-17,2014,59.547203,1.5464,15,,,article,FALSE,FALSE,closed,NA,FALSE,Environmental Biology of Fishes,https://openalex.org/S175181960,0378-1909,https://openalex.org/P4310319900,Springer Science+Business Media,https://doi.org/10.1007/s10641-014-0311-2,NA,NA,publishedVersion,,70,,,,,FALSE,FALSE,en,,,,,775,788,98,3
https://openalex.org/W2019045359,Trace and Toxic Elements Accumulation in Food Chain Representatives at Livingston Island (Antarctica),Trace and Toxic Elements Accumulation in Food Chain Representatives at Livingston Island (Antarctica),,"First data for concentrations and distribution of trace and toxic elements in tissues and organs of brown skua(Catharacta lonnbergi), Gentoo penguin (Pygoscelis papua), crabeater seal (Lobodon carcinophagus), notothenioid fish(Notothenia coriiceps) and in krill (Euphausia superba), collected on Livingston Island (South Shetlands), Antarcticaare presented. Lead, cadmium, copper, zinc, manganese and cobalt were studied in liver, kidney, bone, spleen, muscle,heart and feathers. Generally, higher concentrations of toxic elements were found in liver and kidneys than in otherinvestigated tissues. The same elements in krill and notothenioid fish were also determined. The obtained data could serve as a starting point for broader investigation of the possible changes in the ecosystem of Antarctic Peninsula underclimate and environmental changes.",https://doi.org/10.5539/ijb.v2n1p155,2010-01-01,2010,59.447613,1.0614,33,,,article,TRUE,TRUE,hybrid,https://ccsenet.org/journal/index.php/ijb/article/download/3201/4029,FALSE,International Journal of Biology,https://openalex.org/S2765023351,1916-9671,https://openalex.org/P4310322531,Canadian Center of Science and Education,https://doi.org/10.5539/ijb.v2n1p155,https://ccsenet.org/journal/index.php/ijb/article/download/3201/4029,cc-by,publishedVersion,,34,,,,,FALSE,FALSE,en,,,,,NA,NA,2,1
https://openalex.org/W2141825870,Grazing by the Antarctic fish <i>Notothenia coriiceps</i>: evidence for selective feeding on macroalgae,Grazing by the Antarctic fish <i>Notothenia coriiceps</i>: evidence for selective feeding on macroalgae,,"In Potter Cove, King George Island, Antarctica, macroalgae provide a significant food resource for herbivores. The demersal fish Notothenia coriiceps feeds on macroalgae. Eighteen algal species were identified in stomach contents: two chlorophytes, ten rhodophytes and six phaeophytes. Among these the rhodophyte Palmaria decipiens , the phaeophyte Desmarestia menziesii and the chlorophyte Monostroma hariotii comprised the greatest proportions of algal biomass. A food selection study showed four algae to be preferred ( P. decipiens, M. hariotii, D. menziesii, Iridaea cordata ) and two species to be avoided ( Desmarestia anceps and Himantothallus grandifolius ) by N. coriiceps. The present investigation indicates that this fish feeds not only intentionally, but also selectively, on macroalgae. Preference for particular algal species is not related to associated epifaunal biomass or to associated amphipod biomass.",https://doi.org/10.1017/s0954102097000497,1997-12-01,1997,59.240845,1.5408,87,,,article,FALSE,FALSE,closed,NA,FALSE,Antarctic Science,https://openalex.org/S939558408,0954-1020,https://openalex.org/P4310311721,Cambridge University Press,https://doi.org/10.1017/s0954102097000497,NA,NA,publishedVersion,,19,,,,,FALSE,FALSE,en,,,,,386,391,9,4
https://openalex.org/W2187206263,Feeding Trial on an Imperial Cormorant Phalacrocorax Atriceps: Preliminary Results on Fish Intake and Otolith Digestion,Feeding Trial on an Imperial Cormorant Phalacrocorax Atriceps: Preliminary Results on Fish Intake and Otolith Digestion,,"To assess the extent which the otoliths of different fish species may be differentially retained in pellets regurgitated by Imperial Cormorants or Blue-eyed Shags Phalacrocorax atriceps, a feeding experiment was carried out at Jubany Station, King George Island, South Shetland Islands.For 45 days a captive cormorant was fed seven local fish species, regurgitated pellets collected and otoliths counted and measured.A total of 16 pellets was produced.All fish species except Gobionotothen gibberifrons and Nototheniops nudifrons were under-represented numerically; no otoliths of Notothenia rossii were recovered.Losses in otolith size were substantial for most species but least for G. gibberifrons.These data provide preliminary factors for correcting estimates of number and mass of ingested fish, derived from otolith lengths.During the feeding study the cormorant's average daily consumption was 31% of body mass, a higher value than those recorded in studies of non-Antarctic cormorants.All remains of polychaetes in the pellets came from fish stomachs; previous studies may, therefore, have overestimated their importance in cormorant diets.",https://doi.org/10.5038/2074-1235.23.2.333,1995-01-01,1995,57.776783,1.9338,36,,,article,TRUE,TRUE,bronze,https://digitalcommons.usf.edu/cgi/viewcontent.cgi?article=1297&context=marine_ornithology,FALSE,Marine ornithology,https://openalex.org/S2764713751,1018-3337,NA,NA,https://doi.org/10.5038/2074-1235.23.2.333,https://digitalcommons.usf.edu/cgi/viewcontent.cgi?article=1297&context=marine_ornithology,NA,publishedVersion,,19,,,,,FALSE,FALSE,en,,,,,101,106,23,2
https://openalex.org/W2158715730,"Ontogenetic shift in buoyancy and habitat in the Antarctic toothfish, Dissostichus mawsoni (Perciformes: Nototheniidae)","Ontogenetic shift in buoyancy and habitat in the Antarctic toothfish, Dissostichus mawsoni (Perciformes: Nototheniidae)",,NA,https://doi.org/10.1007/s00300-002-0459-7,2002-12-20,2002,57.219482,1.827,72,,,article,FALSE,FALSE,closed,NA,FALSE,Polar Biology,https://openalex.org/S196656238,0722-4060,https://openalex.org/P4310319900,Springer Science+Business Media,https://doi.org/10.1007/s00300-002-0459-7,NA,NA,publishedVersion,,23,,,,,FALSE,FALSE,en,,,,,124,128,26,2
https://openalex.org/W2802634856,Lighten up the dark: metazoan parasites as indicators for the ecology of Antarctic crocodile icefish (Channichthyidae) from the north-west Antarctic Peninsula,Lighten up the dark: metazoan parasites as indicators for the ecology of Antarctic crocodile icefish (Channichthyidae) from the north-west Antarctic Peninsula,,"Due to its remote and isolated location, Antarctica is home to a unique diversity of species. The harsh conditions have shaped a primarily highly adapted endemic fauna. This includes the notothenioid family Channichthyidae. Their exceptional physiological adaptations have made this family of icefish the focus of many studies. However, studies on their ecology, especially on their parasite fauna, are comparatively rare. Parasites, directly linked to the food chain, can function as biological indicators and provide valuable information on host ecology (e.g., trophic interactions) even in remote habitats with limited accessibility, such as the Southern Ocean. In the present study, channichthyid fish ( Champsocephalus gunnari : n = 25, Chaenodraco wilsoni : n = 33, Neopagetopsis ionah : n = 3, Pagetopsis macropterus : n = 4, Pseudochaenichthys georgianus : n = 15) were collected off South Shetland Island, Elephant Island, and the tip of the Antarctic Peninsula (CCAML statistical subarea 48.1). The parasite fauna consisted of 14 genera and 15 species, belonging to the six taxonomic groups including Digenea (four species), Nematoda (four), Cestoda (two), Acanthocephala (one), Hirudinea (three), and Copepoda (one). The stomach contents were less diverse with only Crustacea (Euphausiacea, Amphipoda) recovered from all examined fishes. Overall, 15 new parasite-host records could be established, and possibly a undescribed genotype or even species might exist among the nematodes.",https://doi.org/10.7717/peerj.4638,2018-05-11,2018,57.191654,1.5608,18,,,article,TRUE,TRUE,gold,https://doi.org/10.7717/peerj.4638,TRUE,PeerJ,https://openalex.org/S1983995261,2167-8359,https://openalex.org/P4310320104,"PeerJ, Inc.",https://doi.org/10.7717/peerj.4638,NA,cc-by,publishedVersion,,57,,,,,FALSE,FALSE,en,,,,,e4638,e4638,6,NA
https://openalex.org/W2027072559,"The biology of the spiny icefish Chaenodraco wilsoni Regan, 1914","The biology of the spiny icefish Chaenodraco wilsoni Regan, 1914",,NA,https://doi.org/10.1007/s00300-007-0366-z,2007-11-19,2007,56.94485,0.478,35,,,article,FALSE,FALSE,closed,NA,FALSE,Polar Biology,https://openalex.org/S196656238,0722-4060,https://openalex.org/P4310319900,Springer Science+Business Media,https://doi.org/10.1007/s00300-007-0366-z,NA,NA,publishedVersion,,47,,,,,FALSE,FALSE,en,,,,,381,393,31,3
https://openalex.org/W2027959988,"Aspects of the foraging behaviour of the Antarctic Tern Sterna vittata gaini at Harmony Point, South Shetland Islands","Aspects of the foraging behaviour of the Antarctic Tern Sterna vittata gaini at Harmony Point, South Shetland Islands",,NA,https://doi.org/10.1007/s00300-007-0362-3,2007-09-25,2007,56.409786,0.9592,14,,,article,FALSE,TRUE,green,http://hdl.handle.net/11336/101967,TRUE,Polar Biology,https://openalex.org/S196656238,0722-4060,https://openalex.org/P4310319900,Springer Science+Business Media,https://doi.org/10.1007/s00300-007-0362-3,NA,NA,publishedVersion,,16,,,,,FALSE,FALSE,en,,,,,327,331,31,3
https://openalex.org/W2229921310,Hyperoxia Does Not Extend Critical Thermal Maxima (CT<sub>max</sub>) in White- or Red-Blooded Antarctic Notothenioid Fishes,Hyperoxia Does Not Extend Critical Thermal Maxima (CT<sub>max</sub>) in White- or Red-Blooded Antarctic Notothenioid Fishes,,"Understanding what limits the capacity of organisms to tolerate increasing temperatures is a critical objective in comparative biology. Using an experimental system of Antarctic notothenioid fishes, we sought to determine whether a mismatch between oxygen demand and oxygen supply was responsible for setting thermal tolerance limits. Previous studies have shown that Antarctic icefishes (family Channichthyidae), which lack hemoglobin, have lower critical thermal maxima (CTmax) than red-blooded notothenioids collected from the same region of the Antarctic (Western Antarctic Peninsula). In addition, within the notothenioid fishes there exists a positive correlation between CTmax and hematocrit. We tested the hypothesis that the lower CTmax of icefishes is associated with reduced oxygen supply. We employed an experimental heat ramp (4°C h(-1)) to determine CTmax under both normoxic and hyperoxic conditions and quantified correlates of oxygen limitation (lactate levels and expression of hypoxia-inducible factor-1α) in white-blooded Chaenocephalus aceratus and red-blooded Notothenia coriiceps. Hyperoxia, corresponding to a three- to fourfold increase in seawater Po2, did not extend CTmax in either species despite an overall mitigation in the rise of plasma and muscle lactate compared with the normoxic treatment. Our results also indicate that cardiac HIF-1α mRNA levels were insensitive to changes in both temperature and oxygen treatments. The absence of a change in CTmax with hyperoxia is likely to represent the contribution of factors beyond oxygen supply to physiological failure at elevated temperatures.",https://doi.org/10.1086/684812,2015-12-03,2015,56.242165,2.4992,38,,,article,FALSE,FALSE,closed,NA,FALSE,Physiological and Biochemical Zoology,https://openalex.org/S127706618,1522-2152,https://openalex.org/P4310315672,University of Chicago Press,https://doi.org/10.1086/684812,NA,NA,publishedVersion,,61,,,,,FALSE,FALSE,en,,,,,1,9,89,1
https://openalex.org/W2170010837,Metabolic shifts in the Antarctic fish Notothenia rossii in response to rising temperature and PCO2,Metabolic shifts in the Antarctic fish Notothenia rossii in response to rising temperature and PCO2,,"INTRODUCTION: Ongoing ocean warming and acidification increasingly affect marine ecosystems, in particular around the Antarctic Peninsula. Yet little is known about the capability of Antarctic notothenioid fish to cope with rising temperature in acidifying seawater. While the whole animal level is expected to be more sensitive towards hypercapnia and temperature, the basis of thermal tolerance is set at the cellular level, with a putative key role for mitochondria. This study therefore investigates the physiological responses of the Antarctic Notothenia rossii after long-term acclimation to increased temperatures (7°C) and elevated PCO2 (0.2 kPa CO2) at different levels of physiological organisation. RESULTS: For an integrated picture, we analysed the acclimation capacities of N. rossii by measuring routine metabolic rate (RMR), mitochondrial capacities (state III respiration) as well as intra- and extracellular acid-base status during acute thermal challenges and after long-term acclimation to changing temperature and hypercapnia. RMR was partially compensated during warm- acclimation (decreased below the rate observed after acute warming), while elevated PCO2 had no effect on cold or warm acclimated RMR. Mitochondrial state III respiration was unaffected by temperature acclimation but depressed in cold and warm hypercapnia-acclimated fish. In both cold- and warm-exposed N. rossii, hypercapnia acclimation resulted in a shift of extracellular pH (pHe) towards more alkaline values. A similar overcompensation was visible in muscle intracellular pH (pHi). pHi in liver displayed a slight acidosis after warm normo- or hypercapnia acclimation, nevertheless, long-term exposure to higher PCO2 was compensated for by intracellular bicarbonate accumulation. CONCLUSION: The partial warm compensation in whole animal metabolic rate indicates beginning limitations in tissue oxygen supply after warm-acclimation of N. rossii. Compensatory mechanisms of the reduced mitochondrial capacities under chronic hypercapnia may include a new metabolic equilibrium to meet the elevated energy demand for acid-base regulation. New set points of acid-base regulation under hypercapnia, visible at the systemic and intracellular level, indicate that N. rossii can at least in part acclimate to ocean warming and acidification. It remains open whether the reduced capacities of mitochondrial energy metabolism are adaptive or would impair population fitness over longer timescales under chronically elevated temperature and PCO2.",https://doi.org/10.1186/1742-9994-9-28,2012-01-01,2012,55.20782,6.7952,136,,,article,TRUE,TRUE,gold,https://frontiersinzoology.biomedcentral.com/counter/pdf/10.1186/1742-9994-9-28,TRUE,Frontiers in Zoology,https://openalex.org/S166185052,1742-9994,https://openalex.org/P4310320256,BioMed Central,https://doi.org/10.1186/1742-9994-9-28,https://frontiersinzoology.biomedcentral.com/counter/pdf/10.1186/1742-9994-9-28,cc-by,publishedVersion,,103,,,,,FALSE,FALSE,en,,,,,28,28,9,1
https://openalex.org/W885308044,"Seasonal and annual changes in Antarctic fur seal [Arctocephalus gazella] diet in the area of Admiralty Bay, King George Island, South Shetland Islands","Seasonal and annual changes in Antarctic fur seal [Arctocephalus gazella] diet in the area of Admiralty Bay, King George Island, South Shetland Islands",,"This study describes the seasonal and annual changes in the diet of non−breeding male Antarctic fur seals (Arctocephalus gazella) through the analysis of faeces collected on shore during four summer seasons (1993/94–1996/97) in the area of Admiralty Bay (King George Island, South Shetlands). Krill was the most frequent prey, found in 88.3% of the 473 samples. Fish was present in 84.7% of the samples, cephalopods and penguins in 12.5% each. Of the 3832 isolated otoliths, 3737 were identified as belonging to 17 fish species. The most numerous species were: Gymnoscopelus nicholsi, Electrona antarctica, Chionodraco rastro− spinosus, Pleuragramma antarcticum, and Notolepis coatsi. In January, almost exclusively, were taken pelagic Myctophidae constituting up to 90% of the total consumed fish biomass. However, in February and March, the number of bentho−pelagic Channichthyidae and Noto− theniidae as well as pelagic Paralepididae increased significantly, up to 45% of the biomass. In April the biomass of Myctophidae increased again. The frequency of squid and penguin oc− currence was similar and low, but considering the greater individual body mass of penguins, their role as a food item may be much greater. In March and April, penguins could be as im− portant prey item as fish. The amount of krill in the diet of Antarctic fur seals declined with a concomitant decrease in the mature krill availability. This appears to have been compensated by an increased frequency of the fur seal to eat fish and penguins.",NA,2006-01-01,2006,54.879925,0.3099,17,,,article,FALSE,FALSE,closed,NA,FALSE,Polish Polar Research,https://openalex.org/S67295124,0138-0338,https://openalex.org/P4310320322,De Gruyter Open,http://yadda.icm.edu.pl/yadda/element/bwmeta1.element.agro-article-14bcda8d-cd06-40e0-9b1f-e8ae6d00d88a,NA,NA,NA,,41,,,,,FALSE,FALSE,en,,,,,171,184,27,2
https://openalex.org/W2768047122,Metabarcoding analysis of the stomach contents of the Antarctic Toothfish (<i>Dissostichus mawsoni</i>) collected in the Antarctic Ocean,Metabarcoding analysis of the stomach contents of the Antarctic Toothfish (<i>Dissostichus mawsoni</i>) collected in the Antarctic Ocean,,"Stomach contents of the Antarctic toothfish, Dissostichus mawsoni , collected from subareas 58.4 and 88.3, were analyzed using next generation sequencing (NGS) technology. After processing the raw reads generated by the MiSeq platform, a total of 131,233 contigs (130 operational taxonomic units [OTUs]) were obtained from 163 individuals in subarea 58.4, and 75,961 contigs (105 OTUs) from 164 fish in subarea 88.3. At 98% sequence identity, species names were assigned to most OTUs in this study, indicating the quality of the DNA barcode database for the Antarctic Ocean was sufficient for molecular analysis, especially for fish species. A total of 19 species was identified from the stomach of D. mawsoni in this study, which included 14 fish species and five mollusks. More than 90% of contigs belonged to fish species, supporting the postulate that the major prey of D. mawsoni are fish. Two fish species, Macrourus whitsoni and Chionobathyscus dewitti , were the most important prey items (a finding similar to that of previous studies). We also obtained genotypes of prey items by NGS analysis, identifying an additional 17 representative haplotypes in this study. Comparison with three previous morphological studies and the NGS-based molecular identification in this study extended our knowledge regarding the prey of D. mawsoni , which previously was not possible. These results suggested that NGS-based diet studies are possible, if several current technical limitations, including the quality of the barcode database or the development of precise molecular quantification techniques to link them with morphological values, are overcome. To achieve this, additional studies should be conducted on various marine organisms.",https://doi.org/10.7717/peerj.3977,2017-11-07,2017,51.916885,1.7846,46,,,article,TRUE,TRUE,gold,https://doi.org/10.7717/peerj.3977,TRUE,PeerJ,https://openalex.org/S1983995261,2167-8359,https://openalex.org/P4310320104,"PeerJ, Inc.",https://doi.org/10.7717/peerj.3977,NA,cc-by,publishedVersion,,45,,,,,FALSE,FALSE,en,,,,,e3977,e3977,5,NA
https://openalex.org/W1994074250,"Fish in the diet of the Antarctic shag Phalacrocorax bransfieldensis at Laurie Island, South Orkney Islands","Fish in the diet of the Antarctic shag Phalacrocorax bransfieldensis at Laurie Island, South Orkney Islands",,NA,https://doi.org/10.1007/s003000050179,1997-08-04,1997,51.87387,0.3976,17,,,article,FALSE,FALSE,closed,NA,FALSE,Polar Biology,https://openalex.org/S196656238,0722-4060,https://openalex.org/P4310319900,Springer Science+Business Media,https://doi.org/10.1007/s003000050179,NA,NA,publishedVersion,,12,,,,,FALSE,FALSE,en,,,,,219,222,18,3
https://openalex.org/W3184867337,Genome-wide analysis reveals striking lack of genetic differentiation over long distances for the Antarctic toothfish Dissostichus mawsoni: High genetic connectivity or shared spawning grounds?,Genome-wide analysis reveals striking lack of genetic differentiation over long distances for the Antarctic toothfish Dissostichus mawsoni: High genetic connectivity or shared spawning grounds?,,NA,https://doi.org/10.1016/j.fishres.2021.106074,2021-07-28,2021,51.790035,1.3514,12,,,article,FALSE,TRUE,green,http://hdl.handle.net/11336/145434,TRUE,Fisheries Research,https://openalex.org/S20111203,0165-7836,https://openalex.org/P4310320990,Elsevier BV,https://doi.org/10.1016/j.fishres.2021.106074,NA,NA,publishedVersion,,58,,,,,FALSE,FALSE,en,,,,,106074,106074,243,NA
https://openalex.org/W2016413586,Analysis of dietary overlap in Antarctic fish (Notothenioidei) from the South Shetland Islands: no evidence of food competition,Analysis of dietary overlap in Antarctic fish (Notothenioidei) from the South Shetland Islands: no evidence of food competition,,NA,https://doi.org/10.1007/s00300-003-0520-1,2003-10-01,2003,50.997066,0.5874,37,,,article,FALSE,FALSE,closed,NA,FALSE,Polar Biology,https://openalex.org/S196656238,0722-4060,https://openalex.org/P4310319900,Springer Science+Business Media,https://doi.org/10.1007/s00300-003-0520-1,NA,NA,publishedVersion,,36,,,,,FALSE,FALSE,en,,,,,631,637,26,10
https://openalex.org/W4384407854,Length–weight relationships and condition factors of six notothenioid fish species occurring off King George Island and Northern Victoria Land (Antarctica),Length–weight relationships and condition factors of six notothenioid fish species occurring off King George Island and Northern Victoria Land (Antarctica),,"Abstract This research was conducted to study length–weight relationships (LWR) and condition factors of six Antarctic notothenioidei fish species including blackfin icefish ( Chaenocephalus aceratus ), single-angle icefish ( Chionodraco hamatus ), marbled rockcod ( Notothenia rossii ), black rockcod ( Notothenia coriiceps ), emerald rockcod ( Trematomus bernacchii ), and dusky rockcod ( Trematomus newnesi ) from the King Sejong Station on King George Island and Jang Bogo Station on the Northern Victoria Land. A total of 232 specimens were collected by fishing on the icebreaking research vessel ARAON from December 2020 to February 2021. The LWR parameters and condition factors differed depending on species, which can be affected by their distribution, species characteristics, and gravidity status. The exponent b values in LWR ( W = aL b ) ranged from 2.593 to 5.184. Four species including C. aceratus , C. hamatus , N. rossii , and T. bernacchii followed positive allometric growth, T. newnesi followed negative allometric growth, and only N. coriiceps showed isometric growth. These results can be helpful in understanding the ecological and growth conditions of six fish species living in the Antarctic Ocean, providing more information for future research on Antarctic fish.",https://doi.org/10.1007/s00300-023-03178-w,2023-07-15,2023,50.32661,2.918,9,,,article,TRUE,TRUE,hybrid,https://link.springer.com/content/pdf/10.1007/s00300-023-03178-w.pdf,FALSE,Polar Biology,https://openalex.org/S196656238,0722-4060,https://openalex.org/P4310319900,Springer Science+Business Media,https://doi.org/10.1007/s00300-023-03178-w,https://link.springer.com/content/pdf/10.1007/s00300-023-03178-w.pdf,cc-by,publishedVersion,,26,,,,,FALSE,FALSE,en,,,,,1145,1150,46,10
https://openalex.org/W2792992327,Stepping stones to isolation: Impacts of a changing climate on the connectivity of fragmented fish populations,Stepping stones to isolation: Impacts of a changing climate on the connectivity of fragmented fish populations,,"Abstract In the marine environment, understanding the biophysical mechanisms that drive variability in larval dispersal and population connectivity is essential for estimating the potential impacts of climate change on the resilience and genetic structure of populations. Species whose populations are small, isolated and discontinuous in distribution will differ fundamentally in their response and resilience to environmental stress, compared with species that are broadly distributed, abundant and frequently exchange conspecifics. Here, we use an individual‐based modelling approach, combined with a population genetics projection model, to consider the impacts of a warming climate on the population connectivity of two contrasting Antarctic fish species, Notothenia rossii and Champsocephalus gunnari . Focussing on the Scotia Sea region, sea surface temperatures are predicted to increase significantly by the end of the 21st century, resulting in reduced planktonic duration and increased egg and larval mortality. With shorter planktonic durations, the results of our study predict reduced dispersal of both species across the Scotia Sea, from Antarctic Peninsula sites to islands in the north and east, and increased dispersal among neighbouring sites, such as around the Antarctic Peninsula. Increased mortality modified the magnitude of population connectivity but had little effect on the overall patterns. Whilst the predicted changes in connectivity had little impact on the projected regional population genetic structure of N. rossii , which remained broadly genetically homogeneous within distances of ~1,500 km, the genetic isolation of C. gunnari populations in the northern Scotia Sea was predicted to increase with rising sea temperatures. Our study highlights the potential for increased isolation of island populations in a warming world, with implications for the resilience of populations and their ability to adapt to ongoing environmental change, a matter of high relevance to fisheries and ecosystem‐level management.",https://doi.org/10.1111/eva.12613,2018-02-14,2018,49.497868,2.0468,39,,,article,TRUE,TRUE,gold,https://onlinelibrary.wiley.com/doi/pdfdirect/10.1111/eva.12613,TRUE,Evolutionary Applications,https://openalex.org/S140378306,1752-4563,https://openalex.org/P4310320595,Wiley,https://doi.org/10.1111/eva.12613,https://onlinelibrary.wiley.com/doi/pdfdirect/10.1111/eva.12613,cc-by,publishedVersion,,88,,,,,FALSE,FALSE,en,,,,,978,994,11,6
https://openalex.org/W1989391282,Habitat choice and predator avoidance by Antarctic amphipods: the roles of algal chemistry and morphology,Habitat choice and predator avoidance by Antarctic amphipods: the roles of algal chemistry and morphology,,"Habitat choice is an important aspect of community structure. Perhaps the most important factor influencing choice by prey species is predation risk. Predators may directly influence prey habitat choice via consumption or, secondarily, through 'intimidation'. We investigated these forces in the near-shore ecosystem of the western Antarctic Peninsula. This system is dominated by macroalgae and exceedingly abundant amphipods, with the omnivorous fish Notothenia coriiceps feeding on both. Amphipod densities are very high on the dominant brown alga Desmarestia menziesii, which is both structurally complex and chemically defended from herbivory. Amphipod densities are low on the simply structured alga Palmaria decipiens, which is a preferred food of fish and some amphipods. We used these 2 species of algae and plastic and gel algal analogues to experimentally separate the roles of algal structure and chemistry in influencing amphipod habitat preference. In the absence of predators, the amphipod Gondogeneia antarctica preferred Palmaria decipiens and had no preference between structural analogues. In the presence of predator cues, its preferences changed to D. menziesii and the structurally complex analogue. In the absence of predator cues, the amphipod Prostebbingia gracilis preferred the chemically defended, structurally complex D. menziesii to all other choices, and preferred the structurally complex analogue to the simple one. Both D. menziesii and the structurally complex analogue decreased predation risk for Prostebbingia gracilis. Based on these results, natural abundances of amphipods are likely driven both by actual predation and the threat of predation (i.e. non-consumptive effects).",https://doi.org/10.3354/meps08399,2009-11-11,2009,49.229313,3.2122,85,,,article,TRUE,TRUE,bronze,https://www.int-res.com/articles/meps_oa/m400p155.pdf,FALSE,Marine Ecology Progress Series,https://openalex.org/S96743589,0171-8630,https://openalex.org/P4310313773,Inter-Research,https://doi.org/10.3354/meps08399,https://www.int-res.com/articles/meps_oa/m400p155.pdf,NA,publishedVersion,,49,,,,,FALSE,FALSE,en,,,,,155,163,400,NA
https://openalex.org/W2736945896,Cradles and museums of Antarctic teleost biodiversity,Cradles and museums of Antarctic teleost biodiversity,,NA,https://doi.org/10.1038/s41559-017-0239-y,2017-07-21,2017,48.84674,3.674,61,,,article,FALSE,FALSE,closed,NA,FALSE,Nature Ecology & Evolution,https://openalex.org/S2764884935,2397-334X,https://openalex.org/P4310319908,Nature Portfolio,https://doi.org/10.1038/s41559-017-0239-y,NA,NA,publishedVersion,,59,,,,,FALSE,FALSE,en,,,,,1379,1384,1,9
https://openalex.org/W2093582819,"Fish diet of the Antarctic fur seal,Arctocephalus gazella, in summer, at Stranger Point, King George Island, South Shetland Islands","Fish diet of the Antarctic fur seal,Arctocephalus gazella, in summer, at Stranger Point, King George Island, South Shetland Islands",,NA,https://doi.org/10.1007/bf02342183,1996-05-01,1996,48.578228,1.9022,33,,,article,FALSE,FALSE,closed,NA,FALSE,Polar Biology,https://openalex.org/S196656238,0722-4060,https://openalex.org/P4310319900,Springer Science+Business Media,https://doi.org/10.1007/bf02342183,NA,NA,publishedVersion,,14,,,,,FALSE,FALSE,en,,,,,353,355,16,5
https://openalex.org/W2169181520,A 1000-year record of Adélie penguin diets in the southern Ross Sea,A 1000-year record of Adélie penguin diets in the southern Ross Sea,,"Non-krill prey remains were recovered from ornithogenic sediments at three active Adélie penguin colonies on Ross Island, to assess long-term dietary trends in this species. Radiocarbon dates place the age of these deposits from a maximum of 947 years ago to the present. We identified 12 taxa of fish and two of squid with the Antarctic silverfish ( Pleuragramma antarcticum ) as the most abundant prey species represented at all sites. In addition, silverfish have decreased in importance in Adélie penguin diet over the past 600 years, perhaps in response to climate change since the onset of the Little Ice Age, though it remains much more abundant in current penguin diet in the Ross Sea than in the Antarctic Peninsula. Other prey taxa reflect the diversity of prey selection by Adélie penguins in Antarctica.",https://doi.org/10.1017/s0954102002000184,2002-12-01,2002,47.64334,2.0159,46,,,article,FALSE,FALSE,closed,NA,FALSE,Antarctic Science,https://openalex.org/S939558408,0954-1020,https://openalex.org/P4310311721,Cambridge University Press,https://doi.org/10.1017/s0954102002000184,NA,NA,publishedVersion,,26,,,,,FALSE,FALSE,en,,,,,327,332,14,4
https://openalex.org/W2930966579,Using sea-ice to calibrate a dynamic trophic model for the Western Antarctic Peninsula,Using sea-ice to calibrate a dynamic trophic model for the Western Antarctic Peninsula,,"The pelagic ecosystems of the Western Antarctic Peninsula are dynamic and changing rapidly in the face of sustained warming. There is already evidence that warming may be impacting the food web. Antarctic krill, Euphausia superba, is an ice-associated species that is both an important prey item and the target of the only commercial fishery operating in the region. The goal of this study is to develop a dynamic trophic model for the region that includes the impact of the sea-ice regime on krill and krill predators. Such a model may be helpful to fisheries managers as they develop new management strategies in the face of continued sea-ice loss. A mass balanced food-web model (Ecopath) and time dynamic simulations (Ecosim) were created. The Ecopath model includes eight currently monitored species as single species to facilitate its future development into a model that could be used for marine protected area planning in the region. The Ecosim model is calibrated for the years 1996-2012. The successful calibration represents an improvement over existing Ecopath models for the region. Simulations indicate that the role of sea ice is both central and complex. The simulations are only able to recreate observed biomass trends for the monitored species when metrics describing the sea-ice regime are used to force key predator-prey interactions, and to drive the biomasses of Antarctic krill and the fish species Gobionotothen gibberifrons. This model is ready to be used for exploring results from sea-ice scenarios or to be developed into a spatial model that informs discussions regarding the design of marine protected areas in the region.",https://doi.org/10.1371/journal.pone.0214814,2019-04-02,2019,47.275715,2.6213,31,,,article,TRUE,TRUE,gold,https://journals.plos.org/plosone/article/file?id=10.1371/journal.pone.0214814&type=printable,TRUE,PLoS ONE,https://openalex.org/S202381698,1932-6203,https://openalex.org/P4310315706,Public Library of Science,https://doi.org/10.1371/journal.pone.0214814,https://journals.plos.org/plosone/article/file?id=10.1371/journal.pone.0214814&type=printable,cc-by,publishedVersion,,76,,,,,FALSE,FALSE,en,,,,,e0214814,e0214814,14,4
https://openalex.org/W67957091,Patterns of Spatial and Temporal Distribution and Their Variation in Early Life Stages of Antarctic Fish in the Antarctic Peninsula Region,Patterns of Spatial and Temporal Distribution and Their Variation in Early Life Stages of Antarctic Fish in the Antarctic Peninsula Region,,NA,https://doi.org/10.1007/978-3-642-73724-4_12,1988-01-01,1988,46.955696,3.9004,30,,,book-chapter,FALSE,FALSE,closed,NA,FALSE,NA,NA,NA,NA,NA,https://doi.org/10.1007/978-3-642-73724-4_12,NA,NA,publishedVersion,,20,,,,,FALSE,FALSE,en,,,,,147,159,NA,NA
https://openalex.org/W2327219011,Adaptive radiation at a low taxonomic level: divergence in buoyancy of the ecologically similar Antarctic fish Notothenia coriiceps and N. rossii ,Adaptive radiation at a low taxonomic level: divergence in buoyancy of the ecologically similar Antarctic fish Notothenia coriiceps and N. rossii ,,"We studied the buoyancy of 263 specimens of the sympatric sister species Notothenia coriiceps and N. rossii captured at King George Island. In these species without a swim bladder, we expressed measurements of buoyancy as percentage buoyancy (%B = weight in water/weight in air 100), with smaller numbers reflecting more buoyant (i.e. less dense) species. Mean %B of N. coriiceps (4.34%) was significantly greater than that of N. rossii (3.82%), reflecting the lower density and more active swimming, migratory, and feeding behavior of N. rossii compared to N. coriiceps. Skeletal weight as a percentage of body weight was also significantly greater in N. coriiceps (2.46%) than N. rossii (1.65%). Paradoxically, the weight of the vertebral column as a percentage of skeletal weight was significantly greater in N. rossii (28.01%) than in N. coriiceps (24.29%); however, this is intelligible in light of the bone anatomy and histology. Our sample encompassed a wide size and age range, and trend lines for scatter plots of %B against standard length were curvilinear for both species, peaking at 140 to 160 mm, a phenomenon not previously seen in studies of notothenioid buoyancy. We conclude that the ontogenetic increase in %B (reduced buoyancy) in fingerlings/young juveniles and the ontogenetic decrease in %B (increased buoyancy) in older juveniles/immature adults reflects disproportionate growth of skeletal and visceral tissues, respectively, and is not causally related to concurrent pelagic-demersal habitat shifts.",https://doi.org/10.3354/meps09287,2011-07-13,2011,46.855682,1.2851,27,,,article,TRUE,TRUE,bronze,https://www.int-res.com/articles/meps2011/438/m438p195.pdf,FALSE,Marine Ecology Progress Series,https://openalex.org/S96743589,0171-8630,https://openalex.org/P4310313773,Inter-Research,https://doi.org/10.3354/meps09287,https://www.int-res.com/articles/meps2011/438/m438p195.pdf,NA,publishedVersion,,55,,,,,FALSE,FALSE,en,,,,,195,206,438,NA
https://openalex.org/W998011660,Assemblages of micronektonic fishes and invertebrates in a gradient of regional warming along the Western Antarctic Peninsula,Assemblages of micronektonic fishes and invertebrates in a gradient of regional warming along the Western Antarctic Peninsula,,NA,https://doi.org/10.1016/j.jmarsys.2015.07.005,2015-07-23,2015,46.750114,2.1981,26,,,article,FALSE,FALSE,closed,NA,FALSE,Journal of Marine Systems,https://openalex.org/S195909765,0924-7963,https://openalex.org/P4310320990,Elsevier BV,https://doi.org/10.1016/j.jmarsys.2015.07.005,NA,NA,publishedVersion,,110,,,,,FALSE,FALSE,en,,,,,18,41,152,NA
https://openalex.org/W2074731718,"Analysis of the stomach content of the blue-eyed shag Phalacrocorax atriceps bransfieldensis at Nelson Island, South Shetland Islands","Analysis of the stomach content of the blue-eyed shag Phalacrocorax atriceps bransfieldensis at Nelson Island, South Shetland Islands",,NA,https://doi.org/10.1007/bf00238485,1995-05-01,1995,46.65641,3.3984,27,,,article,FALSE,FALSE,closed,NA,FALSE,Polar Biology,https://openalex.org/S196656238,0722-4060,https://openalex.org/P4310319900,Springer Science+Business Media,https://doi.org/10.1007/bf00238485,NA,NA,publishedVersion,,19,,,,,FALSE,FALSE,en,,,,,NA,NA,15,5
https://openalex.org/W2170804143,Phenotypic plasticity in the Antarctic fish Trematomus newnesi (Nototheniidae) from the South Shetland Islands,Phenotypic plasticity in the Antarctic fish Trematomus newnesi (Nototheniidae) from the South Shetland Islands,,NA,https://doi.org/10.1007/s00300-009-0651-0,2009-06-12,2009,46.205868,0.9651,10,,,article,FALSE,FALSE,closed,NA,FALSE,Polar Biology,https://openalex.org/S196656238,0722-4060,https://openalex.org/P4310319900,Springer Science+Business Media,https://doi.org/10.1007/s00300-009-0651-0,NA,NA,publishedVersion,,26,,,,,FALSE,FALSE,en,,,,,1407,1413,32,10
https://openalex.org/W2127989045,Parallel ecological diversification in Antarctic notothenioid fishes as evidence for adaptive radiation,Parallel ecological diversification in Antarctic notothenioid fishes as evidence for adaptive radiation,,"Antarctic notothenioid fishes represent a rare example of a marine species flock. They evolved special adaptations to the extreme environment of the Southern Ocean including antifreeze glycoproteins. Although lacking a swim bladder, notothenioids have diversified from their benthic ancestor into a wide array of water column niches, such as epibenthic, semipelagic, cryopelagic and pelagic habitats. Applying stable carbon (C) and nitrogen (N) isotope analyses to gain information on feeding ecology and foraging habitats, we tested whether ecological diversification along the benthic-pelagic axis followed a single directional trend in notothenioids, or whether it evolved independently in several lineages. Population samples of 25 different notothenioid species were collected around the Antarctic Peninsula, the South Orkneys and the South Sandwich Islands. The C and N stable isotope signatures span a broad range (mean δ(13) C and δ(15) N values between -25.4‰ and -21.9‰ and between 8.5‰ and 13.8‰, respectively), and pairwise niche overlap between four notothenioid families was highly significant. Analysis of isotopic disparity-through-time on the basis of Bayesian inference and maximum-likelihood phylogenies, performed on a concatenated mitochondrial (cyt b) and nuclear gene (myh6, Ptr and tbr1) data set (3148 bp), showed that ecological diversification into overlapping feeding niches has occurred multiple times in parallel in different notothenioid families. This convergent diversification in habitat and trophic ecology is a sign of interspecific competition and characteristic for adaptive radiations.",https://doi.org/10.1111/j.1365-294x.2011.05279.x,2011-09-27,2011,46.073036,7.7323,75,,,article,FALSE,FALSE,closed,NA,FALSE,Molecular Ecology,https://openalex.org/S22454499,0962-1083,https://openalex.org/P4310320595,Wiley,https://doi.org/10.1111/j.1365-294x.2011.05279.x,NA,NA,publishedVersion,,102,,,,,FALSE,FALSE,en,,,,,4707,4721,20,22
https://openalex.org/W1997786495,"Age and growth of Antarctic Silverfish Pleuragramma antarcticum Boulenger, 1902, from the southern Weddell Sea and Antarctic Peninsula","Age and growth of Antarctic Silverfish Pleuragramma antarcticum Boulenger, 1902, from the southern Weddell Sea and Antarctic Peninsula",,NA,https://doi.org/10.1007/bf00263768,1989-03-01,1989,45.92638,1.6435,46,,,article,FALSE,FALSE,closed,NA,FALSE,Polar Biology,https://openalex.org/S196656238,0722-4060,https://openalex.org/P4310319900,Springer Science+Business Media,https://doi.org/10.1007/bf00263768,NA,NA,publishedVersion,,29,,,,,FALSE,FALSE,en,,,,,205,212,9,4
https://openalex.org/W2164387119,"Life history strategies of the Scotia Sea icefish, Chaenocephalus aceratus, along the Southern Scotia Ridge","Life history strategies of the Scotia Sea icefish, Chaenocephalus aceratus, along the Southern Scotia Ridge",,NA,https://doi.org/10.1007/s00300-015-1802-0,2015-10-13,2015,45.469547,1.2286,14,,,article,FALSE,FALSE,closed,NA,FALSE,Polar Biology,https://openalex.org/S196656238,0722-4060,https://openalex.org/P4310319900,Springer Science+Business Media,https://doi.org/10.1007/s00300-015-1802-0,NA,NA,publishedVersion,,65,,,,,FALSE,FALSE,en,,,,,497,509,39,3
https://openalex.org/W2025928769,"Age estimation for juvenile <i>Notothenia rossii</i> from Potter Cove, South Shetland Islands","Age estimation for juvenile <i>Notothenia rossii</i> from Potter Cove, South Shetland Islands",,"Scales and whole otoliths were used for age estimation of juvenile Notothenia rossii specimens collected at Potter Cove, King George Island, South Shetland Islands, between 1983 and 1988. Results from the analysis of both types of material showed 96.7% agreement. Likewise, the examination of otolith cross sections of chosen specimens confirmed in all the cases the age readings obtained from the second whole sagittal otolith. Although the commonly accepted 1 July was used as the birth date of the fish for age calculations, data indicate that 1 October is closer to the biological birth date, since this species hatches in Spring. The length-age range of the fish was 18–44 cm and 3–7 years respectively, which fits well with the known length-age distribution of juvenile specimens of the species in the fjord. A comparison between observed and back-calculated mean length of age group 3 (24.6 and 25 cm respectively) indicated that not only the larger fish but the full size range of this age group was represented in our samples. Mean length data at age presented here are similar to the ones reported for fish from Admiralty Bay, King George Island, but differ from those of fish caught off Elephant Island. The use of whole otoliths for age estimation of juvenile N. rossii proved to be a reliable method with a precision of one year but, this might not be an appropriate technique for adult specimens.",https://doi.org/10.1017/s095410209200021x,1992-06-01,1992,45.06045,0,14,,,article,FALSE,FALSE,closed,NA,FALSE,Antarctic Science,https://openalex.org/S939558408,0954-1020,https://openalex.org/P4310311721,Cambridge University Press,https://doi.org/10.1017/s095410209200021x,NA,NA,publishedVersion,,0,,,,,FALSE,FALSE,en,,,,,131,136,4,2
https://openalex.org/W2128206297,Regional differences in quality of krill and fish as prey along the Western Antarctic Peninsula,Regional differences in quality of krill and fish as prey along the Western Antarctic Peninsula,,"The warming trend in the northern part of the Western Antarctic Peninsula (WAP) has led to a decrease in perennial and summer sea ice, an increase in heat content over the shelf, and lower phytoplankton biomass, which could affect the prey quality of krill and fish that are utilized by apex predators. We compared prey quality metrics, including elemental (C, N) content; total, neutral, and polar lipid content; and energy densities of known penguin prey items including krill (Euphausia superba, Thysanoessa macrura, and E. crystallorophias) and fish (silverfish Pleuragramma antarcticum and the myctophid Electrona antarctica) along the WAP latitudinal gradient each January from 2009 to 2011. E. antarctica had the highest prey quality in terms of lipid content and energy density, followed by T. macrura and P. antarcticum, then E. crystallorophias and E. superba. For all species, variations in C and N content were most strongly correlated with the animals’ neutral lipid content, in that animals with the larger neutral lipid stores had significantly higher C and lower N content. Across all sexes and maturity stages, E. superba in the southern study region had ca. 20% higher total lipid content than E. superba in the north, and a stepwise multiple linear regression analysis showed that latitude, sexual differences, and upper water column temperatures best explained this regional difference in lipid content. This regional variability in E. superba prey quality could affect the ability of apex predators that rely on E. superba to meet their energetic demands, and should be considered in future modeling efforts.",https://doi.org/10.3354/meps10868,2014-06-16,2014,43.922752,2.4394,39,,,article,TRUE,TRUE,bronze,https://www.int-res.com/articles/meps2014/509/m509p039.pdf,TRUE,Marine Ecology Progress Series,https://openalex.org/S96743589,0171-8630,https://openalex.org/P4310313773,Inter-Research,https://doi.org/10.3354/meps10868,https://www.int-res.com/articles/meps2014/509/m509p039.pdf,NA,publishedVersion,,71,,,,,FALSE,FALSE,en,,,,,39,55,509,NA
https://openalex.org/W2021719885,The summer diet of demersal fish at the South Shetland Islands,The summer diet of demersal fish at the South Shetland Islands,,"The stomach contents of demersal fish in late January 1982 were analysed. Samples were taken at 100, 300 and 500 m depth south of Elephant Island, Bransfield Strait and north of Livingston Island, and at 800 m to the east of Smith Island. Fifty four taxa of fish belonging to 11 families were collected. The diets of 2101 fish representing 38 taxa were examined. These were classified into three categories, fish feeders, krill feeders and benthos feeders. Fish prey species fed on krill and/or benthos. Krill was a major dietary component for 32 (84.2%) out of 38 taxa. Gobionotothen gibberifrons was distributed at all 10 stations (100–800 m in depth) and its diet comprised krill and benthos. The present findings verify the importance of krill in the Antarctic marine ecosystem and indicate that krill is consumed by benthic fish at greater depths than previously reported.",https://doi.org/10.1017/s0954102097000527,1997-12-01,1997,43.853077,1.4512,54,,,article,FALSE,FALSE,closed,NA,FALSE,Antarctic Science,https://openalex.org/S939558408,0954-1020,https://openalex.org/P4310311721,Cambridge University Press,https://doi.org/10.1017/s0954102097000527,NA,NA,publishedVersion,,14,,,,,FALSE,FALSE,en,,,,,407,413,9,4
https://openalex.org/W2006181830,Marine centres of origin as evolutionary engines,Marine centres of origin as evolutionary engines,,"The world ocean supports a dynamic system in which living organisms undergo constant movements. Although some would appear to be sedentary, all are capable of invading new territory at some stage in their life cycle. Underlying these comparatively rapid changes is a much slower evolutionary system whereby new species are formed and spread out. Depending on their place of origin and genetic resources, some of the new species may give rise to continuing phyletic lines. At the same pace, some older species approach extinction by continuing to lose territory. Over time, this evolutionary system appears to be no less dynamic than the contemporary one. In recent years, considerable attention has been paid to the East Indies as a centre of origin for the marine tropics. While other centres of origin in the Antarctic and the North Pacific have been recognized, little attention has been paid to their external influence. Yet in the cooler waters of the oceans, they are as important to those areas as the East Indies is for the tropics. Evidence indicates that evolutionary flows from all three centres contribute to a dynamic system that extends throughout the world ocean. Each of the three centres and its salient features is discussed in turn, the information is summarized, and then stated in the form of a hypothesis. Antarctica has a long history of harbouring a temperate marine fauna. That assemblage first become apparent in the Devonian when the Antarctic continent was still attached to the southern of At that time, Antarctica to the that was by its of the of throughout the and the the to the a from the of to Antarctica and to That the of and the Antarctic in the of the the of the new from to to form at the a the waters from the and At time, was a that Antarctic form the when was a of a Antarctica and is that first formed in the At the of the has a of marine as as of and of the and first of that on at At the Antarctic may have and by time, appears that a place is the of and by the The of a in the Antarctic in the that the to become that time, much of the for as the and of the and that to become of the marine fauna. from other of Antarctica to living The waters of the Antarctic and are by a that its origin to of a of and extinction of by the of and by species from the The Antarctic is three The the Antarctic continent the and and have species and is in a of its The is the on the world that is of that The the and has a of that a be The of the Antarctic is In the than the species are In the the is the of this of species be are of for is of the the Antarctic is the of a evolutionary of and species the of the species in Antarctic of to the by a in their that the a of and The and of the Antarctic supports are and these three of the the that from the North the in the Antarctic as a has been to be a from the of Antarctic is the first of the In the of their the to a of At the same time, they in a The of the is to be the is some species as as and species in and The the is in the Antarctic and The three the are to the Antarctic of in which the the is a centre of origin has been The the Antarctic by the and the may be to have The to the and no have been that are older than the have the of the the and of Antarctica the of the in a other the of evolutionary that has the may have in the in the The Antarctic is evolutionary centre for have been from the and and all have been in the still At in the species of have become The of and their centre in the have spread to and the southern in the southern and of in its has been as a centre of origin for a of living in southern that have their in the The in In from the same to have become In the same of all the the of than Antarctic species of of Antarctic origin in the they are in the waters of The of to the Antarctic continent and its at has important from the Antarctic to the ocean and have been for a of and in the in the then the to the and the Pacific to the The marine in the may have been to that the Antarctic was the from the the at the same time, a for the of organisms from the a centre of the Antarctic may have its on the and In to its of species that have other the Antarctic has a for The is the species are on the and of the Antarctic and the southern of the The of the in the waters of the the three are to the Antarctic and the Antarctica has been as of the of the and some of and The Antarctic have a for that have from the are in the their are in the is for the of the appear to have in the than in the the the Antarctic from the are the and The is of Pacific origin of the a their to the Antarctic the The is of Pacific origin and Antarctic waters by the and the In of the history of the its origin to have been in the and in the of to Antarctica in the to the of the are species in Antarctic the they are by from the of Yet the have little in the The three and of the that have from of this for as the and species of to the are in Antarctic are as the and The the of the North in the have the Antarctic in their for of the species is in its of the southern of the the Antarctic on the Antarctic The in the The in the Pacific as all of the southern species to the same their to the southern than that of the The of North on of the of the North in the of a in the this the marine of the North Pacific from that of the has been that to as a the of a in the recent on and that the first place as much as the a of in the in the of the and its by a of species and be in the North Pacific from its that its in the At the same time, in the the first may have been and by of that been for than The of has been the have been on the by species that in the from that to be of Pacific origin of a of in of the The species in the North Pacific is as as that of the Although of the species to have that the by that was to that has been little the that the of the be for by the in species are that for the of the from the the Pacific from a are extinction much of the that was for the Pacific species to the the of the which of is the same as by are on extinction to that they be by the of At the of the the was and still The of the the system and the of on the that a of place and a of the species and the to the of the waters by the of some that species of Pacific origin in place at to the is to the of the Pacific to extinction in the is that the Pacific the of a the The have been have as to in that some invading species by is to species that have that the they is to the that the a may be when in a the of the species that from the to the North Although the are the as a of the by all of North and some species of North Pacific the the and in the North Pacific the species to the North The on the other in the North and species to the North the marine and of the and the of the in the North the of the are of origin the the and the in the North then spread to the North indicates that the in the have than species The apparent evolutionary are of the species that the are In the Pacific are indicates a of for the that marine organisms appears to be much less than by evolutionary is a in species and from of the on of the the has been in for of have that of species in the North Pacific have become in the North than of the species have been are as the has that the North much and that in have a are the North than the North The North is a ocean a and is to the of from the The North Pacific is from and by the that has been in place important of the of the was the of the have to the first a throughout the North Pacific and the the of some by the from the as as from the of the Pacific and the was the of a new In the extends to the of in the and to the at the of the in the are all of the waters and the of In the extends to in the and in the In these southern that the to the and the other to the species no to and and evolutionary to place in is are to a on of ocean in of its has been in the genetic by some of the from the North Pacific to the North have been then on of the of on of a recent a and the other species be to the is a of The and of Although the of the of its origin to the North Pacific and North has of of the species are of the and of the the are that to the are the and the The is the the of the North Pacific and North In the Antarctic species and The are to the history of the Antarctic as to less than for the In to a on the of the and the North the North Pacific on the southern the Antarctic and the The waters of the North Pacific from the in the to southern on the and to and on the That may be and The marine of the North Pacific a of In evolutionary this was from and species that to to the of species that of the North is the of its and has a and the was from the of the by the The North Pacific has a of organisms to the southern The place whereby the species a by the at of that have become long to become at the species the is in the North by is the the and the of recent has that a of three species may be three from a that place the Pacific the in the Antarctic other of North Pacific origin are by species the Antarctic the and the are capable of and The has history that has been by The of the North that the of the a their to the Antarctic the of the the the the and to the a the of the its origin to the the the all the to the Antarctic the then the the The its in the same as has in Antarctic and waters has been for the The southern species of this to a the is of North Pacific has been that is to a species that the was from by of the and the The of the to all of in the North of the are and of these has in the southern that the centre of origin for the was in the North Pacific and that the southern species have their of the southern species to the in the North and has been in its may have been the other southern and in the North they the southern by the of the the the was to have in the North spread to the North and then the southern by a of the that the place and that the to the that the and In of the of of In of the the in the North In may be that the in the Pacific have place from to the North Pacific in the indicates that the and of the has species that have been to and At the same time, the North Pacific has of species from other that the North Pacific has been as important centre of has a on the of the marine in the North temperate southern ocean and the has been a of species that to the The the the of the is by the of the the of the Pacific and oceans, the and and and the of the oceans, the the tropics. the to a to the a to the is a species and that the of the that of the The is when its is to that of the to Pacific species than the other three The marine on the and in the of the a than the at The is the of the in to the by the at may be that the of have a history than the cooler the and the the of the for waters at the The become in the that in the Although is of to the evolutionary of the to be a that attention to in the of they on changes that place in the and of the and the of the that new first in and then of species in the the of the the three evolutionary of the in the and The of the on the the was on the to and the of the on the of was for the of to was by and on to and as of The same from their of the to first appear the that important evolutionary of to was by that the of in has been by in that undergo changes to Over time, the to has a in the Although the centres in the Antarctic and North Pacific have to the and have the tropics. are of that at has been that the centres in the the and the may be to the may years, been a the evolutionary of the tropics. the have to as a they have extinction to the on the origin of the marine and that the their in waters that at the of In this that the been a of evolutionary and a that to extinction is important to that of the have been to their by of that than In a that the of the that have as a of evolutionary a the as a species a of to the and has been that a of when of and temperate no be The give rise to extinction that may in the of that are The of has been as the first in extinction that may have history species become the may species are to extinction by to the cooler of In this may become and recent for the of to be and to be southern of the southern by in the they to be that become in the The older three of the recent in of the North The in the North and the North and to that a from a to extinction in the North by extinction in the North would a southern of in the temperate of the southern are a in and marine may of the has that the marine of and that in the and the that their the same the has a of the areas of and are the and In to the of of the in the are in In the of the appear to be of this is for the temperate waters of is of a from the North Pacific to some from the North of the have become in the Antarctic and In is a of organisms that by the of the from by the and Over the the world has been by phyletic that have in the tropics. would be a to that this been the In history have been when the marine was to at the of the and The extinction at the of the when of all marine and than of the species The other extinction in of the marine species to are to have place of The have been to as and that the is the and is that the at the of the at the of the extinction evolutionary is important to that the the and of the of is the of and and the of and The that was by organisms from and other of by to a of the evolutionary to the to the centres of origin have for some time, the of new species and The of the be by to the has the to from the extinction In the all of the to of for the from all of the a of Although have that the have been a of evolutionary the of the has The the in of evolutionary the of marine on the of the contemporary marine The of the in of and considerable this important of living marine organisms they The that are in the have been a by the of are in species in the of the The of marine have their of species a comparatively formed by the the and this East Indies is a in species that is In the the is less than that for the other the and is a the of the tropics. the of the and of the is that of on marine that have and that the of the from the East is that of the evolutionary some have from the East has been in to the of and of In the some have as a phyletic new species at the that the species of the centre and that their the In the the has been is that by species are may be that in all a appears in the East The of the to the and of the are a that have been to these have been the that a extinction to of the The of extinction its in the East and from their centre of The is that by the of genetic species from in a in genetic that the in species the Pacific of the from and genetic that the East Indies was the place of origin for their that these for the that the East Indies has been as a centre of evolutionary still the of the evolutionary centre be in the East Indies of some other of the tropics. are that to the history of the East Indies that the in the of and the of and little in the East Indies the The assemblage has been in the of in In their of in the the of species from and North to in the was a in the of the the centre in the East Indies was that the and of the centre was in that of the that from and North to for the of the in the the to the and the and the The that was in the as the was the continuing of to the of the and the of The of these and the may be the and the other its the East Indies to a in evolutionary has been that the by is to centres of that species are by In would have the species from the that of species would in a be a as to the The of was in on centres of origin was that species from centres and that place in areas to that of evolutionary are place that may be in of a phyletic and that is Over the may be as the that place when a new species from its place of origin and in new place when a new species less to its place of origin and in evolutionary Each of the would appear to be The of species indicates the of a centre of origin and the a of from that In to the may that the East Indies appears to be the place of origin for a of dynamic that appear to the ocean. are by a from the East The of these is the are is a in in which the the from the East of some that the East species to be the extinction appear to in the East and a of genetic extends of species from the East Indies the would and the that have been The that these and as they the of the centre of origin hypothesis. species that are in the centre be to that are less in a genetic the and that the of the East Indies extends the of the the from the other are the East Pacific that and the and the of and of species have the to in the and is no of in the the that the has been to from the the the other of the appear to as species have been to the of to in the to have been no from the to the the of the in than species of organisms have in the less than a have the the of the other three and is the to the of the and a of the are all in the and are in the the and some of the older the of the East Indies as a centre of origin some The of older place in the that was formed in the when the from At the was by the the North become and the of the to a time, a the and In the the of the become and and North and ocean the the contemporary The from the In the the of the was from that of the by a that may have the The of this marine is by its of the At the same time, the as a North and the of and The may have been from a by the in that place the of the The of the in the the of the marine then to in place by the The of that the of the a on the of the that all of the species the of the at those The indicates a extinction of a that to the The was by that a in the than in the the to of the at in the is the that has the species is less than be from its of the species of and of some of the the in the The appears to the the have that are to of the is its of the other the of the has of species that are to species to to on of is a of species of that have the by the of that the is still in the of from The of the may have been the the of have in that in the have capable of the to the and that species in the are capable of invading the appears that the has been as a centre of as a centre has been to the the other three has been in for a of the East Indies to be the centre of origin for the marine then the be a centre of Antarctic the of the of the first some The when of to The new the of the that has in the marine The external of the Antarctic to the has been species in the have to to the waters of the of these are when their Antarctic that they have been species as some and have their much species have all the to the The external has been in the that the of the is to that the ocean and is a in to the that a of organisms to that The waters Antarctica have to be to a of and as some and are that have a place for that have from the North the Antarctic a is a centre of origin that to other areas at the same time, is a for and In the North and place that the of the North Pacific and the in the the of the the North Pacific organisms and a new to some are that the to the to become may have as as At the may have been and appears that the was and the The of the a the North Pacific and the the North Pacific that was to a much as than the species from the The was a in the of the of the little in the and a by a The from the and from the of the In the North Pacific and in the North new on of ocean. new in the may be by a at the species have a of species that in and from their in the North Pacific have considerable of species to the southern of the species that to the the by of of from in southern waters in the to become important of the Antarctic and their have been a the when the than they are for of the they the of the world ocean. are important in which the have the and of marine and the have been a of evolutionary by the of new of marine appear in become for of and are then to of the to in to is the of on the and the of the and other the in and has been that the of in has been by in that undergo changes to The in which the have the of the marine world is by the of that of and has been the origin of and is is centre of for these and that is the East Indies the is a centre of origin that is those species that as the to give rise to phyletic to new and from the of the to the other is for species of East Indies origin to other In species have The of is by of in the world the are by a The and are by their have species The are in the the The of of the species are they to and In some as southern and the the of species in the to the of the In of the world is a the and The organisms to that are to be older and than their is that considerable in evolutionary from the the of the and that from is for the the of the North Pacific is The and the waters of the southern are of considerable evolutionary they and that in the tropics. of the are in the temperate In the areas of and has a of and The temperate species and to these appear to be that have a long of the other in southern are and those of North Pacific origin are appears that the of the southern has from three the Antarctic centre of of southern and and of of the species that by the The that living organisms in the are of a dynamic system that is by evolutionary centres of species are from they they other species that are less less in a genetic The is as a species its is to as they become may give rise to and the as they Over time, these changes in of and other that from centres of The and of the centres is the that for the been in the East that time, has been the of a of that have been and in the by a from the The are by changes in species extinction and genetic the of the from the East have the East Pacific to the the of to the and the to the Although has been for species from the to other they have and the That is those a In a in the southern of some have been to and are and have been on for the The the has the and the the centre of origin was in the formed in and in of and the by the to In other centres of origin as evolutionary as the East Indies That in the centres may have been for the a of the at may have been than have and The North Pacific is the of the centre of origin that of the was formed its the of the the The the changes in the of that The in the North Pacific The North Pacific centre has a on the and waters of the southern of the by organisms that capable of the by of to and The Antarctic a of evolutionary for and a for from the North a centre of species to the and its external is in the from the a to the and areas in of the The that the marine system in are the three centres of the East the North Pacific and the from the constant of species spread and they that be as in genetic and recent have of a of species be to the of a The of a its of has to that this of has been of evolutionary Yet the place of origin of the the for its In centres of origin the and are to be of considerable The evolutionary that is in centres of In the areas of that the centres species than the in is to at a than The is that species to be in the centres than formed species have that are in the centres by of genetic are the that to the system to of for from the of in that has been in the of at the of are in evolutionary and and in the of and and is other in the of a to be of be by the of",https://doi.org/10.1046/j.1365-2699.2003.00810.x,2003-01-01,2003,43.74999,35.052,327,,,article,FALSE,FALSE,closed,NA,FALSE,Journal of Biogeography,https://openalex.org/S138151673,0305-0270,https://openalex.org/P4310320595,Wiley,https://doi.org/10.1046/j.1365-2699.2003.00810.x,NA,NA,publishedVersion,,79,,,,,FALSE,FALSE,en,,,,,1,18,30,1
https://openalex.org/W2033524146,Contribution to the knowledge of the infection with Acanthocephala of a predatory Antarctic ice-fish Chaenocephalus aceratus,Contribution to the knowledge of the infection with Acanthocephala of a predatory Antarctic ice-fish Chaenocephalus aceratus,,"Contribution to the knowledge of the infection with Acanthocephala of a predatory Antarctic ice-fish Chaenocephalus aceratus Adult females of a predatory fish, the blackfin icefish, Chaenocephalus aceratus examined at the South Shetland Islands and South Orkney Islands were by several orders of magnitude more infected with Acanthocephala than the males and immature females. Such phenomenon has not been observed in the neritic zone at South Georgia. Cystacanths of Corynosoma hamanni and Corynosoma pseudohamanni were the dominant parasites in Admiralty Bay, whereas Corynosoma bullosum was the dominant in the open sea off the South Shetland Islands and South Georgia, and in the sub-coastal waters off the South Orkney Islands. However, the dominance of C. bullosum was observed in several hosts in Admiralty Bay and the co-dominance of C. bullosum, C. hamanni , and C. pseudohamanni in one mature female in the neritic zone at the South Shetland Islands. Probably, these fish previously lived in the open sea. Cystacanths of Corynosoma arctocephali and Corynosoma shackletoni occurred in the fish in Admiralty Bay and off South Georgia. The former parasite was present also off the South Orkney Islands. One cystacanth of Andracantha baylisi was found off South Georgia. Two echinorhynchids, Aspersentis megarhynchus and Metacanthocephalus dalmori , occurred in the alimentary tracts of the fish caught in Admiralty Bay and one specimen of Echinorhynchus petrotschenkoi off the South Shetland Islands. The highest infection, amounting to 816 acanthocephalans, was found in a mature female in Admiralty Bay. One cystacanth of C. hamanni occurred in a single immature fish caught in the sub-coastal area off Deception Island.",https://doi.org/10.2478/v10183-010-0007-z,2010-01-01,2010,43.208996,0.3202,6,,,article,TRUE,TRUE,diamond,https://doi.org/10.2478/v10183-010-0007-z,FALSE,Polish Polar Research,https://openalex.org/S67295124,0138-0338,https://openalex.org/P4310320322,De Gruyter Open,https://doi.org/10.2478/v10183-010-0007-z,NA,cc-by,publishedVersion,,4,,,,,FALSE,FALSE,en,,,,,303,308,31,4
https://openalex.org/W2072118467,"The diet of the Weddell seal Leptonychotes weddellii at Laurie Island, South Orkney Islands","The diet of the Weddell seal Leptonychotes weddellii at Laurie Island, South Orkney Islands",,NA,https://doi.org/10.1007/s00300-009-0583-8,2009-02-09,2009,42.027622,1.6138,18,,,article,FALSE,FALSE,closed,NA,FALSE,Polar Biology,https://openalex.org/S196656238,0722-4060,https://openalex.org/P4310319900,Springer Science+Business Media,https://doi.org/10.1007/s00300-009-0583-8,NA,NA,publishedVersion,,38,,,,,FALSE,FALSE,en,,,,,833,838,32,6
https://openalex.org/W2073272524,"Abandoned penguin colonies and environmental change in the Palmer Station area, Anvers Island, Antarctic Peninsula","Abandoned penguin colonies and environmental change in the Palmer Station area, Anvers Island, Antarctic Peninsula",,"Six abandoned colonies of Adélie penguin (Pygoscelis adeliae) were excavated near Palmer Station, Anvers Island, Antarctic Peninsula, to investigate the occupation history of this species. Sediments from each site yielded abundant fish bones and otoliths and squid beaks that represent prey remains deposited by penguins during the nesting period. Radiocarbon analyses indicate that colony occupation began prior to the Little Ice Age (LIA; 1500–1850 AD ), with the oldest site dating to 644 yrs before present ( BP ; average reservoir-corrected date with Is range, 603–679 yr BP ). Food remains indicate that the non-euphausiid prey of penguins consisted primarily of a mesopelagic squid (Psychroteuthis glacialis) and two species of fish (Pleuragramma antarcticun and Electrona antarctica) . The relative abundance of the first two prey taxa varied significantly among six sites (X 2 &gt;34.6; df = 10; P &lt;0.001) with colonies dating prior to the LIA having greater representation of squid, and less of silverfish, than those occupied during the LIA. Data from control excavations at three modern colonies indicate a diet similar to that of the pre-LIA sites. These results suggest that Adélie penguins may have changed their diet in response to warming and cooling cycles in the past. In addition, only Adélie penguins are known to have nested in the Palmer Station area prior to the l950s; gentoo (Pygoscelis papua) and chinstrap (P. antarctica) penguins now breeding in this region have expanded their ranges southward in the Peninsula within the past 50 yrs, in correlation with pronounced regional warming.",https://doi.org/10.1017/s0954102098000352,1998-09-01,1998,41.961308,3.2645,139,,,article,FALSE,FALSE,closed,NA,FALSE,Antarctic Science,https://openalex.org/S939558408,0954-1020,https://openalex.org/P4310311721,Cambridge University Press,https://doi.org/10.1017/s0954102098000352,NA,NA,publishedVersion,,21,,,,,FALSE,FALSE,en,,,,,257,268,10,3
https://openalex.org/W2971537670,Reproductive effort in Chaenocephalus aceratus validated by gonadal histology: inshore sites serve as spawning grounds for some notothenioids,Reproductive effort in Chaenocephalus aceratus validated by gonadal histology: inshore sites serve as spawning grounds for some notothenioids,,NA,https://doi.org/10.1007/s00300-019-02571-8,2019-09-04,2019,41.821476,1.0507,15,,,article,FALSE,FALSE,closed,NA,FALSE,Polar Biology,https://openalex.org/S196656238,0722-4060,https://openalex.org/P4310319900,Springer Science+Business Media,https://doi.org/10.1007/s00300-019-02571-8,NA,NA,publishedVersion,,44,,,,,FALSE,FALSE,en,,,,,1959,1972,42,11
https://openalex.org/W2149636596,Dynamic intra-seasonal habitat use by Antarctic fur seals suggests migratory hotspots near the Antarctic Peninsula,Dynamic intra-seasonal habitat use by Antarctic fur seals suggests migratory hotspots near the Antarctic Peninsula,,NA,https://doi.org/10.1007/s00227-013-2190-z,2013-02-21,2013,41.23867,1.2823,15,,,article,FALSE,FALSE,closed,NA,FALSE,Marine Biology,https://openalex.org/S118082147,0025-3162,https://openalex.org/P4310319900,Springer Science+Business Media,https://doi.org/10.1007/s00227-013-2190-z,NA,NA,publishedVersion,,70,,,,,FALSE,FALSE,en,,,,,1383,1393,160,6
https://openalex.org/W2017759039,"Diet of Ad�lie penguins Pygoscelis adeliae during the post-hatching period at Esperanza Bay, Antarctica, 1987/88","Diet of Ad�lie penguins Pygoscelis adeliae during the post-hatching period at Esperanza Bay, Antarctica, 1987/88",,NA,https://doi.org/10.1007/bf00239717,1995-07-01,1995,40.349197,0.4266,22,,,article,FALSE,FALSE,closed,NA,FALSE,Polar Biology,https://openalex.org/S196656238,0722-4060,https://openalex.org/P4310319900,Springer Science+Business Media,https://doi.org/10.1007/bf00239717,NA,NA,publishedVersion,,15,,,,,FALSE,FALSE,en,,,,,NA,NA,15,6
https://openalex.org/W2103518859,Geographic intraspecific variation in buoyancy within Antarctic notothenioid fishes,Geographic intraspecific variation in buoyancy within Antarctic notothenioid fishes,,"Abstract We investigated intraspecific geographic variation in buoyancy by obtaining percentage buoyancy (%B) measurements for the Antarctic notothenioid species Pleuragramma antarcticum , Trematomus hansoni , T. bernacchii and Gymnodraco acuticeps from both McMurdo Sound in East Antarctica and the South Shetland Islands in West Antarctica. Mean percentage buoyancies in these species ranged from 0.22–0.52% in the neutrally buoyant P. antarcticum to 3.34–3.67% in the benthic T. bernacchii . Dispersion (1 standard deviation) of percentage buoyancy (%B) values around the mean was ± 0.2–0.5 %B units for the entire sample. Although intraspecific differences in mean percentage buoyancy were statistically significant ( P &lt; 0.05) in P. antarcticum and T. hansoni , we consider these differences as normal variation without substantive biological significance. The dispersion in buoyancy measurements during adult life reflects the density of the fish and this may be influenced, in both the short- and long-term, by gut contents, nutritional condition, and reproductive state. Mitigation of the effects of these variables is not biologically realistic because they constitute normal aspects of the daily and yearly life cycles. The results of our measurements of buoyancy are consistent with what is known about the ecology of these four species and this is considered in the discussion.",https://doi.org/10.1017/s0954102008001661,2008-11-12,2008,40.136627,1.4595,19,,,article,FALSE,FALSE,closed,NA,FALSE,Antarctic Science,https://openalex.org/S939558408,0954-1020,https://openalex.org/P4310311721,Cambridge University Press,https://doi.org/10.1017/s0954102008001661,NA,NA,publishedVersion,,47,,,,,FALSE,FALSE,en,,,,,123,129,21,2
https://openalex.org/W3208491557,"Comparative analysis of the diet of Arctocephalus gazella (Pinnipedia), at two localities of the South Shetland Islands, with emphasis on the fish component","Comparative analysis of the diet of Arctocephalus gazella (Pinnipedia), at two localities of the South Shetland Islands, with emphasis on the fish component",,"ABSTRACT We studied the diet of non-breeding male Antarctic fur Seals Arctocephalus gazella (Peters, 1875) at two different localities of the South Shetland Islands: Stranger Point, King George Island/Isla 25 de Mayo and Duthoit Point, Nelson Island, by the analysis of 65 faecal samples collected in February 2012. Overall, Antarctic krill Euphausia superba (Dana, 1850) and fish were the main prey taxa followed by penguins and cephalopods. Myctophids were dominant among fish; Gymnoscopelus nicholsi (Gilbert, 1911) was the most important prey species at both sampling sites, followed by Electrona antarctica (Gunther, 1878) at Stranger Point and by the nototheniid Pleuragramma antarctica (Boulenger, 1902) at Duthoit Point. The relative similarity found in the dietary composition of fur seals from both locations suggest they might have been sharing common feeding areas. Our results were compared with those reported in the literature for different localities of the South Shetland Islands and the Scotia Sea region. The absence of formerly harvested demersal notothenioid species in the diet of fur seals may reflect the negative impact that commercial fisheries had on some fish populations and supports the importance of implementing long-term monitoring studies on the feeding habits of A. gazella in the area.",https://doi.org/10.1590/1678-4766e2021024,2021-01-01,2021,40.00476,0.5066,4,,,article,TRUE,TRUE,diamond,http://www.seals.scar.org/pdf/statusofstocs.pdf,TRUE,Iheringia Série Zoologia,https://openalex.org/S126474381,0073-4721,https://openalex.org/P4310312321,Fundación Zoobotánica de Rio Grande do Sul,https://doi.org/10.1590/1678-4766e2021024,http://www.seals.scar.org/pdf/statusofstocs.pdf,cc-by,publishedVersion,,39,,,,,FALSE,FALSE,en,,,,,NA,NA,111,NA
https://openalex.org/W1940896415,Population genetic structure and gene flow patterns between populations of the Antarctic icefish <i>Chionodraco rastrospinosus</i>,Population genetic structure and gene flow patterns between populations of the Antarctic icefish <i>Chionodraco rastrospinosus</i>,,"Abstract Aim A lack of genetic structure is predicted for Antarctic fish due to the duration of pelagic larval stages and the strength of the currents in the Southern Ocean, particularly the Antarctic Circumpolar Current. In this study we explored the population structure of the ocellated icefish, Chionodraco rastrospinosus , by means of analysing a total of 394 individuals collected at four geographical areas off the Antarctic Peninsula in the period 1996–2006. Location Elephant Island, southern South Shetlands, Joinville Island and South Orkneys in the Southern Ocean. Methods The spatio‐temporal genetic structure of Chionodraco rastrospinosus was explored using seven microsatellite loci. Existence and direction of gene flow across sampling locations were investigated using the isolation‐by‐migration procedure. Results Microsatellite data showed a lack of genetic structuring in the area studied, with no differences found at both the geographical or temporal level, and an eastward unidirectional gene flow among sites. This suggested a lack of genetic barriers for this species, attributable to larval dispersal following the Antarctic Circumpolar Current, which fits well with the predicted pattern for Antarctic fish. Re‐examination of genetic data of the closely related icefish Chaenocephalus aceratus , with similar larval duration but displaying genetically structured populations, indicated a weak but significant bidirectional gene flow. Main conclusions Our results point to a relationship that is more complex than expected between potential for dispersal and realized gene flow in the marine environment. In addition to ocean circulation and larval dispersal, other major life‐history traits might be driving connectivity, particularly larval retention.",https://doi.org/10.1111/j.1365-2699.2011.02682.x,2012-02-06,2012,39.771374,5.6127,31,,,article,FALSE,FALSE,closed,NA,FALSE,Journal of Biogeography,https://openalex.org/S138151673,0305-0270,https://openalex.org/P4310320595,Wiley,https://doi.org/10.1111/j.1365-2699.2011.02682.x,NA,NA,publishedVersion,,68,,,,,FALSE,FALSE,en,,,,,1361,1372,39,7
https://openalex.org/W2152570051,Testing early life connectivity using otolith chemistry and particle-tracking simulations,Testing early life connectivity using otolith chemistry and particle-tracking simulations,,"We measured the otolith chemistry of adult Scotia Sea icefish ( Chaenocephalus aceratus ), a species with a long pelagic larval phase, along the Antarctic Circumpolar Current (ACC) and compared the chemistry with simulated particle transport using a circulation model. Material laid down in otolith nuclei during early life showed (i) strong heterogeneity between the Antarctic Peninsula and South Georgia consistent with a population boundary, (ii) evidence of finer-scale heterogeneity between sampling areas on the Antarctic Peninsula, and (iii) similarity between the eastern and northern shelves of South Georgia, indicating a single, self-recruiting population there. Consistent with the otolith chemistry, simulations of the large-scale circulation predicted that particles released at depths of 100–300 m on the Antarctic Peninsula shelf during spring, corresponding to hatching of icefish larvae from benthic nests, are transported in the southern ACC, missing South Georgia but following trajectories along the southern Scotia Ridge instead. These results suggest that the timing of release and position of early life stages in the water column substantially influence the direction and extent of connectivity. Used in complement, the two techniques promise an innovative approach for generating and testing predictions to resolve early dispersal and connectivity of populations related to the physical circulation of oceanic systems.",https://doi.org/10.1139/f10-065,2010-08-01,2010,39.50655,2.7743,38,,,article,FALSE,FALSE,closed,NA,FALSE,Canadian Journal of Fisheries and Aquatic Sciences,https://openalex.org/S57183551,0706-652X,https://openalex.org/P4310312929,Canadian Science Publishing,https://doi.org/10.1139/f10-065,NA,NA,publishedVersion,,72,,,,,FALSE,FALSE,en,,,,,1303,1315,67,8
https://openalex.org/W2889239461,Effects of short-term thermal stress on the plasma biochemical profiles of two Antarctic nototheniid species,Effects of short-term thermal stress on the plasma biochemical profiles of two Antarctic nototheniid species,,NA,https://doi.org/10.1007/s11160-018-9535-0,2018-08-31,2018,39.462505,1.5519,15,,,article,FALSE,FALSE,closed,NA,FALSE,Reviews in Fish Biology and Fisheries,https://openalex.org/S140103977,0960-3166,https://openalex.org/P4310319900,Springer Science+Business Media,https://doi.org/10.1007/s11160-018-9535-0,NA,NA,publishedVersion,,104,,,,,FALSE,FALSE,en,,,,,925,940,28,4
https://openalex.org/W2051589961,Larval fish distribution and abundance in the Antarctic Peninsula region and adjacent waters,Larval fish distribution and abundance in the Antarctic Peninsula region and adjacent waters,,NA,https://doi.org/10.1007/bf00241053,1995-01-01,1995,39.279076,0.8535,26,,,article,FALSE,FALSE,closed,NA,FALSE,Polar Biology,https://openalex.org/S196656238,0722-4060,https://openalex.org/P4310319900,Springer Science+Business Media,https://doi.org/10.1007/bf00241053,NA,NA,publishedVersion,,13,,,,,FALSE,FALSE,en,,,,,NA,NA,15,2
https://openalex.org/W2053449291,"Fish prey of Antarctic fur seals, Arctocephalus gazella, during the summer-autumn period at Laurie Island, South Orkney Islands","Fish prey of Antarctic fur seals, Arctocephalus gazella, during the summer-autumn period at Laurie Island, South Orkney Islands",,NA,https://doi.org/10.1007/bf00238354,1993-07-01,1993,39.239037,1.0573,41,,,article,FALSE,FALSE,closed,NA,FALSE,Polar Biology,https://openalex.org/S196656238,0722-4060,https://openalex.org/P4310319900,Springer Science+Business Media,https://doi.org/10.1007/bf00238354,NA,NA,publishedVersion,,9,,,,,FALSE,FALSE,en,,,,,NA,NA,13,5
https://openalex.org/W975652245,The State of Exploited Fish Stocks in the Atlantic Sector of the Southern Ocean,The State of Exploited Fish Stocks in the Atlantic Sector of the Southern Ocean,,NA,https://doi.org/10.1007/978-3-642-84074-6_35,1990-01-01,1990,38.97829,0.8374,8,,,book-chapter,FALSE,FALSE,closed,NA,FALSE,NA,NA,NA,NA,NA,https://doi.org/10.1007/978-3-642-84074-6_35,NA,NA,publishedVersion,,11,,,,,FALSE,FALSE,en,,,,,308,322,NA,NA
https://openalex.org/W2091120156,"Distribution and abundance of larval fishes collected in the western Bransfield Strait region, 1986–87","Distribution and abundance of larval fishes collected in the western Bransfield Strait region, 1986–87",,NA,https://doi.org/10.1016/0198-0149(91)90105-o,1991-01-01,1991,38.93416,0,17,,,article,FALSE,FALSE,closed,NA,FALSE,Deep Sea Research Part A Oceanographic Research Papers,https://openalex.org/S4210187794,0198-0149,https://openalex.org/P4310320146,Pergamon Press,https://doi.org/10.1016/0198-0149(91)90105-o,NA,NA,publishedVersion,,13,,,,,FALSE,FALSE,en,,,,,1251,1260,38,8-9
https://openalex.org/W4317718242,Biological responses to change in Antarctic sea ice habitats,Biological responses to change in Antarctic sea ice habitats,,"Sea ice is a key habitat in the high latitude Southern Ocean and is predicted to change in its extent, thickness and duration in coming decades. The sea-ice cover is instrumental in mediating ocean–atmosphere exchanges and provides an important substrate for organisms from microbes and algae to predators. Antarctic krill, Euphausia superba, is reliant on sea ice during key phases of its life cycle, particularly during the larval stages, for food and refuge from their predators, while other small grazers, including copepods and amphipods, either live in the brine channel system or find food and shelter at the ice-water interface and in gaps between rafted ice blocks. Fish, such as the Antarctic silverfish Pleuragramma antarcticum , use platelet ice (loosely-formed frazil crystals) as an essential hatching and nursery ground. In this paper, we apply the framework of the Marine Ecosystem Assessment for the Southern Ocean (MEASO) to review current knowledge about relationships between sea ice and associated primary production and secondary consumers, their status and the drivers of sea-ice change in this ocean. We then use qualitative network modelling to explore possible responses of lower trophic level sea-ice biota to different perturbations, including warming air and ocean temperatures, increased storminess and reduced annual sea-ice duration. This modelling shows that pelagic algae, copepods, krill and fish are likely to decrease in response to warming temperatures and reduced sea-ice duration, while salp populations will likely increase under conditions of reduced sea-ice duration and increased number of days of &amp;gt;0°C. Differences in responses to these pressures between the five MEASO sectors were also explored. Greater impacts of environmental pressures on ice-related biota occurring presently were found for the West and East Pacific sectors (notably the Ross Sea and western Antarctic Peninsula), with likely flow-on effects to the wider ecosystem. All sectors are expected to be impacted over coming decades. Finally, we highlight priorities for future sea ice biological research to address knowledge gaps in this field.",https://doi.org/10.3389/fevo.2022.1073823,2023-01-23,2023,38.780716,11.3253,56,,,article,TRUE,TRUE,gold,https://www.frontiersin.org/articles/10.3389/fevo.2022.1073823/pdf,TRUE,Frontiers in Ecology and Evolution,https://openalex.org/S2597028195,2296-701X,https://openalex.org/P4310320527,Frontiers Media,https://doi.org/10.3389/fevo.2022.1073823,https://www.frontiersin.org/articles/10.3389/fevo.2022.1073823/pdf,cc-by,publishedVersion,,212,,,,,FALSE,FALSE,en,,,,,NA,NA,10,NA
https://openalex.org/W2383833702,"Seasonal variation in the diet of Antarctic fur seals, Arctocephalus gazella, at 25 de Mayo/King George Island, South Shetland Islands, Antarctica","Seasonal variation in the diet of Antarctic fur seals, Arctocephalus gazella, at 25 de Mayo/King George Island, South Shetland Islands, Antarctica",,NA,https://doi.org/10.1007/s00300-016-1959-1,2016-05-12,2016,38.41006,1.5319,17,,,article,FALSE,FALSE,closed,NA,FALSE,Polar Biology,https://openalex.org/S196656238,0722-4060,https://openalex.org/P4310319900,Springer Science+Business Media,https://doi.org/10.1007/s00300-016-1959-1,NA,NA,publishedVersion,,19,,,,,FALSE,FALSE,en,,,,,471,475,40,2
https://openalex.org/W2467220270,"Diet of the Leopard Seal Hydrurga leptonyx at the Danco Coast, Antarctic Peninsula","Diet of the Leopard Seal Hydrurga leptonyx at the Danco Coast, Antarctic Peninsula",,NA,https://doi.org/10.1007/s00300-008-0567-0,2008-12-16,2008,38.091934,1.3026,39,,,article,FALSE,TRUE,green,http://hdl.handle.net/11336/94522,TRUE,Polar Biology,https://openalex.org/S196656238,0722-4060,https://openalex.org/P4310319900,Springer Science+Business Media,https://doi.org/10.1007/s00300-008-0567-0,NA,NA,publishedVersion,,21,,,,,FALSE,FALSE,en,,,,,307,310,32,2
https://openalex.org/W2466980852,Cryptic species diversity in sub-Antarctic islands: A case study of Lepidonotothen,Cryptic species diversity in sub-Antarctic islands: A case study of Lepidonotothen,,NA,https://doi.org/10.1016/j.ympev.2016.07.013,2016-07-15,2016,37.800777,4.3659,36,,,article,FALSE,FALSE,closed,NA,FALSE,Molecular Phylogenetics and Evolution,https://openalex.org/S96989847,1055-7903,https://openalex.org/P4310320990,Elsevier BV,https://doi.org/10.1016/j.ympev.2016.07.013,NA,NA,publishedVersion,,140,,,,,FALSE,FALSE,en,,,,,32,43,104,NA
https://openalex.org/W4395073548,Combining population genomics and biophysical modelling to assess connectivity patterns in an Antarctic fish,Combining population genomics and biophysical modelling to assess connectivity patterns in an Antarctic fish,,"Connectivity is a fundamental process of population dynamics in marine ecosystems. In the last decade, with the emergence of new methods, combining different approaches to understand the patterns of connectivity among populations and their regulation has become increasingly feasible. The Western Antarctic Peninsula (WAP) is characterized by complex oceanographic dynamics, where local conditions could act as barriers to population connectivity. Here, the notothenioid fish Harpagifer antarcticus, a demersal species with a complex life cycle (adults with poor swim capabilities and pelagic larvae), was used to assess connectivity along the WAP by combining biophysical modelling and population genomics methods. Both approaches showed congruent patterns. Areas of larvae retention and low potential connectivity, observed in the biophysical model output, coincide with four genetic groups within the WAP: (1) South Shetland Islands, (2) Bransfield Strait, (3) the central and (4) the southern area of WAP (Marguerite Bay). These genetic groups exhibited limited gene flow between them, consistent with local oceanographic conditions, which would represent barriers to larval dispersal. The joint effect of geographic distance and larval dispersal by ocean currents had a greater influence on the observed population structure than each variable evaluated separately. The combined effect of geographic distance and a complex oceanographic dynamic would be generating limited levels of population connectivity in the fish H. antarcticus along the WAP. Based on this, population connectivity estimations and priority areas for conservation were discussed, considering the marine protected area proposed for this threatened region of the Southern Ocean.",https://doi.org/10.1111/mec.17360,2024-04-24,2024,37.675797,5.4443,11,,,article,FALSE,FALSE,closed,NA,FALSE,Molecular Ecology,https://openalex.org/S22454499,0962-1083,https://openalex.org/P4310320595,Wiley,https://doi.org/10.1111/mec.17360,NA,NA,publishedVersion,,94,,,,,FALSE,FALSE,en,,,,,e17360,e17360,33,11
https://openalex.org/W2000634521,Gonad development and embryogenesis of Notothenia coriiceps from South Shetlands - Antarctica,Gonad development and embryogenesis of Notothenia coriiceps from South Shetlands - Antarctica,,NA,https://doi.org/10.1007/s003000050406,1999-08-24,1999,37.525608,2.0163,15,,,article,FALSE,FALSE,closed,NA,FALSE,Polar Biology,https://openalex.org/S196656238,0722-4060,https://openalex.org/P4310319900,Springer Science+Business Media,https://doi.org/10.1007/s003000050406,NA,NA,publishedVersion,,8,,,,,FALSE,FALSE,en,,,,,164,168,22,3
https://openalex.org/W2062287286,Early life history timings in marbled rockcod (Notothenia rossii) fingerlings from the South Shetland Islands as revealed by otolith microincrement,Early life history timings in marbled rockcod (Notothenia rossii) fingerlings from the South Shetland Islands as revealed by otolith microincrement,,NA,https://doi.org/10.1007/s00300-014-1503-0,2014-04-10,2014,37.137745,0.4876,12,,,article,FALSE,TRUE,green,http://hdl.handle.net/11336/33115,TRUE,Polar Biology,https://openalex.org/S196656238,0722-4060,https://openalex.org/P4310319900,Springer Science+Business Media,https://doi.org/10.1007/s00300-014-1503-0,NA,NA,publishedVersion,,29,,,,,FALSE,FALSE,en,,,,,1099,1109,37,8
https://openalex.org/W2063272719,"Interannual variation in the diet of non-breeding male Antarctic fur seals, Arctocephalus gazella, at Isla 25 de Mayo/King George Island","Interannual variation in the diet of non-breeding male Antarctic fur seals, Arctocephalus gazella, at Isla 25 de Mayo/King George Island",,NA,https://doi.org/10.1007/s00300-008-0475-3,2008-06-11,2008,37.07413,0,26,,,article,FALSE,TRUE,green,http://hdl.handle.net/11336/135116,TRUE,Polar Biology,https://openalex.org/S196656238,0722-4060,https://openalex.org/P4310319900,Springer Science+Business Media,https://doi.org/10.1007/s00300-008-0475-3,NA,NA,publishedVersion,,41,,,,,FALSE,FALSE,en,,,,,1365,1372,31,11
https://openalex.org/W1978150259,"The role of the rock cod Notothenia coriiceps Richardson, 1844 in the life-cycle of Antarctic parasites","The role of the rock cod Notothenia coriiceps Richardson, 1844 in the life-cycle of Antarctic parasites",,NA,https://doi.org/10.1007/s003000050265,1998-05-20,1998,37.013283,0.8167,59,,,article,FALSE,FALSE,closed,NA,FALSE,Polar Biology,https://openalex.org/S196656238,0722-4060,https://openalex.org/P4310319900,Springer Science+Business Media,https://doi.org/10.1007/s003000050265,NA,NA,publishedVersion,,29,,,,,FALSE,FALSE,en,,,,,399,406,19,6
https://openalex.org/W4390658947,First insights into the influence of temperature on reproduction in Antarctic fish: The case of Notothenia coriiceps,First insights into the influence of temperature on reproduction in Antarctic fish: The case of Notothenia coriiceps,,NA,https://doi.org/10.1016/j.ecss.2024.108629,2024-01-08,2024,36.78849,2.5566,7,,,article,FALSE,FALSE,closed,NA,FALSE,Estuarine Coastal and Shelf Science,https://openalex.org/S43867544,0272-7714,https://openalex.org/P4310320990,Elsevier BV,https://doi.org/10.1016/j.ecss.2024.108629,NA,NA,publishedVersion,,68,,,,,FALSE,FALSE,en,,,,,108629,108629,297,NA
https://openalex.org/W1977024366,Low level of genetic divergence between Harpagifer fish species (Perciformes: Notothenioidei) suggests a Quaternary colonization of Patagonia from the Antarctic Peninsula,Low level of genetic divergence between Harpagifer fish species (Perciformes: Notothenioidei) suggests a Quaternary colonization of Patagonia from the Antarctic Peninsula,,NA,https://doi.org/10.1007/s00300-014-1623-6,2014-11-27,2014,36.72391,2.798,45,,,article,FALSE,TRUE,green,http://americanae.aecid.es/americanae/es/registros/registro.do?tipoRegistro=MTD&idBib=3228349,TRUE,Polar Biology,https://openalex.org/S196656238,0722-4060,https://openalex.org/P4310319900,Springer Science+Business Media,https://doi.org/10.1007/s00300-014-1623-6,NA,NA,publishedVersion,,96,,,,,FALSE,FALSE,en,,,,,607,617,38,5
https://openalex.org/W4292369025,Geographical differences in the diet of Dissostichus mawsoni revealed by metabarcoding,Geographical differences in the diet of Dissostichus mawsoni revealed by metabarcoding,,"The diet of the Antarctic toothfish ( Dissostichus mawsoni ) was analyzed using metabarcoding to determine whether spatiotemporal factors are related to its feeding ecology. A diet metabarcoding analysis was conducted for five years from 2016 to 2020 using 1,777 samples collected from two distantly located subareas, 88.3 and 58.4.1. Metabarcoding results revealed 105 prey haplotypes (29 families, 45 genera) in the stomach contents of D. mawsoni , which can serve as valuable genetic information for the accurate identification of piscine species inhabiting the Southern Ocean. Most of the stomach contents of D. mawsoni consisted of fish taxa, comprising 99.61% of read count, which is consistent with other studies indicating that D. mawsoni is piscivorous. The prey compositions were highly different between the two subareas (88.3 and 58.4.1) regardless of the year, indicating that the diet of D. mawsoni strongly reflects the fish assemblages in geographically different habitats. These results strongly suggest that the stomach contents are good ecological indicators for monitoring any changes in the marine ecosystem caused by either the fishery of D. mawsoni , the most voracious piscine predator in its habitat, or environmental changes. In addition, quantitative polymerase chain reaction results of the two most abundant Macrourus prey species of Antarctic toothfish, M. caml and M. whitsoni , showed that the distribution of these two species may be related to the dynamics of gyres, which flow along the Antarctic continent.",https://doi.org/10.3389/fmars.2022.888167,2022-08-19,2022,36.723904,1.0163,6,,,article,TRUE,TRUE,gold,https://doi.org/10.3389/fmars.2022.888167,TRUE,Frontiers in Marine Science,https://openalex.org/S2596539584,2296-7745,https://openalex.org/P4310320527,Frontiers Media,https://doi.org/10.3389/fmars.2022.888167,NA,cc-by,publishedVersion,,39,,,,,FALSE,FALSE,en,,,,,NA,NA,9,NA
https://openalex.org/W2057150288,Gill morphometrics of two Antarctic fish species Pleuragramma antarcticum and Notothenia gibberifrons,Gill morphometrics of two Antarctic fish species Pleuragramma antarcticum and Notothenia gibberifrons,,NA,https://doi.org/10.1007/bf00236516,1990-12-01,1990,36.714294,2.0077,25,,,article,FALSE,FALSE,closed,NA,FALSE,Polar Biology,https://openalex.org/S196656238,0722-4060,https://openalex.org/P4310319900,Springer Science+Business Media,https://doi.org/10.1007/bf00236516,NA,NA,publishedVersion,,32,,,,,FALSE,FALSE,en,,,,,NA,NA,11,1
https://openalex.org/W2037783095,"Feeding ecology of Antarctic fur seals at Cape Shirreff, South Shetlands, Antarctica","Feeding ecology of Antarctic fur seals at Cape Shirreff, South Shetlands, Antarctica",,NA,https://doi.org/10.1007/s00300-003-0555-3,2004-01-01,2004,36.248535,4.0902,46,,,article,FALSE,FALSE,closed,NA,FALSE,Polar Biology,https://openalex.org/S196656238,0722-4060,https://openalex.org/P4310319900,Springer Science+Business Media,https://doi.org/10.1007/s00300-003-0555-3,NA,NA,publishedVersion,,37,,,,,FALSE,FALSE,en,,,,,92,98,27,2
https://openalex.org/W2110219245,Diet of the Adélie penguin during three consecutive chick rearing periods at Laurie Island,Diet of the Adélie penguin during three consecutive chick rearing periods at Laurie Island,,"ABSTRACT: The diet of the unsexed breeding Adélie penguin (Pygoscelis adeliae Hom− bron et Jacquinot, 1841) was investigated during three consecutive chick rearing periods, from 1996–97 to 1998–99, on Laurie Island, South Orkney Islands (60°46’S, 44°42’W), Antarctica. This analysis showed that during the whole sampling period, Antarctic krill (Euphausia superba Dana, 1852) represented the predominant prey in terms of frequency of occurrence, mass, and number. The hyperiid amphipod Themisto gaudichaudii (Guerin− Méneville, 1825) was present in small amounts. Electrona antarctica (Gunter, 1878), Trematomus newnesi (Boulenger, 1902) and larval stages of Nototheniidae constituted the bulk of the fish portion, particularly during the 1997/98 and 1998/99 breeding periods. This study is the first examination of the Adélie penguin diet at Laurie Island. It is important to recognize, however, the importance of knowing the sex of the penguins being sampled and that prey composition may vary during the breeding season and from one year to the next.",NA,2003-01-01,2003,36.23864,0.3202,10,,,article,FALSE,FALSE,closed,NA,FALSE,NA,NA,NA,NA,NA,http://citeseerx.ist.psu.edu/viewdoc/summary?doi=10.1.1.618.2705,NA,NA,submittedVersion,,33,,,,,FALSE,FALSE,en,,,,,NA,NA,24,2
https://openalex.org/W2985960136,Towards the development of a stock hypothesis for Antarctic toothfish (Dissostichus mawsoni) in Subarea 48.6 in the context of Area 48,Towards the development of a stock hypothesis for Antarctic toothfish (Dissostichus mawsoni) in Subarea 48.6 in the context of Area 48,,"Over the past decade, data on Antarctic toothfish (Dissostichus mawsoni) in Subarea 48.6 has been collected through the deployment of Scientific Observers under the Scheme of International Scientific Observation. Scientific data collected in the past provides some understanding of depth, distribution and abundance of Antarctic toothfish in this region. The key building blocks towards developing a regional stock hypothesis are understanding distribution, reproduction, behaviour and movement of Antarctic toothfish, which will allow to answer key questions relating to formative life history stages, such as where toothfish spawn, where eggs and larvae are distributed to, where juvenile, sub-adult and adult toothfish are, how toothfish move to and from spawning grounds, and how Antarctic toothfish throughout the Area 48 region are connected. Understanding these points will allow to develop a plausible life history for D. mawsoni in this region. This paper reviews and summarises available data for CCAMLR Subarea 48.6 and adjacent Subareas to identify gaps that need to be addressed in order to propose and validate a regional stock hypothesis for Antarctic toothfish.",NA,2018-02-12,2018,35.954052,0,0,,,article,FALSE,FALSE,closed,NA,FALSE,Helmholtz-Zentrum für Polar-und Meeresforschung (Alfred-Wegener-Institut),https://openalex.org/S4306400378,NA,https://openalex.org/I2799732068,Royal Prince Alfred Hospital,NA,NA,NA,acceptedVersion,,0,,,,,FALSE,FALSE,en,,,,,NA,NA,NA,NA
https://openalex.org/W2010538572,Antifreeze proteins in pelagic fishes from Marguerite Bay (Western Antarctica),Antifreeze proteins in pelagic fishes from Marguerite Bay (Western Antarctica),,NA,https://doi.org/10.1016/j.dsr2.2009.05.034,2010-12-17,2010,35.93678,1.913,15,,,article,FALSE,FALSE,closed,NA,FALSE,Deep Sea Research Part II Topical Studies in Oceanography,https://openalex.org/S172051550,0967-0645,https://openalex.org/P4310320990,Elsevier BV,https://doi.org/10.1016/j.dsr2.2009.05.034,NA,NA,publishedVersion,,61,,,,,FALSE,FALSE,en,,,,,1690,1694,58,13-16
https://openalex.org/W2904378623,Along-shelf connectivity and circumpolar gene flow in Antarctic silverfish (Pleuragramma antarctica),Along-shelf connectivity and circumpolar gene flow in Antarctic silverfish (Pleuragramma antarctica),,"The Antarctic silverfish (Pleuragramma antarctica) is a critically important forage species with a circumpolar distribution and is unique among other notothenioid species for its wholly pelagic life cycle. Previous studies have provided mixed evidence of population structure over regional and circumpolar scales. The aim of the present study was to test the recent population hypothesis for Antarctic silverfish, which emphasizes the interplay between life history and hydrography in shaping connectivity. A total of 1067 individuals were collected over 25 years from different locations on a circumpolar scale. Samples were genotyped at fifteen microsatellites to assess population differentiation and genetic structuring using clustering methods, F-statistics, and hierarchical analysis of variance. A lack of differentiation was found between locations connected by the Antarctic Slope Front Current (ASF), indicative of high levels of gene flow. However, gene flow was significantly reduced at the South Orkney Islands and the western Antarctic Peninsula where the ASF is absent. This pattern of gene flow emphasized the relevance of large-scale circulation as a mechanism for circumpolar connectivity. Chaotic genetic patchiness characterized population structure over time, with varying patterns of differentiation observed between years, accompanied by heterogeneous standard length distributions. The present study supports a more nuanced version of the genetic panmixia hypothesis that reflects physical-biological interactions over the life history.",https://doi.org/10.1038/s41598-018-36030-x,2018-12-10,2018,35.483128,2.1459,26,,,article,TRUE,TRUE,gold,https://www.nature.com/articles/s41598-018-36030-x.pdf,TRUE,Scientific Reports,https://openalex.org/S196734849,2045-2322,https://openalex.org/P4310319908,Nature Portfolio,https://doi.org/10.1038/s41598-018-36030-x,https://www.nature.com/articles/s41598-018-36030-x.pdf,cc-by,publishedVersion,,94,,,,,FALSE,FALSE,en,,,,,17856,17856,8,1
https://openalex.org/W2523780009,Spatial distribution pattern and physical – biological interactions in the larval notothenioid fish assemblages from the Bransfield Strait and adjacent waters,Spatial distribution pattern and physical – biological interactions in the larval notothenioid fish assemblages from the Bransfield Strait and adjacent waters,,"Abstract The Bransfield Strait and adjacent waters represent one of the most important areas of larval retention off the Antarctic Peninsula. The species composition of larval fish assemblages has been described in detail in previous surveys carried out in the area, but the role of environmental parameters influencing the spatial distribution of early life stages was poorly known. By applying generalized additive models and multivariate analyses, we evaluated the role of environmental variables in shaping the small‐scale distribution of larval fish and investigated the spatial structure of the larval assemblage. It consisted of a few dominant notothenioid species, such as Champsocephalus gunnari , Lepidonotothen squamifrons , Lepidonotothen larseni , Pleuragramma antarctica and Trematomus scotti , and several other rarely caught species. Sea water temperature, salinity and sampling depth were the most important factors determining the spatial distribution of fish with different relative contributions, together explaining more than 80% of total deviance observed. Species richness was mostly affected by salinity, probably due to the narrow range of salinity preference by the species. Cluster analysis of abundance and presence data identified six and five distinct groups, respectively, each of them with substantial contributions of single or rarely two species. Differences in reproductive strategies of adult populations and spatial distribution of early life stages driven by different larval behaviour in response to environmental factors contribute to maintaining a well‐structured larval fish assemblage, ensuring spatial and food niche partitioning.",https://doi.org/10.1111/fog.12178,2016-09-29,2016,35.186302,0.9055,17,,,article,TRUE,TRUE,bronze,https://onlinelibrary.wiley.com/doi/pdfdirect/10.1111/fog.12178,TRUE,Fisheries Oceanography,https://openalex.org/S143565956,1054-6006,https://openalex.org/P4310320595,Wiley,https://doi.org/10.1111/fog.12178,https://onlinelibrary.wiley.com/doi/pdfdirect/10.1111/fog.12178,NA,publishedVersion,,35,,,,,FALSE,FALSE,en,,,,,624,636,25,6
https://openalex.org/W2006666413,"Age and growth of Scotia Sea icefish, <i>Chaenocephalus aceratus</i>, from the South Shetland Islands","Age and growth of Scotia Sea icefish, <i>Chaenocephalus aceratus</i>, from the South Shetland Islands",,"Samples of Chaenocephalus aceratus (Lönnberg) were collected during a trawl survey carried out around the South Shetland Islands in January–February 2002. Fish were caught by commercial bottom trawl fishing down to 500 m depth, using a stratified randomized sampling design. As observed in other recent surveys within the same area, C. aceratus represented one of the predominant species. Overall, 357 specimens ranging from 13 and 67 cm (TL) were selected for the present study. Ages were estimated by counting annuli present in the sagittal otoliths, exposed by grinding and polishing along their sagittal plane. To estimate the precision of age data, we compared blind readings by readers from different institutions. The age range was 1–17 years for females and 1–15 years for males. Von Bertalanffy growth curves were fitted to the estimated age-length data for each sex. The estimated values of asymptotic length L ∞ (cm) and K (year −1 ) were respectively 79.8 and 0.07 for females and 60.0 and 0.09 for males. The growth performance index ranged between 2 and 2.5, similar to that reported in other icefish. Sexual maturity was attained by females and males at about 10 and 9 years old respectively, at about 60% of their maximum estimated age. These results are compared with age and growth data available in the literature for C. aceratus , and discussed in the light of recent commercial exploitation.",https://doi.org/10.1017/s0954102004002044,2004-09-01,2004,35.1757,1.3982,19,,,article,FALSE,FALSE,closed,NA,FALSE,Antarctic Science,https://openalex.org/S939558408,0954-1020,https://openalex.org/P4310311721,Cambridge University Press,https://doi.org/10.1017/s0954102004002044,NA,NA,publishedVersion,,31,,,,,FALSE,FALSE,en,,,,,253,262,16,3
https://openalex.org/W2003136130,Comparison of the two alternative early life-history strategies of the Antarctic fishes Gobionotothen gibberifrons and Lepidonotothen larseni,Comparison of the two alternative early life-history strategies of the Antarctic fishes Gobionotothen gibberifrons and Lepidonotothen larseni,,"ABSTFUCT: Two major early life-history strategies of notothenioid fishes in the lower Antarctic are identified based upon the length of pelagic development: species that complete pelagic development within 1 summer season ('summer larvae') and species with extended pelagic development that continues over winter months ('winter larvae'). These 2 life-history strategies were compared using otolith techniques to reveal growth histories, hatching periods, and development rates of larval Gobionotothen gibberifrons (summer larvae) and Lepidonotothen larseni (winter larvae) from the Antarctic Peninsula (summer 1986/87) and South Georgia (summers 1987/88 and 1988/89). Back-calculated growth over the first 40 d after hatching was modeled exponentially and instantaneous growth rates (r) were calculated. Both species grew at similar rates with respect to length (r = 0.01) and with respect to weight (r = 0.02 to 0.03). The hatch period of both species was delayed off the Antarctic Peninsula (late-November to mid-December) compared to South Georgia (early to mid-November), as is the onset of the productive season at higher latitudes. Summer larvae have no growth advantage but do develop more quickly than winter larvae, offering the ability to reduce the time spent in a vulnerable life-history stage. As currently hypothesized, winter larvae may take advantage of an extended period for growth. using pelagic resources unavailable to summer larvae, or recruiting to the demersal environment when competition from summer recruits is lowest.",https://doi.org/10.3354/meps133029,1996-01-01,1996,34.473515,0,12,,,article,TRUE,TRUE,bronze,https://www.int-res.com/articles/meps/133/m133p029.pdf,FALSE,Marine Ecology Progress Series,https://openalex.org/S96743589,0171-8630,https://openalex.org/P4310313773,Inter-Research,https://doi.org/10.3354/meps133029,https://www.int-res.com/articles/meps/133/m133p029.pdf,NA,publishedVersion,,0,,,,,FALSE,FALSE,en,,,,,29,41,133,NA
https://openalex.org/W2470926216,DISTRIBUTION OF LARVAL AND POSTLARVAL ANTARCTIC FISHES AROUND ELEPHANT ISLAND AND BRANSFIELD STRAIT - ANTARCTICA.,DISTRIBUTION OF LARVAL AND POSTLARVAL ANTARCTIC FISHES AROUND ELEPHANT ISLAND AND BRANSFIELD STRAIT - ANTARCTICA.,,"Distribution and abundance of larval and postlarval Antarctic fishes sampled by plankton nets, from the Oceanographic R/V “ BARÃO DE TEFFÉ” , around Elephant Island and Bransfield Strait, during the southern summer 1983/84 (PROANTAR II) and 1984/85 (PROANTAR III), were analysed. All the ichthyoplankton was composed of Nototheniidae (Pleuragramma antarcticum, Notothenia kempi, Notothenia larseni, Notothenia gibberifrons); Paralepididae (Notolepis coatsi); Myctophidae (Electrona antarctica) and Channichthidae (Champsocephalus gunnari). Of these P. antarcticum was the most abundant species followed by E. antarctica. The greatest diversity of species (5) was found around Elephant Island. DISTRIBUIÇÃO DE LARVAS E PÓS-LARVAS DE PEIXES ANTÁRTICOS AO REDOR DA ILHA ELEFANTE E ESTREITO DE BRANSFIELD — ANTÁRTICA.Distribuição e abundância de larvas e pós-larvas de peixes antárticos coletadas com redes de plâncton, a bordo do NAPOc “Barão de Teffé” , ao redor da Ilha Elefante e Estreito de Bransfield, durante o verão autral 1983/84 (PROANTAR II) e 1984/85 (PROANTAR III), foram analisados. O ictioplâncton era constituído de Nototheniidae (Pleuragramma antarcticum, Notothenia kempi, Notothenia larseni, Notothenia gibberifrons); Paralepididae (Notolepis coatsi); Myctophidae (Electrons antarctica) e Channichthyidae (Champsccephalus gunnari). A espécie mais abundante foi P. antarcticum, seguida de E. antarctica. O maior número de espécies (5) foi encontrado ao redor da Ilha Elefante.",https://doi.org/10.5380/rn.v1i3.41198,1986-12-31,1986,34.333206,0.5907,5,,,article,TRUE,TRUE,diamond,https://doi.org/10.5380/rn.v1i3.41198,FALSE,Revista Nerítica,https://openalex.org/S4210187748,0102-6224,https://openalex.org/P4310312455,Universidade Federal do Paraná,https://doi.org/10.5380/rn.v1i3.41198,NA,NA,publishedVersion,,4,,,,,FALSE,FALSE,en,,,,,NA,NA,1,3
https://openalex.org/W2087987575,"The diet of Antarctic fur seals, Arctocephalus gazella, at King George Island, during the summer?autumn period","The diet of Antarctic fur seals, Arctocephalus gazella, at King George Island, during the summer?autumn period",,NA,https://doi.org/10.1007/s00300-004-0693-2,2005-01-19,2005,34.005035,1.0103,25,,,article,FALSE,FALSE,closed,NA,FALSE,Polar Biology,https://openalex.org/S196656238,0722-4060,https://openalex.org/P4310319900,Springer Science+Business Media,https://doi.org/10.1007/s00300-004-0693-2,NA,NA,publishedVersion,,18,,,,,FALSE,FALSE,en,,,,,329,333,28,4
https://openalex.org/W2086931325,Scavenging in Antarctica: Intense variation between sites and seasons in shallow benthic necrophagy,Scavenging in Antarctica: Intense variation between sites and seasons in shallow benthic necrophagy,,NA,https://doi.org/10.1016/j.jembe.2007.06.002,2007-07-14,2007,33.905006,1.9099,36,,,article,FALSE,FALSE,closed,NA,FALSE,Journal of Experimental Marine Biology and Ecology,https://openalex.org/S155333626,0022-0981,https://openalex.org/P4310320990,Elsevier BV,https://doi.org/10.1016/j.jembe.2007.06.002,NA,NA,publishedVersion,,47,,,,,FALSE,FALSE,en,,,,,405,417,349,2
https://openalex.org/W4380877509,"The relevance of fish in the summer diet of the Antarctic fur seal (Arctocephalus gazella) at Hope Bay, Antarctic Peninsula and Stranger Point, South Shetland Islands","The relevance of fish in the summer diet of the Antarctic fur seal (Arctocephalus gazella) at Hope Bay, Antarctic Peninsula and Stranger Point, South Shetland Islands",,NA,https://doi.org/10.1007/s00300-023-03159-z,2023-06-16,2023,33.315437,0.9655,4,,,article,FALSE,FALSE,closed,NA,FALSE,Polar Biology,https://openalex.org/S196656238,0722-4060,https://openalex.org/P4310319900,Springer Science+Business Media,https://doi.org/10.1007/s00300-023-03159-z,NA,NA,publishedVersion,,54,,,,,FALSE,FALSE,en,,,,,809,818,46,9
https://openalex.org/W2798357284,"Hydroacoustic survey around Elephant Island (Subarea 48.1) and South Orkney Islands (Subarea 48.2), austral summer 2016","Hydroacoustic survey around Elephant Island (Subarea 48.1) and South Orkney Islands (Subarea 48.2), austral summer 2016",,"This paper submits the results of the acoustic cruise made in the austral summer of 2016. The survey delivers the bottom bathymetry, the geographic distribution of krill concentrations, and the presence of fish shoals in 1,500 nautical miles over the shelf and the continental slope (100-500 m), around Elephant Island and South Orkney Islands. Krill concentrations are described, as well as those of mackerel icefish (Champsocephalus gunnari), the latter representing the most abundant fish species in the research, besides other finfish species in the area. The mackerel iceflsh was found between 160 and 449 m depth, associated to steep bottom, showing demersal characteristics during the day and semi-pelagic overnight. During the darkness hours, the mean determined depth in the schools was 207.1 ± 62.6 m around Elephant Island and 219.4 ± 55.8 m in South Orkney Islands.",https://doi.org/10.1109/rioacoustics.2017.8349730,2017-07-01,2017,32.28236,0.4303,4,,,article,FALSE,FALSE,closed,NA,FALSE,NA,NA,NA,NA,NA,https://doi.org/10.1109/rioacoustics.2017.8349730,NA,NA,publishedVersion,,5,,,,,FALSE,FALSE,ceb,,,,,1,5,7,NA
https://openalex.org/W2038444093,"Early ontogeny of the mackerel icefish, Champsocephalus gunnari, in the southern Scotia Arc","Early ontogeny of the mackerel icefish, Champsocephalus gunnari, in the southern Scotia Arc",,NA,https://doi.org/10.1007/s00300-013-1304-x,2013-02-15,2013,31.998465,0.4472,10,,,article,FALSE,FALSE,closed,NA,FALSE,Polar Biology,https://openalex.org/S196656238,0722-4060,https://openalex.org/P4310319900,Springer Science+Business Media,https://doi.org/10.1007/s00300-013-1304-x,NA,NA,publishedVersion,,40,,,,,FALSE,FALSE,en,,,,,797,805,36,6
https://openalex.org/W3014139783,Degree of herbivory and intestinal morphology in nine notothenioid fishes from the western Antarctic Peninsula,Degree of herbivory and intestinal morphology in nine notothenioid fishes from the western Antarctic Peninsula,,NA,https://doi.org/10.1007/s00300-020-02655-w,2020-03-31,2020,31.989487,1.668,11,,,article,FALSE,TRUE,green,http://hdl.handle.net/11336/132848,TRUE,Polar Biology,https://openalex.org/S196656238,0722-4060,https://openalex.org/P4310319900,Springer Science+Business Media,https://doi.org/10.1007/s00300-020-02655-w,NA,NA,publishedVersion,,52,,,,,FALSE,FALSE,en,,,,,535,544,43,5
https://openalex.org/W2901751831,"Diet overlap among top predators at the South Orkney Islands, Antarctica","Diet overlap among top predators at the South Orkney Islands, Antarctica",,NA,https://doi.org/10.1007/s00300-018-2428-9,2018-11-15,2018,31.969368,0.7825,9,,,article,FALSE,TRUE,green,http://hdl.handle.net/11336/95635,TRUE,Polar Biology,https://openalex.org/S196656238,0722-4060,https://openalex.org/P4310319900,Springer Science+Business Media,https://doi.org/10.1007/s00300-018-2428-9,NA,NA,publishedVersion,,41,,,,,FALSE,FALSE,en,,,,,371,383,42,2
https://openalex.org/W4398232302,Detecting the invisible through <scp>DNA</scp> metabarcoding: The role of gelatinous taxa in the diet of two demersal Antarctic key stone fish species (Notothenioidei),Detecting the invisible through <scp>DNA</scp> metabarcoding: The role of gelatinous taxa in the diet of two demersal Antarctic key stone fish species (Notothenioidei),,"Abstract Gelatinous zooplankton (GZP), i.e., ctenophores, cnidarian medusae, chaetognaths, appendicularians and salps, are considered climate change winners. This becomes particularly obvious in the Southern Ocean, which has undergone a significant shift from a krill‐based to a salp‐based ecosystem over the last decades. A better knowledge on the role of gelatinous invertebrates as prey is needed to predict the impact of such a gelatinous shift. Until recently, GZP was considered as a “trophic dead end”. However, their true importance in diets has remained unresolved due to the rapid digestion of their watery and soft tissues in predators' stomachs. In this study, we want to validate the paradigm shift from GZP being considered as “survival food” to be considered a “regular” prey item for two demersal fish species ( Notothenia rossii and N. coriiceps ) of Potter Cove, South Shetland Islands, using a multimarker (COI and 18S) metabarcoding approach. We found that GZP taxa commonly occurred in the diets of both species, represented by pelagic tunicates (appendicularians, salps), cnidarians, chaetognaths and ctenophores. Salps were the most abundant prey group, preyed upon by each individual of both species, reaching 98.7% relative read abundance for 18S. We recovered a wide range of different taxa in their diets, from primary producers to highly abundant invertebrates, thus the two nototheniid species can be regarded as “natural samplers” of the ecosystem in study. Finally, we want to point out the importance of multimarker metabarcoding approaches for broad ecological assessments, given the differential amplification and sequencing success of different markers for specific groups and the unequal taxonomic coverage of the reference databases. The output of each marker was highly complementary, since an important prey item such as salps, was only detected with 18S, while other taxa (e.g., Arthropoda) were represented with a higher taxonomic resolution with COI.",https://doi.org/10.1002/edn3.561,2024-05-01,2024,31.295029,5.2837,12,,,article,TRUE,TRUE,gold,https://onlinelibrary.wiley.com/doi/pdfdirect/10.1002/edn3.561,FALSE,Environmental DNA,https://openalex.org/S4210176772,2637-4943,https://openalex.org/P4310320595,Wiley,https://doi.org/10.1002/edn3.561,https://onlinelibrary.wiley.com/doi/pdfdirect/10.1002/edn3.561,cc-by,publishedVersion,,109,,,,,FALSE,FALSE,en,,,,,NA,NA,6,3
https://openalex.org/W3165026499,Resilience of cardiac performance in Antarctic notothenioid fishes in a warming climate,Resilience of cardiac performance in Antarctic notothenioid fishes in a warming climate,,"Warming in the region of the Western Antarctic Peninsula is occurring at an unprecedented rate, which may threaten the survival of Antarctic notothenioid fishes. Herein, we review studies characterizing thermal tolerance and cardiac performance in notothenioids - a group that includes both red-blooded species and the white-blooded, haemoglobinless icefishes - as well as the relevant biochemistry associated with cardiac failure during an acute temperature ramp. Because icefishes do not feed in captivity, making long-term acclimation studies unfeasible, we focus only on the responses of red-blooded notothenioids to warm acclimation. With acute warming, hearts of the white-blooded icefish Chaenocephalus aceratus display persistent arrhythmia at a lower temperature (8°C) compared with those of the red-blooded Notothenia coriiceps (14°C). When compared with the icefish, the enhanced cardiac performance of N. coriiceps during warming is associated with greater aerobic capacity, higher ATP levels, less oxidative damage and enhanced membrane integrity. Cardiac performance can be improved in N. coriiceps with warm acclimation to 5°C for 6-9 weeks, accompanied by an increase in the temperature at which cardiac failure occurs. Also, both cardiac mitochondrial and microsomal membranes are remodelled in response to warm acclimation in N. coriiceps, displaying homeoviscous adaptation. Overall, cardiac performance in N. coriiceps is malleable and resilient to warming, yet thermal tolerance and plasticity vary among different species of notothenioid fishes; disruptions to the Antarctic ecosystem driven by climate warming and other anthropogenic activities endanger the survival of notothenioids, warranting greater protection afforded by an expansion of marine protected areas.",https://doi.org/10.1242/jeb.220129,2021-05-15,2021,31.027298,1.0142,8,,,review,TRUE,TRUE,bronze,https://journals.biologists.com/jeb/article-pdf/224/10/jeb220129/2071849/jeb220129.pdf,TRUE,Journal of Experimental Biology,https://openalex.org/S20257348,0022-0949,https://openalex.org/P4310311847,The Company of Biologists,https://doi.org/10.1242/jeb.220129,https://journals.biologists.com/jeb/article-pdf/224/10/jeb220129/2071849/jeb220129.pdf,NA,publishedVersion,,152,,,,,FALSE,FALSE,en,,,,,NA,NA,224,10
https://openalex.org/W2792289567,"Fish prey of Weddell seals, Leptonychotes weddellii, at Hope Bay, Antarctic Peninsula, during the late summer","Fish prey of Weddell seals, Leptonychotes weddellii, at Hope Bay, Antarctic Peninsula, during the late summer",,NA,https://doi.org/10.1007/s00300-018-2255-z,2018-01-25,2018,30.813274,0.9782,8,,,article,TRUE,TRUE,bronze,https://link.springer.com/content/pdf/10.1007/s00300-018-2255-z.pdf,TRUE,Polar Biology,https://openalex.org/S196656238,0722-4060,https://openalex.org/P4310319900,Springer Science+Business Media,https://doi.org/10.1007/s00300-018-2255-z,https://link.springer.com/content/pdf/10.1007/s00300-018-2255-z.pdf,NA,publishedVersion,,36,,,,,FALSE,FALSE,en,,,,,1027,1031,41,5
https://openalex.org/W2097379251,Preliminary trophic model of the Antarctic Peninsula Ecosystem (Sub-area CCAMLR 48.1),Preliminary trophic model of the Antarctic Peninsula Ecosystem (Sub-area CCAMLR 48.1),,NA,https://doi.org/10.1016/j.ecolmodel.2008.06.011,2008-08-19,2008,30.617231,1.3064,50,,,article,FALSE,FALSE,closed,NA,FALSE,Ecological Modelling,https://openalex.org/S88315673,0304-3800,https://openalex.org/P4310320990,Elsevier BV,https://doi.org/10.1016/j.ecolmodel.2008.06.011,NA,NA,publishedVersion,,207,,,,,FALSE,FALSE,en,,,,,1,17,218,1-2
https://openalex.org/W2020565082,Using scales to clarify the transition from blue-phase to brown-phase fingerling in Notothenia rossii from the South Shetland Islands,Using scales to clarify the transition from blue-phase to brown-phase fingerling in Notothenia rossii from the South Shetland Islands,,NA,https://doi.org/10.1007/s00300-010-0763-6,2010-02-05,2010,30.329512,1.3488,5,,,article,FALSE,FALSE,closed,NA,FALSE,Polar Biology,https://openalex.org/S196656238,0722-4060,https://openalex.org/P4310319900,Springer Science+Business Media,https://doi.org/10.1007/s00300-010-0763-6,NA,NA,publishedVersion,,13,,,,,FALSE,FALSE,en,,,,,877,884,33,7
https://openalex.org/W2022073089,"Report on species of Gyrodactylus Nordmann, 1832, distribution in polar regions","Report on species of Gyrodactylus Nordmann, 1832, distribution in polar regions",,NA,https://doi.org/10.1016/j.polar.2009.07.001,2009-07-10,2009,30.096619,0.7082,6,,,article,FALSE,FALSE,closed,NA,FALSE,Polar Science,https://openalex.org/S14279969,1873-9652,https://openalex.org/P4310320990,Elsevier BV,https://doi.org/10.1016/j.polar.2009.07.001,NA,NA,publishedVersion,,11,,,,,FALSE,FALSE,en,,,,,203,206,3,3
https://openalex.org/W2105183003,"The diet of the blue-eyed shag, <i>Phalacrocorax atriceps bransfieldensis</i> feeding in the Bransfield Strait","The diet of the blue-eyed shag, <i>Phalacrocorax atriceps bransfieldensis</i> feeding in the Bransfield Strait",,"The diet of the Antarctic blue-eyed shag Phalacrocorax atriceps bransfieldensis was analysed based on the identification of the prey items in 50 regurgitated casts collected at Duthoit Point, Nelson Island, in February 1991. Fish remains occurred in 100% of the casts and represented 68% by number and 90% by weight of the total prey items. From a total of 2112 otoliths found, 1176 fish specimens were identified belonging to four demersalbenthic species: Harpagifer antarcticus, Notothenia neglecta, Nototheniops nudifrons and Trematomus newnesi . Equations to estimate total length and weight from otolith length are provided. H. antarcticus and N. neglecta were the most frequent (92%) and important by weight (66%) respectively. Cephalopod beaks found indicate benthic octopods as the second group in importance after fish. Other invertebrates such as polychaetes, gastropods, bivalves and crustaceans were only occasional. The presence of algae and stones in the casts is attributed to accidental ingestion. Our results are in general agreement with those published for other Antarctic localities which indicate that P. atriceps is a benthic coastal feeder, with fish as its main food.",https://doi.org/10.1017/s0954102093000458,1993-12-01,1993,30.08458,1.5825,39,,,article,FALSE,FALSE,closed,NA,FALSE,Antarctic Science,https://openalex.org/S939558408,0954-1020,https://openalex.org/P4310311721,Cambridge University Press,https://doi.org/10.1017/s0954102093000458,NA,NA,publishedVersion,,12,,,,,FALSE,FALSE,en,,,,,335,338,5,4
https://openalex.org/W3190812164,"Genetic Diversity and Population Structure of the Antarctic Toothfish, Dissostichus mawsoni, Using Mitochondrial and Microsatellite DNA Markers","Genetic Diversity and Population Structure of the Antarctic Toothfish, Dissostichus mawsoni, Using Mitochondrial and Microsatellite DNA Markers",,"The Antarctic toothfish, Dissostichus mawsoni , serves as a valuable fishery resource around the Antarctic Continent since 1997, managed by the Commission for the Conservation of Antarctic Marine Living Resources (CCAMLR). Although delineating genetic or stock structure of populations is crucial for improving fishery management of this species, its number of genetic populations and genetic diversity levels remain ambiguous. In the present study, we assessed the population genetic and phylogeographic structure of the Antarctic toothfish across 20 geographic localities spanning from Subareas 88 (88.1, 88.2, and 88.3) to Subareas 58 (58.4 and 58.5) by using mitochondrial DNA (mtDNA) cytochrome oxidase I (COI) and 16S rRNA (16S) sequences and seven nuclear microsatellite loci. MtDNA revealed a low level of polymorphism ( h = 0.571, π = 0.0006) with 40 haplotypes in 392 individuals, connected only by 1–5 mutational steps, which is indicative of shallow evolutionary history. Microsatellites showed a range of allelic richness (AR) from 6.328 (88.3 RB3) to 7.274 (88.3 RB6) within populations. Overall genetic diversity was generally higher in Subareas 58 than in Subareas 88, suggesting that effective population size (N E ) is larger in Subareas 58. The results of population analyses using microsatellites suggest that the sampled populations are likely to comprise a well-admixed single gene pool (i.e., one genetic stock), perhaps due to high contemporary gene flow occurring during the prolonged larval phase of this fish. However, given weak, but significant microsatellite differentiation found in six population-pairs, the possibility of existence of multiple genetic populations could not be completely excluded. The mtDNA AMOVA suggests a genetic break between the Subareas 88 and 58 groups ( F CT = 0.011, P = 0.004). Moreover, mtDNA genetic distances ( F ST ) between populations were proportionally greater as geographic distances increase. The patterns of isolation by distance (IBD) shown only in mtDNA, but not in microsatellites might suggest that population differentiation or divergence processes underwent faster in mtDNA than microsatellites, due to its N E being only one-quarter of nuclear DNA. Temporal stability in the genetic structure of D. mawsoni is also indicated by the results of no genetic differentiation between juveniles and adults. The findings of this study will help to design effective stock management strategies for this valuable fishery resource. We suggest that a long-term genetic monitoring is needed to understand the population structure and dynamics of toothfish in response to ongoing climate changes.",https://doi.org/10.3389/fmars.2021.666417,2021-08-02,2021,30.003395,0.8265,11,,,article,TRUE,TRUE,gold,https://doi.org/10.3389/fmars.2021.666417,TRUE,Frontiers in Marine Science,https://openalex.org/S2596539584,2296-7745,https://openalex.org/P4310320527,Frontiers Media,https://doi.org/10.3389/fmars.2021.666417,NA,cc-by,publishedVersion,,58,,,,,FALSE,FALSE,en,,,,,NA,NA,8,NA
https://openalex.org/W3021439239,Main drivers of mercury levels in Southern Ocean lantern fish Myctophidae,Main drivers of mercury levels in Southern Ocean lantern fish Myctophidae,,NA,https://doi.org/10.1016/j.envpol.2020.114711,2020-05-03,2020,29.924284,1.3285,22,,,article,TRUE,TRUE,bronze,https://ars.els-cdn.com/content/image/1-s2.0-S0269749119356520-fx1_lrg.jpg,TRUE,Environmental Pollution,https://openalex.org/S201530359,0269-7491,https://openalex.org/P4310320990,Elsevier BV,https://doi.org/10.1016/j.envpol.2020.114711,https://ars.els-cdn.com/content/image/1-s2.0-S0269749119356520-fx1_lrg.jpg,NA,publishedVersion,,92,,,,,FALSE,FALSE,en,,,,,114711,114711,264,NA
https://openalex.org/W1189742268,A first insight into the spleen transcriptome of the notothenioid fish Lepidonotothen nudifrons: Resource description and functional overview,A first insight into the spleen transcriptome of the notothenioid fish Lepidonotothen nudifrons: Resource description and functional overview,,NA,https://doi.org/10.1016/j.margen.2015.06.006,2015-06-23,2015,29.770384,1.3583,16,,,article,FALSE,FALSE,closed,NA,FALSE,Marine Genomics,https://openalex.org/S107001494,1874-7787,https://openalex.org/P4310320990,Elsevier BV,https://doi.org/10.1016/j.margen.2015.06.006,NA,NA,publishedVersion,,15,,,,,FALSE,FALSE,en,,,,,237,239,24,NA
https://openalex.org/W4404014894,Potter Cove's Heavyweights: Estimation of Species' Interaction Strength of an Antarctic Food Web,Potter Cove's Heavyweights: Estimation of Species' Interaction Strength of an Antarctic Food Web,,"ABSTRACT In the West Antarctic Peninsula, global warming has led to severe alterations in community composition, species distribution, and abundance over the last decades. Understanding the complex interplay between structure and stability of marine food webs is crucial for assessing ecosystem resilience, particularly in the context of ongoing environmental changes. In this study, we estimate the interaction strength within the Potter Cove (South Shetland Islands, Antarctica) food web to elucidate the roles of species in its structure and functioning. We use these estimates to calculate food web stability in response to perturbations, conducting sequential extinctions to quantify the importance of individual species based on changes in stability and food web fragmentation. We explore connections between interaction strength and key topological properties of the food web. Our findings reveal an asymmetric distribution of interaction strengths, with a prevalence of weak interactions and a few strong ones. Species exerting greater influence within the food web displayed higher degree and trophic similarity but occupied lower trophic levels and displayed lower omnivory levels (e.g., macroalgae and detritus). Extinction simulations revealed the key role of certain species, particularly amphipods and the black rockcod Notothenia coriiceps , as their removal led to significant changes in food web stability and network fragmentation. This study highlights the importance of considering species interaction strengths in assessing the stability of polar marine ecosystems. These insights have crucial implications for guiding monitoring and conservation strategies aimed at preserving the integrity of Antarctic marine ecosystems.",https://doi.org/10.1002/ece3.70389,2024-11-01,2024,29.67781,2.1332,5,,,article,TRUE,TRUE,gold,https://onlinelibrary.wiley.com/doi/pdfdirect/10.1002/ece3.70389,TRUE,Ecology and Evolution,https://openalex.org/S2482021738,2045-7758,https://openalex.org/P4310320595,Wiley,https://doi.org/10.1002/ece3.70389,https://onlinelibrary.wiley.com/doi/pdfdirect/10.1002/ece3.70389,cc-by,publishedVersion,,59,,,,,FALSE,FALSE,en,,,,,e70389,e70389,14,11
https://openalex.org/W2028803805,The effect of habitat temperature on serum antifreeze glycoprotein (AFGP) activity in Notothenia rossii (Pisces: Nototheniidae) in the Southern Ocean,The effect of habitat temperature on serum antifreeze glycoprotein (AFGP) activity in Notothenia rossii (Pisces: Nototheniidae) in the Southern Ocean,,NA,https://doi.org/10.1007/s00300-013-1437-y,2013-12-20,2013,29.62507,0.6412,6,,,article,FALSE,FALSE,closed,NA,FALSE,Polar Biology,https://openalex.org/S196656238,0722-4060,https://openalex.org/P4310319900,Springer Science+Business Media,https://doi.org/10.1007/s00300-013-1437-y,NA,NA,publishedVersion,,25,,,,,FALSE,FALSE,en,,,,,367,373,37,3
https://openalex.org/W2019262806,Effect of a shore-based sampling programme on <b><i>Notothenia coriiceps</i></b> populations,Effect of a shore-based sampling programme on <b><i>Notothenia coriiceps</i></b> populations,,"The effect of an intensive sampling programme on an inshore population of Notothenia coriiceps was studied at Potter Cove, South Shetland Islands, by comparing catch data taken in successive summers of 1992/93 to 1994/95 at one specific zone (site 1) with those taken in the 1994/95 summer at two close but not previously sampled zones (sites 2 and 3). The fish were caught with trammel nets under similar sampling conditions (depth, net measurements, bottom type). In site 1, a decline in length (TL) of the fish was observed throughout the whole period. The fish from sites 2 (mean = 32.4 cm) and 3 (mean = 31.8 cm) exhibited no significant differences in mean length. They were larger ( P = 0.07) than those from site 1 caught in the summers of 1994/95 (mean = 28.8 cm) and 1993/94 (mean = 30.2 cm), but were similar in size to those sampled in the summer of 1992/93 (mean = 31.7 cm), just when the sampling programme started in site 1. Although alternative hypotheses to explain the results are discussed (e.g. random error, strong recruitment), it is suggested that the size variations of the fish sampled at site 1 are due to intensive sampling effort carried out throughout this study at that specific zone in Potter Cove.",https://doi.org/10.1017/s0954102002000056,2002-09-01,2002,29.501705,0.3046,14,,,article,TRUE,TRUE,bronze,https://www.cambridge.org/core/services/aop-cambridge-core/content/view/5E0DA2026F96BE9D7CB121A727856A3B/S0954102002000056a.pdf/div-class-title-effect-of-a-shore-based-sampling-programme-on-span-class-bold-span-class-italic-notothenia-coriiceps-span-span-populations-div.pdf,TRUE,Antarctic Science,https://openalex.org/S939558408,0954-1020,https://openalex.org/P4310311721,Cambridge University Press,https://doi.org/10.1017/s0954102002000056,https://www.cambridge.org/core/services/aop-cambridge-core/content/view/5E0DA2026F96BE9D7CB121A727856A3B/S0954102002000056a.pdf/div-class-title-effect-of-a-shore-based-sampling-programme-on-span-class-bold-span-class-italic-notothenia-coriiceps-span-span-populations-div.pdf,NA,publishedVersion,,6,,,,,FALSE,FALSE,en,,,,,221,224,14,3
https://openalex.org/W4280624085,Spatial patterns and behaviour of notothenioid fishes off the northern Antarctic Peninsula,Spatial patterns and behaviour of notothenioid fishes off the northern Antarctic Peninsula,,NA,https://doi.org/10.1007/s00300-022-03047-y,2022-05-17,2022,28.812262,0.6799,9,,,article,FALSE,FALSE,closed,NA,FALSE,Polar Biology,https://openalex.org/S196656238,0722-4060,https://openalex.org/P4310319900,Springer Science+Business Media,https://doi.org/10.1007/s00300-022-03047-y,NA,NA,publishedVersion,,36,,,,,FALSE,FALSE,en,,,,,971,985,45,6
https://openalex.org/W165201977,"The Biological and Demographic Peculiarities of the Icefish Champsocephalus gunnari Lönnberg, 1905 from the Kerguelen Plateau","The Biological and Demographic Peculiarities of the Icefish Champsocephalus gunnari Lönnberg, 1905 from the Kerguelen Plateau",,NA,https://doi.org/10.1007/978-3-642-76217-8_3,1991-01-01,1991,28.19709,0,21,,,book-chapter,FALSE,FALSE,closed,NA,FALSE,NA,NA,NA,NA,NA,https://doi.org/10.1007/978-3-642-76217-8_3,NA,NA,publishedVersion,,8,,,,,FALSE,FALSE,en,,,,,40,53,NA,NA
https://openalex.org/W2108820677,"Fluctuations in Adélie penguin prey size in the mid to late Holocene, northern Marguerite Bay, Antarctic Peninsula","Fluctuations in Adélie penguin prey size in the mid to late Holocene, northern Marguerite Bay, Antarctic Peninsula",,NA,https://doi.org/10.1007/s00300-002-0401-z,2002-08-01,2002,27.888714,0.668,15,,,article,FALSE,FALSE,closed,NA,FALSE,Polar Biology,https://openalex.org/S196656238,0722-4060,https://openalex.org/P4310319900,Springer Science+Business Media,https://doi.org/10.1007/s00300-002-0401-z,NA,NA,publishedVersion,,29,,,,,FALSE,FALSE,en,,,,,618,623,25,8
https://openalex.org/W4237550920,"Community structure and feeding ecology of mesopelagic fishes in the slope waters of King George Island (South Shetland Islands, Antarctica)","Community structure and feeding ecology of mesopelagic fishes in the slope waters of King George Island (South Shetland Islands, Antarctica)",,NA,https://doi.org/10.1016/s0967-0637(04)00117-7,2004-11-01,2004,27.769497,0.2773,5,,,article,FALSE,FALSE,closed,NA,FALSE,Deep Sea Research Part I Oceanographic Research Papers,https://openalex.org/S113880702,0967-0637,https://openalex.org/P4310320990,Elsevier BV,https://doi.org/10.1016/s0967-0637(04)00117-7,NA,NA,publishedVersion,,0,,,,,FALSE,FALSE,en,,,,,1685,1708,51,11
https://openalex.org/W2321280192,"Length frequency analysis ofPleuragramma antarcticum, Electrona antarctica, Protomyctophum bolini","Length frequency analysis ofPleuragramma antarcticum, Electrona antarctica, Protomyctophum bolini",,NA,https://doi.org/10.1007/bf02889475,1995-12-01,1995,26.745087,0,6,,,article,FALSE,FALSE,closed,NA,FALSE,Chinese Journal of Oceanology and Limnology,https://openalex.org/S106685023,0254-4059,https://openalex.org/P4310319965,Springer Nature,https://doi.org/10.1007/bf02889475,NA,NA,publishedVersion,,4,,,,,FALSE,FALSE,en,,,,,380,384,13,4
https://openalex.org/W2334021514,"Before the freeze: otoliths from the Eocene of Seymour Island, Antarctica, reveal dominance of gadiform fishes (Teleostei)","Before the freeze: otoliths from the Eocene of Seymour Island, Antarctica, reveal dominance of gadiform fishes (Teleostei)",,"Schwarzhans, widespread in the southern oceans during the Eocene, has been recorded from New Zealand, southern Australia, and now Antarctica. The otolith assemblage shows a typical composition of temperate fishes dominated by gadiforms, very similar at genus and family levels to associations known from middle Eocene strata of New Zealand and the late Eocene of southern Australia, but also to the temperate Northern Hemisphere associations from the Paleocene of Denmark. The Seymour Island fauna bridges a gap in the record of global temperate marine teleost faunas during the early Eocene climate maximum. The dominant gadiforms are interpreted as the main temperate faunal component, as in the Paleocene of Denmark. Here they are represented by the families Moridae, Merlucciidae (Macruroninae), Macrouridae and Gadidae. Nowadays Gadidae are a chiefly Northern Hemisphere temperate family. Moridae, Macruroninae and Macrouridae live today on the lower shelf to deep-water or mesopelagically with Macruroninae being restricted to the Southern Ocean. The extant endemic Antarctic gadiform family Muraenolepididae is missing, as are the dominant modern Antarctic fishes of the perciform suborder Notothenioidei. Recently, there has been much debate on isolated jaw bones of teleost fishes found in the La Meseta Formation and whether they would represent gadiforms (Merlucciidae in this case) or some early, primitive notothenioid. Otoliths are known to often complement rather than duplicate skeletal finds. With this in mind, we conclude that our otolith data support the presence of gadiforms in the early Eocene of Antarctica while it does not rule out the presence of notothenioids at the same time. http://zoobank.org/urn:lsid:zoobank.org:pub:A30E5364-0003-4467-B902-43A41AD456CC.",https://doi.org/10.1080/14772019.2016.1151958,2016-03-16,2016,26.728113,4.8124,26,,,article,TRUE,TRUE,hybrid,https://www.tandfonline.com/doi/pdf/10.1080/14772019.2016.1151958?needAccess=true,TRUE,Journal of Systematic Palaeontology,https://openalex.org/S159281433,1477-2019,https://openalex.org/P4310320547,Taylor & Francis,https://doi.org/10.1080/14772019.2016.1151958,https://www.tandfonline.com/doi/pdf/10.1080/14772019.2016.1151958?needAccess=true,cc-by,publishedVersion,,72,,,,,FALSE,FALSE,en,,,,,147,170,15,2
https://openalex.org/W4289717622,"Warm acclimation alters antioxidant defences but not metabolic capacities in the Antarctic fish, <i>Notothenia coriiceps</i>","Warm acclimation alters antioxidant defences but not metabolic capacities in the Antarctic fish, <i>Notothenia coriiceps</i>",,"Abstract The Southern Ocean surrounding the Western Antarctic Peninsula region is rapidly warming. Survival of members of the dominant suborder of Antarctic fishes, the Notothenioidei, will likely require thermal plasticity and adaptive capacity in key traits delimiting thermal tolerance. Herein, we have assessed the thermal plasticity of several cellular and biochemical pathways, many of which are known to be associated with thermal tolerance in notothenioids, including mitochondrial function, activities of aerobic and anaerobic enzymes, antioxidant defences, protein ubiquitination and degradation in cardiac, oxidative skeletal muscles and gill of Notothenia coriiceps warm acclimated to 4°C for 22 days or 5°C for 42 days. Levels of triacylglycerol (TAG) were measured in liver and oxidative and glycolytic skeletal muscles, and glycogen in liver and glycolytic muscle to assess changes in energy stores. Metabolic pathways displayed minimal thermal plasticity, yet antioxidant defences were lower in heart and oxidative skeletal muscles of warm-acclimated animals compared with animals held at ambient temperature. Despite higher metabolic rates at elevated temperature, energy storage depots of TAG and glycogen increase in liver and remain unchanged in muscle with warm acclimation. Overall, our studies reveal that N. coriiceps displays thermal plasticity in some key traits that may contribute to their survival as the Southern Ocean continues to warm.",https://doi.org/10.1093/conphys/coac054,2022-01-01,2022,26.58452,1.8638,11,,,article,TRUE,TRUE,gold,https://academic.oup.com/conphys/article-pdf/10/1/coac054/45216900/coac054.pdf,TRUE,Conservation Physiology,https://openalex.org/S2734435911,2051-1434,https://openalex.org/P4310311648,Oxford University Press,https://doi.org/10.1093/conphys/coac054,https://academic.oup.com/conphys/article-pdf/10/1/coac054/45216900/coac054.pdf,cc-by,publishedVersion,,109,,,,,FALSE,FALSE,en,,,,,coac054,coac054,10,1
https://openalex.org/W2401536301,Persistent organic pollutants in tissues of the white-blooded Antarctic fish Champsocephalus gunnari and Chaenocephalus aceratus,Persistent organic pollutants in tissues of the white-blooded Antarctic fish Champsocephalus gunnari and Chaenocephalus aceratus,,NA,https://doi.org/10.1016/j.chemosphere.2016.01.089,2016-05-16,2016,26.545883,1.989,13,,,article,FALSE,FALSE,closed,NA,FALSE,Chemosphere,https://openalex.org/S203465130,0045-6535,https://openalex.org/P4310320990,Elsevier BV,https://doi.org/10.1016/j.chemosphere.2016.01.089,NA,NA,publishedVersion,,54,,,,,FALSE,FALSE,en,,,,,555,562,161,NA
https://openalex.org/W2141786676,Digenean Trematoda infection of inshore fish at South Georgia,Digenean Trematoda infection of inshore fish at South Georgia,,"A sample of 111 fish of eight species caught in two fjords at South Georgia were examined for digenean trematode parasites. The alimentary tracts of all specimens were infected with digeneans. The dominant species was Elytrophalloides oatesi (Leiper &amp; Atkinson) which was found in all fish, with a maximum number of 1961 specimens per fish. Other common species were; Macvicaria pennelli (Leiper &amp; Atkinson), Lepidapedon garrardi (Leiper &amp; Atkinson), Lecithaster macrocotyle Szidat &amp; Graefe, Genolinea bowersi (Leiper &amp; Atkinson) and Postmonorchis variabilis Prudhoe &amp; Bray. Three further species, Neolebouria antarctica (Szidat &amp; Graefe), Discoverytrema markowskii Gibson and Gonocerca phycidis Manter, were rare. Infection of the most commonly caught fish at South Georgia, Notothenia rossii Richardson, is compared with that of N. rossii at Admiralty Bay, South Shetland Islands. The species composition of common parasites was similar in both areas but conspicuous differences in the frequency of individual digenean species were found.",https://doi.org/10.1017/s0954102092000105,1992-03-01,1992,26.295519,0.4995,10,,,article,FALSE,FALSE,closed,NA,FALSE,Antarctic Science,https://openalex.org/S939558408,0954-1020,https://openalex.org/P4310311721,Cambridge University Press,https://doi.org/10.1017/s0954102092000105,NA,NA,publishedVersion,,0,,,,,FALSE,FALSE,en,,,,,51,55,4,1
https://openalex.org/W2145691030,A first attempt at determining larval growth in three Antarctic fish from otoliths and RNA/DNA ratios,A first attempt at determining larval growth in three Antarctic fish from otoliths and RNA/DNA ratios,,NA,https://doi.org/10.1007/s00300-001-0351-x,2002-05-01,2002,26.190691,0,10,,,article,FALSE,FALSE,closed,NA,FALSE,Polar Biology,https://openalex.org/S196656238,0722-4060,https://openalex.org/P4310319900,Springer Science+Business Media,https://doi.org/10.1007/s00300-001-0351-x,NA,NA,publishedVersion,,17,,,,,FALSE,FALSE,en,,,,,360,365,25,5
https://openalex.org/W2077828859,"Diet of Cape petrel Daption capense during the post-hatching period at Laurie Island, South Orkney Islands, Antarctica","Diet of Cape petrel Daption capense during the post-hatching period at Laurie Island, South Orkney Islands, Antarctica",,NA,https://doi.org/10.1007/s003000050183,1997-09-01,1997,26.073948,0.7849,21,,,article,FALSE,FALSE,closed,NA,FALSE,Polar Biology,https://openalex.org/S196656238,0722-4060,https://openalex.org/P4310319900,Springer Science+Business Media,https://doi.org/10.1007/s003000050183,NA,NA,publishedVersion,,0,,,,,FALSE,FALSE,en,,,,,236,239,18,4
https://openalex.org/W2908322817,"Concentrations of Thirteen Trace Metals in Scales of Three Nototheniid Fishes from Antarctica (James Ross Island, Antarctic Peninsula)","Concentrations of Thirteen Trace Metals in Scales of Three Nototheniid Fishes from Antarctica (James Ross Island, Antarctic Peninsula)",,NA,https://doi.org/10.1007/s12011-018-1598-1,2019-01-01,2019,25.80543,0.5656,6,,,article,FALSE,FALSE,closed,NA,FALSE,Biological Trace Element Research,https://openalex.org/S45954700,0163-4984,https://openalex.org/P4310319900,Springer Science+Business Media,https://doi.org/10.1007/s12011-018-1598-1,NA,NA,publishedVersion,,46,,,,,FALSE,FALSE,en,,,,,214,223,191,1
https://openalex.org/W2469210096,"Reproductive aspects of Notothenia rossii and N. coriiceps (Perciformes, Nototheniidae) at Potter Cove, 25 de Mayo (King George) Island during austral summer","Reproductive aspects of Notothenia rossii and N. coriiceps (Perciformes, Nototheniidae) at Potter Cove, 25 de Mayo (King George) Island during austral summer",,NA,https://doi.org/10.1007/s00300-016-1918-x,2016-03-15,2016,25.710773,0.8695,12,,,article,FALSE,TRUE,green,http://hdl.handle.net/11336/60745,TRUE,Polar Biology,https://openalex.org/S196656238,0722-4060,https://openalex.org/P4310319900,Springer Science+Business Media,https://doi.org/10.1007/s00300-016-1918-x,NA,NA,publishedVersion,,80,,,,,FALSE,FALSE,en,,,,,1,11,40,1
https://openalex.org/W165728860,The specialized diet of Harpagifer bispinis:,The specialized diet of Harpagifer bispinis:,,NA,https://doi.org/10.1007/bf00018363,1981-06-01,1981,25.541533,0,28,,,article,FALSE,FALSE,closed,NA,FALSE,Hydrobiologia,https://openalex.org/S4210238371,0018-8158,https://openalex.org/P4310319900,Springer Science+Business Media,https://doi.org/10.1007/bf00018363,NA,NA,publishedVersion,,17,,,,,FALSE,FALSE,en,,,,,241,250,80,3
https://openalex.org/W3129497975,"Species distribution, hybridization and connectivity in the genus<i>Chionodraco</i>: Unveiling unknown icefish diversity in antarctica","Species distribution, hybridization and connectivity in the genus<i>Chionodraco</i>: Unveiling unknown icefish diversity in antarctica",,"Abstract Aim The species of the genus Chionodraco (Notothenioidei) are the most abundant icefish on the continental shelf of the Weddell Sea. While previous studies indicated that only Chionodraco hamatus and Chionodraco myersi inhabit the Weddell Sea, the third Chionodraco species, Chionodraco rastrospinosus , was recently sampled in the area. As C. rastrospinosus is supposed to be found only at the Antarctic Peninsula and Scotia Arc, this study aimed at confirming the species classification of C. rastrospinosus by molecular methods and identifying its putative source population. Given the documented evidence of introgression among the three species, we tested whether the newly found C. rastrospinosus shared any genetic variability with the other Chionodraco species. To explain the pattern of distribution of the Chionodraco species, we aimed at estimating the hydrodynamic connectivity between the Antarctic Peninsula and the Weddell Sea. Location Antarctic Peninsula, southern Scotia Arc and the south‐eastern Weddell Sea. Methods We genotyped 19 microsatellites and sequenced the mitochondrial D‐loop for 560 Chionodraco individuals. We simulated the dispersal of more than 3 million drifters (Lagrangian model). Results The molecular analyses support the presence of C. rastrospinosus in the Weddell Sea and its homogeneity with C. rastrospinosus from the Antarctic Peninsula. Bayesian clustering identifies three putative hybrids among C. rastrospinosus and the other congenerics. Lagrangian simulations do not support connectivity driven by the oceanographic features of the Antarctic Peninsula and Weddell Sea via passive larval dispersal only. Main conclusions This study documents, for the first time, the presence of C. rastrospinosus in the Weddell Sea unveiling more biodiversity than previously known in this region. The sympatry of the three Chionodraco species explains the occurrence of occasional, ongoing events of hybridization in the genus. Alternative possible hypotheses need to be tested in future studies about the mechanisms maintaining the interspecific connectivity in Chionodraco spp.",https://doi.org/10.1111/ddi.13249,2021-02-19,2021,25.123129,2.6671,16,,,article,TRUE,TRUE,gold,https://onlinelibrary.wiley.com/doi/pdfdirect/10.1111/ddi.13249,TRUE,Diversity and Distributions,https://openalex.org/S11703781,1366-9516,https://openalex.org/P4310320595,Wiley,https://doi.org/10.1111/ddi.13249,https://onlinelibrary.wiley.com/doi/pdfdirect/10.1111/ddi.13249,cc-by,publishedVersion,,86,,,,,FALSE,FALSE,en,,,,,766,783,27,5
https://openalex.org/W2075523525,Freezing avoidance of the Antarctic icefishes (Channichthyidae) across thermal gradients in the Southern Ocean,Freezing avoidance of the Antarctic icefishes (Channichthyidae) across thermal gradients in the Southern Ocean,,NA,https://doi.org/10.1007/s00300-009-0697-z,2009-08-07,2009,24.890745,3.5385,23,,,article,FALSE,FALSE,closed,NA,FALSE,Polar Biology,https://openalex.org/S196656238,0722-4060,https://openalex.org/P4310319900,Springer Science+Business Media,https://doi.org/10.1007/s00300-009-0697-z,NA,NA,publishedVersion,,49,,,,,FALSE,FALSE,en,,,,,203,213,33,2
https://openalex.org/W4251258581,"Fish diet of the Antarctic fur seal, Arctocephalus gazella , in summer, at Stranger Point, King George Island, South Shetland Islands","Fish diet of the Antarctic fur seal, Arctocephalus gazella , in summer, at Stranger Point, King George Island, South Shetland Islands",,NA,https://doi.org/10.1007/s003000050064,1996-05-09,1996,24.847622,0,6,,,article,FALSE,FALSE,closed,NA,FALSE,Polar Biology,https://openalex.org/S196656238,0722-4060,https://openalex.org/P4310319900,Springer Science+Business Media,https://doi.org/10.1007/s003000050064,NA,NA,publishedVersion,,0,,,,,FALSE,FALSE,en,,,,,353,355,16,5
https://openalex.org/W2143447644,Genetic differentiation in the ice‐dependent fish <i>Pleuragramma antarctica</i> along the Antarctic Peninsula,Genetic differentiation in the ice‐dependent fish <i>Pleuragramma antarctica</i> along the Antarctic Peninsula,,"Abstract Aim Pleuragramma antarctica is an Antarctic notothenioid fish with a pelagic life‐cycle. It plays a major trophic role in coastal Antarctic waters as a predator of krill and as prey for penguins and seals. A previous study, using mt DNA to investigate Pleuragramma population structure at multiple Antarctic sites was unable to discriminate between hypotheses of panmixia, with occasional fluctuations of allelic frequencies, and population structure. The aim of the present study was to investigate the population structure of P. antarctica along the Antarctic Peninsula ( AP ) shelf by microsatellite genotyping. Location Four areas along the AP shelf: Charcot Island, Marguerite Bay, Joinville Island and the Larsen Ice Shelf. Methods A total of 562 individuals from nine population samples were genotyped at 16 expressed sequence tag (EST)‐linked microsatellites. Genetic variability, Hardy–Weinberg probabilities and F ‐statistics were calculated, and a hierarchical analysis of molecular variance was carried out. A Bayesian method was applied to estimate the migration rates between geographical localities. Results We found one genetically homogeneous population with no interannual variability in the south‐western AP and one off the northern tip of the AP . Significant differences were recorded between the two geographical regions, which also differed from the eastern AP . The extent of differentiation changed between years and significant genetic differentiation was found between clusters of individuals of different length modes collected at Joinville Island in 2010. Bayesian analysis suggested weak gene flow along the western AP , with a prevailing direction from north to south, following the anticlockwise‐flowing Coastal Current. Main conclusions Population genetic structure can be detected in AP shelf samples of P. antarctica . Thus, even in this area characterized by strong oceanographic currents, genetic mixing is not complete. Temporal fluctuations of allelic frequencies and genetic differentiation between individuals of different length collected at the same location suggest the importance of genetic drift in this highly abundant species.",https://doi.org/10.1111/jbi.12497,2015-03-15,2015,24.020435,3.3518,19,,,article,FALSE,FALSE,closed,NA,FALSE,Journal of Biogeography,https://openalex.org/S138151673,0305-0270,https://openalex.org/P4310320595,Wiley,https://doi.org/10.1111/jbi.12497,NA,NA,publishedVersion,,61,,,,,FALSE,FALSE,en,,,,,1103,1113,42,6
https://openalex.org/W2054963825,"Gut contents and stable isotope analyses of the Antarctic fish, <i>Notothenia coriiceps</i> (Richardson), from two macroalgal communities","Gut contents and stable isotope analyses of the Antarctic fish, <i>Notothenia coriiceps</i> (Richardson), from two macroalgal communities",,"Abstract Gut contents studies have shown that Notothenia coriiceps , a prevalent shallow water fish species along the western Antarctic Peninsula, has a highly variable diet. This variability, coupled with small home ranges, suggest that microhabitat may play a role in determining the chief prey items of N. coriiceps . We trapped fish from three sites comprised of two different algal microhabitats around Palmer Station, Antarctica and investigated their diets via gut contents and stable isotope analyses. Gut contents analysis revealed that amphipods were the primary prey item at all three sites, but the distribution of amphipod species eaten varied between sites. Other important prey classes were snails, limpets, algae and fish. Overall, the gut content data suggested that algal microhabitat was less important than geographic location in determining diet. On the other hand, stable isotope analysis indicated that fish from the Palmaria decipiens site were more enriched in both carbon and nitrogen than fish from Desmarestia menziesii sites. Hence, it would appear that in the longer term, algal microhabitat may influence fish diets and trophic relationships.",https://doi.org/10.1017/s095410201000091x,2010-12-01,2010,23.872862,1.6004,18,,,article,FALSE,FALSE,closed,NA,FALSE,Antarctic Science,https://openalex.org/S939558408,0954-1020,https://openalex.org/P4310311721,Cambridge University Press,https://doi.org/10.1017/s095410201000091x,NA,NA,publishedVersion,,29,,,,,FALSE,FALSE,en,,,,,107,116,23,2
https://openalex.org/W4304193026,"The relevance of fish in the summer diet of the Antarctic fur seal (Arctocephalus gazella) at Hope Bay, Antarctic Peninsula and Stranger Point, South Shetland Islands","The relevance of fish in the summer diet of the Antarctic fur seal (Arctocephalus gazella) at Hope Bay, Antarctic Peninsula and Stranger Point, South Shetland Islands",,"Abstract The fish incidence, particularly notothenioids and myctophids, in the diet of non-breeding male Arctocephalus gazella in the western Antarctic Peninsula (AP) region is scarcely known. We made a comparative diet analysis on 158 faecal samples collected in summer 2005 at Hope Bay (HB), AP and at Stranger Point (SP), South Shetland Islands (SSI). The occurrence of Antarctic krill Euphausia superba and fish as prey was similar at HB, whereas krill was predominant at SP. For each fish species identified based on the otoliths found, their relative importance in the diet was evaluated using the IRI index. Notothenioid fish prevailed at HB : Pleuragramma.antarctica was the most important prey followed by Chaenodraco wilsoni . Contrarily, myctophids predominated at SP : Gymnoscopelus nicholsi and Electrona antarctica were the dominant prey. Both benthopelagic and pelagic fish species were represented at HB, while the latter were more important at SP; we suggest that seals from SP are foraging in pelagic strata, while at HB their habitat includes benthic and pelagic environments. Demersal nototheniid species were scarcely represented and only at HB, which might be related to a preference of fur seals on the more abundant pelagic prey there. At SP, the absence of demersal nototheniid otoliths in the faeces could be linked to the historical finfish fisheries that took place in the SSI area. On fish species consumption, there was a higher diversity at SP in comparison with HB but a low overlap between these sites. Our findings are compared with studies from localities of the AP and the Scotia Arc.",https://doi.org/10.21203/rs.3.rs-2133125/v1,2022-10-11,2022,23.472248,NA,1,,,preprint,TRUE,TRUE,green,https://www.researchsquare.com/article/rs-2133125/latest.pdf,TRUE,Research Square,https://openalex.org/S4306525896,NA,NA,NA,https://doi.org/10.21203/rs.3.rs-2133125/v1,https://www.researchsquare.com/article/rs-2133125/latest.pdf,cc-by,acceptedVersion,,60,,,,,FALSE,FALSE,en,,,,,NA,NA,NA,NA
https://openalex.org/W2102522123,"The diet of post-breeding Antarctic shags<i>Phalacrocorax bransfieldensis</i>at the Danco Coast, Antarctic Peninsula","The diet of post-breeding Antarctic shags<i>Phalacrocorax bransfieldensis</i>at the Danco Coast, Antarctic Peninsula",,"Abstract The diet of post-breeding Antarctic shags Phalacrocorax bransfieldensis was investigated at four colonies at the Danco Coast, Antarctic Peninsula, by the analysis of 399 pellets (regurgitated casts) collected during February and March 1998 and 2000. Overall, demersal-benthic fish were the most frequent and important prey at all the colonies sampled, followed by octopods and gastropods. Amongst the fish, Notothenia coriiceps and Gobionotothen gibberifrons were the main prey in all of the sampling sites in both seasons. The composition of the diet of post-breeding shags differed from that observed in the previous breeding season. Post-breeders preyed on the same fish species consumed by breeders, although in different proportions and on larger specimens. The information provided here differs from that reported for post-breeding individuals belonging to other shag species and also for post-breeding Antarctic shags. Our results, as well as the differences with previous studies, are discussed in relation to differences in prey availability among localities and to the use of alternative foraging grounds at the end of the breeding period.",https://doi.org/10.1017/s0954102009001746,2009-01-20,2009,23.251179,0,3,,,article,TRUE,TRUE,bronze,https://www.cambridge.org/core/services/aop-cambridge-core/content/view/6391E4DDB4D97DFDCE131FC4120BCFB2/S0954102009001746a.pdf/div-class-title-the-diet-of-post-breeding-antarctic-shags-span-class-italic-phalacrocorax-bransfieldensis-span-at-the-danco-coast-antarctic-peninsula-div.pdf,TRUE,Antarctic Science,https://openalex.org/S939558408,0954-1020,https://openalex.org/P4310311721,Cambridge University Press,https://doi.org/10.1017/s0954102009001746,https://www.cambridge.org/core/services/aop-cambridge-core/content/view/6391E4DDB4D97DFDCE131FC4120BCFB2/S0954102009001746a.pdf/div-class-title-the-diet-of-post-breeding-antarctic-shags-span-class-italic-phalacrocorax-bransfieldensis-span-at-the-danco-coast-antarctic-peninsula-div.pdf,NA,publishedVersion,,48,,,,,FALSE,FALSE,en,,,,,221,227,21,3
https://openalex.org/W4285139114,"Helminth Diversity in Teleost Fishes from the South Orkney Islands Region, West Antarctica","Helminth Diversity in Teleost Fishes from the South Orkney Islands Region, West Antarctica",,"Helminths of 12 fish species collected near the South Orkney Islands, West Antarctica were studied. In the whole sample of 115 fish specimens, we identified one species of Monogenea, 5 species of Trematoda, 4 species of Cestoda, 5 species of Nematoda, and 7 species of Acanthocephala. All cestode species, 3 species of nematodes, and 5 species of acanthocephalans were represented only by larval stages; fish are definitive hosts for the remaining 10 helminth species. Details of composition and structure of helminth communities were studied in 3 fish species: Chaenocephalus aceratus (Lönnberg, 1906), Champsocephalus gunnari Lönnberg, 1905, and Pseudochaenichthys georgianus Norman, 1937, each represented by more than 20 specimens in a sample. In these hosts, 19, 8, and 16 helminth species were found, correspondingly. In the helminth communities of C. aceratus and P. georgianus, the highest values of the infection prevalence and abundance were recorded for larval cestodes (Diphyllobothrium sp., Tetrabothriidea), nematodes (Pseudoterranova sp., Contracaecum sp.), acanthocephalans (Corynosoma spp.), as well as adults of the trematode Neolebouria georgiensis Gibson, 1976. The same trematode species and larval cestodes predominated in the helminth community of C. gunnari. All recorded species of parasites are generalists, each known from a range of fish hosts in Antarctica.",https://doi.org/10.15407/zoo2022.02.135,2022-01-01,2022,23.168789,0.847,5,,,article,TRUE,TRUE,diamond,http://ojs.akademperiodyka.org.ua/index.php/Zoodiversity/article/download/305/153,TRUE,Zoodiversity,https://openalex.org/S4210212966,2707-725X,NA,NA,https://doi.org/10.15407/zoo2022.02.135,http://ojs.akademperiodyka.org.ua/index.php/Zoodiversity/article/download/305/153,cc-by-nc-nd,publishedVersion,,82,,,,,FALSE,FALSE,en,,,,,135,152,56,2
https://openalex.org/W3034345346,Icefish Adaptations to Climate Change on the South Georgia Island Shelf (Sub-Antarctic),Icefish Adaptations to Climate Change on the South Georgia Island Shelf (Sub-Antarctic),,NA,https://doi.org/10.1007/s12601-020-0016-8,2020-06-01,2020,23.072443,0.3072,4,,,article,FALSE,FALSE,closed,NA,FALSE,Ocean Science Journal,https://openalex.org/S70934194,1738-5261,https://openalex.org/P4310319900,Springer Science+Business Media,https://doi.org/10.1007/s12601-020-0016-8,NA,NA,publishedVersion,,56,,,,,FALSE,FALSE,en,,,,,303,319,55,2
https://openalex.org/W4385836594,Incorporating mesopelagic fish into the evaluation of conservation areas for marine living resources under climate change scenarios,Incorporating mesopelagic fish into the evaluation of conservation areas for marine living resources under climate change scenarios,,"Mesopelagic fish (meso-fish) are central species within the Southern Ocean (SO). However, their ecosystem role and adaptive capacity to climate change are rarely integrated into protected areas assessments. This is a pity given their importance as crucial prey and predators in food webs, coupled with the impacts of climate change. Here, we estimate the habitat distribution of nine meso-fish using an ensemble model approach (MAXENT, random forest, and boosted regression tree). Four climate model simulations were used to project their distribution under two representative concentration pathways (RCP4.5 and RCP8.5) for short-term (2006-2055) and long-term (2050-2099) periods. In addition, we assess the ecological representativeness of protected areas under climate change scenarios using meso-fish as indicator species. Our models show that all species shift poleward in the future. Lanternfishes (family Myctophidae) are predicted to migrate poleward more than other families (Paralepididae, Nototheniidae, Bathylagidae, and Gonostomatidae). In comparison, lanternfishes were projected to increase habitat area in the eastern SO but lose area in the western SO; the opposite was projected for species in other families. Important areas (IAs) of meso-fish are mainly distributed near the Antarctic Peninsula and East Antarctica. Negotiated protected area cover 23% of IAs at present and 38% of IAs in the future (RCP8.5, long-term future). Many IAs of meso-fish still need to be included in protected areas, such as the Prydz Bay and the seas around the Antarctic Peninsula. Our results provide a framework for evaluating protected areas incorporating climate change adaptation strategies for protected areas management. Supplementary Information: The online version contains supplementary material available at 10.1007/s42995-023-00188-9.",https://doi.org/10.1007/s42995-023-00188-9,2023-08-15,2023,22.67877,7.7089,20,,,article,TRUE,TRUE,hybrid,https://link.springer.com/content/pdf/10.1007/s42995-023-00188-9.pdf,TRUE,Marine Life Science & Technology,https://openalex.org/S4210210781,2096-6490,https://openalex.org/P4310319900,Springer Science+Business Media,https://doi.org/10.1007/s42995-023-00188-9,https://link.springer.com/content/pdf/10.1007/s42995-023-00188-9.pdf,cc-by,publishedVersion,,79,,,,,FALSE,FALSE,en,,,,,68,83,6,1
https://openalex.org/W2887625613,First data on uranium uptake in three nototheniid fishes from Antarctica (James Ross Island),First data on uranium uptake in three nototheniid fishes from Antarctica (James Ross Island),,NA,https://doi.org/10.1016/j.chemosphere.2018.07.195,2018-08-01,2018,22.491243,0.1294,3,,,article,FALSE,FALSE,closed,NA,FALSE,Chemosphere,https://openalex.org/S203465130,0045-6535,https://openalex.org/P4310320990,Elsevier BV,https://doi.org/10.1016/j.chemosphere.2018.07.195,NA,NA,publishedVersion,,25,,,,,FALSE,FALSE,en,,,,,510,514,211,NA
https://openalex.org/W2334536176,"Diversity and biogeography of larval and juvenile notothenioid fishes in McMurdo Sound, Antarctica","Diversity and biogeography of larval and juvenile notothenioid fishes in McMurdo Sound, Antarctica",,NA,https://doi.org/10.1007/s00300-016-1939-5,2016-04-09,2016,22.46243,1.1803,11,,,article,FALSE,FALSE,closed,NA,FALSE,Polar Biology,https://openalex.org/S196656238,0722-4060,https://openalex.org/P4310319900,Springer Science+Business Media,https://doi.org/10.1007/s00300-016-1939-5,NA,NA,publishedVersion,,59,,,,,FALSE,FALSE,en,,,,,161,176,40,1
https://openalex.org/W3090208152,Spatial patterns of continental shelf faunal community structure along the Western Antarctic Peninsula,Spatial patterns of continental shelf faunal community structure along the Western Antarctic Peninsula,,"Knowledge of continental shelf faunal biodiversity of Antarctica is patchy and as such, the ecology of this unique ecosystem is not fully understood. To this end, we deployed baited cameras at 20 locations along ~ 500 km of the Western Antarctic Peninsula (WAP) at depths from 90 to 797 m. We identified 111 unique taxa, with mud bottom accounting for 90% of the dominant (≥ 50% cover) habitat sampled. Amphipoda comprised 41% of the total maximum number of individuals per camera deployment (MaxN) and occurred on 75% of deployments. Excluding this taxon, the highest MaxN occurred around King George/25 de Mayo Island and was driven primarily by the abundance of krill (Euphausiidae), which accounted for 36% of total average MaxN among deployments around this island. In comparison, krill comprised 22% of total average MaxN at Deception Island and only 10% along the peninsula. Taxa richness, diversity, and evenness all increased with depth and depth explained 18.2% of the variation in community structure among locations, which may be explained by decreasing ice scour with depth. We identified a number of Vulnerable Marine Ecosystem taxa, including habitat-forming species of cold-water corals and sponge fields. Channichthyidae was the most common fish family, occurring on 80% of all deployments. The Antarctic jonasfish (Notolepis coatsorum) was the most frequently encountered fish taxa, occurring on 70% of all deployments and comprising 25% of total MaxN among all deployments. Nototheniidae was the most numerically abundant fish family, accounting for 36% of total MaxN and was present on 70% of the deployments. The WAP is among the fastest warming regions on Earth and mitigating the impacts of warming, along with more direct impacts such as those from fishing, is critical in providing opportunities for species to adapt to environmental change and to preserve this unique ecosystem.",https://doi.org/10.1371/journal.pone.0239895,2020-10-01,2020,22.33798,2.4093,23,,,article,TRUE,TRUE,gold,https://journals.plos.org/plosone/article/file?id=10.1371/journal.pone.0239895&type=printable,TRUE,PLoS ONE,https://openalex.org/S202381698,1932-6203,https://openalex.org/P4310315706,Public Library of Science,https://doi.org/10.1371/journal.pone.0239895,https://journals.plos.org/plosone/article/file?id=10.1371/journal.pone.0239895&type=printable,cc-by,publishedVersion,,57,,,,,FALSE,FALSE,en,,,,,e0239895,e0239895,15,10
https://openalex.org/W4389627270,"Feeding ecology of Antarctic toothfish, Dissostichus mawsoni in the subarea 88.3 (Bellingshausen Sea and eastern Amundsen Sea) of the Southern Ocean","Feeding ecology of Antarctic toothfish, Dissostichus mawsoni in the subarea 88.3 (Bellingshausen Sea and eastern Amundsen Sea) of the Southern Ocean",,"Understanding feeding ecology is essential for ecosystem-based management. As dietary data can show differences depending on the spatiotemporal and ontogenetic aspects of the sample, the results should be derived based on various size classes and samples over a wide spatiotemporal range. Morphological analysis of the stomach contents of Dissostichus mawsoni , a piscivore, collected at depths of 603–2,113 m in subarea 88.3 during the Antarctic summer fishing seasons from 2016 to 2020 was used to assess the dietary composition according to the research block, fishing season, depth, and size. Here, we used 1,639 D. mawsoni specimens with a total length range of 44.5–189.0 cm. The dietary composition of D. mawsoni did not show significant differences by fishing season but differed with research block, depth, and size. Macrouridae dominated research blocks 88.3_1 and 88.3_3; Nototheniidae dominated research blocks 88.3_2 and 88.3_6; and Channichthyidae dominated research blocks 88.3_4 and 88.3_5. The proportion of Nototheniidae decreased as depth increased, whereas the consumption of Channichthyidae increased gradually with depth in research blocks 88.3_3 and 88.3_4. The proportion of Channichthyidae decreased as body size increased, whereas the consumption of Macrouridae increased gradually with body size in both blocks 88.3_3 and 88.3_4. During the study period, the dietary composition of D. mawsoni in both blocks 88.3_3 and 88.3_4 did not show significant temporal differences, suggesting that these data could be used as a baseline for identifying future environmental changes in the region. This study provides information on the relationships between various species and benthic fish fauna, which are essential for ecosystem-based management.",https://doi.org/10.3389/fmars.2023.1240569,2023-12-12,2023,22.312727,0.3049,2,,,article,TRUE,TRUE,gold,https://www.frontiersin.org/articles/10.3389/fmars.2023.1240569/pdf?isPublishedV2=False,TRUE,Frontiers in Marine Science,https://openalex.org/S2596539584,2296-7745,https://openalex.org/P4310320527,Frontiers Media,https://doi.org/10.3389/fmars.2023.1240569,https://www.frontiersin.org/articles/10.3389/fmars.2023.1240569/pdf?isPublishedV2=False,cc-by,publishedVersion,,71,,,,,FALSE,FALSE,en,,,,,NA,NA,10,NA
https://openalex.org/W1966957815,"Feeding habits of three seal species at the Danco Coast, Antarctica: a re-assessment","Feeding habits of three seal species at the Danco Coast, Antarctica: a re-assessment",,NA,https://doi.org/10.1007/s00300-011-0994-1,2011-03-22,2011,22.12015,1.2399,17,,,article,FALSE,FALSE,closed,NA,FALSE,Polar Biology,https://openalex.org/S196656238,0722-4060,https://openalex.org/P4310319900,Springer Science+Business Media,https://doi.org/10.1007/s00300-011-0994-1,NA,NA,publishedVersion,,23,,,,,FALSE,FALSE,en,,,,,1615,1620,34,10
https://openalex.org/W2091777296,Short Note: A method for sexing the chicks of Antarctic shags,Short Note: A method for sexing the chicks of Antarctic shags,,"Several studies have been carried out during the last fifteen years on reproduction, population dynamics and diet of the Antarctic shag, Phalacrocorax bransfieldensis Murphy, at different localities in the South Shetland Islands (reviewed in Casaux &amp; Barrera-Oro 2006). In both the colonies studied and in other colonies counted we observed that the number of breeding pairs was steadily decreasing (Casaux &amp; Barrera-Oro 2006). Casaux &amp; Baroni (2002) had earlier suggested that such a decreasing trend might be related, at least partially, to a marked decrease in the inshore populations of two fish prey species, the marbled notothen Notothenia rossii Richardson and the humphead notothen Gobionotothen gibberifrons Lönnberg (Barrera-Oro et al. 2000), which had been studied over a period of 19 years in coastal waters of the South Shetland Islands. Exactly how a reduction in prey availability affects the shag populations (e.g. migration of breeders to other colonies in the area or to new breeding areas, a decrease in the rate of recruitment, an increase in adult mortality, variation in the age at first breeding, etc) is not clear. To investigate this, we started a banding programme at Nelson Island, South Shetland Islands. We postulated that the processes might operate with different intensities on individuals of different sexes, so all individuals in each population studied needed to be sexed. This posed problems for chicks which have monomorphic plumage and no differences in vocalisations (Casaux &amp; Baroni 2000), so that the normal methods for sexing in the field would not work. As most of the external morphological characters in the chicks of Antarctic shags have stabilized by 45–50 days old (Casaux 1998), Casaux &amp; Baroni (2000) had suggested that the use of discriminant functions originally developed for adults could be an appropriate method to sex chicks more than 50 days old.",https://doi.org/10.1017/s0954102007000818,2007-11-16,2007,21.931046,0,1,,,article,TRUE,TRUE,bronze,https://www.cambridge.org/core/services/aop-cambridge-core/content/view/8080F47C3A205A90483386696498A17D/S0954102007000818a.pdf/div-class-title-short-note-a-method-for-sexing-the-chicks-of-antarctic-shags-div.pdf,TRUE,Antarctic Science,https://openalex.org/S939558408,0954-1020,https://openalex.org/P4310311721,Cambridge University Press,https://doi.org/10.1017/s0954102007000818,https://www.cambridge.org/core/services/aop-cambridge-core/content/view/8080F47C3A205A90483386696498A17D/S0954102007000818a.pdf/div-class-title-short-note-a-method-for-sexing-the-chicks-of-antarctic-shags-div.pdf,NA,publishedVersion,,7,,,,,FALSE,FALSE,en,,,,,147,148,20,2
https://openalex.org/W2960368159,Spatial distribution of demersal and pelagic fishes in the wider Weddell Sea (Antarctica) with links to ArcGIS map packages,Spatial distribution of demersal and pelagic fishes in the wider Weddell Sea (Antarctica) with links to ArcGIS map packages,,"Here we provide four ArcGIS map packages with georeferenced files on the spatial distribution of demersal and pelagic fishes in the wider Weddell Sea (Antarctica), which were created in the context of the development of a marine protected area (MPA) in the Weddell Sea.Antarctic toothfish: The map of Dissostichus mawsoni occurrence probability is based on catch per unit effort (CPUE) data from the database of the Commission for the Conservation of Antarctic Marine Living Resources (CCAMLR) (data request: 03-08-2016) and on bathymetric data from the International Bathymetric Chart of the Southern Ocean (IBCSO). We fitted a four-parameter Weibull model to the simulated CPUE data per depth interval by means of the R package 'fitdistrplus'. The highest D. mawsoni occurrence probability was shown at depths between 1500 and 2000 m and only approximately 20 % of the Antarctic toothfish population occurred deeper than 2000 m.Antarctic silverfish: The map of interpolated abundances of Pleuragramma antarctica was based on pelagic trawl survey data, which were collected during ""Polarstern"" cruises ANT-I/2, ANT-III/3 and in the context of the Lazarev Sea Krill Survey (LAKRIS) (""Polarstern"" cruises ANT-XXI/4, ANT-XXIII/6, ANT-XXIV/2). The first mentioned data were provided by V. Siegel (retired; formerly Thünen Institute), the LAKRIS data by H. Flores (AWI). Those data were complemented by benthic trawl survey data, which were collected during seven ""Polarstern"" cruises between 1996 and 2011 (ANT-XIII/3, ANT-XV/3, ANT-XVII/3, ANT-XIX/5, ANT-XXI/2, ANT-XXIII/8, ANT-XXVII/3) and were provided by R. Knust (AWI) as well as by data on counts of fish species from trawl and dredge samples by Drescher et. (2012), Ekau et al. (2012a, b), Hureau et al. (2012), Kock et al. (2012) and Wöhrmann et al. (2012). An inverse distance weighted interpolation was performed for a 10 nautical mile radius around each record. Areas with highest numbers of P. antarctica (&gt; 36 individuals/1000 m²) occurred offshore Riiser -Larsen Ice Shelf and on the southern Weddell Sea continental shelf offshore Filchner Ice Shelf.Demersal fish: The map of predicted habitat suitability for demersal fish is based on data, which were collected during seven ""Polarstern"" cruises between 1996 and 2011 (ANT-XIII/3, ANT-XV/3, ANT-XVII/3, ANT-XIX/5, ANT-XXI/2, ANT-XXIII/8, ANT-XXVII/3) and were provided by R. Knust (AWI). The habitat suitability model was developed by the use of the modelling package ""biomod2"". Most suitable habitat conditions for demersal fish in the wider Weddell Sea occurred on the continental shelf between approx. 5° and 30°W, on the shelf west and east of the tip of the Antarctic Peninsula as well as around the South Shetland and South Orkney Islands.Nesting sites of demersal fish: The map on observation of nesting sites of demersal fish is based on data, which were collected during ""Polarstern"" cruises ANT-XXVII/3, ANT-XXIX/9 and ANT-XXXI/2 and were obtained by T. Lundälv (retired; formerly University of Gothenburg), D. Gerdes (retired; formerly AWI) and E. Riginella (University of Padova), respectively. Those data were complemented by a literature research. Most nesting sites were observed west of 25°W, north of the tip of the Antarctic Peninsula and along the west coast of the Antarctic Peninsula.More information is given in the working paper WG-EMM-16/03 submitted to the CCAMLR Working Group on Ecosystem Monitoring and Management CCAMLR (available at https://www.ccamlr.org/en/wg-emm-16). Revised versions of the spatial analysis are described in working paper WG-SAM-17/30 and WS-SM-18/13 submitted to the CCAMLR Working Group on Statistics, Assessments and Modelling and the CCAMLR Workshop on Spatial Management, respectively (available at https://www.ccamlr.org/en/wg-sam-17; https://www.ccamlr.org/en/ws-sm-18).",https://doi.org/10.1594/pangaea.899591,2019-01-01,2019,21.712643,NA,4,,,dataset,FALSE,TRUE,green,https://doi.pangaea.de/10.1594/PANGAEA.899591,TRUE,Helmholtz-Zentrum für Polar-und Meeresforschung (Alfred-Wegener-Institut),https://openalex.org/S4306400378,NA,https://openalex.org/I2799732068,Royal Prince Alfred Hospital,NA,NA,NA,acceptedVersion,,17,,,,,FALSE,FALSE,en,,,,,NA,NA,NA,NA
https://openalex.org/W3211014152,Effect of heat stress on the antioxidant defense system and erythrocyte morphology of Antarctic fishes,Effect of heat stress on the antioxidant defense system and erythrocyte morphology of Antarctic fishes,,"This study analyzed the effect of thermal stress on erythrocytes of Notothenia rossii and Notothenia coriiceps, abundant notothenioids in Admiralty Bay, Antarctic Peninsula. In both species, the antioxidant defense system enzymes, superoxide dismutase, catalase, glutathione peroxidase, glutathione-S transferase, glutathione reductase were punctually altered (8°C for 1, 3 and 6 days) in erythrocytes, indicating that these markers are not ideal for termal stress. However, under the influence of thermal stress, morphological changes in Notothenia coriiceps erythrocytes were observed at all exposure times (1, 3 and 6 days at 8°C), and in Notothenia rossii occurred in 6 days. These results suggest that Notothenia corriceps presents a lower tolerance to thermal stress at 8°C for up to 6 days, since the cellular and nuclear alterations recorded are pathological and may be deleterious to the cells. Among the morphological markers analyzed in this work, we believe that the shape change and nuclear bubble formation may be good stress biomarkers in erythrocytes of Notothenia rossii and Notothenia coriiceps.",https://doi.org/10.1590/0001-3765202220190657,2021-10-29,2021,21.611021,0.1689,1,,,article,TRUE,TRUE,diamond,https://www.scielo.br/j/aabc/a/qsY4S85g63hjyK74HwLYC3w/?lang=en&format=pdf,TRUE,Anais da Academia Brasileira de Ciências,https://openalex.org/S111086706,0001-3765,https://openalex.org/P4310312019,Brazilian Academy of Sciences,https://doi.org/10.1590/0001-3765202220190657,https://www.scielo.br/j/aabc/a/qsY4S85g63hjyK74HwLYC3w/?lang=en&format=pdf,cc-by,publishedVersion,,75,,,,,FALSE,FALSE,en,,,,,e20190657,e20190657,94,suppl 1
https://openalex.org/W1968400223,Antarctic fish growth: profile of Trematomus newnesi,Antarctic fish growth: profile of Trematomus newnesi,,"Life history stages of the Antarctic Peninsula population of the notothenioid Trernaton~us newnesi were examined to gain insights into life history patterns and to understand population processes of ecologically important polar fishes. Sampling yielded 156 larvae and post-larvae and 236 juveniles and adults. Otoliths from these samples were examined for size, morphology and microstructure. External and internal examination of otoliths from 7. newnesi by scanning electron microscopy (SEM) revealed species-specific external shape, and internal rhythmlc patterns. No annual increments could b e identified in T newnesl otol~ths, but apparent daily increments and hatching marks were present. Tetracycline marlung of live f ~s h indicated that increments were formed daily, despite extreme variation in photoperiod. Hatchlng season was estimated by back calculation of otolith increments to be from September to November, with recruitment to adulthood dt age 1 yr. Growth data conformed well to the Gompertz growth equation for juveniles and to the von B~rtalanffy equation for adults. F ~s h grew slowly with the largest fish attaining 7 yr A multivariate mathematical model, relating age to otolith morphometrics and fish size, demonstrated that agc could be reliably determined from body and otolith measurements. This correlation makes it possible to age much larger samples of fish. The life-history profile of T newnesi may be typical of many polar fishes. Otolith methodology appears relevant for obtaining ages for large samples and for studying life history and population dynamics of polar fishes.",https://doi.org/10.3354/meps057103,1989-01-01,1989,21.575687,5.5188,44,,,article,TRUE,TRUE,bronze,https://doi.org/10.3354/meps057103,FALSE,Marine Ecology Progress Series,https://openalex.org/S96743589,0171-8630,https://openalex.org/P4310313773,Inter-Research,http://doi.org/10.3354/meps057103,https://doi.org/10.3354/meps057103,NA,publishedVersion,,21,,,,,FALSE,FALSE,en,,,,,103,117,57,NA
https://openalex.org/W1998986773,Reduced seasonality in elemental CHN composition of Antarctic marine benthic predators and scavengers,Reduced seasonality in elemental CHN composition of Antarctic marine benthic predators and scavengers,,NA,https://doi.org/10.1016/j.jembe.2013.06.001,2013-06-29,2013,20.82647,0.6708,10,,,article,FALSE,FALSE,closed,NA,FALSE,Journal of Experimental Marine Biology and Ecology,https://openalex.org/S155333626,0022-0981,https://openalex.org/P4310320990,Elsevier BV,https://doi.org/10.1016/j.jembe.2013.06.001,NA,NA,publishedVersion,,57,,,,,FALSE,FALSE,en,,,,,328,333,446,NA
https://openalex.org/W4205660621,Egg predation in Antarctic fish: the ingestion by Notothenia coriiceps of an entire Trematomus bernacchii spawn identified by molecular techniques,Egg predation in Antarctic fish: the ingestion by Notothenia coriiceps of an entire Trematomus bernacchii spawn identified by molecular techniques,,NA,https://doi.org/10.1016/j.ecss.2022.107742,2022-01-07,2022,20.604881,1.3311,7,,,article,FALSE,FALSE,closed,NA,FALSE,Estuarine Coastal and Shelf Science,https://openalex.org/S43867544,0272-7714,https://openalex.org/P4310320990,Elsevier BV,https://doi.org/10.1016/j.ecss.2022.107742,NA,NA,publishedVersion,,48,,,,,FALSE,FALSE,en,,,,,107742,107742,266,NA
https://openalex.org/W2107106087,"Early life history of the ocellated icefish,<i>Chionodraco rastrospinosus</i>, off the Antarctic Peninsula","Early life history of the ocellated icefish,<i>Chionodraco rastrospinosus</i>, off the Antarctic Peninsula",,"Abstract Age, growth and feeding habits of early life stages of Chionodraco rastrospinosus Dewitt &amp; Hureau, the most abundant channichthyid in the larval fish assemblages of the Bransfield Strait, were studied by otolith microincrement counts and stomach content analyses. Individuals measuring 39–69 mm standard length were caught in the uppermost depth strata down to 300 m from Brabant to Joinville islands along the northern Antarctic Peninsula. The sample consisted of post-larvae and juveniles aged 105–211 days, with a mean growth rate of 0.25 mm day -1 . Larval size at hatching was estimated to be c. 17.2 mm. Hatching was spread over a relatively long period from August–November. Sagittal otoliths were characterized by a strong check located at 23–52 microincrements of distance from the core, tentatively associated with the onset of first exogenous feeding. The relatively long period during which larvae can rely on yolk reserves and the large size at hatching enable them to utilize a wide size range of prey, as well as cope with occasional food shortages. The stomach contents consisted exclusively of euphausiids (furcilia and adults) and larvae of Pleuragramma antarcticum Boulenger. Based on growth rate, the residence time in pelagic waters of juvenile C. rastrospinosus was estimated to be about a year and a half.",https://doi.org/10.1017/s0954102012001095,2013-01-09,2013,20.323456,0.4499,10,,,article,FALSE,FALSE,closed,NA,FALSE,Antarctic Science,https://openalex.org/S939558408,0954-1020,https://openalex.org/P4310311721,Cambridge University Press,https://doi.org/10.1017/s0954102012001095,NA,NA,publishedVersion,,37,,,,,FALSE,FALSE,en,,,,,373,380,25,3
https://openalex.org/W2149032580,"Diet of Cape Petrel<i>Daption capense</i>Chicks on South Shetland Islands, Antarctica","Diet of Cape Petrel<i>Daption capense</i>Chicks on South Shetland Islands, Antarctica",,"The diet of the Cape Petrel was investigated in two localities of South Shetland Islands, Antarctica, over the period January—February 1996. Stomach contents of adults obtained by flushing and regurgitates of chicks were sampled during the chick-rearing period. During the whole sampling period, euphausiids represented the predominant prey in terms of frequency of occurrence, mass and number at Fildes Peninsula, while at Harmony Point, euphausiids and fish components were found in similar proportions in terms of mass and frequency. Myctophiids fish, in particular Electrona antarctica, formed the bulk of the fish component. The analysis of the diet throughout the breeding season showed significant differences in number and mass of the prey items at Fildes Peninsula, while at Harmony Point, there were significant differences also in the occurrence of preys. Considering both localities, although the occurrence of the prey did not vary significantly during the brooding period, there were significant differences in their number and mass. Similar results were found in the post-brooding period between both localities.",https://doi.org/10.3161/068.035.0212,2000-12-01,2000,19.77275,0.377,5,,,article,TRUE,TRUE,bronze,https://bioone.org/journals/acta-ornithologica/volume-35/issue-2/068.035.0212/Diet-of-Cape-Petrel-Daption-capense-Chicks-on-South-Shetland/10.3161/068.035.0212.pdf,TRUE,Acta Ornithologica,https://openalex.org/S45405298,0001-6454,https://openalex.org/P4310317485,Polish Academy of Sciences,https://doi.org/10.3161/068.035.0212,https://bioone.org/journals/acta-ornithologica/volume-35/issue-2/068.035.0212/Diet-of-Cape-Petrel-Daption-capense-Chicks-on-South-Shetland/10.3161/068.035.0212.pdf,NA,publishedVersion,,14,,,,,FALSE,FALSE,en,,,,,191,195,35,2
https://openalex.org/W1549421805,Micronekton and Macrozooplankton of the Western Antarctic Peninsula and the Eastern Ross Sea: Contrast Between Two Different Thermal Regimes,Micronekton and Macrozooplankton of the Western Antarctic Peninsula and the Eastern Ross Sea: Contrast Between Two Different Thermal Regimes,,"ABSTRACT\nMicronekton and macrozooplankton were sampled from the Western Antarctic Peninsula (WAP) and eastern Ross Sea regions. Samples were collected over the course of six research cruises to the Southern Ocean. Four of those cruises were conducted in the Marguerite Bay region of the WAP during the austral fall and winter of 2001 and 2002. A fifth cruise sampled faunal assemblages at nine sites, ranging from Joinville Island at the northern tip of the WAP to Charcot Island near the southern extent of the WAP, during austral fall 2010. A sixth cruise was conducted in the pack ice within the offshore, continental slope, and continental shelf zones of the Eastern Ross Sea during austral summer 1999/2000. The purpose of this dissertation was to describe the macrozooplanktonic/ micronektonic faunal assemblages present in each of those regions and relate differences in species composition and distribution patterns to local bathymetry, hydrography, and physical conditions. A variety of multivariate techniques were used to identify unique multispecies assemblages and to quantify the contributions of both oceanic and neritic species to the assemblages within each study region.\nThe invertebrate micronekton/macrozooplankton communities found in the Marguerite Bay region of the WAP during the 2001/2002 cruises were a mixture of oceanic and neritic fauna: a direct result of local hydrographic conditions. Near the shelf break and in the outer reaches of the Marguerite Trough, a deep canyon transecting the shelf in a south-southeast direction, the communities were more diverse, dominated by oceanic species such as the euphausiid, Euphausia triacantha, the salp, Salpa thompsoni, and, an amphipod, Themisto gaudichaudii. The assemblages present in the nearshore fjords exhibited lower diversity and were dominated by neritic species such as the euphausiid, E. crystallorophias, and the mysid, Antarctomysis ohlinii. At the mid-shelf and mid-trough locations, the assemblages were composed of a variable mixture of oceanic and neritic fauna. The faunal mixing and overall species composition in those areas is the result of episodic Circumpolar Deep Water (CDW) intrusions onto the shelf via deep bathymetric features such as the Marguerite Trough.\nDistinct multispecies assemblages were identified at Joinville, Croker Passage, Marguerite Bay, Charcot Island, and from a region that included samples from sites near Anvers Island, Renaud Island and the Marguerite Trough. Assemblages at Joinville and Croker Passage were both dominated by E. superba and S. thompsoni, but hydrographic conditions at Joinville favored a neritic assemblage, underscored by the substantial numbers of the nototheniid fish, Pleuragramma antarcticum. The assemblage at Croker Passage was more oceanic in nature with major inputs from the myctophid fish, Electrona antarctica and the amphipod, T. gaudichaudii.\nMarguerite Bay and Charcot Island were well-mixed assemblages with strong representation by both neritic and oceanic fauna. The mid-peninsula assemblage was also oceanic in character, being overwhelmingly dominated by the euphausiid, Thysanoessa macrura, and T. gaudichaudii. Pleuragramma antarcticum were captured at five sites: Joinville, Croker Passage, Marguerite Bay, and the two sites near Charcot Island. They were completely absent at the two sites near Anvers Island, at Renaud Island, and in the Marguerite Trough.\nIn the eastern Ross Sea, cluster analyses identified three primary groups, which were characterized as oceanic, mixed, and neritic assemblages due partly to their geographical location, but mostly to their faunal composition. The oceanic assemblage contained the highest number of taxa and was dominated by oceanic fauna, such as the hydrozoans Diphyes antarctica and Calycopsis borchgrevinki, and the scyphozoan Atolla wyvillei. Top contributors in the mixed assemblage included those species that dominated in the oceanic assemblage as well as substantial contributions from E. superba and the tunicate, Ihlea racovitzai. The neritic assemblage was overwhelmingly dominated by E. crystallorophias and E. superba. The physical environment strongly impacted micronektonic/ macrozooplanktonic distributions and densities in the eastern Ross Sea. Changes in faunal composition were directly related to temperature differences encountered at the shelf break and the subsequent filtering out of oceanic fauna from cold, shelf waters where endemic fauna were most prevalent.",NA,2012-01-01,2012,19.475794,0.2294,2,,,article,TRUE,TRUE,green,https://scholarcommons.usf.edu/etd/4196,TRUE,Digital Commons - University of South Florida (University of South Florida),https://openalex.org/S4377196272,NA,https://openalex.org/I2613432,University of South Florida,https://scholarcommons.usf.edu/etd/4196,https://scholarcommons.usf.edu/etd/4196,NA,submittedVersion,,109,,,,,FALSE,FALSE,en,,,,,NA,NA,NA,NA
https://openalex.org/W626953111,Metabolic responses of the Antarctic fishes Notothenia rossii and Notothenia coriiceps to sewage pollution,Metabolic responses of the Antarctic fishes Notothenia rossii and Notothenia coriiceps to sewage pollution,,NA,https://doi.org/10.1007/s10695-015-0080-7,2015-06-02,2015,19.250864,2.4853,22,,,article,FALSE,FALSE,closed,NA,FALSE,Fish Physiology and Biochemistry,https://openalex.org/S188633547,0920-1742,https://openalex.org/P4310319900,Springer Science+Business Media,https://doi.org/10.1007/s10695-015-0080-7,NA,NA,publishedVersion,,103,,,,,FALSE,FALSE,en,,,,,1205,1220,41,5
https://openalex.org/W4400184711,"Consumption of Antarctic krill Euphausia superba by mackerel icefish, Champsocephalus gunnari off the South Orkney Islands: filling an information gap in the current ecosystem-based management approach","Consumption of Antarctic krill Euphausia superba by mackerel icefish, Champsocephalus gunnari off the South Orkney Islands: filling an information gap in the current ecosystem-based management approach",,NA,https://doi.org/10.1007/s00300-024-03270-9,2024-07-01,2024,18.948095,0.5863,2,,,article,FALSE,FALSE,closed,NA,FALSE,Polar Biology,https://openalex.org/S196656238,0722-4060,https://openalex.org/P4310319900,Springer Science+Business Media,https://doi.org/10.1007/s00300-024-03270-9,NA,NA,publishedVersion,,60,,,,,FALSE,FALSE,en,,,,,989,1000,47,10
https://openalex.org/W4389178786,"Morphology and diet are decoupled in nearshore notothenoids from King George Island, West Antarctica","Morphology and diet are decoupled in nearshore notothenoids from King George Island, West Antarctica",,"Antarctic notothenioid fishes show wide adaptive morphological radiation, linked to habitat preferences and food composition. However, direct comparisons of phenotypic variability and feeding habits are still lacking, particularly in stages inhabiting nearshore areas. To assess these relationships, we collected juveniles and adults of the most common benthic species inhabiting shallow waters off the South Shetland Islands within a similar size range, the plunderfish Harpagifer antarcticus, the black rockcod Notothenia coriiceps, and the marbled rockcod Notothenia rossii. Individual size ranges varied from 44.0 to 98.9 mm standard length (LS) (H. antarcticus), from 95.8 to 109.3 mm LS (N. coriiceps), and from 63.0 to 113.0 mm LS (N. rossii). Notothenioid fish showed different morphospace variability, being larger for H. antarcticus than the other Notothenia species and associated with the position of the posterior end of the operculum, along with the location and relative size of the eye. The evolutionary allometry was low, but the static allometry was much higher, especially for H. antarcticus and N. rossii. The diet was mainly carnivorous, consisting of amphipods and euphausiids. Macroalgae were scarce or totally absent in the gut contents of all species. Only H. antarcticus showed an increase in the prey number and ingested prey volume with fish size. Finally, there was a significant covariation between shape changes and LS in all species (allometric effects), however, not with prey composition, probably due to the small size range or ontogenetic stage and the relative similarity (or lack of contrast) in the benthic environment that they utilized.",https://doi.org/10.1111/jfb.15632,2023-11-30,2023,18.88396,0.3419,1,,,article,TRUE,TRUE,bronze,https://onlinelibrary.wiley.com/doi/pdfdirect/10.1111/jfb.15632,FALSE,Journal of Fish Biology,https://openalex.org/S9351502,0022-1112,https://openalex.org/P4310320595,Wiley,https://doi.org/10.1111/jfb.15632,https://onlinelibrary.wiley.com/doi/pdfdirect/10.1111/jfb.15632,NA,publishedVersion,,56,,,,,FALSE,FALSE,en,,,,,957,968,104,4
https://openalex.org/W4377939067,Fatty acid composition and energy allocation in muscle and gonad tissues indicate that the female mackerel icefish <i>Champsocephalus gunnari</i> is an income breeder,Fatty acid composition and energy allocation in muscle and gonad tissues indicate that the female mackerel icefish <i>Champsocephalus gunnari</i> is an income breeder,,"Abstract The energy density and fatty acid composition profiles of the muscle and gonad tissues of female mackerel icefish Champsocephalus gunnari from the South Orkney Islands in Antarctica were investigated throughout ovarian development to better understand the reproductive allocation strategy and the role of specific fatty acids in the reproductive process. Energy density in gonads increased from resting to spawning stages as the ovaries developed (19.60–25.10 kJ g −1 dry mass [DM]). In contrast, energy density in muscles remained constant throughout ovarian development (20.13–22.87 kJ g −1 DM), suggesting that the spawning events of the C. gunnari rely on energy income from feeding rather than on the energy stored in body. In addition, the variation in fatty acid composition between muscle and gonad tissues may reflect the role of main FAs as energy source. These results suggest that C. gunnari may utilize an income breeding strategy.",https://doi.org/10.1111/jfb.15461,2023-05-24,2023,18.668354,1.6211,5,,,article,FALSE,FALSE,closed,NA,FALSE,Journal of Fish Biology,https://openalex.org/S9351502,0022-1112,https://openalex.org/P4310320595,Wiley,https://doi.org/10.1111/jfb.15461,NA,NA,publishedVersion,,58,,,,,FALSE,FALSE,en,,,,,460,471,103,3
https://openalex.org/W2168354931,Molecular evidence for cryptic species among the Antarctic fish <i>Trematomus bernacchii</i> and <i>Trematomus hansoni</i>,Molecular evidence for cryptic species among the Antarctic fish <i>Trematomus bernacchii</i> and <i>Trematomus hansoni</i>,,"The notothenid species Trematomus bernacchii has previously been shown, by allozyme analysis, to be a complex of two cryptic species, one of which being more closely related to T. hansoni than to the other T. bernacchii cryptic species. Two T. bernacchii colour morphs, “white blotch” and “brown”, at McMurdo Sound, may correspond to these cryptic species. In this study, we present mitochondrial DNA sequences of the 12S and 16S ribosomal regions for six “white blotch” morphs, eight “brown” morphs collected in McMurdo Sound, one individual collected off the Antarctic Peninsula, and two T. hansoni individuals from McMurdo Sound. These sequences were compared with those of T. bernacchii and T. hansoni in the literature. Based on 14 phylogenetically informative sequences, no differences were found between “white blotch” and “brown” morphs. Furthermore, only one substitution separated these sequences from the previously published T. hansoni sequence, while 10 substitutions separated them from the previously published T. bernacchii sequence. Misidentified specimens, and sequence misreadings may be at the origin of these discrepancies. However, the presence of cryptic species within T. bernacchii and T. hansoni is not ruled out.",https://doi.org/10.1017/s0954102097000485,1997-12-01,1997,18.481514,0.9833,33,,,article,FALSE,FALSE,closed,NA,FALSE,Antarctic Science,https://openalex.org/S939558408,0954-1020,https://openalex.org/P4310311721,Cambridge University Press,https://doi.org/10.1017/s0954102097000485,NA,NA,publishedVersion,,5,,,,,FALSE,FALSE,en,,,,,381,385,9,4
https://openalex.org/W4296177042,"Effects of temperature on the innate immune response on Antarctic and sub-Antarctic fish Harpagifer antarcticus and Harpagifer bispinis challenged with two immunostimulants, LPS and Poly I:C: In vivo and in vitro approach","Effects of temperature on the innate immune response on Antarctic and sub-Antarctic fish Harpagifer antarcticus and Harpagifer bispinis challenged with two immunostimulants, LPS and Poly I:C: In vivo and in vitro approach",,NA,https://doi.org/10.1016/j.fsi.2022.09.025,2022-09-17,2022,18.46331,1.612,23,,,article,FALSE,FALSE,closed,NA,FALSE,Fish & Shellfish Immunology,https://openalex.org/S185787987,1050-4648,https://openalex.org/P4310320990,Elsevier BV,https://doi.org/10.1016/j.fsi.2022.09.025,NA,NA,publishedVersion,,60,,,,,FALSE,FALSE,en,,,,,391,408,130,NA
https://openalex.org/W4405782912,Antarctic Toothfish Dissostichus mawsoni in the South Orkney Islands: Using Otolith Chemistry to Test Current Hypotheses About Nursery Areas and Demographic Units,Antarctic Toothfish Dissostichus mawsoni in the South Orkney Islands: Using Otolith Chemistry to Test Current Hypotheses About Nursery Areas and Demographic Units,,"We used otolith chemistry to test and complement current hypotheses regarding habitat use and connectivity between Dissostichus mawsoni sub-populations in Area 48 of the Commission for the Conservation of Antarctic Marine Living Resources (CCAMLR). Sagittal otoliths from 45 fish sampled near the South Orkney Islands were analysed. Their elemental (Li, Na, Mg, Cr, Mn, Sr, Sn, and Ba relative to Ca) and isotopic (δ18O and δ13C) signatures were examined in both the nuclear and marginal regions, representing juvenile and adult stages. Potential nursery habitats were geo-located by comparing observed and expected δ18O values. Chemical differences between the nuclear and marginal regions indicated ontogenetic migrations to deeper offshore habitats, suggesting a distinct habitat shift between 11 and 13 years of life. The data supported the existence of two nursery origins contributing to the study area’s population. However, the exact locations of these origins remain unclear and did not provide direct support for the hypotheses currently under consideration by the CCAMLR. Therefore, further assessment of the connectivity between nursery and adult habitats, as well as spawning site fidelity, is necessary before ruling out alternative hypotheses.",https://doi.org/10.3390/biology14010007,2024-12-25,2024,18.324049,0.5153,2,,,article,TRUE,TRUE,gold,https://www.mdpi.com/2079-7737/14/1/7/pdf?version=1735105422,TRUE,Biology,https://openalex.org/S153489431,2079-7737,https://openalex.org/P4310310987,Multidisciplinary Digital Publishing Institute,https://doi.org/10.3390/biology14010007,https://www.mdpi.com/2079-7737/14/1/7/pdf?version=1735105422,cc-by,publishedVersion,,67,,,,,FALSE,FALSE,en,,,,,7,7,14,1
https://openalex.org/W4409414870,"Inferring population structure of mackerel icefish (Champsocephalus gunnari) between South Orkney Islands shelf and South Georgia shelf, Antarctic using otolith ecomorphological analyses","Inferring population structure of mackerel icefish (Champsocephalus gunnari) between South Orkney Islands shelf and South Georgia shelf, Antarctic using otolith ecomorphological analyses",,"As an important species in the Southern Ocean , the mackerel icefish ( Champsocephalus gunnari ) is not only a major food source for a wide range of top predators, but also a predominant consumer of a key species, Antarctic krill ( Euphausia superba ), in the Southern Ocean ecosystem. In the Scotia Sea, this species is commercially harvested at South Georgia. However, the studies on the population structure of this species are inconclusive. Combining Trait Probability Density and Ecological Niche Modeling analyses on otolith shape, this study investigated the diffidence in populations of C. gunnari between the South Orkney Islands shelf and South Georgia shelf. Significant differences were identified in the otolith shape characteristics and ecological niches of fish from these two regions, with otolith roundness and aspect ratio likely being the primary factors responsible for these differences. The results of these analyses indicate that populations are separated between the two regions. This multi-dimensional approach offers new insights for otolith study and valuable data for understanding the ecological niche and population structure of fish species, thereby enhancing our ability to effectively manage and conserve C. gunnari populations. • Trait Probability Density and Ecological Niche Modeling analyses were used to analyze otolith shape in Champsocephalus gunnari . • Populations of C. gunnari show strong separation between the shelfs of South Georgia and South Orkney Islands. • Otolith roundness and aspect ratio are the main factors behind the differences. • Morphological changes linked to regional hydrography explain the population structure of C. gunnari .",https://doi.org/10.1016/j.fishres.2025.107367,2025-04-14,2025,18.290031,2.9988,3,,,article,TRUE,TRUE,hybrid,https://doi.org/10.1016/j.fishres.2025.107367,FALSE,Fisheries Research,https://openalex.org/S20111203,0165-7836,https://openalex.org/P4310320990,Elsevier BV,https://doi.org/10.1016/j.fishres.2025.107367,NA,cc-by-nc-nd,publishedVersion,,70,,,,,FALSE,FALSE,en,,,,,107367,107367,285,NA
https://openalex.org/W3016605359,Infestation dynamics between parasitic Antarctic fish leeches (Piscicolidae) and their crocodile icefish hosts (Channichthyidae),Infestation dynamics between parasitic Antarctic fish leeches (Piscicolidae) and their crocodile icefish hosts (Channichthyidae),,NA,https://doi.org/10.1007/s00300-020-02670-x,2020-04-18,2020,18.195402,0.6412,6,,,article,FALSE,TRUE,green,https://digital.csic.es/bitstream/10261/325230/2/25774.pdf,TRUE,Polar Biology,https://openalex.org/S196656238,0722-4060,https://openalex.org/P4310319900,Springer Science+Business Media,https://doi.org/10.1007/s00300-020-02670-x,NA,NA,publishedVersion,,76,,,,,FALSE,FALSE,en,,,,,665,677,43,6
https://openalex.org/W3158348621,New insights into reproductive physiology in Antarctic fish: a trial in Lepidonotothen nudifrons,New insights into reproductive physiology in Antarctic fish: a trial in Lepidonotothen nudifrons,,NA,https://doi.org/10.1007/s00300-021-02879-4,2021-05-04,2021,18.110313,0.8208,6,,,article,FALSE,TRUE,green,http://hdl.handle.net/11336/136235,TRUE,Polar Biology,https://openalex.org/S196656238,0722-4060,https://openalex.org/P4310319900,Springer Science+Business Media,https://doi.org/10.1007/s00300-021-02879-4,NA,NA,publishedVersion,,61,,,,,FALSE,FALSE,en,,,,,1127,1139,44,6
https://openalex.org/W4415881363,"Feeding ecology of two congeneric seabirds at the South Shetland Islands, Antarctica","Feeding ecology of two congeneric seabirds at the South Shetland Islands, Antarctica",,NA,https://doi.org/10.1007/s00227-025-04738-w,2025-11-04,2025,17.465775,1.3548,1,,,article,FALSE,FALSE,closed,NA,FALSE,Marine Biology,https://openalex.org/S118082147,0025-3162,https://openalex.org/P4310319900,Springer Science+Business Media,https://doi.org/10.1007/s00227-025-04738-w,NA,NA,publishedVersion,,91,,,,,FALSE,FALSE,en,,,,,NA,NA,172,12
https://openalex.org/W2735680973,Characterization and husbandry of wild broodstock of the blackfin icefish Chaenocephalus aceratus (Lönnberg 1906) from the Palmer Archipelago (Southern Ocean) for breeding purposes,Characterization and husbandry of wild broodstock of the blackfin icefish Chaenocephalus aceratus (Lönnberg 1906) from the Palmer Archipelago (Southern Ocean) for breeding purposes,,NA,https://doi.org/10.1007/s00300-017-2161-9,2017-07-12,2017,17.00487,0.7848,11,,,article,FALSE,FALSE,closed,NA,FALSE,Polar Biology,https://openalex.org/S196656238,0722-4060,https://openalex.org/P4310319900,Springer Science+Business Media,https://doi.org/10.1007/s00300-017-2161-9,NA,NA,publishedVersion,,61,,,,,FALSE,FALSE,en,,,,,2499,2516,40,12
https://openalex.org/W3175268486,New insights into the autecology of the two sympatric fish species Notothenia coriiceps and N. rossii from western Antarctic Peninsula: A trophic biomarkers approach,New insights into the autecology of the two sympatric fish species Notothenia coriiceps and N. rossii from western Antarctic Peninsula: A trophic biomarkers approach,,NA,https://doi.org/10.1007/s00300-021-02903-7,2021-06-17,2021,16.975325,0.5068,3,,,article,FALSE,FALSE,closed,NA,FALSE,Polar Biology,https://openalex.org/S196656238,0722-4060,https://openalex.org/P4310319900,Springer Science+Business Media,https://doi.org/10.1007/s00300-021-02903-7,NA,NA,publishedVersion,,66,,,,,FALSE,FALSE,en,,,,,1591,1603,44,8
https://openalex.org/W4388464841,"Ectoparasite infestation and host–parasite trophic relationship for Champsocephalus gunnari (Lonnberg, 1905) at South Orkney Islands, Antarctica","Ectoparasite infestation and host–parasite trophic relationship for Champsocephalus gunnari (Lonnberg, 1905) at South Orkney Islands, Antarctica",,NA,https://doi.org/10.1007/s10452-023-10072-4,2023-11-07,2023,16.952631,1.2068,5,,,article,FALSE,FALSE,closed,NA,FALSE,Aquatic Ecology,https://openalex.org/S157918159,1386-2588,https://openalex.org/P4310319900,Springer Science+Business Media,https://doi.org/10.1007/s10452-023-10072-4,NA,NA,publishedVersion,,53,,,,,FALSE,FALSE,en,,,,,335,348,58,2
https://openalex.org/W2019718994,"Age and growth of the Antarctic dragonfish Parachaenichthys charcoti (Pisces, Bathydraconidae) from the southern Scotia Arc","Age and growth of the Antarctic dragonfish Parachaenichthys charcoti (Pisces, Bathydraconidae) from the southern Scotia Arc",,NA,https://doi.org/10.1007/s00300-012-1194-3,2012-05-23,2012,15.816614,0,10,,,article,FALSE,FALSE,closed,NA,FALSE,Polar Biology,https://openalex.org/S196656238,0722-4060,https://openalex.org/P4310319900,Springer Science+Business Media,https://doi.org/10.1007/s00300-012-1194-3,NA,NA,publishedVersion,,31,,,,,FALSE,FALSE,en,,,,,1545,1553,35,10
https://openalex.org/W4401982852,"Akarotaxis gouldae, a new species of Antarctic dragonfish (Notothenioidei: Bathydraconidae) from the western Antarctic Peninsula","Akarotaxis gouldae, a new species of Antarctic dragonfish (Notothenioidei: Bathydraconidae) from the western Antarctic Peninsula",,"Bathydraconidae (Notothenioidei) are a group of benthic fishes endemic to the Southern Ocean. Because of their recent evolutionary radiation and limited sampling efforts due to their occurrence in remote regions, their diversity is likely underestimated. Akarotaxis nudiceps, currently the only recognized member of its genus, is an especially poorly known bathydraconid. Although A. nudiceps has a circumpolar distribution on the Antarctic continental shelf, its deep habitat and rarity limit knowledge of its life history and biology. Using a combination of morphological and genetic analyses, we identified an undescribed species of this genus, herein named Akarotaxis gouldae sp. nov. (Banded Dragonfish). The separation of this species was initially identified from archived larval specimens, highlighting the importance of early life stage taxonomy and natural history collections. All currently known adult and larval A. gouldae sp. nov. specimens have been collected from a restricted ~400 km coastal section of the western Antarctic Peninsula, although this is possibly due to sampling bias. This region is targeted by the epipelagic Antarctic krill fishery, which could potentially capture larval fishes as bycatch. Due to the extremely low fecundity of A. gouldae sp. nov. and near-surface occurrence of larvae, we suggest the growing Antarctic krill fishery could negatively impact this species.",https://doi.org/10.11646/zootaxa.5501.2.3,2024-08-29,2024,15.458599,1.0801,4,,,article,TRUE,TRUE,bronze,https://mapress.com/zt/article/download/zootaxa.5501.2.3/54261,FALSE,Zootaxa,https://openalex.org/S171471881,1175-5326,https://openalex.org/P4310321855,Q15088586,https://doi.org/10.11646/zootaxa.5501.2.3,https://mapress.com/zt/article/download/zootaxa.5501.2.3/54261,NA,publishedVersion,,87,,,,,FALSE,FALSE,en,,,,,265,290,5501,2
https://openalex.org/W4319834668,"Species identification and population genetics of the Antarctic fish genera <i>Lepidonotothen</i> and <i>Nototheniops</i> (Perciformes, Notothenioidei)","Species identification and population genetics of the Antarctic fish genera <i>Lepidonotothen</i> and <i>Nototheniops</i> (Perciformes, Notothenioidei)",,"Abstract Accurate species identification is essential to assess biodiversity and species richness in ecosystems threatened by rapid and recent environmental changes, such as warming in most Antarctic waters. The Lepidonotothen species complex comprises demersal notothenioid fishes which inhabit the shelf areas of the Antarctic Peninsula, the Scotia Arc and sub‐Antarctic islands with a circum‐Antarctic distribution. Species determination in this group has often been problematic. In particular, whether Lepidonotothen squamifrons and Lepidonotothen kempi are valid as separate species has been questioned. In this study, we analysed the genetic variation among four nominal southern polar species within this complex ( L. kempi , L. squamifrons , Nototheniops larseni , Nototheniops nudifrons ) by means of three different markers ( ND2 and tRNA mitochondrial genes and a panel of 16 nuclear microsatellites). We tested whether individuals morphologically assigned to L. kempi showed genetic separation from L. squamifrons . Our analyses indicated a lack of differentiation between L. kempi and L. squamifrons . However, a genetically distinct population was found for L. squamifrons at the Shag Rocks islands near South Georgia. Antarctic and sub‐Antarctic islands are known to be home to many cryptic species and further studies will elucidate if the genetically differentiated population we found potentially originated from this context and can be considered an incipient species. Our analysis contributes to further characterize the species composition of the most abundant fish suborder in the Southern Ocean, which is among the regions most threatened by climate change.",https://doi.org/10.1111/zsc.12580,2023-01-16,2023,15.39748,0.583,4,,,article,TRUE,TRUE,bronze,https://onlinelibrary.wiley.com/doi/pdfdirect/10.1111/zsc.12580,FALSE,Zoologica Scripta,https://openalex.org/S4078192,0300-3256,https://openalex.org/P4310320595,Wiley,https://doi.org/10.1111/zsc.12580,https://onlinelibrary.wiley.com/doi/pdfdirect/10.1111/zsc.12580,NA,publishedVersion,,73,,,,,FALSE,FALSE,en,,,,,136,153,52,2
https://openalex.org/W4410799589,Otolith chemistry indicates structuring of the Subantarctic myctophid Electrona carlsbergi in the Antarctic Circumpolar Current and Antarctic Slope Current off the South Shetland Islands,Otolith chemistry indicates structuring of the Subantarctic myctophid Electrona carlsbergi in the Antarctic Circumpolar Current and Antarctic Slope Current off the South Shetland Islands,,NA,https://doi.org/10.1016/j.palaeo.2025.113062,2025-05-28,2025,15.101805,4.8801,3,,,article,FALSE,FALSE,closed,NA,FALSE,Palaeogeography Palaeoclimatology Palaeoecology,https://openalex.org/S159210951,0031-0182,https://openalex.org/P4310320990,Elsevier BV,https://doi.org/10.1016/j.palaeo.2025.113062,NA,NA,publishedVersion,,86,,,,,FALSE,FALSE,en,,,,,113062,113062,675,NA
https://openalex.org/W3026172329,"Length and Weight Relationship for Two Dominant Antarctic Notothenioid Fishes Caught in the Coastal Water off King Sejong Station, King George Island, Antarctica","Length and Weight Relationship for Two Dominant Antarctic Notothenioid Fishes Caught in the Coastal Water off King Sejong Station, King George Island, Antarctica",,NA,NA,2017-06-01,2017,14.795071,0,0,,,article,FALSE,FALSE,closed,NA,FALSE,NA,NA,NA,NA,NA,https://repository.kopri.re.kr/handle/201206/6693,NA,NA,NA,,0,,,,,FALSE,FALSE,en,,,,,NA,NA,NA,NA
https://openalex.org/W2032394100,A method for preparing large numbers of otolith sections for viewing by scanning electron microscope,A method for preparing large numbers of otolith sections for viewing by scanning electron microscope,,"In an investigation of the age structure of a population of Notothenia coriiceps Richardson at the South Orkney Islands, Antarctica, the microstructure of otoliths was examined. Progress is reported on a method used for processing large numbers of otoliths using a scanning electron microscope (SEM). Compared with previous SEM techniques, which normally prepare otoliths individually for viewing, this allowed larger sample sizes to be examined. Compared with similar light microscope techniques, this method gave enhanced resolution, particularly for discerning edge structure, and thus may facilitate present methods of ageing fish populations, especially for fishery work in the Antarctic where otoliths are often small and difficult to interpret using conventional techniques.",https://doi.org/10.1006/jmsc.1993.1024,1993-05-01,1993,14.662438,0,2,,,article,TRUE,TRUE,bronze,https://academic.oup.com/icesjms/article-pdf/50/2/227/6755792/50-2-227.pdf,FALSE,ICES Journal of Marine Science,https://openalex.org/S200038611,1054-3139,https://openalex.org/P4310311648,Oxford University Press,https://doi.org/10.1006/jmsc.1993.1024,https://academic.oup.com/icesjms/article-pdf/50/2/227/6755792/50-2-227.pdf,NA,publishedVersion,,0,,,,,FALSE,FALSE,en,,,,,227,229,50,2
https://openalex.org/W3014263818,Biogeography of the Antarctic dragonfishes Acanthodraco dewitti and Psilodraco breviceps with re-description of Acanthodraco dewitti larvae (Notothenioidei: Bathydraconidae),Biogeography of the Antarctic dragonfishes Acanthodraco dewitti and Psilodraco breviceps with re-description of Acanthodraco dewitti larvae (Notothenioidei: Bathydraconidae),,NA,https://doi.org/10.1007/s00300-020-02661-y,2020-04-04,2020,14.5769205,0.4766,7,,,article,FALSE,FALSE,closed,NA,FALSE,Polar Biology,https://openalex.org/S196656238,0722-4060,https://openalex.org/P4310319900,Springer Science+Business Media,https://doi.org/10.1007/s00300-020-02661-y,NA,NA,publishedVersion,,28,,,,,FALSE,FALSE,en,,,,,565,572,43,5
https://openalex.org/W4327571665,Variability and uncertainty associated to methods for estimating diet composition: The case of Champsocephalus gunnari in the South Orkney Islands,Variability and uncertainty associated to methods for estimating diet composition: The case of Champsocephalus gunnari in the South Orkney Islands,,NA,https://doi.org/10.1016/j.ecss.2023.108302,2023-03-16,2023,14.317718,0.9655,4,,,article,FALSE,FALSE,closed,NA,FALSE,Estuarine Coastal and Shelf Science,https://openalex.org/S43867544,0272-7714,https://openalex.org/P4310320990,Elsevier BV,https://doi.org/10.1016/j.ecss.2023.108302,NA,NA,publishedVersion,,73,,,,,FALSE,FALSE,en,,,,,108302,108302,285,NA
https://openalex.org/W4397012806,Comparing trophic position estimates using bulk and compound specific stable isotope analyses: applying new approaches to mackerel icefish <i>Champsocephalus gunnari</i>,Comparing trophic position estimates using bulk and compound specific stable isotope analyses: applying new approaches to mackerel icefish <i>Champsocephalus gunnari</i>,,"Quantifying the tropic position (TP) of an animal species is key to understanding its ecosystem function. While both bulk and compound-specific analyses of stable isotopes are widely used for this purpose, few studies have assessed the consistency between and within such approaches. Champsocephalus gunnari is a specialist teleost that predates almost exclusively on Antarctic krill Euphausia superba . This well-known and nearly constant trophic relationship makes C. gunnari particularly suitable for assessing consistency between TP methods under field conditions. In the present work, we produced and compared TP estimates for C. gunnari and its main prey using a standard bulk and two amino acid-specific stable isotope approaches (CSI-AA). One based on the difference between glutamate and phenylalanine (TP Glx-Phe ), and the other on the proline-phenylalanine difference (TP Pro-Phe ). To do that, samples from C. gunnari, E. superba and four other pelagic invertebrate and fish species, all potential prey for C.gunnari, were collected off the South Orkney Islands between January and March 2019, analyzed using standard isotopic ratio mass spectrometry methods and interpreted following a Bayesian approach. Median estimates (CI 95% ) for C. gunnari were similar between TP bulk (3.6; CI 95% : 3.0-4.8) and TP Glx-Phe (3.4; CI 95% :3.2-3.6), and lower for TP Pro-Phe (3.1; CI 95% :3.0-3.3). TP differences between C. gunnari and E. superba were 1.4, 1.1 and 1.2, all compatible with expectations from the monospecific diet of this predator (ΔTP=1). While these results suggest greater accuracy for Glx-Phe and Pro-Phe, differences observed between both CSI-AA approaches suggests these methods may require further validation before becoming a standard tool for trophic ecology.",https://doi.org/10.7717/peerj.17372,2024-05-17,2024,13.986936,2.5599,6,,,article,TRUE,TRUE,gold,https://doi.org/10.7717/peerj.17372,TRUE,PeerJ,https://openalex.org/S1983995261,2167-8359,https://openalex.org/P4310320104,"PeerJ, Inc.",https://doi.org/10.7717/peerj.17372,NA,cc-by,publishedVersion,,65,,,,,FALSE,FALSE,en,,,,,e17372,e17372,12,NA
https://openalex.org/W4412583417,Climate Change Impacts on Antarctic Fish Diversity: A Circumpolar Perspective From <scp>eDNA</scp> Metabarcoding Assessment,Climate Change Impacts on Antarctic Fish Diversity: A Circumpolar Perspective From <scp>eDNA</scp> Metabarcoding Assessment,,"ABSTRACT Aim Recent climate‐driven changes in the Antarctic marine environment, marked by regional differences between West and East Antarctica, may alter ecosystem dynamics. As key components of the food web, fish might reflect these changes. This study examines fish biodiversity patterns across four typical Antarctic seas by integrating eDNA analysis with bottom trawl surveys, focusing on biodiversity shifts and range alterations in response to varying levels of climate change exposure. Location Four ecologically distinct Antarctic regions: The Adjacent Waters of Antarctic Peninsula (AAP), the Amundsen Sea‐Bellingshausen Sea (ASBS), the Prydz Bay‐Cooperation Sea (PBCS), and the Cosmonaut Sea (CS). Methods During the 37th Chinese National Antarctic Research Expedition, we integrated eDNA metabarcoding (from both pelagic and benthic water layers) with bottom trawl surveys across four regions (AAP, ASBS, PBCS, and CS) to characterise regional fish community. Results Environmental DNA metabarcoding and trawl surveys detected 40 and 27 Antarctic fish species, respectively. Environmental DNA proved effective in complementing traditional methods and capturing early life stages, especially with a refined local reference database. Species belonging to the suborder Notothenioidei dominated across all surveyed regions. Ten species exhibited range extensions beyond previously documented distributions, likely reflecting historical data gaps, with the exception of Patagonotothen sp. Main Conclusions eDNA metabarcoding showed potential for monitoring Antarctic ichthyoplankton. Fish diversity in the four studied seas aligns with the general pattern in the Southern Ocean, while ASBS was identified as a previously overlooked fish diversity hotspot. The southward detection of Patagonotothen sp. may signal climate‐driven shifts in species distribution. Future research integrating eDNA with interdisciplinary approaches holds promise for advancing the monitoring of climate change impacts on Antarctic marine ecosystems.",https://doi.org/10.1111/ddi.70053,2025-07-01,2025,13.787496,2.6883,2,,,article,TRUE,TRUE,gold,https://onlinelibrary.wiley.com/doi/pdfdirect/10.1111/ddi.70053,FALSE,Diversity and Distributions,https://openalex.org/S11703781,1366-9516,https://openalex.org/P4310320595,Wiley,https://doi.org/10.1111/ddi.70053,https://onlinelibrary.wiley.com/doi/pdfdirect/10.1111/ddi.70053,cc-by,publishedVersion,,75,,,,,FALSE,FALSE,en,,,,,NA,NA,31,7
https://openalex.org/W4407320294,"Fatty acid profiles of mackerel icefish Champsocephalus gunnari reflect diet variability of its main prey, Antarctic krill Euphausia superba","Fatty acid profiles of mackerel icefish Champsocephalus gunnari reflect diet variability of its main prey, Antarctic krill Euphausia superba",,"Understanding predator-prey interactions in Southern Ocean ecosystems is critical for assessing trophic dynamics. Antarctic krill Euphausia superba , a keystone species in the Southern Ocean ecosystem, supports numerous populations of higher trophic level predators. Despite a critical need to understand its feeding ecology, access limits direct studies, particularly during winter when extensive sea ice constrains sampling. This study therefore explores whether the fatty acids of mackerel icefish Champsocephalus gunnari , a key predator of krill, can provide insights into krill diet composition. By analyzing the fatty acids of C. gunnari and E. superba from South Georgia during winter and from the South Orkney Islands during the summer, we assessed differences in krill diets and the transfer of dietary signals from prey to predator. Stomach content analysis confirmed E. superba as the predominant prey of C. gunnari , whereas fatty acid analysis revealed significant differences between the South Georgia and South Orkney Islands samples. The fatty acid patterns of C. gunnari closely reflected those of E. superba , suggesting that prey diet composition drove predator fatty acid variations rather than dietary diversity of the predator. Calibration coefficients further highlighted consistent patterns of fatty acid transfer between regions. These findings demonstrate that C. gunnari can act as a natural sampler for E. superba , offering a novel approach to infer E. superba feeding ecology during periods of limited direct sampling. These insights enhance understanding of predator-prey interactions in the Southern Ocean ecosystem, where shifts in prey availability and composition could have cascading effects on higher trophic level predators.",https://doi.org/10.3354/meps14816,2025-02-10,2025,13.673874,7.0759,4,,,article,FALSE,FALSE,closed,NA,FALSE,Marine Ecology Progress Series,https://openalex.org/S96743589,0171-8630,https://openalex.org/P4310313773,Inter-Research,https://doi.org/10.3354/meps14816,NA,NA,publishedVersion,,84,,,,,FALSE,FALSE,en,,,,,145,160,757,NA
https://openalex.org/W4306359284,"Feeding ecology of an inshore population of Notothenia coriiceps from the Argentine Islands, Bellingshausen Sea","Feeding ecology of an inshore population of Notothenia coriiceps from the Argentine Islands, Bellingshausen Sea",,"Abstract The inshore waters off the Argentine Islands host a diversified benthic fish community largely dominated by the black rockcod, Notothenia coriiceps . Compared to other areas along the western Antarctic Peninsula, the feeding habits of this species in this location are poorly known. Hence, the aim of the study is to assess food preferences by the stomach content examination, applying a sophisticated analytical approach. As reported elsewhere, the black rockcod is omnivorous, relying primarily on algae, gastropods, amphipods, euphausiids and fishes, each consumed with different foraging strategies. Based on multidimensional scaling statistical procedures, fish size and water depth are the primarily contributers to prey resource diversification and partitioning. Overall the sampled population of the black rockcod are generalist feeders with a relatively high between-phenotype component to the niche width, consisting of specialized individuals with little or no overlap in food resource use.",https://doi.org/10.1007/s00300-022-03095-4,2022-10-16,2022,13.135971,0.1132,2,,,article,TRUE,TRUE,hybrid,https://link.springer.com/content/pdf/10.1007/s00300-022-03095-4.pdf,FALSE,Polar Biology,https://openalex.org/S196656238,0722-4060,https://openalex.org/P4310319900,Springer Science+Business Media,https://doi.org/10.1007/s00300-022-03095-4,https://link.springer.com/content/pdf/10.1007/s00300-022-03095-4.pdf,cc-by,publishedVersion,,34,,,,,FALSE,FALSE,en,,,,,1623,1634,45,11
https://openalex.org/W2611466386,"Energetics of the Antarctic Silverfish, Pleuragramma antarctica, from the Western Antarctic Peninsula","Energetics of the Antarctic Silverfish, Pleuragramma antarctica, from the Western Antarctic Peninsula",,NA,https://doi.org/10.1007/978-3-319-55893-6_8,2017-01-01,2017,12.630854,1.7177,3,,,book-chapter,FALSE,TRUE,green,https://thekeep.eiu.edu/bio_fac/947,TRUE,Advances in polar ecology,https://openalex.org/S4210221750,2468-5712,https://openalex.org/P4310319972,Springer International Publishing,https://doi.org/10.1007/978-3-319-55893-6_8,NA,NA,publishedVersion,,80,,,,,FALSE,FALSE,en,,,,,149,171,NA,NA
https://openalex.org/W2334389528,Natural and AntHropic Impact Assessment on Biochemical and Histopathological Biomarkers of Fishes and Invertebrates at Coastal Region of Admiralty Bay King George Island,Natural and AntHropic Impact Assessment on Biochemical and Histopathological Biomarkers of Fishes and Invertebrates at Coastal Region of Admiralty Bay King George Island,,"Marine environments near the scientific stations and local anchoring of ships are considered potential pollution sites in Antarctica. Human waste, the burning of fuel oil and its possible leakage from ships during transport to the stations are major sources of pollution. The metabolic responses and histopathology of fish and benthic invertebrates of Admiralty Bay, King George Island, are a part of environmental monitoring research proposed in Module 3 INCT-APA for the region. The Antarctic fish Notothenia rossii and Notothenia coriiceps and invertebrates Nacella concinna were selected as target organisms for studies of biomarker responses during the XXVIII Brazilian expedition to Antarctica. The aim of these studies is to establish a baseline for biochemical and histopathological biomarkers and to understand, through bioassays, the effect of pollutants on biological responses of Antarctic organisms. Bioassays with pollutants (fuel oil, sewage and heavy metals) aim to distinguish the biological responses caused by seasonal variations in natural environmental conditions from those imposed by the presence of pollutants in Admiralty Bay ASMA. In aquatic environments, the absorption of toxic substances, mainly by phytoplankton and zooplankton, results in the high concentration of these substances in organisms belonging to higher trophic levels in the food chain. These substances then eventually reach a large number of organisms, including fish and invertebrates. Through the use of different biomarkers it is possible to detect the presence of pollutants in water and sediment, in the organisms that inhabit these environments. Fish and invertebrates are good bioindicators of environmental quality in aquatic ecosystems, since they occupy different positions in the food chain and have varying spatial distribution. These features allow for a direct and indirect evaluation of the health of several components of the aquatic environment. Using histopathological, cellular, biochemical and molecular analysis, the health of fishes and invertebrates, collected directly from nature or through the bioassays, can be evaluated. The histology can be used as a tool for identifying biomarkers of fish fauna and invertebrates. The lesions detected in cells, tissues or organs exposed to pollutants represent an integration of the cumulative effects of these substances at the biochemical and physiological levels (Meyer et al., 2002). Biomarkers are not normally associated with severe adverse effects caused by toxic stress agents. The early biomarker response is much more important as a marker of future adverse biological effects than as an indicator of serious environmental problems. The effects caused by toxic stress agents are often compensated or repaired at the molecular level, without compromising the higher 3",https://doi.org/10.4322/apa.2014.009,2010-01-01,2010,12.270123,0.2398,1,,,article,TRUE,TRUE,bronze,https://doi.org/10.4322/apa.2014.009,FALSE,INCT-APA Annual Activity Report,https://openalex.org/S4210208978,2177-918X,NA,NA,http://doi.org/10.4322/apa.2014.009,https://doi.org/10.4322/apa.2014.009,NA,publishedVersion,,13,,,,,FALSE,FALSE,en,,,,,44,49,NA,NA
https://openalex.org/W4282912978,A parasite outbreak in notothenioid fish in an Antarctic fjord,A parasite outbreak in notothenioid fish in an Antarctic fjord,,"Climate changes can promote disease outbreaks, but their nature and potential impacts in remote areas have received little attention. In a hot spot of biodiversity on the West Antarctic Peninsula, which faces among the fastest changing climates on Earth, we captured specimens of two notothenioid fish species affected by large skin tumors at an incidence never before observed in the Southern Ocean. Molecular and histopathological analyses revealed that X-cell parasitic alveolates, members of a genus we call Notoxcellia, are the etiological agent of these tumors. Parasite-specific molecular probes showed that xenomas remained within the skin but largely outgrew host cells in the dermis. We further observed that tumors induced neovascularization in underlying tissue and detrimentally affected host growth and condition. Although many knowledge gaps persist about X-cell disease, including its mode of transmission and life cycle, these findings reveal potentially active biotic threats to vulnerable Antarctic ecosystems.",https://doi.org/10.1016/j.isci.2022.104588,2022-06-14,2022,11.868829,0.5963,8,,,article,TRUE,TRUE,gold,http://www.cell.com/article/S2589004222008604/pdf,TRUE,iScience,https://openalex.org/S2898358376,2589-0042,https://openalex.org/P4310315673,Cell Press,https://doi.org/10.1016/j.isci.2022.104588,http://www.cell.com/article/S2589004222008604/pdf,NA,publishedVersion,,57,,,,,FALSE,FALSE,en,,,,,104588,104588,25,7
https://openalex.org/W4395462599,Temperature and immune challenges modulate the transcription of genes of the ubiquitin and apoptosis pathways in two high-latitude Notothenioid fish across the Antarctic Polar Front,Temperature and immune challenges modulate the transcription of genes of the ubiquitin and apoptosis pathways in two high-latitude Notothenioid fish across the Antarctic Polar Front,,NA,https://doi.org/10.1007/s10695-024-01348-z,2024-04-25,2024,11.669748,1.8168,4,,,article,FALSE,FALSE,closed,NA,FALSE,Fish Physiology and Biochemistry,https://openalex.org/S188633547,0920-1742,https://openalex.org/P4310319900,Springer Science+Business Media,https://doi.org/10.1007/s10695-024-01348-z,NA,NA,publishedVersion,,63,,,,,FALSE,FALSE,en,,,,,1429,1443,50,4
https://openalex.org/W4386333972,Spatial Structure of Deep-Sea Pelagial Ichthyocenes in the Northern Weddell Sea (Powell Basin) and Brunsfield Strait in Summer 2020 and 2022,Spatial Structure of Deep-Sea Pelagial Ichthyocenes in the Northern Weddell Sea (Powell Basin) and Brunsfield Strait in Summer 2020 and 2022,,"Abstract—A review of the composition and structure of deep-sea pelagic ichthyocenes in the Bransfield Strait and northern Weddell Sea (Powell Basin) in the Atlantic sector of the Southern Ocean is presented. The material was obtained in summer 2020 and 2022 at 26 stations at layers from 120–0 to 2200–0 m. Nine hundred one specimens of juveniles and adult fishes belonging to 19 species from 10 families were collected. Statistical analysis made it possible to identify four significantly different regions in which the dominant ichthyocenes were located in waters of different origin. These ichthyocenes are poor in the number of identified species, but often quite numerous. Relatively shallow-water representatives of the families Bathydraconidae, Channichthyidae, Liparidae, and Nototheniidae, endemic to the shelf and slope of Antarctica, dominated in the area of the Antarctic Strait and on the shelf of the Antarctic Peninsula. At the same time in the Bransfield Strait, the abyssal basin of the Powell Basin, and in the pelagic zone above deep-sea ridges and trenches bordering it from the north, meso- and bathypelagic fish from the families Mycthophidae, Bathylagidae, Gonostomatidae, Paralepididae, and Scopelarchidae prevailed. Near the northern boundary of the Powell Basin, the number of mesobatypelagic species and their average abundance were higher than in its central part (11 vs. 7 species and 63.5 vs. 84.1 sp./100 m2). In the central part of the basin, Bathylagus antarcticus dominated, with an average share of 40% in catches and 28.8 sp./100 m2, while in the northern part of the basin, Electrona antarctica dominated, with an average share of 33%, 27.4 sp./100 m2.",https://doi.org/10.1134/s0001437023040070,2023-08-01,2023,11.060284,0.1647,1,,,article,FALSE,FALSE,closed,NA,FALSE,Oceanology,https://openalex.org/S59498126,0001-4370,https://openalex.org/P4310320267,Pleiades Publishing,https://doi.org/10.1134/s0001437023040070,NA,NA,publishedVersion,,36,,,,,FALSE,FALSE,en,,,,,574,588,63,4
https://openalex.org/W4297973341,"Living in the Extreme: Fatty Acid Profiles and Their Specificity in Certain Tissues of Dominant Antarctic Silverfish, Pleuragramma antarcticum, from the Antarctic Sound (Southern Ocean) Collected during the Austral Summer","Living in the Extreme: Fatty Acid Profiles and Their Specificity in Certain Tissues of Dominant Antarctic Silverfish, Pleuragramma antarcticum, from the Antarctic Sound (Southern Ocean) Collected during the Austral Summer",,"The fatty acid profile of seven different organs (brain, gills, heart, muscles, gonads, liver, and gall bladder) of the lipid-rich Antarctic silverfish, Pleuragramma antarcticum, from the Antarctic Sound was studied. Qualitative and quantitative analyses of fatty acids were performed using gas chromatography with mass-selective and flame ionization detectors. It was seen that the muscles and gills differed from the other organs with the prevalence of saturated fatty acids, mainly due to 16:0 and 14:0 that may reveal their additional metabolic role in these organs for adaptation of the fish to the cold Antarctic waters. Monounsaturated fatty acids 18:1(n − 9) and 16:1(n − 7) were prevalent in the other organs of silverfish, especially their high content in the liver, reflecting the carnivorous feeding type (mainly adult ice krill) of the species and their dietary preferences in the austral summer. The high content of essential fatty acids, 22:6(n − 3) (14% of total fatty acids) found in the brain and 20:5(n − 3) (12% of total fatty acids) found in the muscles, highlights the functional significance of these lipid components in the studied tissues of fish. The results will improve the understanding of the functional value of individual fatty acids in terms of their organ specificity and the adaptation of the Antarctic silverfish to life in the frigid ice waters of the Antarctic pelagic ecosystem.",https://doi.org/10.3390/d14100817,2022-09-29,2022,11.012361,0.6659,3,,,article,TRUE,TRUE,gold,https://www.mdpi.com/1424-2818/14/10/817/pdf?version=1666251997,TRUE,Diversity,https://openalex.org/S130273055,1424-2818,https://openalex.org/P4310310987,Multidisciplinary Digital Publishing Institute,https://doi.org/10.3390/d14100817,https://www.mdpi.com/1424-2818/14/10/817/pdf?version=1666251997,cc-by,publishedVersion,,123,,,,,FALSE,FALSE,en,,,,,817,817,14,10
https://openalex.org/W4406789126,"Redescription and molecular analysis of Corynosoma pseudohamanni Zdzitowiecki, 1984 (Acanthocephala: Polymorphidae) juveniles from Notothenia coriiceps Richardson in the water area of Argentine Islands, West Antarctica","Redescription and molecular analysis of Corynosoma pseudohamanni Zdzitowiecki, 1984 (Acanthocephala: Polymorphidae) juveniles from Notothenia coriiceps Richardson in the water area of Argentine Islands, West Antarctica",,NA,https://doi.org/10.1007/s11230-024-10212-w,2025-01-24,2025,10.636197,4.0324,3,,,article,FALSE,FALSE,closed,NA,FALSE,Systematic Parasitology,https://openalex.org/S105078976,0165-5752,https://openalex.org/P4310319900,Springer Science+Business Media,https://doi.org/10.1007/s11230-024-10212-w,NA,NA,publishedVersion,,60,,,,,FALSE,FALSE,en,,,,,16,16,102,1
https://openalex.org/W3162147025,"Ecosistema marino del estrecho de Bransfield, bahía Almirantazgo y alrededores de las islas Joinville y Elefante. ANTAR XXII, 2014","Ecosistema marino del estrecho de Bransfield, bahía Almirantazgo y alrededores de las islas Joinville y Elefante. ANTAR XXII, 2014",,"In the austral summer 2014, the Instituto del Mar del Peru developed the scientific XXII Peru Campaign to Antarctica, XXII ANTAR, aboard the BIC Humboldt. The results of research on the Antarctic marine ecosystem disclose the interrelationships between Antarctic krill (Euphausia superba), wildlife and accompanying flora, predators and oceanographic conditions prevailing in the middle. The sea surface temperature varied between -1.5 and 1.6 °C, associated with cold waters of the Weddell Sea, oxygen ranged between 5.3 and 8.24 mL/L. The phytoplankton community was composed of diatoms (i) central: Corethron criophilum, Proboscia alata and Rhyzosolenia styliformis; (ii) pennatales, with more frequent genres like Fragilaria sp., Fragilariopsis sp., Navicula sp. and Pseudo-nitzschia. The most important species of copepods zooplankton community were Calanoides acutus, Metridia gerlachei and Rhincalanus gigas, the quetognato Sagitta sp. and euphausiid Thysanoessa macrura. The pelagic community was dominated by krill E. superba (94.7%), followed by Salpa thompsoni (3.6%), and scyphozoas jellyfish Desmonema sp. and Peryphylla peryphylla (1.34%). Catching fish and ice lantern fish belonging to the families Channichthyidae, Paralepididae and Myctophidae was recorded. Antarctic marine biodiversity verified at depths between 90 and 161 m, was composed of 65 species belonging to 9 taxonomic groups. The dominant species in terms of relative abundance were: Asteroidea (Labidiaster annulatus, Pomachocrinus kerguelensis, Ophiuroidea 1), Teleostei (Notothenia gibberifrons, Chionodraco rastrospinosus and Chaenocephalus aceratus), Tunicata (Styela rotunda), Polychaeta (Phyllodocidae) Porifera (Sponge) Nudibranchia (Doris sp.), Cephalopoda (Paraledone sp., Eledone sp.), Cnidara (gorgonians) and Isopoda (Natatolona sp.). 25 species of seabirds belonging to 3 orders and 8 families were recorded, the most abundant species petrel (Daption capense), followed by petrel silver (Fulmarus glacialoides) and chinstrap (Pygoscelis antarctica) and 7 species marine mammals, belonging to 2 orders and 3 families, represented by observations of cetaceans (75.96%) and pinnipeds (24.04%). Among the cetaceans, they highlighted the humpback whale Megaptera novaeangliae, the fin whale Balaenoptera physalus, B. borealis and B. bonaerensis. Among the pinnipeds, Arctocephalus gazella was the most prevalent species. Wide distribution of krill in the study area were recorded, the largest acoustic densities (>1000 m/mn²) were observed around the Elephant and Joinville Islands; while lower acoustic densities (250-1000 m²/mn²) was recorded in the Bransfield Strait. One hydroacoustic biomass krill 7’330,574 t and 2’926,906 t by methods reflectivity (White Strength, TS) Stochastic Approximation Distorted Wave (SDWBA) and Greene, respectively estimated. These results were obtained greater than 2013 (876.367 t SDWBA method), mainly due to higher assessed area (Antar XXII, 21,071 nm2, 2014) compared to the previous season (Antar XXI, 8,040 nm2, 2013). The estimated around Elephant Island (4’569,039 t) biomass accounted for 62.3% of all existing biomass in the study area. High values of concentrations of Aromatic Hydrocarbons Total (HAT) and mercury in seawater in different areas Bransfield Strait, around Deception Island, south of Elephant Island and Admiralty Bay were recorded. High concentrations of mercury in samples of muscle tissue of fish N. gibberifrons (0.18 and 0.36 mg/kg) were observed.",NA,2016-12-30,2016,10.028542,0,1,,,article,FALSE,FALSE,closed,NA,FALSE,NA,NA,NA,NA,NA,https://repositorio.imarpe.gob.pe/bitstream/20.500.12958/3101/1/Boletin%2031%282%29-11.pdf,NA,NA,NA,,0,,,,,FALSE,FALSE,es,,,,,229,294,31,2
https://openalex.org/W4411931176,Different populations of the Antarctic notothen fish Trematomus scotti differ in key life history traits,Different populations of the Antarctic notothen fish Trematomus scotti differ in key life history traits,,NA,https://doi.org/10.1016/j.ecss.2025.109425,2025-07-02,2025,9.802719,1.76,2,,,article,FALSE,FALSE,closed,NA,FALSE,Estuarine Coastal and Shelf Science,https://openalex.org/S43867544,0272-7714,https://openalex.org/P4310320990,Elsevier BV,https://doi.org/10.1016/j.ecss.2025.109425,NA,NA,publishedVersion,,79,,,,,FALSE,FALSE,en,,,,,109425,109425,323,NA
https://openalex.org/W2972453850,SEASONAL CHANGES OF THE MORPHO-BIOLOGICAL CHARACTERISTICS OF BLACK ROCKCOD NOTOTHENIA CORIICEPS (NOTOTHENIIDAE) IN THE ARGENTINE ISLANDS ARCHIPELAGO REGION,SEASONAL CHANGES OF THE MORPHO-BIOLOGICAL CHARACTERISTICS OF BLACK ROCKCOD NOTOTHENIA CORIICEPS (NOTOTHENIIDAE) IN THE ARGENTINE ISLANDS ARCHIPELAGO REGION,,"Black rockcod Notothenia coriiceps (Nototheniidae) is one of the common fish species of the Argentine Islands Archipelago region, and it is very common in the Southern Ocean waters. So, objective of the original research was to study the seasonal&nbsp;changes of biological characteristics of N. coriiceps individuals. The material was collected during the XII Ukrainian Antarctic Expedition in 2007-2008 using classical methods, specifically by the bottom gear in the ice-free water places from the boat and from the shore, and in winter also from the ice. Pieces of fresh meat and fish were used as bait for gear. The catches were carried out at the depths from 10 to 50 m (mainly at depths of 20-30 m). Result The majority of black rockcod has a standard length of 26,0-30,0 cm (45,3%) and the age of 4-5 full years (84,5%). During the year, the majority of individuals has II stage of development of the gonads (82,9%), however the number of individuals whitch have III and over stage of development has gradually increased from October to January. It was detected that the main diet components of N. coriiceps in the Argentine Islands Archipelago region were fish and crustaceans rarely – mollusks. Two size groups (&gt;25 cm and &lt;25 cm) of black rockod had the same feeding components ratios. In the majority of individuals (67,7%), the gastrointestinal tract was filled poorly (0-1 point). Fat content during the year was predominantly 2-3 points (94,3%). The value of cardiosomatic index during the year has gradually increased from 0,181±0,008 in April to 0,283±0,005 in September and has again decreased to 0,182±0,003 in December. The value of hepatosomatic index has decreased from 2,11±0,10 in April to 1,58±0,06 in November. In December and January the index has increased to 2,66±0,57. The value of fatness by Fulton has decreased from 1,89±0,06 in April to 1,60±0,03 in September, in January it has increased to 1,86±0,52. Conclusions: the character of feeding and development stage of N. coriiceps in the region of the material collection has matched with data from the other researches of the other Antarctic Peninsula regions. In the majority of representatives (66,7%), the gastrointestinal tract was poorly filled (0-1 point), and fat content during the year was predominantly 2-3 points (94,3%). The biological features of N. coriiceps were characterized by the seasonal dynamics, that was associated with the feeding in summer and small amount of food in winter.",https://doi.org/10.33275/1727-7485.16.2017.73,2018-01-01,2018,9.773487,0.1462,1,,,article,TRUE,TRUE,diamond,https://doi.org/10.33275/1727-7485.16.2017.73,TRUE,Ukrainian Antarctic Journal,https://openalex.org/S4210190365,1727-7485,NA,NA,https://doi.org/10.33275/1727-7485.16.2017.73,NA,cc-by-nc-nd,publishedVersion,,8,,,,,FALSE,FALSE,en,,,,,150,157,NA,16
https://openalex.org/W4220934512,"Assessment of Pesticide, Dioxin-like Polychlorinated Biphenyl, and Polycyclic Aromatic Hydrocarbon Existence around Galindez Island, and Comparison with the Organic Pollution Bibliography of the Antarctic Peninsula","Assessment of Pesticide, Dioxin-like Polychlorinated Biphenyl, and Polycyclic Aromatic Hydrocarbon Existence around Galindez Island, and Comparison with the Organic Pollution Bibliography of the Antarctic Peninsula",,"Sediment, notothenioid fish, and moss samples were collected from the vicinity of Galindez Island, Antarctic Peninsula during the austral autumn of 2016 and 2017. Pesticide, Polycyclic Aromatic Hydrocarbon (PAH), and dioxin-like Polychlorinated Biphenyl (dl-PCB) concentrations were measured using High-Resolution Gas and Liquid Chromatography. Pollutant concentrations were below detection limits in sediment and moss samples. However, pesticides, PAH, and dl-PCB congeners were detected in the muscle tissue of fishes. Pesticide concentrations varied between 0.46 and 12.2 ng/g-dw, and Mecarbam was the dominant compound. Kresoxim-methyl, Mecarbam, Procymidone, Pyridaben, and Quinoxyfen were reported in the muscle tissue of the fishes, for the first time from the Antarctic. PCB-118, PCB-105, and PCB-156 were dominant dl-PCBs. The ∑12-dl-PCB concentration was 160,929 pg/g-dw, and WHO-TEQ-total dl-PCB was 8.30 pg/g-dw in Trematomus bernachii, over the consumable limit in fishes according to the European Commission. The PCB-126 concentration was 36 pg/g-dw in the muscle tissue of fish, the first reported from the Antarctic. Phenanthrene was the dominant PAH congener. The ∑16-PAH concentration was 22.5 ng/g-dw. PAH sources were local and petrogenic in the fishes, likely after long-term bioaccumulation. The flow rate is rather low around Galindez Island; accordingly, contaminant removal takes time and may demonstrate long-lasting effects including bioaccumulation in the marine food web.",https://doi.org/10.3390/su14073994,2022-03-28,2022,9.126703,0.4349,5,,,article,TRUE,TRUE,gold,https://www.mdpi.com/2071-1050/14/7/3994/pdf?version=1648470194,TRUE,Sustainability,https://openalex.org/S10134376,2071-1050,https://openalex.org/P4310310987,Multidisciplinary Digital Publishing Institute,https://doi.org/10.3390/su14073994,https://www.mdpi.com/2071-1050/14/7/3994/pdf?version=1648470194,cc-by,publishedVersion,,55,,,,,FALSE,FALSE,en,,,,,3994,3994,14,7
https://openalex.org/W2267012331,Experiment: Metabolic shifts in the Antarctic fish Notothenia rossii in response to rising temperature and PCO2,Experiment: Metabolic shifts in the Antarctic fish Notothenia rossii in response to rising temperature and PCO2,,"IntroductionOngoing ocean warming and acidification increasingly affect marine ecosystems, in particular around the Antarctic Peninsula. Yet little is known about the capability of Antarctic notothenioid fish to cope with rising temperature in acidifying seawater. While the whole animal level is expected to be more sensitive towards hypercapnia and temperature, the basis of thermal tolerance is set at the cellular level, with a putative key role for mitochondria. This study therefore investigates the physiological responses of the Antarctic Notothenia rossii after long-term acclimation to increased temperatures (7°C) and elevated PCO2 (0.2 kPa CO2) at different levels of physiological organisation.ResultsFor an integrated picture, we analysed the acclimation capacities of N. rossii by measuring routine metabolic rate (RMR), mitochondrial capacities (state III respiration) as well as intra- and extracellular acid-base status during acute thermal challenges and after long-term acclimation to changing temperature and hypercapnia. RMR was partially compensated during warm- acclimation (decreased below the rate observed after acute warming), while elevated PCO2 had no effect on cold or warm acclimated RMR. Mitochondrial state III respiration was unaffected by temperature acclimation but depressed in cold and warm hypercapnia-acclimated fish. In both cold- and warm-exposed N. rossii, hypercapnia acclimation resulted in a shift of extracellular pH (pHe) towards more alkaline values. A similar overcompensation was visible in muscle intracellular pH (pHi). pHi in liver displayed a slight acidosis after warm normo- or hypercapnia acclimation, nevertheless, long-term exposure to higher PCO2 was compensated for by intracellular bicarbonate accumulation.ConclusionThe partial warm compensation in whole animal metabolic rate indicates beginning limitations in tissue oxygen supply after warm-acclimation of N. rossii. Compensatory mechanisms of the reduced mitochondrial capacities under chronic hypercapnia may include a new metabolic equilibrium to meet the elevated energy demand for acid-base regulation. New set points of acid-base regulation under hypercapnia, visible at the systemic and intracellular level, indicate that N. rossii can at least in part acclimate to ocean warming and acidification. It remains open whether the reduced capacities of mitochondrial energy metabolism are adaptive or would impair population fitness over longer timescales under chronically elevated temperature and PCO2.",https://doi.org/10.1594/pangaea.829830,2014-01-01,2014,8.659208,NA,1,,,dataset,TRUE,TRUE,green,NA,TRUE,Figshare,https://openalex.org/S4377196282,NA,https://openalex.org/I4210132348,Figshare (United Kingdom),NA,NA,cc-by,submittedVersion,,0,,,,,FALSE,FALSE,en,,,,,NA,NA,NA,NA
https://openalex.org/W2742145388,Ecology of inshore notothenioid fish from the Danco Coast,Ecology of inshore notothenioid fish from the Danco Coast,,"A total of 1,103 inshore notothenioid fish were caught by means of trammel-nets in 4 sites surrounding Cierva Point (Moss Island 1; Moss Island 2; Sterneck Island; Leopardo Island), Danco Coast, West Antarctic Peninsula, during February and March 2000. The families Nototheniidae, Channichthyidae and Bathy- draconidae were represented in the samples, Notothenia coriiceps being the dominant fish of the area. Gobionoto- then gibberifrons and Trematomus newnesi followed in importance. In general, the fish sampled agreed in terms of number and mass with those of the South Shetland Islands area, except for a marked higher occurrence of G. gibberifrons in the Danco Coast. This supports the hypothesis that the commercial fishery around the South Shetland Islands at the end of the 1970s was responsible for the decrease in the inshore population of G. gib- berifrons in that area during the last 17 years. Infor- mation on morphometry, reproduction and diet of the fish species caught is provided.",NA,2003-01-01,2003,8.306991,0,0,,,article,FALSE,FALSE,closed,NA,FALSE,NA,NA,NA,NA,NA,https://link.springer.com/content/pdf/10.1007%2Fs00300-002-0463-y.pdf,NA,NA,NA,,18,,,,,FALSE,FALSE,en,,,,,NA,NA,NA,NA
https://openalex.org/W2564629098,"HISTOLOGY AND HISTOCHEMICAL CHARACTERISATION OF THE STOMACH STRUCTURE OF THE ANTARCTIC FISH Notothenia rossii (RICHARDSON, 1844) UNDER CONDITIONS OF THERMAL STRESS","HISTOLOGY AND HISTOCHEMICAL CHARACTERISATION OF THE STOMACH STRUCTURE OF THE ANTARCTIC FISH Notothenia rossii (RICHARDSON, 1844) UNDER CONDITIONS OF THERMAL STRESS",,"Ecological impacts of climate change on marine environments have been signi cant in the Antarctic Peninsula. Ecological responses may a ect sh fauna from the species level to community level. Our goal was to analyze histological and histochemical aspects of three stomach portions (cardiac, fundic and pyloric) of Notothenia rossii, an antarctic sh, under thermal stress using light microscopy. Fish were collected in Admiralty Bay and taken to the Brazilian Antarctic station ""Comandante Ferraz"". Fish (n=5/bioassay) were acclimated in seawater tanks (0C/35) and exposed to temperatures of 0C (control), 4C and 8C during 1, 4, 15 and 30 days. Samples were processed and stained with haematoxylin/eosin, Periodic Schi acid, Alcian-Blue pH 2.5 and 1.5. Heating caused an increase in the muscle layer of fundic and pyloric regions in samples kept for 1 day at 8C and 4 days at 4C, compared with the control group. Expression of neutral glycosaminoglycans was not a ected by increasing temperature.",https://doi.org/10.4322/apa.2016.013,2016-01-01,2016,8.204225,0,1,,,article,TRUE,TRUE,diamond,https://doi.org/10.4322/apa.2016.013,FALSE,INCT-APA Annual Activity Report,https://openalex.org/S4210208978,2177-918X,NA,NA,https://doi.org/10.4322/apa.2016.013,https://doi.org/10.4322/apa.2016.013,NA,publishedVersion,,13,,,,,FALSE,FALSE,en,,,,,83,87,NA,NA
https://openalex.org/W4392386805,Limited interspecific gene flow in the evolutionary history of the icefish genus <i>Chionodraco</i>,Limited interspecific gene flow in the evolutionary history of the icefish genus <i>Chionodraco</i>,,"Abstract Hybridization and introgression are recognized as mechanisms promoting genetic variability during evolutionary radiations. We examined the impact of introgression in the process of speciation, focusing on the Antarctic icefish genus Chionodraco. Our analyses confirmed that the three Chionodraco species (Chionodraco hamatus, Chionodraco myersi, and Chionodraco rastrospinosus) were genetically distinctive, despite signals of past interspecific gene flow between C. hamatus and C. myersi that likely occurred during interglacial periods. However, in this study, no recent hybrids were identified. The lack of contemporary hybridization may be due to life-history traits and the type of marker used in the analysis. Our study emphasizes the importance of genomic approaches to detect subtle patterns of past hybridization accurately and highlights the significance of historical climate events in the demographic and evolutionary history of Antarctic notothenioids. Polar regions, and especially the Antarctic Peninsula, are now experiencing the fastest climate changes due to global warming. Understanding the impact of past climate events is fundamental to trace current modifications in species’ genetic variability and distributions and predict future evolutionary trajectories. This knowledge is also vital for conservation efforts, including the implementation of marine protected areas.",https://doi.org/10.1093/icesjms/fsae019,2024-03-01,2024,8.015814,0.8533,2,,,article,TRUE,TRUE,gold,https://academic.oup.com/icesjms/advance-article-pdf/doi/10.1093/icesjms/fsae019/56812505/fsae019.pdf,TRUE,ICES Journal of Marine Science,https://openalex.org/S200038611,1054-3139,https://openalex.org/P4310311648,Oxford University Press,https://doi.org/10.1093/icesjms/fsae019,https://academic.oup.com/icesjms/advance-article-pdf/doi/10.1093/icesjms/fsae019/56812505/fsae019.pdf,cc-by,publishedVersion,,59,,,,,FALSE,FALSE,en,,,,,676,686,81,4
https://openalex.org/W4308852993,"Larval stages of the Antarctic dragonfish <scp><i>Akarotaxis nudiceps</i></scp> (Waite, 1916), with comments on the larvae of the morphologically similar species <scp><i>Prionodraco evansii</i></scp> Regan 1914 (Notothenioidei: Bathydraconidae)","Larval stages of the Antarctic dragonfish <scp><i>Akarotaxis nudiceps</i></scp> (Waite, 1916), with comments on the larvae of the morphologically similar species <scp><i>Prionodraco evansii</i></scp> Regan 1914 (Notothenioidei: Bathydraconidae)",,"The notothenioid family Bathydraconidae is a poorly understood family of fishes endemic to the Southern Ocean. There is especially little information on Akarotaxis nudiceps, one of the deepest-dwelling and least fecund bathydraconid species. Using genetic and morphological data, we document and describe the larval stages of this unique species, offer a novel characteristic to distinguish it from the morphologically similar bathydraconid Prionodraco evansii and use the sampling locations to infer a possible spawning area of A. nudiceps along the western Antarctic Peninsula. These results provide important baseline information for locating, identifying and studying the biology of A. nudiceps, an important component of the Southern Ocean ecosystem.",https://doi.org/10.1111/jfb.15267,2022-11-13,2022,6.7056932,0.2663,1,,,article,TRUE,TRUE,hybrid,https://onlinelibrary.wiley.com/doi/pdfdirect/10.1111/jfb.15267,TRUE,Journal of Fish Biology,https://openalex.org/S9351502,0022-1112,https://openalex.org/P4310320595,Wiley,https://doi.org/10.1111/jfb.15267,https://onlinelibrary.wiley.com/doi/pdfdirect/10.1111/jfb.15267,cc-by,publishedVersion,,46,,,,,FALSE,FALSE,en,,,,,395,402,102,2
https://openalex.org/W4293076966,"The Stress Response in Antarctic Fish: HPI Modulation, Cortisol Profiles, Interrenal Sensitivity, and Gene Expression of Notothenia rossii Acclimated to Temperature Challenges","The Stress Response in Antarctic Fish: HPI Modulation, Cortisol Profiles, Interrenal Sensitivity, and Gene Expression of Notothenia rossii Acclimated to Temperature Challenges",,"The Antarctic Ocean is one of the most extreme marine environments. Antarctic fishes evolved in stable cold thermal conditions (&minus;1.9 &deg;C to 2 &deg;C) for roughly 20 million years, displaying structural and functional features resulting from adaptation or inherited from resilient ancestral species. Climate change forecast models show temperatures may increase at a relevant pace. As fish face a warmer future, their physiological ability to adapt is uncertain. We aimed at evaluating the capabilities of the hypothalamus&ndash;pituitary&ndash;interrenal (HPI) axis in Antarctic fish and show plasma cortisol profiles, expression of key genes, the sensitivity of the ex vivo interrenal tissue, and the responses to known modulators of the HPI axis in temperature-acclimated fish before and after stress. Notothenia rossii were collected from the waters of Admiralty and Maxwell bays, in King George Island, and transferred to an open circuit with ocean-pumped seawater. Upon acclimation, three sets of experiments were performed: (1) eight groups at 2 &deg;C were injected with drugs involved in blockage or stimulation of cortisol release/action (saline, cortisol, dexamethasone, metyrapone, spironolactone, mifepristone) and then kept at control or transferred to 6 &deg;C and sampled after 36 h; (2) fish at 2 &deg;C were exposed to a standard stress test (SST: chasing+netting+1min air exposure), returned to the respective tank and sampled after 1, 4 and 24 h, while one undisturbed group served as control; (3) six groups were acclimated to 2, 5 and 8 &deg;C for 10 days when the control group of each temperature was sacrificed. The other group received SST and was sacrificed 90 min after. Plasma and tissue samples were collected for cortisol and stress-related genes, and the interrenal was used in vitro to determine sensitivity to ACTH in a perfusion system with a continuous flow of oxygenated ringers, and 20 min fractions were collected for 240 min. Cortisol was measured via radioimmunoassay, while glucose and lactate were determined using colorimetric kits; gene expression was evaluated by qPCR. Manipulation of the HPI axis revealed that these fish show similar dynamics to those reported in temperate fish but with lower amplitude. After SST, cortisol peaked at 1&ndash;4 h and reduced to basal between 24 and 48 h. Temperature influenced the cortisol response to SST. At higher temperatures, cortisol levels in the non-stressed group were as high as in fish subjected to SST. Interrenal cells showed little response to ACTH in warm conditions, suggesting low sensitivity and/or exhaustion. Liver cortisol receptor genes were downregulated, possibly indicating a peripheral desensitization process that parallels HPI. These results show the ability to respond to stress at cold and mild temperatures but important impairments and substantial allostasis in warm or continuously increasing temperatures.",https://doi.org/10.3390/blsf2022013058,2022-06-07,2022,6.588936,0.3396,2,,,article,TRUE,TRUE,gold,https://www.mdpi.com/2673-9976/13/1/58/pdf?version=1654666656,TRUE,NA,NA,NA,NA,NA,https://doi.org/10.3390/blsf2022013058,https://www.mdpi.com/2673-9976/13/1/58/pdf?version=1654666656,cc-by,publishedVersion,,0,,,,,FALSE,FALSE,en,,,,,58,58,NA,NA
https://openalex.org/W4401542776,"Fish in the diet of the Antarctic Shag Leucocarbo bransfieldensis breeding at Paradise Bay, Antarctic Peninsula","Fish in the diet of the Antarctic Shag Leucocarbo bransfieldensis breeding at Paradise Bay, Antarctic Peninsula",,NA,https://doi.org/10.1007/s00300-024-03293-2,2024-08-13,2024,6.0171638,0,0,,,article,FALSE,FALSE,closed,NA,FALSE,Polar Biology,https://openalex.org/S196656238,0722-4060,https://openalex.org/P4310319900,Springer Science+Business Media,http://dx.doi.org/10.1007/s00300-024-03293-2,NA,NA,publishedVersion,,18,,,,,FALSE,FALSE,en,,,,,1165,1168,47,10
https://openalex.org/W4414019430,Growth Patterns and Body Condition of Notothenioid Fish (Genus <i>Trematomus</i> ) From the Antarctic Peninsula and Weddell Sea,Growth Patterns and Body Condition of Notothenioid Fish (Genus <i>Trematomus</i> ) From the Antarctic Peninsula and Weddell Sea,,"Growth patterns and body condition of 10 species of Trematomus (family Nototheniidae) collected off the Antarctic Peninsula and in the Weddell Sea during seven cruises carried out between 2002 and 2022 were estimated by length–weight relationships (LWRs) and relative condition factors ( K rel ). Most of the investigated species exhibited positive allometric growth, except for males of T. scotti and females of T. tokarevi , which showed isometric growth. Sex‐related differences of slope (b) in the LWRs were recorded only in T. eulepidotus and T. scotti . No slope differences were found when comparing populations from the two sampling areas. The form factor, derived from the LWR parameters, was a reliable indicator of body shape and was consistent with the mode of life of each species. K rel was evenly distributed around unity, although data dispersion differed among the species. The overall similarity of growth patterns and body condition among the different species of Trematomus was likely due to their genetic similarity and common life history strategies despite their wide spatial distributions and different modes of life.",https://doi.org/10.1155/jai/1341030,2025-01-01,2025,5.9501333,1.769,1,,,article,TRUE,TRUE,hybrid,https://onlinelibrary.wiley.com/doi/pdfdirect/10.1155/jai/1341030,FALSE,Journal of Applied Ichthyology,https://openalex.org/S28438197,0175-8659,https://openalex.org/P4310320595,Wiley,https://doi.org/10.1155/jai/1341030,https://onlinelibrary.wiley.com/doi/pdfdirect/10.1155/jai/1341030,cc-by,publishedVersion,,18,,,,,FALSE,FALSE,en,,,,,NA,NA,2025,1
https://openalex.org/W2803404874,"Peer Review #1 of ""Lighten up the dark: metazoan parasites as indicators for the ecology of Antarctic crocodile icefish (Channichthyidae) from the north-west Antarctic Peninsula (v0.1)""","Peer Review #1 of ""Lighten up the dark: metazoan parasites as indicators for the ecology of Antarctic crocodile icefish (Channichthyidae) from the north-west Antarctic Peninsula (v0.1)""",,"Due to its remote and isolated location, Antarctica is home to a unique diversity of species.The harsh conditions have shaped a primarily highly adapted endemic fauna.This includes the notothenioid family Channichthyidae.Their exceptional physiological adaptations have made this family of icefish the focus of many studies.However, studies on their ecology, especially on their parasite fauna, are comparatively rare.Parasites, directly linked to the food chain, can function as biological indicators and provide valuable information on host ecology (e.g.trophic interactions) even in remote habitats with limited accessibility, such as the Southern Ocean.In the present study, channichthyid fish (Champsocephalus gunnari: n = 25, Chaenodraco wilsoni: n = 33, Neopagetopsis ionah: n = 3, Pagetopsis macropterus: n = 4, Pseudochaenichthys georgianus: n = 15) were collected off South Shetland Island, Elephant Island and the tip of the Antarctic Peninsula (CCAML statistical subarea 48.1).The parasite fauna consisted of 14 genera and 15 species, belonging to the six taxonomic groups including Digenea (4 species), Nematoda (4), Cestoda (2), Acanthocephala (1), Hirudinea (3), and Copepoda (1).The stomach contents were less diverse with only Crustacea (Euphausiacea, Amphipoda) recovered from all examined fishes.Overall, 15 new parasite-host records could be established, and possibly a new genotype or even species might exist among the nematodes.",https://doi.org/10.7287/peerj.4638v0.1/reviews/1,2018-05-11,2018,5.7695327,NA,0,,,peer-review,TRUE,TRUE,gold,https://doi.org/10.7287/peerj.4638v0.1/reviews/1,NA,NA,NA,NA,NA,NA,https://doi.org/10.7287/peerj.4638v0.1/reviews/1,NA,cc-by,publishedVersion,,46,,,,,FALSE,FALSE,en,,,,,NA,NA,NA,NA
https://openalex.org/W4237637659,"Peer Review #2 of ""Lighten up the dark: metazoan parasites as indicators for the ecology of Antarctic crocodile icefish (Channichthyidae) from the north-west Antarctic Peninsula (v0.1)""","Peer Review #2 of ""Lighten up the dark: metazoan parasites as indicators for the ecology of Antarctic crocodile icefish (Channichthyidae) from the north-west Antarctic Peninsula (v0.1)""",,"Due to its remote and isolated location, Antarctica is home to a unique diversity of species.The harsh conditions have shaped a primarily highly adapted endemic fauna.This includes the notothenioid family Channichthyidae.Their exceptional physiological adaptations have made this family of icefish the focus of many studies.However, studies on their ecology, especially on their parasite fauna, are comparatively rare.Parasites, directly linked to the food chain, can function as biological indicators and provide valuable information on host ecology (e.g.trophic interactions) even in remote habitats with limited accessibility, such as the Southern Ocean.In the present study, channichthyid fish (Champsocephalus gunnari: n = 25, Chaenodraco wilsoni: n = 33, Neopagetopsis ionah: n = 3, Pagetopsis macropterus: n = 4, Pseudochaenichthys georgianus: n = 15) were collected off South Shetland Island, Elephant Island and the tip of the Antarctic Peninsula (CCAML statistical subarea 48.1).The parasite fauna consisted of 14 genera and 15 species, belonging to the six taxonomic groups including Digenea (4 species), Nematoda (4), Cestoda (2), Acanthocephala (1), Hirudinea (3), and Copepoda (1).The stomach contents were less diverse with only Crustacea (Euphausiacea, Amphipoda) recovered from all examined fishes.Overall, 15 new parasite-host records could be established, and possibly a new genotype or even species might exist among the nematodes.",https://doi.org/10.7287/peerj.4638v0.1/reviews/2,2018-05-11,2018,5.7680545,NA,0,,,peer-review,TRUE,TRUE,gold,https://peerj.com/articles/4638v0.2/submission,NA,NA,NA,NA,NA,NA,https://doi.org/10.7287/peerj.4638v0.1/reviews/2,https://peerj.com/articles/4638v0.2/submission,cc-by,publishedVersion,,45,,,,,FALSE,FALSE,en,,,,,NA,NA,NA,NA
https://openalex.org/W4404889936,Environmental DNA as a novel tool for monitoring fish community structure and diversity feature in the northern Antarctic Peninsula,Environmental DNA as a novel tool for monitoring fish community structure and diversity feature in the northern Antarctic Peninsula,,NA,https://doi.org/10.1016/j.ecss.2024.109076,2024-12-01,2024,5.6461296,0,0,,,article,FALSE,FALSE,closed,NA,FALSE,Estuarine Coastal and Shelf Science,https://openalex.org/S43867544,0272-7714,https://openalex.org/P4310320990,Elsevier BV,https://doi.org/10.1016/j.ecss.2024.109076,NA,NA,publishedVersion,,109,,,,,FALSE,FALSE,en,,,,,109076,109076,313,NA
https://openalex.org/W2320857988,Molecular differentiation of two antarctic fish species of the genus Notothenia (Notothenioidei: Nototheniidae) by PCR-RFLP technique,Molecular differentiation of two antarctic fish species of the genus Notothenia (Notothenioidei: Nototheniidae) by PCR-RFLP technique,,"The Antarctic fish Notothenia rossii and Notothenia coriiceps were selected as target organisms for studies of biomarker responses of environmental monitoring research of Admiralty Bay, King George Island. In this case, molecular taxonomy analysis of the referred population became an important study subject in order to increase the knowledge of especies diversity.",https://doi.org/10.4322/apa.2014.039,2010-01-01,2010,5.4041967,0,0,,,article,TRUE,TRUE,bronze,https://doi.org/10.4322/apa.2014.039,FALSE,INCT-APA Annual Activity Report,https://openalex.org/S4210208978,2177-918X,NA,NA,http://doi.org/10.4322/apa.2014.039,https://doi.org/10.4322/apa.2014.039,NA,publishedVersion,,6,,,,,FALSE,FALSE,en,,,,,141,144,NA,NA
https://openalex.org/W7154912915,"Changes in the Diet of Antarctic Shags ( <i>Leucocarbo bransfieldensis</i> ) Among Breeding Colonies and Over Time at Danco Coast, Antarctic Peninsula","Changes in the Diet of Antarctic Shags ( <i>Leucocarbo bransfieldensis</i> ) Among Breeding Colonies and Over Time at Danco Coast, Antarctic Peninsula",,"Coastal waters along the Danco Coast, western Antarctic Peninsula, form a highly productive ecosystem that supports a high abundance of top predators. However, this region is experiencing accelerated environmental change, leading to significant changes in prey availability and food‐web structure. In this context, predator diets provide valuable indicators of ecosystem status. The diet composition of Antarctic shags ( Leucocarbo bransfieldensis ) during the 2018 chick‐rearing period at three breeding colonies was investigated through pellet analysis ( N = 91). Antarctic shags primarily consumed demersal–pelagic prey. Dominant prey species were Antarctic black rockcod ( Notothenia coriiceps ) and Dusky notothen ( Trematomus newnesi ), with colony‐specific variation. No significant changes were detected between chick‐rearing stages; however, a gradual decline in the number and mass of the N. coriiceps , and an increased contribution of smaller prey species, such as T. newnesi and H. antarcticus, was detected as the chicks approached fledging. The results are compared with previously published dietary data from the same area and discussed in relation to potential long‐term variability in prey availability and implications for ecosystem monitoring.",https://doi.org/10.1002/nzm2.70042,2026-04-18,2026,5.2687535,0,0,,,article,FALSE,FALSE,closed,NA,FALSE,New Zealand Journal of Marine and Freshwater Research,https://openalex.org/S33142482,0028-8330,https://openalex.org/P4310320547,Taylor & Francis,https://doi.org/10.1002/nzm2.70042,NA,NA,publishedVersion,,25,,,,,FALSE,FALSE,en,,,,,NA,NA,60,2
https://openalex.org/W2999127334,Infestation dynamics between parasitic Antarctic fish leeches (Piscicolidae) and their crocodile icefish hosts (Channichthyidae),Infestation dynamics between parasitic Antarctic fish leeches (Piscicolidae) and their crocodile icefish hosts (Channichthyidae),,"Abstract An understanding of host-parasite interactions represents an important, but often overlooked, axis for predicting how marine biodiversity may be impacted by continued environmental change over the next century. For host and parasite communities in the Southern Ocean, investigations of many major groups of parasites have largely been limited to taxonomic and phylogenetic studies, creating an urgent need for the collection of baseline ecological data if we are to detect changes in host-parasite interactions in the future. Here, we survey three species of Crocodile icefish (Notothenioidei: Channichthyidae) collected from two island archipelagos in Antarctica’s South Scotia Arc region for evidence of leech infestations. Specifically, we report on infestation prevalence and intensity of three leech species ( Trulliobdella bacilliformis , Trulliobdella capitis , and Nototheniobdella sawyeri ) on the host fish species Chaenocephalus aceratus , Champsocephalus gunnari , and Chionodraco rastrospinosus. Additionally, we characterize spatial patterns of relative abundances of each leech species across the Elephant and South Orkney Islands, size distribution of parasitized fish, and patterns of host and attachment site specificity. Our results reveal high levels of attachment area fidelity for each leech species. These results suggest skin thickness and density of the vascular network constrain leech attachment sites and further suggest trophic transmission to be an important axis of parasitization. We also demonstrate that, while leech species appear to be clustered spatially, this clustering does not appear to be correlated with fish biomass. This study illuminates the complex interactions among fish hosts and leech parasites in the Southern Ocean and lays the groundwork for future studies of Antarctic marine leech ecology that can aid in forecasting how host-parasite interactions may shift in the face of ongoing climate change.",https://doi.org/10.1101/2020.01.07.897496,2020-01-08,2020,5.016783,NA,0,,,preprint,TRUE,TRUE,green,https://www.biorxiv.org/content/biorxiv/early/2020/01/08/2020.01.07.897496.full.pdf,TRUE,bioRxiv (Cold Spring Harbor Laboratory),https://openalex.org/S4306402567,NA,https://openalex.org/I2750212522,Cold Spring Harbor Laboratory,https://doi.org/10.1101/2020.01.07.897496,https://www.biorxiv.org/content/biorxiv/early/2020/01/08/2020.01.07.897496.full.pdf,cc-by,acceptedVersion,,69,,,,,FALSE,FALSE,en,,,,,NA,NA,NA,NA
https://openalex.org/W4415441811,Recent IUCN Red List assessments of two species of icefish (Channichthyidae) reveal concerns about the Red List process and opportunities for improvement,Recent IUCN Red List assessments of two species of icefish (Channichthyidae) reveal concerns about the Red List process and opportunities for improvement,,NA,https://doi.org/10.2139/ssrn.5639373,2025-01-01,2025,5.004241,NA,0,,,preprint,TRUE,TRUE,green,https://doi.org/10.2139/ssrn.5639373,TRUE,SSRN Electronic Journal,https://openalex.org/S4210172589,1556-5068,https://openalex.org/I1318003438,RELX Group (Netherlands),https://doi.org/10.2139/ssrn.5639373,NA,NA,acceptedVersion,,50,,,,,FALSE,FALSE,en,,,,,NA,NA,NA,NA
https://openalex.org/W4415369397,The Immune System in Antarctic and Subantarctic Fish of the Genus Harpagifer Is Affected by the Effects of Combined Microplastics and Thermal Increase,The Immune System in Antarctic and Subantarctic Fish of the Genus Harpagifer Is Affected by the Effects of Combined Microplastics and Thermal Increase,,"Rising ocean temperatures due to climate change, combined with the intensification of anthropogenic activity, may lead to changes in the physiology and distribution of native species. Compounding climate stress, microplastic particles (MPs) enter the oceans through wastewater and the breakdown of macroplastics. Depending on their composition, they can be harmful and act as a vehicle for toxic substances, although their effects on native Antarctic and subantarctic species are unknown. Notothenioid fish are members of this group and are found inside and outside Antarctica, such as the Harpagifer, which has adapted to the cold and is particularly sensitive to thermal increases. Here, we aimed to evaluate the innate immune response in the head kidney, spleen, and foregut of two notothenoid fish, Harpagifer antarcticus and Harpagifer bispinis, exposed to elevated temperatures and PVC (polyvinyl chloride) microplastics. Adults from both species were collected on King George Island (Antarctica) and Punta Arenas (Chile), respectively. Specimens were assigned to a control group or exposed to a temperature increase (TI) or PVC microplastics (MPs), separately or in combination (MPs + TI). MP exposures were oral (gavage) for 24 h or aqueous (in a bath) for 24 and 48 h. Using real-time qPCR, we evaluated the relative gene expression of markers involved in the innate immune response, including tlr2 (toll-like receptor 2), tlr4 (toll-like receptor 4), myd88 (myeloid differentiation factor 88), nfkb (nuclear factor kb), il6 (interleukin 6), and il8 (irterleukin 8). We found differences between treatments when H. antarcticus and H. bispinis were exposed independently to MPs or thermal increase (TI) in the experiment with a cannula, showing an up-regulation in transcripts. In contrast, a down-regulation was observed when exposed in combination to MP + TI, which looked to be tissue-dependent. However, transcripts related to innate immunity in the bath experiment increased when exposure to both stressors was combined, mostly at 48 h. These results highlight the importance of evaluating the effects of multiple stressors, both independently and in combination, and whether these species will have the capacity to adapt or survive under these conditions, especially in waters where temperature is increasing and pollution is also rising, primarily from MP-PVC, a plastic widely used in various industries and among the population.",https://doi.org/10.3390/ijms26209968,2025-10-13,2025,4.9939404,0.3971,1,,,article,TRUE,TRUE,gold,https://www.mdpi.com/1422-0067/26/20/9968/pdf?version=1760369309,TRUE,International Journal of Molecular Sciences,https://openalex.org/S10623703,1422-0067,https://openalex.org/P4310310987,Multidisciplinary Digital Publishing Institute,https://doi.org/10.3390/ijms26209968,https://www.mdpi.com/1422-0067/26/20/9968/pdf?version=1760369309,cc-by,publishedVersion,,77,,,,,FALSE,FALSE,en,,,,,9968,9968,26,20
https://openalex.org/W7117584476,Recent IUCN Red List Assessments of Two Species of Icefish (Channichthyidae) Reveal Concerns about the Red List Process and Opportunities for Improvement,Recent IUCN Red List Assessments of Two Species of Icefish (Channichthyidae) Reveal Concerns about the Red List Process and Opportunities for Improvement,,NA,https://doi.org/10.2139/ssrn.5975405,2025-01-01,2025,4.953085,NA,0,,,preprint,TRUE,TRUE,green,https://doi.org/10.2139/ssrn.5975405,TRUE,SSRN Electronic Journal,https://openalex.org/S4210172589,1556-5068,https://openalex.org/I1318003438,RELX Group (Netherlands),https://doi.org/10.2139/ssrn.5975405,NA,NA,acceptedVersion,,0,,,,,FALSE,FALSE,NA,,,,,NA,NA,NA,NA
https://openalex.org/W4409128150,"The Scaly Notothen Trematomus loennbergii a new host, and the Ross Sea, Antarctica, a new locality for dermal X‑cell parasites Notoxcellia spp.","The Scaly Notothen Trematomus loennbergii a new host, and the Ross Sea, Antarctica, a new locality for dermal X‑cell parasites Notoxcellia spp.",,"Abstract Pathogens affecting Antarctic fishes remain mostly unknown and are largely limited to the description of macroparasites such as leeches and endoparasitic worms. Fish, however, occupy a crucial role in the functioning of the Antarctic ecosystem and deterioration of their health can alter the entire Antarctic food chain. In recent years, several studies have identified novel viruses and unicellular parasites affecting the health of notothenioid fishes. Among those, the unicellular parasitic family Xcellidae has received attention following the discovery of an unprecedented disease outbreak in a fjord on the Western Antarctic Peninsula. This pathological situation was caused by a novel X-cell genus Notoxcellia . Soon thereafter, an additional X-cell genus, Cryoxcellia , was described infecting the Bald Notothen Trematomus borchgrevinki in the Ross Sea. These studies raised awareness and drew observers’ and researchers’ attention to pathologies in Antarctic fishes. Here, we report that during a 2023 Ross Sea shelf survey, a specimen of the Scaly Notothen Trematomus loennbergii displaying skin lesions reminiscent of Notoxcellia infection had been ingested by an Antarctic Toothfish Dissostichus mawsoni and was recovered from its stomach. Molecular analyses confirmed the presence of Notoxcellia sp. X-cell parasites in the fish’s lesions. This new case of X-cell disease suggests that Notoxcellia spp. may have a circumpolar distribution and stresses the need for monitoring Antarctic fish health similar to surveillance protocols for Antarctic birds and marine mammals.",https://doi.org/10.1007/s00300-025-03379-5,2025-04-01,2025,4.731574,0,0,,,article,TRUE,TRUE,hybrid,https://link.springer.com/content/pdf/10.1007/s00300-025-03379-5.pdf,FALSE,Polar Biology,https://openalex.org/S196656238,0722-4060,https://openalex.org/P4310319900,Springer Science+Business Media,https://doi.org/10.1007/s00300-025-03379-5,https://link.springer.com/content/pdf/10.1007/s00300-025-03379-5.pdf,cc-by,publishedVersion,,30,,,,,FALSE,FALSE,en,,,,,NA,NA,48,2
https://openalex.org/W4392876269,Potter Cove’s Heavyweights: Estimation of species’ interaction strength of an Antarctic food web,Potter Cove’s Heavyweights: Estimation of species’ interaction strength of an Antarctic food web,,"Understanding the complex interplay between structure and stability of marine food webs is crucial for assessing ecosystem resilience, particularly in the context of ongoing environmental changes. In the West Antarctic Peninsula, global warming has led to severe alterations in community composition, species distribution, and abundance over the last decades. In this study, we estimate the interaction strength within the Potter Cove (South Shetland Islands, Antarctica) food web to elucidate the roles of species in its structure and functioning. We use these estimates to calculate food web stability in response to perturbations, conducting sequential extinctions to quantify the importance of individual species based on changes in stability and food web fragmentation. We explore connections between interaction strength and key topological properties of the food web. Our findings reveal an asymmetric distribution of interaction strengths, with a prevalence of weak interactions and a few strong ones. Species exerting greater influence within the food web displayed higher degree and trophic similarity but occupied lower trophic levels and displayed lower omnivory levels (e.g., macroalgae and detritus). Extinction simulations revealed the key role of certain species, particularly amphipods and the black rockcod Notothenia coriiceps, as their removal led to significant changes in food web stability and network fragmentation. This study highlights the importance of considering species interaction strengths in assessing the stability of polar marine ecosystems. These insights have crucial implications for guiding monitoring and conservation strategies aimed at preserving the integrity of Antarctic marine ecosystems.",https://doi.org/10.32942/x2bc9x,2024-03-16,2024,4.652412,0,0,,,preprint,TRUE,TRUE,gold,https://ecoevorxiv.org/repository/object/6852/download/13194/,NA,NA,NA,NA,NA,NA,http://dx.doi.org/10.32942/x2bc9x,https://ecoevorxiv.org/repository/object/6852/download/13194/,cc-by,acceptedVersion,,50,,,,,FALSE,FALSE,en,,,,,NA,NA,NA,NA
https://openalex.org/W4245831176,Hydrographic features in the north-eastern Pacific in the autumn-winter of 1958–1959,Hydrographic features in the north-eastern Pacific in the autumn-winter of 1958–1959,,NA,https://doi.org/10.1016/0011-7471(62)90232-2,1962-05-01,1962,4.648527,0,0,,,article,FALSE,FALSE,closed,NA,FALSE,Deep Sea Research and Oceanographic Abstracts,https://openalex.org/S8431725,0011-7471,https://openalex.org/P4310320990,Elsevier BV,https://doi.org/10.1016/0011-7471(62)90232-2,NA,NA,publishedVersion,,0,,,,,FALSE,FALSE,en,,,,,262,262,9,5-6
https://openalex.org/W4395464462,Potter Cove’s Heavyweights: Estimation of species’ interaction strength of an Antarctic food web,Potter Cove’s Heavyweights: Estimation of species’ interaction strength of an Antarctic food web,,"Understanding the complex interplay between structure and stability of marine food webs is crucial for assessing ecosystem resilience, particularly in the context of ongoing environmental changes. In the West Antarctic Peninsula, global warming has led to severe alterations in community composition, species distribution, and abundance over the last decades. In this study, we estimate the interaction strength within the Potter Cove (South Shetland Islands, Antarctica) food web to elucidate the roles of species in its structure and functioning. We use these estimates to calculate food web stability in response to perturbations, conducting sequential extinctions to quantify the importance of individual species based on changes in stability and food web fragmentation. We explore connections between interaction strength and key topological properties of the food web. Our findings reveal an asymmetric distribution of interaction strengths, with a prevalence of weak interactions and a few strong ones. Species exerting greater influence within the food web displayed higher degree and trophic similarity but occupied lower trophic levels and displayed lower omnivory levels (e.g., macroalgae and detritus). Extinction simulations revealed the key role of certain species, particularly amphipods and the black rockcod Notothenia coriiceps, as their removal led to significant changes in food web stability and network fragmentation. This study highlights the importance of considering species interaction strengths in assessing the stability of polar marine ecosystems. These insights have crucial implications for guiding monitoring and conservation strategies aimed at preserving the integrity of Antarctic marine ecosystems.",https://doi.org/10.22541/au.171404675.58684363/v1,2024-04-25,2024,4.6224895,0,0,,,preprint,TRUE,TRUE,gold,https://www.authorea.com/doi/pdf/10.22541/au.171404675.58684363,NA,NA,NA,NA,NA,NA,https://doi.org/10.22541/au.171404675.58684363/v1,https://www.authorea.com/doi/pdf/10.22541/au.171404675.58684363,NA,acceptedVersion,,50,,,,,FALSE,FALSE,en,,,,,NA,NA,NA,NA
https://openalex.org/W4400883595,Morphometric characteristics of Antarctic krill (Euphausia superba) and finfish bycatch in the krill fishery in the waters of South Orkney Islands during the 2022/23 fishing season,Morphometric characteristics of Antarctic krill (Euphausia superba) and finfish bycatch in the krill fishery in the waters of South Orkney Islands during the 2022/23 fishing season,,"Determination of bar spacing of bycatch reduction devices (BRDs) should consider species composition and morphometric characteristics (particularly width) of target species krill and bycatch. This study conducted a scientific investigation of the finfish bycatch in the Antarctic krill ( Euphausia superba ) trawl fishery by the fishing vessel SHEN LAN in the waters surrounding the South Orkney Islands from December 24, 2022, to February 20, 2023. The results show that scientific observers sampled 676 individuals of finfish bycatch. Of these, 665 were identified to species (17 species from 8 families), while the remaining 11 specimen were juveniles of the Nototheniidae family that could not be identified to the species level. IRI (index of relative importance) calculations showed three dominant (IRI value greater than 1,000) finfish bycatch species ( Champsocephalus gunnari , Pseudochaenichthys georgianus , and C. aceratus from the Channichthyidae family) and four important (IRI value between 1,000 and 100) finfish bycatch species ( Electrona carlsbergi and Gymnoscopelus nicholsi from the Myctophidae family , Gobionotothen gibberifrons from the Nototheniidae family, and Notolepis coatsi from the Paralepididae family). Our study provides morphometric data (particularly body width) that is crucial to model the potential for bycatch reduction by use of bycatch reduction devices (BRDs) and to determine the appropriate candidate bar spacings for BRD sea trials. Predictions suggest that a 10 mm (the maximum body width of krill) bar spacing releases a significant amount of dominant and important bycatch species (93.94% of C. gunnari , 53.99% of P. georgianus , 76.25% of C. aceratus , and 100% of G. gibberifrons ). Reduced fishing pressure would reduce the risks to dominant and important bycatch species to make the krill fishery sustainable. We recommend that future BRD sea trials should initially test a 10 mm bar spacing. If marked loss of krill is observed, wider spacings (e.g. 15 mm) must be tested.",https://doi.org/10.3389/fmars.2024.1325120,2024-07-22,2024,4.4297013,0,0,,,article,TRUE,TRUE,gold,https://www.frontiersin.org/journals/marine-science/articles/10.3389/fmars.2024.1325120/pdf,FALSE,Frontiers in Marine Science,https://openalex.org/S2596539584,2296-7745,https://openalex.org/P4310320527,Frontiers Media,https://doi.org/10.3389/fmars.2024.1325120,https://www.frontiersin.org/journals/marine-science/articles/10.3389/fmars.2024.1325120/pdf,cc-by,publishedVersion,,32,,,,,FALSE,FALSE,en,,,,,NA,NA,11,NA
https://openalex.org/W1155780,Investigations for utilizing pteropods as bioindicators of environmental change along the western Antarctic Peninsula,Investigations for utilizing pteropods as bioindicators of environmental change along the western Antarctic Peninsula,,"Pteropods are holoplanktonic gastropod molluscs found globally. Although species diversity is greater at lower latitudes, species abundance is greater at temperate and polar latitudes. Declines in pteropod populations have not only been correlated to declines of their major predators, but pteropods have also been used as bioindicators of global environmental changes such as ocean acidification. With high latitude abundances, pteropods provide significant sustenance for species such as the Atlantic salmon in the Atlantic Ocean and Pleuragramma antarcticum in the Southern Ocean. Because pteropods eat phytoplankton and other pteropods, factors that affect pteropod abundance influence many trophic levels. This dissertation explores ecological, physiological and trophodynamic relationships of pteropods when considering the influences of environmental factors observed to be altering the western Antarctic Peninsula's marine ecosystem. Over the last few decades very few studies have reported the distributions of pteropods along the western Antarctic Peninsula, in particular south of the Gerlache Strait. The ecological study provided the first detailed report of the pteropods Spongiobranchaea australis and Clione antarctica along the western Antarctic Peninsula south of the Gerlache Strait, and their local distribution was correlated to the region's major water masses and mesoscale water mass circulation. The physiological study of S. australis and C. antarctica yielded the first account of their metabolism, ratios of oxygen consumed to nitrogen excreted, proximate body composition, primary substrates oxidized, and enzymatic activities along the study's latitudinal gradient; the first report of S. australis' physiology anywhere around Antarctica. The final chapter utilized a comprehensive Ecopath with Ecosim model of the western Antarctic Peninsula's marine ecosystem. The model was used to explore the trophodynamic significance of pteropods within their polar marine ecosystem as well as changes in whole ecosystem trophodynamics by employing various climate change scenarios expected to alter the Peninsula's marine ecosystem over the next 40 years. The sum of these studies provides a foundation for exploring pteropods as bioindicators of environmental change along the western Antarctic Peninsula, a region currently experiencing considerable climate anomalies.",https://doi.org/10.1021/ac60359a016,2013-01-01,2013,4.347275,0,0,,,article,FALSE,TRUE,green,https://scholarcommons.usf.edu/cgi/viewcontent.cgi?article=5785&context=etd,TRUE,Analytical Chemistry,https://openalex.org/S191963794,0003-2700,https://openalex.org/P4310320006,American Chemical Society,https://digitalcommons.usf.edu/cgi/viewcontent.cgi?article=5785&context=etd,NA,NA,publishedVersion,,0,,,,,FALSE,FALSE,en,,,,,1629,34,47,9
https://openalex.org/W2773655369,"Population genetics of the Marbled rockcod Notothenia rossii in the Scotia Arc, Antarctica","Population genetics of the Marbled rockcod Notothenia rossii in the Scotia Arc, Antarctica",,"The Southern Ocean surrounding the Antarctic continent harbours a highly distinct and specialized ichthyofauna with 107 of the species belonging to the perciform suborder Notothenioidei, which represents one of the rare cases of an adaptive radiation in the marine realm. For this unique fish group, knowledge about population connectivity and genetic structure is important for disentangling the factors that regulate gene flow among populations and influence speciation processes. Furthermore, understanding population identity and demographic history is a prerequisite for decision-making in management and conservation. In this regard, the Marbled rockcod Notothenia rossii is of special interest due to its distribution in an environment affected by rapid climate change and having been heavily targeted by fisheries in the 1970s, leading to a collapse of stocks in the Scotia Arc area. In this thesis, I have examined the population genetic structure and diversity of N rossii from the Atlantic sector of the Southern Ocean by using two different types of genetic markers. Overall, 93 specimens from Elephant Island, South Georgia Island and South Orkney Islands were analyzed with 7 cross-amplified microsatellite loci and one mitochondrial DNA marker ( cytochrome b ). Various measures of genetic differentiation and several clustering approaches were utilized to verify the results of an earlier study indicating the absence of genetic structuring between groups of individuals from different sampling locations and to identify genetic clusters of individuals. My results confam the lack of genetic differentiation for populations of N rossii in the Scotia Arc and provide tentative support for the hypothesis of subtle differences in the connectivity patterns among the investigated locations. In addition, coalescent-based methods allow insights into the demographic history of this species and hint at the occurrence of a large-scale expansion. Overall, the findings presented in this thesis point out that equilibrating levels of gene flow and historic fluctuations of effective population sizes probably caused by paleoclimatic events are major drivers responsible for shaping genetic signatures in populations of N rossii. Considering the existing knowledge on population genetic structures of notothenioids in the Southern Ocean, this study fmiher corroborates the idea that gene flow in Antarctic fishes is regulated by the interaction of general environmental factors and specific life history traits such as not only the pelagic duration of propagules but among others location of spawning and absolute fecundity.",NA,2015-01-01,2015,4.3339643,NA,0,,,dissertation,FALSE,FALSE,closed,NA,FALSE,Helmholtz Centre for Ocean Research Kiel (GEOMAR),https://openalex.org/S4306400264,NA,https://openalex.org/I34403800,GEOMAR Helmholtz Centre for Ocean Research Kiel,NA,NA,NA,acceptedVersion,,0,,,,,FALSE,FALSE,en,,,,,NA,NA,NA,NA
https://openalex.org/W1530067977,"LENGTH FREQUENCY ANALYSIS OF PLEURAGRAMMA ANTARCTICUM, ELECTRONA ANTARCTICA, PROTOMYCTOPHUM BOLINI","LENGTH FREQUENCY ANALYSIS OF PLEURAGRAMMA ANTARCTICUM, ELECTRONA ANTARCTICA, PROTOMYCTOPHUM BOLINI",,"British Antarctic Survey(BAS)data collected near the Antarctic Peninsula area were used in this1988/1989 study on the length frequency of three Antarctic fish species(Pleuragramma antarcticum,Electrona antarctica and Protomyctophum bolini)showing that the standard length(SL)of P.Antarcticumranged from 26.0 mm to 161.0 mm,that the 26.0 mm to 54.0 mm SL juveniles could be considered tobe the age group 1 fish,and that the SL of E.antarctica ranged from 39.4 mm to 89.7 mm for themales and 48.0 mm to 118.0 mm for the females,which may contain at least 6 age groups.This ismore than previously thought.P.Bolini had 29.2 mm to 60.2 mm SL and complicated age com-position.",NA,1995-01-01,1995,3.9221203,0,0,,,article,FALSE,FALSE,closed,NA,FALSE,中国海洋湖沼学报：英文版,https://openalex.org/S4306541957,NA,NA,NA,http://www.cqvip.com/QK/84119X/199504/1004930697.html,NA,NA,NA,,0,,,,,FALSE,FALSE,en,,,,,380,384,NA,4
https://openalex.org/W4245149149,Radiochemical determination of sodium-24sulphur-35 in sea water,Radiochemical determination of sodium-24sulphur-35 in sea water,,NA,https://doi.org/10.1016/0011-7471(63)90598-9,1963-10-01,1963,3.815724,0,0,,,article,FALSE,FALSE,closed,NA,FALSE,Deep Sea Research and Oceanographic Abstracts,https://openalex.org/S8431725,0011-7471,https://openalex.org/P4310320990,Elsevier BV,https://doi.org/10.1016/0011-7471(63)90598-9,NA,NA,publishedVersion,,0,,,,,FALSE,FALSE,en,,,,,547,548,10,4
https://openalex.org/W2605696299,Growth production of two notothenioid fish species from different geographical regions of the Antarctica,Growth production of two notothenioid fish species from different geographical regions of the Antarctica,,"To date, the ecology and in particular mechanisms influencing the growth and the distribution of Antarctic fish are still poorly understood. This study provides data about the age and growth of two dominant notothenioid fish species: the pelagic keystone species Pleuragramma antarcticum and the benthopelagic species Trematomus eulepidotus. Fish were sampled from different geographical regions of the Antarctic waters during expeditions with the research vessel POLARSTERN in 2003/2004, 2011, and 2012. Age was determined by sagittal otolith increment analysis. By applying the von Bertalanffy growth formula, growth curves for both species from the different study sites of the Antarctica were generated in order to assess their growth performance. Analysis revealed a maximum age of 13 years for P. antarcticum and 19 years for T. eulepidotous. Both species had relatively slow growth with growth coefficients (k) of 0.16 – 0.25 for P. antarcticum and 0.11 – 0.23 for T. eulepidotus and neither grew especially large. Nevertheless, T. eulepidotus achieved larger maximum lengths than P. antarcticum overall. Both species had significantly higher growth rates and a better nutritional condition at lower latitudes of the South Shetland Islands compared to the more southern areas of the eastern Weddell Sea. In this study, growth performances of the two species from different geographical areas are presented and compared both intra- and interspecifically. After Ccomparing these data, it is evident that both species grow faster at higher annual mean temperatures. Furthermore, fast growth coefficients were associated with lower maximum ages and therefore, seem to reduce the longevity of fish.",NA,2013-01-10,2013,3.7428653,NA,0,,,dissertation,FALSE,FALSE,closed,NA,FALSE,EPIC3,https://openalex.org/S4306509590,NA,NA,NA,https://epic.awi.de/43106/,NA,NA,NA,,0,,,,,FALSE,FALSE,en,,,,,NA,NA,NA,NA
https://openalex.org/W2970261271,Interannual And Regional Differences In Krill And Fish Prey Quality Along The Western Antarctic Peninsula,Interannual And Regional Differences In Krill And Fish Prey Quality Along The Western Antarctic Peninsula,,"Polar zooplankton and fish safeguard against the seasonality of food availability by using the summer months to build large reserves of lipids, which in turn are utilized to meet the metabolic demands of apex predators such as penguins, seals, and whales. A warming trend in the northern part of the western Antarctic Peninsula (WAP) has led to a decrease in perennial and summer sea ice, an increase in heat content over the shelf, and lower phytoplankton biomass, which could affect prey quality. We compared prey quality, including elemental (C, N) content and ratios, total, neutral, and polar lipid content, and energy densities, of known top-predator prey items (krill Euphaush1 superba, 17Jysanoessa macrura, and Euphausia crystallorophias; and fish Pleuragramma antarcticum, and Electrona antarctica) along the W AP latitudinal gradient in January of 2009-20 II as part of the Palmer Antarctica Long-Term Ecological Research study. E. antarctica had the highest prey quality in terms of total lipid content and energy density, followed by T. macrura and P. antarcticum, then E. c1ystallorophias and E. superba. For all species, variations in carbon and nitrogen content were best correlated with by the animals' neutral lipid content, in that animals with larger neutral lipid stores had significantly higher carbon and lower nitrogen content. Across all sexes and maturity stages, E. superba in the South had ca. 20% higher total lipid content than E. superba in the North. Total lipid content was also significantly higher in the South for E. crystallorophias, though this was largely due to the presence of larger individuals in the south combined with a significant positive relationship between length vs. weight-specific total lipid content for this species. For all prey species except T. macrura, there was a positive relationship between latitude or 0-120 m integrated Chi a vs. lipid content (neutral, polar, or total lipids), and a negative relationship between 0-120 m mean water temperature vs. lipid content. Trends opposite to those above found for T. macrura, suggest an optimal habitat for this species in the northern W AP which is characterized by warmer temperatures and lower Chi a. Patterns in Chi a were more important than upper water column temperature in explaining the observed latitudinal trends. If regional warming persists, the prey quality trends described for E. superba, combined with their regional abundance decline in the northern, coastal W AP could affect the ability of apex predators that rely on E. superba to meet their energetics demands.",https://doi.org/10.25773/v5-e9fr-3p80,2012-01-01,2012,3.4762983,0,0,,,article,TRUE,TRUE,green,https://scholarworks.wm.edu/cgi/viewcontent.cgi?article=3047&context=etd,TRUE,W&M Publish (College of William & Mary),https://openalex.org/S4306401254,NA,https://openalex.org/I16285277,William & Mary,https://scholarworks.wm.edu/etd/1539617917,https://scholarworks.wm.edu/cgi/viewcontent.cgi?article=3047&context=etd,NA,submittedVersion,,6,,,,,FALSE,FALSE,en,,,,,NA,NA,NA,NA
https://openalex.org/W4389166646,"Consumption of Antarctic krill Euphausia superba by mackerel icefish, Champsocephalus gunnari off the South Orkney Islands: filling an information gap in the current ecosystem based management approach","Consumption of Antarctic krill Euphausia superba by mackerel icefish, Champsocephalus gunnari off the South Orkney Islands: filling an information gap in the current ecosystem based management approach",,"<title>Abstract</title> The Antarctic marine ecosystem is largely dominated by <italic>Euphausia superba</italic>, the most abundant krill species consumed by a large number of predators, including whales, penguins, flying birds, seals, fish and cephalopods. Current management of the krill fishery follows an ecosystem-based approach which takes into account the distribution, abundance of <italic>E. superba</italic> and its main predators plus their interactions. Mackerel icefish, <italic>Champsocephalus gunnari</italic>, was once considered the most abundant meso-pelagic fish species and a very important consumer of <italic>E. superba</italic> until its population was collapsed by overfishing in the early 90s. Currently, <italic>C. gunnari</italic> populations are slowly recovering which will increase <italic>E. superba</italic> predation. Therefore, in the present work, we analyze the distribution and density of <italic>E. superba</italic> and <italic>C. gunnari</italic>, gain some insights about the type of foraging strategy of <italic>C. gunnari</italic> and estimate its consumption on <italic>E. superba</italic> is consumed by <italic>C. gunnari</italic> under three different biomass scenarios: 7,000 (B<sub>t</sub>), 70,000 (B<sub>50%</sub>) and 140,000 (B<sub>0</sub>) t. We put special focus on the potential area of overlapping between <italic>C. gunnari</italic> and Adélie penguin (<italic>Pygoscelis adeliae</italic>) off the South Orkney islands. Bayesian geostatistical models were used to test whether <italic>C. gunnari</italic> followed an ideal or generalized ideal free distribution. Spatially explicit consumption estimates were obtained under scenarios of 7,000 (B<sub>t</sub>), 70,000 (B<sub>50%</sub>) and 140,000 (B<sub>0</sub>) t of <italic>C. gunnari</italic> biomass. We found that both species have a higher probability of presence and density north of the South Orkney Islands, where they present a high overlap. The probability of presence of <italic>Champsocephalus gunnari</italic> was best explained by the ideal free distribution whereas its acoustic density was best explained by an independent spatial model that lacked any relation with the distribution of <italic>E. superba</italic>. Individual consumption of <italic>E. supeba</italic> by <italic>C. gunnari</italic> was estimated to be 153.5 ± 77.9 g ind<sup>-1</sup>. Thus, current biomass (B<sub>t</sub>) would only remove ~ 0.07% of <italic>E. superba</italic> biomass in the focus area. Under a pre-exploitation biomass level (B<sub>0</sub>), <italic>C. gunnari</italic> would remove ~ 1.4% of <italic>E. superba</italic> biomass. The present work present novel information on the relationship between a key species like <italic>E. superba</italic> and a highly specialized consumer such as <italic>C. gunnari</italic> around the South Orkney Islands and contributes to fill in an important gap regarding fish consumption of krill in the Antarctic ecosystem.",https://doi.org/10.21203/rs.3.rs-3672267/v1,2023-11-30,2023,3.3466763,NA,0,,,preprint,TRUE,TRUE,green,https://www.researchsquare.com/article/rs-3672267/latest.pdf,TRUE,Research Square,https://openalex.org/S4306525896,NA,NA,NA,http://dx.doi.org/10.21203/rs.3.rs-3672267/v1,https://www.researchsquare.com/article/rs-3672267/latest.pdf,cc-by,acceptedVersion,,54,,,,,FALSE,FALSE,en,,,,,NA,NA,NA,NA
https://openalex.org/W2404758499,Antifreeze Proteins in Pelagic Fishes from Marquerite Bay (Western Antarctica),Antifreeze Proteins in Pelagic Fishes from Marquerite Bay (Western Antarctica),,"The Southern Ocean is home to two major types of fishes: endemics in the suborder Notothenioidii and representatives of oceanic fish families that are widely distributed in the midwater and benthic environments elsewhere (e.g. bathylagids, myctophids, liparids, and zoarcids) In most regions of the coastal Antarctic, e.g. the Ross Sea, there is a distinct separation in the pelagic communities at the shelf break between the oceanics (off-shelf) and the endemics (on-shelf). Coincidentally, in much of the coastal Antarctic, the shelf break also marks the boundary between a water column entirely composed of the very cold (-2°C ) Ice Shelf Water and an oceanic profile that includes warmer Circumpolar Deep Water (2°C at 200 m) at intermediate depths. The distinct separation in pelagic communities observed in most coastal regions of the Antarctic is not seen on the western Antarctic Peninsula (WAP), where circumpolar deep water intrudes to form a warmer midwater and oceanic species are strongly represented. It was hypothesized that the cold ice-shelf water, lethal to fishes without antifreeze glycoproteins (AFGP's) in their blood, was excluding the oceanic species from most of the Antarctic continental shelf waters. To test the hypothesis, nine species of fish captured in WAP shelf waters were tested for the presence of AFGP's. The oceanic fish families analyzed: Myctophidae (Electrona and Gymnoscopelus), Zoarcidae (Melanostigma), Gempylidae (Paradiplospinus), Paralepididae (Notolepsis), and Bathylagidae (Bathylagus) showed no antifreeze activity. Two endemic species captured in the same sampling program did show antifreeze activity: the important pelagic species Pleuragramma antarcticum (Nototheniidae) and the Bathydraconid (Vomeridens). The absence of AFGP's in the blood of Antarctic oceanic species makes a strong case for temperature exclusion of oceanic fishes in the coastal Antarctic.",NA,2008-01-01,2008,3.1779678,0,0,,,article,TRUE,TRUE,green,https://digitalcommons.usf.edu/cgi/viewcontent.cgi?article=1196&context=etd,TRUE,Digital Commons - University of South Florida (University of South Florida),https://openalex.org/S4377196272,NA,https://openalex.org/I2613432,University of South Florida,https://digitalcommons.usf.edu/etd/197,https://digitalcommons.usf.edu/cgi/viewcontent.cgi?article=1196&context=etd,NA,submittedVersion,,29,,,,,FALSE,FALSE,en,,,,,NA,NA,NA,NA
https://openalex.org/W6910826832,"Warm acclimation alters antioxidant defences but not metabolic capacities in the Antarctic fish, Notothenia coriiceps","Warm acclimation alters antioxidant defences but not metabolic capacities in the Antarctic fish, Notothenia coriiceps",,"The Southern Ocean surrounding the Western Antarctic Peninsula region is rapidly warming. Survival of members of the dominant suborder of Antarctic fishes, the Notothenioidei, will likely require thermal plasticity and adaptive capacity in key traits delimiting thermal tolerance. Herein, we have assessed the thermal plasticity of several cellular and biochemical pathways, many of which are known to be associated with thermal tolerance in notothenioids, including mitochondrial function, activities of aerobic and anaerobic enzymes, antioxidant defences,protein ubiquitination and degradation in cardiac, oxidative skeletal muscles and gill of Notothenia coriiceps warm acclimated to 4◦C for 22 days or 5◦C for 42 days. Levels of triacylglycerol (TAG) were measured in liver and oxidative and glycolytic skeletal muscles, and glycogen in liver and glycolytic muscle to assess changes in energy stores. Metabolic pathways displayed minimal thermal plasticity, yet antioxidant defences were lower in heart and oxidative skeletal muscles of warm-acclimated animals compared with animals held at ambient temperature. Despite higher metabolic rates at elevated temperature, energy storage depots of TAG and glycogen increase in liver and remain unchanged in muscle with warm acclimation. Overall, our studies reveal that N. coriiceps displays thermal plasticity in some key traits thatmay contribute to their survival as the Southern Ocean continues to warm.",NA,2022-01-01,2022,3.1774788,NA,0,,,dataset,TRUE,TRUE,green,NA,TRUE,Open MIND,https://openalex.org/S4406922384,NA,NA,NA,NA,NA,public-domain,submittedVersion,,0,,,,,FALSE,FALSE,en,,,,,NA,NA,NA,NA
https://openalex.org/W3015361829,Genetic identification of fish caught as by-catch in the Antarctic krill fishery and comparison with observer records,Genetic identification of fish caught as by-catch in the Antarctic krill fishery and comparison with observer records,,"&lt;div&gt;&lt;ul&gt; &lt;li&gt;Juvenile/larval fish taken as bycatch in the Antarctic krill fishery (CCAMLR subarea 48.1, 48.2 and 48.3) were identified by DNA barcoding and results compared with morphological identifications made on vessels by scientific observers.&lt;/li&gt; &lt;li&gt;A total of 344 fish (primarily in the families Channichthyidae and Notothenidae) were identified using genetic barcoding markers.&lt;/li&gt; &lt;li&gt;Species level identifications provided by observers were good for the common species &lt;em&gt;Champsocephalus gunnari&lt;/em&gt; and &lt;em&gt;Lepidonotothen larseni&lt;/em&gt;; however, DNA results show several less common Notothenidae species were identified as &lt;em&gt;L. larseni&lt;/em&gt;.&lt;/li&gt; &lt;li&gt;All of &lt;em&gt;Chaenodraco wilsoni&lt;/em&gt; icefish (n=67) identified by an observer were actually &lt;em&gt;Chionodraco rastrospinosus&lt;/em&gt; based on DNA barcoding.&lt;/li&gt; &lt;li&gt;Many of the specimens (n=136) were recorded to family-level by observers; genetic barcoding markers allowed these specimens to be assigned to species level.&lt;/li&gt; &lt;li&gt;The diversity of fish identified by observers (5 families; 8 species) was considerably lower than with DNA barcoding (7 families; 20 species).&lt;/li&gt; &lt;li&gt;The impact of potential taxonomic misidentifications on fish bycatch datasets needs to be considered. Developing standardised field guides and additional observer training many improve the accuracy of observer taxonomic assignments.&lt;/li&gt; &lt;/ul&gt;&lt;/div&gt;",NA,2018-01-01,2018,3.1201572,0,0,,,article,FALSE,TRUE,green,NA,TRUE,UTAS Research Repository,https://openalex.org/S4406922975,NA,NA,NA,https://eprints.utas.edu.au/32569/,NA,NA,submittedVersion,,0,,,,,FALSE,FALSE,en,,,,,NA,NA,NA,NA
https://openalex.org/W4404753407,Antarctic Toothfish Dissostichus mawsoni in the South Orkney Islands: Using Stable Isotopes and Otoliths to Test Current Hypotheses About Nursery Areas and Demographic Units,Antarctic Toothfish Dissostichus mawsoni in the South Orkney Islands: Using Stable Isotopes and Otoliths to Test Current Hypotheses About Nursery Areas and Demographic Units,,"We used otolith chemistry tools to test and complement current hypotheses about habitat use and connectivity between Dissostichus mawsoni sub-populations in CCAMLR area 48. Sagittal otoliths from 45 fish sampled around the South Orkney Islands were analysed. Their elemental (Li, Na, Mg, Cr, Mn, Sr, Sn, and Ba, relative to Ca) and isotopic (δ18O and δ13C) signatures were examined in both nuclear and marginal regions, representing juvenile and adult stages, respectively. Potential nursery habitats were geo-located by comparing observed and expected δ18O values. Chemical differences between nuclear and marginal regions were indicative of ontogenetic displacements to deeper offshore habitats, suggesting a discrete habitat shift between 11 and 13 years-old. Data supported the existence of two nursery origins contributing to the study area population. Nonetheless, the location of these origins was unclear and didn not provide any direct support to the hypotheses being currently considered by CCAMLR. Thus, the location and connectivity between nursery and adult habitats, as well as their spawning site fidelity, need to be assessed before disregarding alternative hypotheses07160260Citation: To be added by editorial staff during production. Academic Editor: Firstname Lastname Received: date Revised: date Accepted: date Published: date Copyright: © 2024 by the authors. Submitted for possible open access publication under the terms and conditions of the Creative Commons Attribution (CC BY) license (https://creativecommons.org/licenses/by/4.0/).Citation: To be added by editorial staff during production. Academic Editor: Firstname Lastname Received: date Revised: date Accepted: date Published: date Copyright: © 2024 by the authors. Submitted for possible open access publication under the terms and conditions of the Creative Commons Attribution (CC BY) license (https://creativecommons.org/licenses/by/4.0/)..",https://doi.org/10.20944/preprints202411.2034.v1,2024-11-26,2024,3.0538073,NA,0,,,preprint,TRUE,TRUE,green,https://doi.org/10.20944/preprints202411.2034.v1,TRUE,Preprints.org,https://openalex.org/S6309402219,NA,NA,NA,https://doi.org/10.20944/preprints202411.2034.v1,NA,cc-by,acceptedVersion,,0,,,,,FALSE,FALSE,en,,,,,NA,NA,NA,NA
https://openalex.org/W3049389884,"Population structure, connectivity and ecological dynamics of the Antarctic silverfish, Pleuragramma antarctica","Population structure, connectivity and ecological dynamics of the Antarctic silverfish, Pleuragramma antarctica",,"The Antarctic silverfish (Pleuragramma antarctica) is a keystone species in the continental shelf waters around the Antarctic, performing an essential role of connecting higher and lower trophic levels in the Southern Ocean ecosystem. Its early life history is dependent on the platelet ice layer found below sea ice, thus intimately intertwining its fate with that of sea ice extent. &#13;\n&#13;\nAntarctic silverfish belong to the family Nototheniidae, part of the Notothenioidei suborder whose species radiation in the Southern Ocean 24 million years ago is one of the most expansive among teleost fish. Most notothenioids inhabit a benthic niche as adults, though many experience a pelagic egg and larval phase. Antarctic silverfish are unique among notothenioids in that they are pelagic throughout their life history. Larvae develop in the platelet ice layer near the surface beneath sea ice, descending into deeper waters as they grow in size as juveniles, finally reaching their maximum depth range as adults at 400 – 700 m below the surface. While they lack a swim bladder, Antarctic silverfish manage to remain in the water column as adults by a type of paedomorphy in which they retain lipids from larval and juvenile life stages, allowing them to achieve neutral buoyancy. Despite their presence in the water column as adults, they practice a similar energy-efficient life strategy to their benthic counterparts. Their feeding strategy involves hanging in the water column and passively consuming prey. Remaining in the water column throughout their life history combined with their passive life strategy renders Antarctic silverfish especially susceptible to transport via local and circumpolar current systems. Thus, local and circumpolar current systems form the hydrographic framework in which hypotheses regarding Antarctic silverfish population connectivity must be tested. &#13;\n&#13;\nHow populations of fish are defined, and the extent to which separate populations exchange individuals forms the basis of marine fish population biology. The extent to which Antarctic silverfish, which have a circumpolar distribution, represent one fully connected, panmictic population around the Antarctic continent, remains an open question. It is reasonable to presume that, given their pelagic larval phase, many species of notothenioids with a circumpolar distribution represent large, homogeneous populations. This presumption remains the null hypothesis to test when investigating population structure in notothenioids, and it is especially salient when considering the fully pelagic Antarctic silverfish.&#13;\n&#13;\nThe first investigation into Antarctic silverfish population structure employed mitochondrial DNA markers on a circumpolar scale and did not find evidence to reject the null hypothesis of panmixia throughout the Southern Ocean. Intriguingly, while comparisons between regions failed to indicate differentiation, comparisons within regions between years hinted at inter-annual variation in patterns of connectivity. Genetic differentiation within the same geographic area that is lost and gained between sampling years due to variations in recruitment, mortality and hydrography is known as chaotic genetic patchiness. The extent to which chaotic genetic patchiness is relevant to understanding Antarctic silverfish population structure was further studied in a more recent investigation, restricting its geographic focus to the Antarctic Peninsula, and employing a set of highly polymorphic EST-linked microsatellite markers to understand population connectivity around the Antarctic Peninsula. Based on both its more focused regional scale and sampling scheme, as well as the use of genetic markers more adept at capturing population differentiation, this study was able to detect genetic structuring on the scale of the Antarctic Peninsula.&#13;\n&#13;\nBuilding upon these initial studies, this thesis aimed to characterize the circumpolar population structure of Antarctic silverfish, integrating aspects of life history and hydrography in order to describe mechanisms of connectivity between populations. &#13;\n&#13;\nThe first aim was to understand the hydrography underlying life history connectivity on the scale of the Ross Sea region in order to better understand what may be occurring on the circumpolar level. Silverfish larvae were collected from areas in the Ross Sea coincident with hydrographic features hypothesized to influence their connectivity. While a microsatellite-based analysis was precluded due to the poor state of preservation of the larvae, it was possible to confirm species identification using mitochondrial sequence analysis. The genetic confirmation of species was especially important given that this study proposed a new spawning ground for silverfish in the Ross Sea based on size at collection and established growth rates from the time of hatching. Importantly, this study provided renewed support for the life history hypothesis in silverfish, emphasizing the impact of trough circulation in transporting early life stage fish from the ice shelf edge to the continental slope, where retention back towards the coast or entrainment in shelf-long currents modulates connectivity between neighboring populations of silverfish. &#13;\n&#13;\nThe Ross Sea investigation was then expanded on a circumpolar scale, now carried out using a suite of highly polymorphic EST-linked microsatellite markers developed in a closely related notothenioid species and shown to successfully amplify in silverfish in a previous study. This analysis was carried out on fish collected over 25 years from six different regions: the western Ross Sea, the eastern Weddell Sea, Larsen Bay, the northern Antarctic Peninsula, the South Orkney Islands, and the western Antarctic Peninsula. The data analyzed included samples from the two previous investigations of silverfish population structure described earlier, the first using mitochondrial markers on a circumpolar scale that had not found evidence of population structuring, and the second using the same suite of microsatellite markers employed in this thesis on a regional scale around the Antarctic Peninsula. The integration of these previous datasets into the present analysis allowed for an increase in the resolving power of the previous mitochondrial marker-based study, as well as for the integration of the Antarctic Peninsular work into the greater circumpolar context. &#13;\n&#13;\nThe circumpolar investigation of Antarctic silverfish population structure confirmed that the population structure of silverfish on a circumpolar scale is characterized by high levels of gene flow, and suggested that the Antarctic Slope Front and Current System (AFS) plays an integral role in connecting populations in the Southern Ocean. The importance of the AFS was evident in that reductions in gene flow were only observed in the South Orkney Islands and west Antarctic Peninsula, which were the only two areas in the study where the AFS has not been shown to arrive. This result also expanded to a circumpolar scale the earlier Ross Sea study, which had emphasized the importance of the AFS in connecting Ross Sea populations between local trough systems.&#13;\n&#13;\nIt remained however, that small scale population differentiation which had been observed in the Ross Sea based on larval distributions, as well as in the eastern Weddell Sea based on the distribution of older and younger cohorts between sampling areas, was unable to be resolved using genetic techniques. Thus, the final aim of the main project of this thesis was carried out in order to resolve population structure on the regional scale, this time in the Weddell Sea, employing otolith chemistry. Analysis of trace element deposition in otolith nuclei, reflective of oceanographic conditions to which fish were exposed in early life, has been shown to delineate population structure in the Southern Ocean, in both silverfish and related notothenioids. Of the stations for which samples were available in the Weddell Sea, five stations were selected based on their locations with respect to hydrographic features hypothesized to influence population structuring in the region, in Atka Bay, Halley Bay, off of Coats Land, and west and east of the Filchner Trough. Previous studies, as well as data on biomass and abundance from the sampling expedition during which the silverfish were collected, emphasized the importance of the Filchner Trough in supporting a local population of silverfish in the eastern Weddell Sea continental shelf area. Furthermore, hydrographic data collected in the Weddell Sea emphasized the importance of warm water mass intrusion onto the continental shelf carried from the east into the Weddell Sea region by the AFS. These warm water intrusions from the AFS not only have the potential to carry fish from other regions into the Weddell Sea area, but regulate circulation patterns and the strength and directionality of coastal currents in the region, modulating local connectivity. The results of the otolith nucleus chemistry analysis revealed significant population structuring along the eastern Weddell Sea, in contrast to the structure revealed using genetics. The population structure revealed by the otolith chemistry analysis supported the importance of warm water intrusions from the AFS in transporting fish between areas, while highlighting the role of the Filchner Trough circulation in supporting a coherent population in the southeast Weddell Sea. These results emphasize the importance of the integration of multidisciplinary techniques in the context of local hydrography in addressing questions of population structure and life history connectivity in Antarctic silverfish in the Southern Ocean, and for that matter, any pelagic species inhabiting a continental shelf ecosystem.",NA,2018-07-15,2018,2.9966328,0,0,,,article,FALSE,TRUE,green,http://hdl.handle.net/11577/3425376,TRUE,Padua@research (University of Padova),https://openalex.org/S4306401344,NA,https://openalex.org/I138689650,University of Padua,NA,NA,NA,acceptedVersion,,0,,,,,FALSE,FALSE,en,,,,,NA,NA,NA,NA
https://openalex.org/W7134580162,"Ontogenetic shift in buoyancy and habitat in the Antarctic toothfish,<i>Dissostichus mawsoni</i> (Perciformes: Nototheniidae)","Ontogenetic shift in buoyancy and habitat in the Antarctic toothfish,<i>Dissostichus mawsoni</i> (Perciformes: Nototheniidae)",,"Buoyancy measurements and depth of capture were taken on 70 individuals of Dissostichus mawsoni collected from the Southern Scotia Arc and McMurdo Sound, Antarctica, to examine the effect of age on buoyancy and habitat use. Standard lengths (SL) ranged from 10.4 to 138.0 cm. Juveniles were not buoyant (heavy in water), whereas adults were neutrally buoyant. The slope of the relationship between buoyancy and SL was significantly negative for juveniles (individuals less than 81 cm SL), but there was no significant relationship for adults (individuals greater than 81 cm SL). These results demonstrate an ontogenetic shift in buoyancy. For juveniles, depth of capture and SL had a significantly positive relationship. As individuals reach adulthood they achieve neutral buoyancy and appear to use deeper water habitats. This interpretation is supported by a significant positive correlation between buoyancy and depth of capture for juveniles. Changes in buoyancy with maturation of juveniles may also be associated with a shift in habitat use. Juveniles appear to exploit benthic habitats, whereas adults use the entire water column over deeper water. Given the differences in prey species available in these habitats and based on our results, we predict that diets of juveniles and adults should differ significantly. We also hypothesize that accumulation of lipid deposits from the diet during maturation of juveniles may account for the ontogenetic shift in buoyancy and allow neutral buoyancy to be achieved in adulthood.",NA,2003-01-01,2003,2.9789944,0,0,,,article,FALSE,FALSE,closed,NA,FALSE,Lincoln (University of Nebraska),https://openalex.org/S4306400577,NA,https://openalex.org/I114395901,University of Nebraska–Lincoln,https://digitalcommons.unl.edu/bioscifacpub/254,NA,NA,submittedVersion,,0,,,,,FALSE,FALSE,NA,,,,,NA,NA,NA,NA
https://openalex.org/W2414086368,Transcriptomics and population differentiation in two notothenioid Antarctic fish,Transcriptomics and population differentiation in two notothenioid Antarctic fish,,"Antarctic notothenioids radiated over past millions of years in extremely cold waters, they display a wide range of adaptations to withstand the cold and now dominate the Antarctic fish fauna. These fish may be extremely vulnerable to climate change with possible cascading effects on the entire Antarctic marine ecosystem. Therefore, crucial tasks are the concomitant study of the genomic basis of cold adaptation, the analysis of differentiation processes resulting from past and present climate change and a close survey of the current level of genetic variation and population structure. We considered four species of the Notothenioidei suborder: the three recently derived species of the Chionodraco genus, namely Chionodraco hamatus, Chionodraco rastrospinosus and Chionodraco myersi, and Pleuragramma antarcticum. The Chionodraco genus belongs to the family Channichthyidae (icefish), unique among vertebrates for the lack of hemoglobin and myoglobin expression in skeletal muscle. Oxygen delivery to tissues is ensured by a marked remodeling of the cardio-vascular system and by exceptionally high mitochondrial densities in the muscle. P. antarcticum (Nototheniidae) is the only notothenioid with a complete pelagic life cycle; it is dependent on sea ice and plays a key role in the trophic web of the Antarctic marine ecosystem. Analyses performed in this PhD can be grouped in two major lines of research: 1) the deepening of the knowledge on the genetic and genomic basis of icefish adaptation to the cold; 2) the analysis of patterns of intra- and inter-specific genetic differentiation with particular emphasis on how past and present environmental conditions have shaped and are influencing the fish genetic structure. With regard to the first line of research, we reconstructed and annotated the first normalized transcriptome of C. hamatus skeletal muscle and we exploited deep sequencing information of this energy-dependent tissue to test the hypothesis of duplication of genes involved in mitochondrial function. Using a dedicated bioinformatic pipeline we identified 124 duplicated genes specific to the icefish lineage. Significantly more duplicates were found in C. hamatus when transcriptome data were compared with whole genome data of model fish. Duplicated genes were significantly enriched in proteins with mitochondrial localization, involved in mitochondrial function and biogenesis. The combination of high mitochondrial densities and the maintenance of duplicated genes involved in mitochondrial function might confer a selective advantage in cold conditions and in the absence of oxygen-carrying proteins, by improving oxygen diffusion and energy supply to aerobic tissues. With regard to the second line of research, in the Chionodraco genus we investigated the pattern of intra- and inter- specific genetic differentiation. We found intraspecific homogeneity, but three distinct gene pools corresponding to the nominal species. We searched for putative outlier loci detecting a high level of genetic differentiation between the three species and we identified three loci, possibly influenced by natural selection, showing sequence similarity to a calmodulin transcript, an antifreeze glycoprotein/trypsinogen-like protease gene and to the mRNA of a key component of the super elongation complex. Selective pressures acting on specific loci might reflect past evolutionary processes leading to species divergence and local adaptation. The extent and timing of interspecific gene exchange was also considered to clarify the role of glacial cycles in promoting the divergence and the introgression of the Chionodraco species. We found evidences of past and present introgression: several individuals in each species showed mixed ancestry; evolutionary scenarios excluding hybridization or including it only in ancient times had small or zero posterior probabilities; data supported a scenario of interspecific gene flow associated with the two most recent interglacial periods. These findings may indicate an increased opportunity for speciation in allopatric refugia during glacial periods, followed by secondary contacts and hybridization during warmer intervals. With regard to P. antarcticum, we investigated its population genetic structure along the Antarctic Peninsula (AP), a region highly impacted by regional warming. We found a single gene pool and absence of inter-annual variability in the south-western AP, while significant differences were detected on a geographic scale from samples collected off the tip of the AP, with a signal of increased fragmentation over time. The reduced level of gene flow along the shelf, the increase of differentiation through time, and the inability to capture P. antarcticum in the central-western AP for two consecutive years, all suggest that this sea ice dependent species has been affected by climate change with possible cascading effects on the Antarctic marine food web.",NA,2014-01-25,2014,2.9396534,0,0,,,article,TRUE,TRUE,green,http://paduaresearch.cab.unipd.it/6365/1/agostini_cecilia_tesi.pdf,TRUE,Padua@research (University of Padova),https://openalex.org/S4306401344,NA,https://openalex.org/I138689650,University of Padua,NA,http://paduaresearch.cab.unipd.it/6365/1/agostini_cecilia_tesi.pdf,NA,acceptedVersion,,0,,,,,FALSE,FALSE,en,,,,,NA,NA,NA,NA
https://openalex.org/W4395380996,Occurrence Download,Occurrence Download,,"A dataset containing 14500 species occurrences available in GBIF matching the query: { ""or"" : [ ""DatasetKey is Weddell Seal census, Vestfold Hills, Antarctica"", ""DatasetKey is EPOS3: SeaStars (Echinodermata, Asteroidea)"", ""DatasetKey is (Table 1) Distribution and numerical abundance of foraminifera of sediment core CRP-3"", ""DatasetKey is Bacteria and chlorophyll-a water column observations (surface to ~150m), April-August 2001, Continental Margin Western Antarctic Peninsula, GLOBEC"", ""DatasetKey is Mitochondrial lineages in the Antarctic sea slug Doris kerguelenensis"", ""DatasetKey is MNA (Section of Genoa) associated collection of CCFEE (Tuscia University) - Antarctic Fungi"", ""DatasetKey is (Appendix) Relative abundance of some calcareous nannofossils in ODP Hole 119-738C"", ""DatasetKey is Counts of Quaternary foraminifera of sediment core CRP-1 (App. 1)"", ""DatasetKey is Occurence of foraminifera and other microfossils in sediment core CRP-2/2A (Table 1)"", ""DatasetKey is Antarctic Krill occurrence data from Australian expeditions"", ""DatasetKey is MNA (Section of Genoa) and NIWA Invertebrate Collection - Ross Sea Tanaidacea"", ""DatasetKey is Cetacean Sightings Survey and Southern Ocean Cetacean Program - BROKE-West"", ""DatasetKey is (Table 1) Abundance of planktonic foraminifera in ODP Hole 113-689B, large size fraction"", ""DatasetKey is (Table 2a) Downcore distribution of live benthic foraminifera of sediment core PS1394-1, Weddell Sea"", ""DatasetKey is Abundance of macrozoobenthos in surface sediments sampled during POLARSTERN cruise ANT-V/1"", ""DatasetKey is (Table 2) Distribution of Lower Cretaceous calcareous nannofossils in ODP Hole 113-693A"", ""DatasetKey is (Table 2) Abundance of planktonic foraminifera in ODP Hole 113-689B, small size fraction"", ""DatasetKey is Diversity of total live benthic foraminiferal assemblages in South Atlantic surface sediments"", ""DatasetKey is Table I: Birds observed at the Weddell Sea during the period: 6 December 1955 to 19 January 1956"", ""DatasetKey is Occurence of monothalamous foraminifera in Admiralty Bay, King George Island, West Antarctica (Table 1, 2)"", ""DatasetKey is Antarctic Foraminiferans"", ""DatasetKey is Antarctic pycnogonids"", ""DatasetKey is Late Cretaceous ostracods recorded from ODP Hole 113-689B"", ""DatasetKey is Whale log - observations from ANARE voyages"", ""DatasetKey is Antarctic fish Gobionotothen gibberifrons"" ] } The dataset includes 14500 records from 25 constituent datasets; see https://api.gbif.org/v1/occurrence/download/0087131-160910150852091/datasets/export for details. Data from some individual datasets included in this download may be licensed under less restrictive terms.",https://doi.org/10.15468/dl.8x7q4m,2017-01-01,2017,2.909761,NA,0,,,dataset,TRUE,TRUE,green,https://doi.org/10.15468/dl.8x7q4m,TRUE,Global Biodiversity Information Facility,https://openalex.org/S4398183272,NA,https://openalex.org/I111796040,Global Biodiversity Information Facility,https://doi.org/10.15468/dl.8x7q4m,NA,cc-by,NA,,0,,,,,FALSE,FALSE,en,,,,,NA,NA,NA,NA
https://openalex.org/W4395967897,Occurrence Download,Occurrence Download,,"A dataset containing 2907 species occurrences available in GBIF matching the query: { ""or"" : [ ""DatasetKey is MNA (Section of Genoa) and NIWA Invertebrate Collection - Ross Sea Tanaidacea"", ""DatasetKey is Cetacean Sightings Survey and Southern Ocean Cetacean Program - BROKE-West"", ""DatasetKey is (Table 1) Abundance of planktonic foraminifera in ODP Hole 113-689B, large size fraction"", ""DatasetKey is (Table 2a) Downcore distribution of live benthic foraminifera of sediment core PS1394-1, Weddell Sea"", ""DatasetKey is Abundance of macrozoobenthos in surface sediments sampled during POLARSTERN cruise ANT-V/1"", ""DatasetKey is (Table 2) Distribution of Lower Cretaceous calcareous nannofossils in ODP Hole 113-693A"", ""DatasetKey is (Table 2) Abundance of planktonic foraminifera in ODP Hole 113-689B, small size fraction"", ""DatasetKey is Diversity of total live benthic foraminiferal assemblages in South Atlantic surface sediments"", ""DatasetKey is Table I: Birds observed at the Weddell Sea during the period: 6 December 1955 to 19 January 1956"", ""DatasetKey is Occurence of monothalamous foraminifera in Admiralty Bay, King George Island, West Antarctica (Table 1, 2)"", ""DatasetKey is Antarctic Foraminiferans"", ""DatasetKey is Antarctic pycnogonids"", ""DatasetKey is Late Cretaceous ostracods recorded from ODP Hole 113-689B"", ""DatasetKey is Whale log - observations from ANARE voyages"", ""DatasetKey is Antarctic fish Gobionotothen gibberifrons"" ] } The dataset includes 2907 records from 15 constituent datasets; see https://api.gbif.org/v1/occurrence/download/0079862-160910150852091/datasets/export for details. Data from some individual datasets included in this download may be licensed under less restrictive terms.",https://doi.org/10.15468/dl.dwvjqn,2017-01-01,2017,2.9029968,NA,0,,,dataset,TRUE,TRUE,green,https://doi.org/10.15468/dl.dwvjqn,TRUE,Global Biodiversity Information Facility,https://openalex.org/S4398183272,NA,https://openalex.org/I111796040,Global Biodiversity Information Facility,https://doi.org/10.15468/dl.dwvjqn,NA,cc-by,NA,,0,,,,,FALSE,FALSE,en,,,,,NA,NA,NA,NA
https://openalex.org/W7146274896,Climate Change Impacts on Antarctic Fish Diversity: A Circumpolar Perspective From eDNA Metabarcoding Assessment,Climate Change Impacts on Antarctic Fish Diversity: A Circumpolar Perspective From eDNA Metabarcoding Assessment,,"Aim: Recent climate-driven changes in the Antarctic marine environment, marked by regional differences between West and East Antarctica, may alter ecosystem dynamics. As key components of the food web, fish might reflect these changes. This study examines fish biodiversity patterns across four typical Antarctic seas by integrating eDNA analysis with bottom trawl surveys, focusing on biodiversity shifts and range alterations in response to varying levels of climate change exposure. Location: Four ecologically distinct Antarctic regions: The Adjacent Waters of Antarctic Peninsula (AAP), the Amundsen Sea-Bellingshausen Sea (ASBS), the Prydz Bay-Cooperation Sea (PBCS), and the Cosmonaut Sea (CS). Methods: During the 37th Chinese National Antarctic Research Expedition, we integrated eDNA metabarcoding (from both pelagic and benthic water layers) with bottom trawl surveys across four regions (AAP, ASBS, PBCS, and CS) to characterise regional fish community. Results: Environmental DNA metabarcoding and trawl surveys detected 40 and 27 Antarctic fish species, respectively. Environmental DNA proved effective in complementing traditional methods and capturing early life stages, especially with a refined local reference database. Species belonging to the suborder Notothenioidei dominated across all surveyed regions. Ten species exhibited range extensions beyond previously documented distributions, likely reflecting historical data gaps, with the exception of Patagonotothen sp. Main Conclusions: eDNA metabarcoding showed potential for monitoring Antarctic ichthyoplankton. Fish diversity in the four studied seas aligns with the general pattern in the Southern Ocean, while ASBS was identified as a previously overlooked fish diversity hotspot. The southward detection of Patagonotothen sp. may signal climate-driven shifts in species distribution. Future research integrating eDNA with interdisciplinary approaches holds promise for advancing the monitoring of climate change impacts on Antarctic marine ecosystems.",NA,2025-07-01,2025,2.8715854,0,0,,,article,TRUE,TRUE,green,https://hdl.handle.net/20.500.14094/0100497644,TRUE,Institutional Repositories DataBase (IRDB),https://openalex.org/S7407056385,NA,https://openalex.org/I184597095,National Institute of Informatics,https://hdl.handle.net/20.500.14094/0100497644,NA,cc-by,submittedVersion,,0,,,,,FALSE,FALSE,en,,,,,e70053,NA,31,7
https://openalex.org/W2561675414,"PRELIMINARY INFORMATION ON THE DIET OF THE IMPERIAL SHAG Phalacrocorax atriceps BREEDING ON ELEPHANT ISLAND, ANTARCTICA","PRELIMINARY INFORMATION ON THE DIET OF THE IMPERIAL SHAG Phalacrocorax atriceps BREEDING ON ELEPHANT ISLAND, ANTARCTICA",,"e aim of the study was to describe prey items in the diet of Imperial Shag through pellets analysis. e collection of pellets occurred in the breeding site during the austral summer of 2011/12 in Stinker Point, Elephant Island. A total of 34 pellets of Imperial Shag were analyzed and their frequency of occurrence was calculated. Fish remains were found in all pellets. Two families of demersal-benthic sh were identi ed through otoliths: Harpagiferidae and Nototheniidae. Nematodes occurred frequently. Other invertebrates such as molluscs and polychaetes occurred occasionally, so as vegetable matter (algae) and stones. ese items are probably from stomach contents of ingested sh or were accidentally ingested by the bird while building the nest. Our preliminary analysis showed that Imperial Shags breeding on Elephant Island have a similar diet composition to other shag species which breed in the sub-Antarctic islands and in the Antarctic Peninsula, with some items absent. However, further analysis will present more concrete data on the mass, volume and taxonomic species level of each item.",https://doi.org/10.4322/apa.2016.003,2016-01-01,2016,2.8308656,0,0,,,article,TRUE,TRUE,diamond,https://doi.org/10.4322/apa.2016.003,FALSE,INCT-APA Annual Activity Report,https://openalex.org/S4210208978,2177-918X,NA,NA,http://doi.org/10.4322/apa.2016.003,https://doi.org/10.4322/apa.2016.003,NA,publishedVersion,,11,,,,,FALSE,FALSE,en,,,,,34,37,NA,NA
https://openalex.org/W4395733088,Occurrence Download,Occurrence Download,,"A dataset containing 12113 species occurrences available in GBIF matching the query: { ""or"" : [ ""DatasetKey is Weddell Seal census, Vestfold Hills, Antarctica"", ""DatasetKey is MNA (Section of Genoa) and NIWA Invertebrate Collection - Ross Sea Tanaidacea"", ""DatasetKey is Cetacean Sightings Survey and Southern Ocean Cetacean Program - BROKE-West"", ""DatasetKey is (Table 1) Abundance of planktonic foraminifera in ODP Hole 113-689B, large size fraction"", ""DatasetKey is (Table 2a) Downcore distribution of live benthic foraminifera of sediment core PS1394-1, Weddell Sea"", ""DatasetKey is Abundance of macrozoobenthos in surface sediments sampled during POLARSTERN cruise ANT-V/1"", ""DatasetKey is (Table 2) Distribution of Lower Cretaceous calcareous nannofossils in ODP Hole 113-693A"", ""DatasetKey is (Table 2) Abundance of planktonic foraminifera in ODP Hole 113-689B, small size fraction"", ""DatasetKey is Diversity of total live benthic foraminiferal assemblages in South Atlantic surface sediments"", ""DatasetKey is Table I: Birds observed at the Weddell Sea during the period: 6 December 1955 to 19 January 1956"", ""DatasetKey is Occurence of monothalamous foraminifera in Admiralty Bay, King George Island, West Antarctica (Table 1, 2)"", ""DatasetKey is Antarctic Foraminiferans"", ""DatasetKey is Antarctic pycnogonids"", ""DatasetKey is Late Cretaceous ostracods recorded from ODP Hole 113-689B"", ""DatasetKey is Whale log - observations from ANARE voyages"", ""DatasetKey is Antarctic fish Gobionotothen gibberifrons"" ] } The dataset includes 12113 records from 16 constituent datasets; see https://api.gbif.org/v1/occurrence/download/0080479-160910150852091/datasets/export for details. Data from some individual datasets included in this download may be licensed under less restrictive terms.",https://doi.org/10.15468/dl.ayiz6y,2017-01-01,2017,2.8198564,NA,0,,,dataset,TRUE,TRUE,green,https://doi.org/10.15468/dl.ayiz6y,TRUE,Global Biodiversity Information Facility,https://openalex.org/S4398183272,NA,https://openalex.org/I111796040,Global Biodiversity Information Facility,https://doi.org/10.15468/dl.ayiz6y,NA,cc-by,NA,,0,,,,,FALSE,FALSE,en,,,,,NA,NA,NA,NA
https://openalex.org/W4394957028,Spatial Structure of Deep-Sea Pelagian Ichthiocenes in the Northern Weddell Sea (Powell Basin) and Brunsfield Strait in the Summer 2020 and 2022,Spatial Structure of Deep-Sea Pelagian Ichthiocenes in the Northern Weddell Sea (Powell Basin) and Brunsfield Strait in the Summer 2020 and 2022,,"A review of the composition and structure of deep-sea pelagic ichthyocenes in the Bransfield Strait and the northern part of the Weddell Sea (Powell Basin) in the Atlantic sector of the Southern Ocean is presented. The material was received in the summer of 2020 and 2022 at 26 stations at the layers from 120–0 to 2200–0 m. 901 specimens of juveniles and adult fishes belonging to 19 species from 10 families were collected. Statistical analysis made it possible to identify 4 significantly different regions, in which the dominant ichthyocenes were located in waters of different origin. These ichthyocenes are poor in the number of identified species, but often quite numerous. Relatively shallow-water representatives of the families Bathydraconidae, Channichthyidae, Liparidae, Nototheniidae, endemic to the shelf and slope of Antarctica, dominated in the area of the Antarctic Strait and on the shelf of the Antarctic Peninsula, while in the Bransfield Strait, the abyssal basin of the Powell Basin, as well as in the pelagic zone above deep-sea ridges and trenches, bordering it from the north are meso- and bathypelagic fish from the families Mycthophidae, Bathylagidae, Gonostomatidae, Paralepididae and Scopelarchidae. Near the northern boundary of the Powell Basin, the number of caught mesobatypelagic species and their average abundance were higher than in its central part (11 vs. 7 species and 63.5 vs. 84.1 ind./100 m2). In the central part of the basin, Bathylagus antarcticus dominated, with an average share of 40% in catches and 28.8 ind./100 m2, while in its northern part Electrona antarctica dominated, with an average share of 33% in – 27.4 ind./100 m2.",https://doi.org/10.31857/s003015742304007x,2023-07-01,2023,2.808149,0,0,,,article,TRUE,TRUE,bronze,https://journals.rcsi.science/0030-1574/article/download/136279/114213,FALSE,Океанология,https://openalex.org/S51671208,0030-1574,https://openalex.org/P4310319820,MAIK Nauka/Interperiodica,http://dx.doi.org/10.31857/s003015742304007x,https://journals.rcsi.science/0030-1574/article/download/136279/114213,NA,publishedVersion,,33,,,,,FALSE,FALSE,en,,,,,660,676,63,4
https://openalex.org/W4396485057,Occurrence Download,Occurrence Download,,"A dataset containing 12113 species occurrences available in GBIF matching the query: { ""or"" : [ ""DatasetKey is Weddell Seal census, Vestfold Hills, Antarctica"", ""DatasetKey is MNA (Section of Genoa) and NIWA Invertebrate Collection - Ross Sea Tanaidacea"", ""DatasetKey is Cetacean Sightings Survey and Southern Ocean Cetacean Program - BROKE-West"", ""DatasetKey is (Table 1) Abundance of planktonic foraminifera in ODP Hole 113-689B, large size fraction"", ""DatasetKey is (Table 2a) Downcore distribution of live benthic foraminifera of sediment core PS1394-1, Weddell Sea"", ""DatasetKey is Abundance of macrozoobenthos in surface sediments sampled during POLARSTERN cruise ANT-V/1"", ""DatasetKey is (Table 2) Distribution of Lower Cretaceous calcareous nannofossils in ODP Hole 113-693A"", ""DatasetKey is (Table 2) Abundance of planktonic foraminifera in ODP Hole 113-689B, small size fraction"", ""DatasetKey is Diversity of total live benthic foraminiferal assemblages in South Atlantic surface sediments"", ""DatasetKey is Table I: Birds observed at the Weddell Sea during the period: 6 December 1955 to 19 January 1956"", ""DatasetKey is Occurence of monothalamous foraminifera in Admiralty Bay, King George Island, West Antarctica (Table 1, 2)"", ""DatasetKey is Antarctic Foraminiferans"", ""DatasetKey is Antarctic pycnogonids"", ""DatasetKey is Late Cretaceous ostracods recorded from ODP Hole 113-689B"", ""DatasetKey is Whale log - observations from ANARE voyages"", ""DatasetKey is Antarctic fish Gobionotothen gibberifrons"" ] } The dataset includes 12113 records from 16 constituent datasets; see https://api.gbif.org/v1/occurrence/download/0080485-160910150852091/datasets/export for details. Data from some individual datasets included in this download may be licensed under less restrictive terms.",https://doi.org/10.15468/dl.i2ey1r,2017-01-01,2017,2.7955134,NA,0,,,dataset,TRUE,TRUE,green,https://doi.org/10.15468/dl.i2ey1r,TRUE,Global Biodiversity Information Facility,https://openalex.org/S4398183272,NA,https://openalex.org/I111796040,Global Biodiversity Information Facility,https://doi.org/10.15468/dl.i2ey1r,NA,cc-by,NA,,8,,,,,FALSE,FALSE,en,,,,,NA,NA,NA,NA
https://openalex.org/W4395127807,Occurrence Download,Occurrence Download,,"A dataset containing 16418 species occurrences available in GBIF matching the query: { ""or"" : [ ""DatasetKey is Weddell Seal census, Vestfold Hills, Antarctica"", ""DatasetKey is Electron Micrograph Database - Terrestrial and Limnetic Specimens"", ""DatasetKey is (Appendix B) Planktic foraminiferal assemblages from ODP Holes 113-689B and 113-690B"", ""DatasetKey is Southern Ocean Cnidarian Collections"", ""DatasetKey is Invertebrate collection of the Seto Marine Biological Laboratory, Kyoto University"", ""DatasetKey is Type Localities for organisms and fossils first described from Antarctica"", ""DatasetKey is Antarctic Marine Species Sequence Data"", ""DatasetKey is EPOS3: SeaStars (Echinodermata, Asteroidea)"", ""DatasetKey is (Table 1) Distribution and numerical abundance of foraminifera of sediment core CRP-3"", ""DatasetKey is Bacteria and chlorophyll-a water column observations (surface to ~150m), April-August 2001, Continental Margin Western Antarctic Peninsula, GLOBEC"", ""DatasetKey is Mitochondrial lineages in the Antarctic sea slug Doris kerguelenensis"", ""DatasetKey is MNA (Section of Genoa) associated collection of CCFEE (Tuscia University) - Antarctic Fungi"", ""DatasetKey is (Appendix) Relative abundance of some calcareous nannofossils in ODP Hole 119-738C"", ""DatasetKey is Counts of Quaternary foraminifera of sediment core CRP-1 (App. 1)"", ""DatasetKey is Occurence of foraminifera and other microfossils in sediment core CRP-2/2A (Table 1)"", ""DatasetKey is Antarctic Krill occurrence data from Australian expeditions"", ""DatasetKey is MNA (Section of Genoa) and NIWA Invertebrate Collection - Ross Sea Tanaidacea"", ""DatasetKey is Cetacean Sightings Survey and Southern Ocean Cetacean Program - BROKE-West"", ""DatasetKey is (Table 1) Abundance of planktonic foraminifera in ODP Hole 113-689B, large size fraction"", ""DatasetKey is (Table 2a) Downcore distribution of live benthic foraminifera of sediment core PS1394-1, Weddell Sea"", ""DatasetKey is Abundance of macrozoobenthos in surface sediments sampled during POLARSTERN cruise ANT-V/1"", ""DatasetKey is (Table 2) Distribution of Lower Cretaceous calcareous nannofossils in ODP Hole 113-693A"", ""DatasetKey is (Table 2) Abundance of planktonic foraminifera in ODP Hole 113-689B, small size fraction"", ""DatasetKey is Diversity of total live benthic foraminiferal assemblages in South Atlantic surface sediments"", ""DatasetKey is Table I: Birds observed at the Weddell Sea during the period: 6 December 1955 to 19 January 1956"", ""DatasetKey is Occurence of monothalamous foraminifera in Admiralty Bay, King George Island, West Antarctica (Table 1, 2)"", ""DatasetKey is Antarctic Foraminiferans"", ""DatasetKey is Antarctic pycnogonids"", ""DatasetKey is Late Cretaceous ostracods recorded from ODP Hole 113-689B"", ""DatasetKey is Whale log - observations from ANARE voyages"", ""DatasetKey is Antarctic fish Gobionotothen gibberifrons"" ] } The dataset includes 16418 records from 31 constituent datasets; see https://api.gbif.org/v1/occurrence/download/0084733-160910150852091/datasets/export for details. Data from some individual datasets included in this download may be licensed under less restrictive terms.",https://doi.org/10.15468/dl.33ddxb,2017-01-01,2017,2.7931495,NA,0,,,dataset,TRUE,TRUE,green,https://doi.org/10.15468/dl.33ddxb,TRUE,Global Biodiversity Information Facility,https://openalex.org/S4398183272,NA,https://openalex.org/I111796040,Global Biodiversity Information Facility,https://doi.org/10.15468/dl.33ddxb,NA,cc-by,NA,,0,,,,,FALSE,FALSE,en,,,,,NA,NA,NA,NA
https://openalex.org/W4396248408,Occurrence Download,Occurrence Download,,"A dataset containing 12113 species occurrences available in GBIF matching the query: { ""or"" : [ ""DatasetKey is Weddell Seal census, Vestfold Hills, Antarctica"", ""DatasetKey is MNA (Section of Genoa) and NIWA Invertebrate Collection - Ross Sea Tanaidacea"", ""DatasetKey is Cetacean Sightings Survey and Southern Ocean Cetacean Program - BROKE-West"", ""DatasetKey is (Table 1) Abundance of planktonic foraminifera in ODP Hole 113-689B, large size fraction"", ""DatasetKey is (Table 2a) Downcore distribution of live benthic foraminifera of sediment core PS1394-1, Weddell Sea"", ""DatasetKey is Abundance of macrozoobenthos in surface sediments sampled during POLARSTERN cruise ANT-V/1"", ""DatasetKey is (Table 2) Distribution of Lower Cretaceous calcareous nannofossils in ODP Hole 113-693A"", ""DatasetKey is (Table 2) Abundance of planktonic foraminifera in ODP Hole 113-689B, small size fraction"", ""DatasetKey is Diversity of total live benthic foraminiferal assemblages in South Atlantic surface sediments"", ""DatasetKey is Table I: Birds observed at the Weddell Sea during the period: 6 December 1955 to 19 January 1956"", ""DatasetKey is Occurence of monothalamous foraminifera in Admiralty Bay, King George Island, West Antarctica (Table 1, 2)"", ""DatasetKey is Antarctic Foraminiferans"", ""DatasetKey is Antarctic pycnogonids"", ""DatasetKey is Late Cretaceous ostracods recorded from ODP Hole 113-689B"", ""DatasetKey is Whale log - observations from ANARE voyages"", ""DatasetKey is Antarctic fish Gobionotothen gibberifrons"" ] } The dataset includes 12113 records from 16 constituent datasets; see https://api.gbif.org/v1/occurrence/download/0080480-160910150852091/datasets/export for details. Data from some individual datasets included in this download may be licensed under less restrictive terms.",https://doi.org/10.15468/dl.g0bxga,2017-01-01,2017,2.7906213,NA,0,,,dataset,TRUE,TRUE,green,https://doi.org/10.15468/dl.g0bxga,TRUE,Global Biodiversity Information Facility,https://openalex.org/S4398183272,NA,https://openalex.org/I111796040,Global Biodiversity Information Facility,https://doi.org/10.15468/dl.g0bxga,NA,cc-by,NA,,0,,,,,FALSE,FALSE,en,,,,,NA,NA,NA,NA
https://openalex.org/W186914530,"Gradients in Season, Latitude, and Sea Ice: Their Effect on Metabolism and Stable Isotopic Composition of Antarctic Micronekton","Gradients in Season, Latitude, and Sea Ice: Their Effect on Metabolism and Stable Isotopic Composition of Antarctic Micronekton",,"Respiration, metabolic enzyme assays, and body composition parameters were measured in the Antarctic krill Euphausia superba during the summer, fall and winter on the Western Antarctic Peninsula (WAP). E. superba of all sizes decrease their metabolism from the summer to the winter. These same parameters were also measured along the WAP during the austral fall 2010. E. superba's enzyme activity indicated that there was a latitudinal gradient to the decline in metabolism along the WAP with the more northerly sites having significantly higher metabolic enzyme activities than the sites to the south.\nCarbon (δ13C) and nitrogen (δ15N) stable isotopes were measured in E. superba along the WAP to determine if there were any latitudinal trends. δ13C showed a significant trend with latitude with more depleted δ13C values in the southern portion of the WAP. Carbon (δ13C) and nitrogen (δ15N) stable isotopes were also measured in two important prey fishes along the WAP, the silverfish Pleuragramma antarcticum and the myctophid Electrona antarctica. P. antarcticum had a more variable and more enriched δ13C value than E. antarctica indicative of P. antarcticum's more neritic habitat. There were no significant differences between the δ15N values of the two fish, indicating that although they feed in different areas they were feeding at the same trophic level.\nCarbon (δ13C) and nitrogen (δ15N) stable isotopes were measured in twenty species in the marginal ice zone (MIZ) of the Weddell Sea at the beginning of the austral summer. Samples were taken from under the ice, at the ice edge and in the open ocean. A significant trend in the δ13C values of all species was found with the under-ice δ13C values being more depleted than those in the open ocean. This is most likely due to the reduced atmospheric exchange of CO2, upwelled water with depleted δ13C values, and continuous biological respiration under the ice, all of which contribute to very depleted δ13C values. δ15N values were significantly lower in the open ocean than the other ice conditions due to the increased reliance on primary production. The diapausing copepods Calanoides acutus and Rhincalanus gigas showed similar patterns in their isotopic signatures across the ice zones. Cluster analysis revealed trophic shifts between the different ice zones. The ice edge zone proved to contain the most species and was the best habitat for most species. The trophic shifts observed within species in the differing ice conditions mimicked the seasonal changes they undergo during the course of the productive season every year.",NA,2013-01-01,2013,2.7470345,0,0,,,article,TRUE,TRUE,green,https://digitalcommons.usf.edu/context/etd/article/5751/viewcontent/etd__4554.pdf,TRUE,Digital Commons - University of South Florida (University of South Florida),https://openalex.org/S4377196272,NA,https://openalex.org/I2613432,University of South Florida,https://digitalcommons.usf.edu/etd/4554,https://digitalcommons.usf.edu/context/etd/article/5751/viewcontent/etd__4554.pdf,NA,submittedVersion,,0,,,,,FALSE,FALSE,en,,,,,NA,NA,NA,NA
https://openalex.org/W4396265443,Occurrence Download,Occurrence Download,,"A dataset containing 14023 species occurrences available in GBIF matching the query: { ""or"" : [ ""DatasetKey is Cnidarios del proyecto Macrofauna Corpoguajira"", ""DatasetKey is Depletion fishing in the rivers Grote Nete and Kleine Nete in Flanders, Belgium"", ""DatasetKey is Weddell Seal census, Vestfold Hills, Antarctica"", ""DatasetKey is MNA (Section of Genoa) and NIWA Invertebrate Collection - Ross Sea Tanaidacea"", ""DatasetKey is Cetacean Sightings Survey and Southern Ocean Cetacean Program - BROKE-West"", ""DatasetKey is (Table 1) Abundance of planktonic foraminifera in ODP Hole 113-689B, large size fraction"", ""DatasetKey is (Table 2a) Downcore distribution of live benthic foraminifera of sediment core PS1394-1, Weddell Sea"", ""DatasetKey is Abundance of macrozoobenthos in surface sediments sampled during POLARSTERN cruise ANT-V/1"", ""DatasetKey is (Table 2) Distribution of Lower Cretaceous calcareous nannofossils in ODP Hole 113-693A"", ""DatasetKey is (Table 2) Abundance of planktonic foraminifera in ODP Hole 113-689B, small size fraction"", ""DatasetKey is Diversity of total live benthic foraminiferal assemblages in South Atlantic surface sediments"", ""DatasetKey is Table I: Birds observed at the Weddell Sea during the period: 6 December 1955 to 19 January 1956"", ""DatasetKey is Occurence of monothalamous foraminifera in Admiralty Bay, King George Island, West Antarctica (Table 1, 2)"", ""DatasetKey is Antarctic Foraminiferans"", ""DatasetKey is Antarctic pycnogonids"", ""DatasetKey is Late Cretaceous ostracods recorded from ODP Hole 113-689B"", ""DatasetKey is Whale log - observations from ANARE voyages"", ""DatasetKey is Antarctic fish Gobionotothen gibberifrons"" ] } The dataset includes 14023 records from 18 constituent datasets; see https://api.gbif.org/v1/occurrence/download/0080739-160910150852091/datasets/export for details. Data from some individual datasets included in this download may be licensed under less restrictive terms.",https://doi.org/10.15468/dl.jbrzqn,2017-01-01,2017,2.7110925,NA,0,,,dataset,TRUE,TRUE,green,https://doi.org/10.15468/dl.jbrzqn,TRUE,Global Biodiversity Information Facility,https://openalex.org/S4398183272,NA,https://openalex.org/I111796040,Global Biodiversity Information Facility,https://doi.org/10.15468/dl.jbrzqn,NA,cc-by,NA,,0,,,,,FALSE,FALSE,en,,,,,NA,NA,NA,NA
https://openalex.org/W4395534755,Occurrence Download,Occurrence Download,,"A dataset containing 19596 species occurrences available in GBIF matching the query: { ""or"" : [ ""DatasetKey is Weddell Seal census, Vestfold Hills, Antarctica"", ""DatasetKey is Marine fauna survey of the Vestfold Hills and Rauer Island, 1981-82 (Australian Antarctic Data Centre)"", ""DatasetKey is Diversity of live benthic foraminiferal assemblages in South Atlantic surface sediments"", ""DatasetKey is Apectodinium, age and percentage of endemic and bipolar dinoflagellate cysts of IODP Hole 318-U1356A"", ""DatasetKey is Culture Collection of Cryophilic Algae"", ""DatasetKey is Diversity of dead benthic foraminiferal assemblages in South Atlantic surface sediments"", ""DatasetKey is Microfossil abundance of Hole 35-323"", ""DatasetKey is (Table 4) Abundance of planktonic foraminifera in ODP Hole 113-690C, small size fraction"", ""DatasetKey is Antarctic Krill occurrence data from BAS expeditions"", ""DatasetKey is Collection Cnidaria - ZMB"", ""DatasetKey is Electron Micrograph Database - Terrestrial and Limnetic Specimens"", ""DatasetKey is (Appendix B) Planktic foraminiferal assemblages from ODP Holes 113-689B and 113-690B"", ""DatasetKey is Southern Ocean Cnidarian Collections"", ""DatasetKey is Invertebrate collection of the Seto Marine Biological Laboratory, Kyoto University"", ""DatasetKey is Type Localities for organisms and fossils first described from Antarctica"", ""DatasetKey is Antarctic Marine Species Sequence Data"", ""DatasetKey is EPOS3: SeaStars (Echinodermata, Asteroidea)"", ""DatasetKey is (Table 1) Distribution and numerical abundance of foraminifera of sediment core CRP-3"", ""DatasetKey is Bacteria and chlorophyll-a water column observations (surface to ~150m), April-August 2001, Continental Margin Western Antarctic Peninsula, GLOBEC"", ""DatasetKey is Mitochondrial lineages in the Antarctic sea slug Doris kerguelenensis"", ""DatasetKey is MNA (Section of Genoa) associated collection of CCFEE (Tuscia University) - Antarctic Fungi"", ""DatasetKey is (Appendix) Relative abundance of some calcareous nannofossils in ODP Hole 119-738C"", ""DatasetKey is Counts of Quaternary foraminifera of sediment core CRP-1 (App. 1)"", ""DatasetKey is Occurence of foraminifera and other microfossils in sediment core CRP-2/2A (Table 1)"", ""DatasetKey is Antarctic Krill occurrence data from Australian expeditions"", ""DatasetKey is MNA (Section of Genoa) and NIWA Invertebrate Collection - Ross Sea Tanaidacea"", ""DatasetKey is Cetacean Sightings Survey and Southern Ocean Cetacean Program - BROKE-West"", ""DatasetKey is (Table 1) Abundance of planktonic foraminifera in ODP Hole 113-689B, large size fraction"", ""DatasetKey is (Table 2a) Downcore distribution of live benthic foraminifera of sediment core PS1394-1, Weddell Sea"", ""DatasetKey is Abundance of macrozoobenthos in surface sediments sampled during POLARSTERN cruise ANT-V/1"", ""DatasetKey is (Table 2) Distribution of Lower Cretaceous calcareous nannofossils in ODP Hole 113-693A"", ""DatasetKey is (Table 2) Abundance of planktonic foraminifera in ODP Hole 113-689B, small size fraction"", ""DatasetKey is Diversity of total live benthic foraminiferal assemblages in South Atlantic surface sediments"", ""DatasetKey is Table I: Birds observed at the Weddell Sea during the period: 6 December 1955 to 19 January 1956"", ""DatasetKey is Occurence of monothalamous foraminifera in Admiralty Bay, King George Island, West Antarctica (Table 1, 2)"", ""DatasetKey is Antarctic Foraminiferans"", ""DatasetKey is Antarctic pycnogonids"", ""DatasetKey is Late Cretaceous ostracods recorded from ODP Hole 113-689B"", ""DatasetKey is Whale log - observations from ANARE voyages"", ""DatasetKey is Antarctic fish Gobionotothen gibberifrons"" ] } The dataset includes 19596 records from 40 constituent datasets; see https://api.gbif.org/v1/occurrence/download/0084091-160910150852091/datasets/export for details. Data from some individual datasets included in this download may be licensed under less restrictive terms.",https://doi.org/10.15468/dl.8afqh9,2017-01-01,2017,2.7074938,NA,0,,,dataset,TRUE,TRUE,green,https://doi.org/10.15468/dl.8afqh9,TRUE,Global Biodiversity Information Facility,https://openalex.org/S4398183272,NA,https://openalex.org/I111796040,Global Biodiversity Information Facility,https://doi.org/10.15468/dl.8afqh9,NA,cc-by,NA,,0,,,,,FALSE,FALSE,en,,,,,NA,NA,NA,NA
https://openalex.org/W4396006269,Occurrence Download,Occurrence Download,,"A dataset containing 14023 species occurrences available in GBIF matching the query: { ""or"" : [ ""DatasetKey is Cnidarios del proyecto Macrofauna Corpoguajira"", ""DatasetKey is Depletion fishing in the rivers Grote Nete and Kleine Nete in Flanders, Belgium"", ""DatasetKey is Weddell Seal census, Vestfold Hills, Antarctica"", ""DatasetKey is MNA (Section of Genoa) and NIWA Invertebrate Collection - Ross Sea Tanaidacea"", ""DatasetKey is Cetacean Sightings Survey and Southern Ocean Cetacean Program - BROKE-West"", ""DatasetKey is (Table 1) Abundance of planktonic foraminifera in ODP Hole 113-689B, large size fraction"", ""DatasetKey is (Table 2a) Downcore distribution of live benthic foraminifera of sediment core PS1394-1, Weddell Sea"", ""DatasetKey is Abundance of macrozoobenthos in surface sediments sampled during POLARSTERN cruise ANT-V/1"", ""DatasetKey is (Table 2) Distribution of Lower Cretaceous calcareous nannofossils in ODP Hole 113-693A"", ""DatasetKey is (Table 2) Abundance of planktonic foraminifera in ODP Hole 113-689B, small size fraction"", ""DatasetKey is Diversity of total live benthic foraminiferal assemblages in South Atlantic surface sediments"", ""DatasetKey is Table I: Birds observed at the Weddell Sea during the period: 6 December 1955 to 19 January 1956"", ""DatasetKey is Occurence of monothalamous foraminifera in Admiralty Bay, King George Island, West Antarctica (Table 1, 2)"", ""DatasetKey is Antarctic Foraminiferans"", ""DatasetKey is Antarctic pycnogonids"", ""DatasetKey is Late Cretaceous ostracods recorded from ODP Hole 113-689B"", ""DatasetKey is Whale log - observations from ANARE voyages"", ""DatasetKey is Antarctic fish Gobionotothen gibberifrons"" ] } The dataset includes 14023 records from 18 constituent datasets; see https://api.gbif.org/v1/occurrence/download/0080733-160910150852091/datasets/export for details. Data from some individual datasets included in this download may be licensed under less restrictive terms.",https://doi.org/10.15468/dl.cza4hv,2017-01-01,2017,2.7061703,NA,0,,,dataset,TRUE,TRUE,green,https://doi.org/10.15468/dl.cza4hv,TRUE,Global Biodiversity Information Facility,https://openalex.org/S4398183272,NA,https://openalex.org/I111796040,Global Biodiversity Information Facility,https://doi.org/10.15468/dl.cza4hv,NA,cc-by,NA,,0,,,,,FALSE,FALSE,en,,,,,NA,NA,NA,NA
https://openalex.org/W4396147299,Occurrence Download,Occurrence Download,,"A dataset containing 14023 species occurrences available in GBIF matching the query: { ""or"" : [ ""DatasetKey is Cnidarios del proyecto Macrofauna Corpoguajira"", ""DatasetKey is Depletion fishing in the rivers Grote Nete and Kleine Nete in Flanders, Belgium"", ""DatasetKey is Weddell Seal census, Vestfold Hills, Antarctica"", ""DatasetKey is MNA (Section of Genoa) and NIWA Invertebrate Collection - Ross Sea Tanaidacea"", ""DatasetKey is Cetacean Sightings Survey and Southern Ocean Cetacean Program - BROKE-West"", ""DatasetKey is (Table 1) Abundance of planktonic foraminifera in ODP Hole 113-689B, large size fraction"", ""DatasetKey is (Table 2a) Downcore distribution of live benthic foraminifera of sediment core PS1394-1, Weddell Sea"", ""DatasetKey is Abundance of macrozoobenthos in surface sediments sampled during POLARSTERN cruise ANT-V/1"", ""DatasetKey is (Table 2) Distribution of Lower Cretaceous calcareous nannofossils in ODP Hole 113-693A"", ""DatasetKey is (Table 2) Abundance of planktonic foraminifera in ODP Hole 113-689B, small size fraction"", ""DatasetKey is Diversity of total live benthic foraminiferal assemblages in South Atlantic surface sediments"", ""DatasetKey is Table I: Birds observed at the Weddell Sea during the period: 6 December 1955 to 19 January 1956"", ""DatasetKey is Occurence of monothalamous foraminifera in Admiralty Bay, King George Island, West Antarctica (Table 1, 2)"", ""DatasetKey is Antarctic Foraminiferans"", ""DatasetKey is Antarctic pycnogonids"", ""DatasetKey is Late Cretaceous ostracods recorded from ODP Hole 113-689B"", ""DatasetKey is Whale log - observations from ANARE voyages"", ""DatasetKey is Antarctic fish Gobionotothen gibberifrons"" ] } The dataset includes 14023 records from 18 constituent datasets; see https://api.gbif.org/v1/occurrence/download/0080762-160910150852091/datasets/export for details. Data from some individual datasets included in this download may be licensed under less restrictive terms.",https://doi.org/10.15468/dl.d8smxw,2017-01-01,2017,2.687735,NA,0,,,dataset,TRUE,TRUE,green,https://doi.org/10.15468/dl.d8smxw,TRUE,Global Biodiversity Information Facility,https://openalex.org/S4398183272,NA,https://openalex.org/I111796040,Global Biodiversity Information Facility,https://doi.org/10.15468/dl.d8smxw,NA,cc-by,NA,,0,,,,,FALSE,FALSE,en,,,,,NA,NA,NA,NA
https://openalex.org/W4395123874,Occurrence Download,Occurrence Download,,"A dataset containing 19596 species occurrences available in GBIF matching the query: { ""or"" : [ ""DatasetKey is Weddell Seal census, Vestfold Hills, Antarctica"", ""DatasetKey is Marine fauna survey of the Vestfold Hills and Rauer Island, 1981-82 (Australian Antarctic Data Centre)"", ""DatasetKey is Diversity of live benthic foraminiferal assemblages in South Atlantic surface sediments"", ""DatasetKey is Apectodinium, age and percentage of endemic and bipolar dinoflagellate cysts of IODP Hole 318-U1356A"", ""DatasetKey is Culture Collection of Cryophilic Algae"", ""DatasetKey is Diversity of dead benthic foraminiferal assemblages in South Atlantic surface sediments"", ""DatasetKey is Microfossil abundance of Hole 35-323"", ""DatasetKey is (Table 4) Abundance of planktonic foraminifera in ODP Hole 113-690C, small size fraction"", ""DatasetKey is Antarctic Krill occurrence data from BAS expeditions"", ""DatasetKey is Collection Cnidaria - ZMB"", ""DatasetKey is Electron Micrograph Database - Terrestrial and Limnetic Specimens"", ""DatasetKey is (Appendix B) Planktic foraminiferal assemblages from ODP Holes 113-689B and 113-690B"", ""DatasetKey is Southern Ocean Cnidarian Collections"", ""DatasetKey is Invertebrate collection of the Seto Marine Biological Laboratory, Kyoto University"", ""DatasetKey is Type Localities for organisms and fossils first described from Antarctica"", ""DatasetKey is Antarctic Marine Species Sequence Data"", ""DatasetKey is EPOS3: SeaStars (Echinodermata, Asteroidea)"", ""DatasetKey is (Table 1) Distribution and numerical abundance of foraminifera of sediment core CRP-3"", ""DatasetKey is Bacteria and chlorophyll-a water column observations (surface to ~150m), April-August 2001, Continental Margin Western Antarctic Peninsula, GLOBEC"", ""DatasetKey is Mitochondrial lineages in the Antarctic sea slug Doris kerguelenensis"", ""DatasetKey is MNA (Section of Genoa) associated collection of CCFEE (Tuscia University) - Antarctic Fungi"", ""DatasetKey is (Appendix) Relative abundance of some calcareous nannofossils in ODP Hole 119-738C"", ""DatasetKey is Counts of Quaternary foraminifera of sediment core CRP-1 (App. 1)"", ""DatasetKey is Occurence of foraminifera and other microfossils in sediment core CRP-2/2A (Table 1)"", ""DatasetKey is Antarctic Krill occurrence data from Australian expeditions"", ""DatasetKey is MNA (Section of Genoa) and NIWA Invertebrate Collection - Ross Sea Tanaidacea"", ""DatasetKey is Cetacean Sightings Survey and Southern Ocean Cetacean Program - BROKE-West"", ""DatasetKey is (Table 1) Abundance of planktonic foraminifera in ODP Hole 113-689B, large size fraction"", ""DatasetKey is (Table 2a) Downcore distribution of live benthic foraminifera of sediment core PS1394-1, Weddell Sea"", ""DatasetKey is Abundance of macrozoobenthos in surface sediments sampled during POLARSTERN cruise ANT-V/1"", ""DatasetKey is (Table 2) Distribution of Lower Cretaceous calcareous nannofossils in ODP Hole 113-693A"", ""DatasetKey is (Table 2) Abundance of planktonic foraminifera in ODP Hole 113-689B, small size fraction"", ""DatasetKey is Diversity of total live benthic foraminiferal assemblages in South Atlantic surface sediments"", ""DatasetKey is Table I: Birds observed at the Weddell Sea during the period: 6 December 1955 to 19 January 1956"", ""DatasetKey is Occurence of monothalamous foraminifera in Admiralty Bay, King George Island, West Antarctica (Table 1, 2)"", ""DatasetKey is Antarctic Foraminiferans"", ""DatasetKey is Antarctic pycnogonids"", ""DatasetKey is Late Cretaceous ostracods recorded from ODP Hole 113-689B"", ""DatasetKey is Whale log - observations from ANARE voyages"", ""DatasetKey is Antarctic fish Gobionotothen gibberifrons"" ] } The dataset includes 19596 records from 40 constituent datasets; see https://api.gbif.org/v1/occurrence/download/0084697-160910150852091/datasets/export for details. Data from some individual datasets included in this download may be licensed under less restrictive terms.",https://doi.org/10.15468/dl.6whn3g,2017-01-01,2017,2.6842062,NA,0,,,dataset,TRUE,TRUE,green,https://doi.org/10.15468/dl.6whn3g,TRUE,Global Biodiversity Information Facility,https://openalex.org/S4398183272,NA,https://openalex.org/I111796040,Global Biodiversity Information Facility,https://doi.org/10.15468/dl.6whn3g,NA,cc-by,NA,,0,,,,,FALSE,FALSE,en,,,,,NA,NA,NA,NA
https://openalex.org/W4396307768,Occurrence Download,Occurrence Download,,"A dataset containing 14023 species occurrences available in GBIF matching the query: { ""or"" : [ ""DatasetKey is Cnidarios del proyecto Macrofauna Corpoguajira"", ""DatasetKey is Depletion fishing in the rivers Grote Nete and Kleine Nete in Flanders, Belgium"", ""DatasetKey is Weddell Seal census, Vestfold Hills, Antarctica"", ""DatasetKey is MNA (Section of Genoa) and NIWA Invertebrate Collection - Ross Sea Tanaidacea"", ""DatasetKey is Cetacean Sightings Survey and Southern Ocean Cetacean Program - BROKE-West"", ""DatasetKey is (Table 1) Abundance of planktonic foraminifera in ODP Hole 113-689B, large size fraction"", ""DatasetKey is (Table 2a) Downcore distribution of live benthic foraminifera of sediment core PS1394-1, Weddell Sea"", ""DatasetKey is Abundance of macrozoobenthos in surface sediments sampled during POLARSTERN cruise ANT-V/1"", ""DatasetKey is (Table 2) Distribution of Lower Cretaceous calcareous nannofossils in ODP Hole 113-693A"", ""DatasetKey is (Table 2) Abundance of planktonic foraminifera in ODP Hole 113-689B, small size fraction"", ""DatasetKey is Diversity of total live benthic foraminiferal assemblages in South Atlantic surface sediments"", ""DatasetKey is Table I: Birds observed at the Weddell Sea during the period: 6 December 1955 to 19 January 1956"", ""DatasetKey is Occurence of monothalamous foraminifera in Admiralty Bay, King George Island, West Antarctica (Table 1, 2)"", ""DatasetKey is Antarctic Foraminiferans"", ""DatasetKey is Antarctic pycnogonids"", ""DatasetKey is Late Cretaceous ostracods recorded from ODP Hole 113-689B"", ""DatasetKey is Whale log - observations from ANARE voyages"", ""DatasetKey is Antarctic fish Gobionotothen gibberifrons"" ] } The dataset includes 14023 records from 18 constituent datasets; see https://api.gbif.org/v1/occurrence/download/0080737-160910150852091/datasets/export for details. Data from some individual datasets included in this download may be licensed under less restrictive terms.",https://doi.org/10.15468/dl.jpfv95,2017-01-01,2017,2.672371,NA,0,,,dataset,TRUE,TRUE,green,https://doi.org/10.15468/dl.jpfv95,TRUE,Global Biodiversity Information Facility,https://openalex.org/S4398183272,NA,https://openalex.org/I111796040,Global Biodiversity Information Facility,https://doi.org/10.15468/dl.jpfv95,NA,cc-by,NA,,0,,,,,FALSE,FALSE,en,,,,,NA,NA,NA,NA
https://openalex.org/W4396129075,Occurrence Download,Occurrence Download,,"A dataset containing 14023 species occurrences available in GBIF matching the query: { ""or"" : [ ""DatasetKey is Cnidarios del proyecto Macrofauna Corpoguajira"", ""DatasetKey is Depletion fishing in the rivers Grote Nete and Kleine Nete in Flanders, Belgium"", ""DatasetKey is Weddell Seal census, Vestfold Hills, Antarctica"", ""DatasetKey is MNA (Section of Genoa) and NIWA Invertebrate Collection - Ross Sea Tanaidacea"", ""DatasetKey is Cetacean Sightings Survey and Southern Ocean Cetacean Program - BROKE-West"", ""DatasetKey is (Table 1) Abundance of planktonic foraminifera in ODP Hole 113-689B, large size fraction"", ""DatasetKey is (Table 2a) Downcore distribution of live benthic foraminifera of sediment core PS1394-1, Weddell Sea"", ""DatasetKey is Abundance of macrozoobenthos in surface sediments sampled during POLARSTERN cruise ANT-V/1"", ""DatasetKey is (Table 2) Distribution of Lower Cretaceous calcareous nannofossils in ODP Hole 113-693A"", ""DatasetKey is (Table 2) Abundance of planktonic foraminifera in ODP Hole 113-689B, small size fraction"", ""DatasetKey is Diversity of total live benthic foraminiferal assemblages in South Atlantic surface sediments"", ""DatasetKey is Table I: Birds observed at the Weddell Sea during the period: 6 December 1955 to 19 January 1956"", ""DatasetKey is Occurence of monothalamous foraminifera in Admiralty Bay, King George Island, West Antarctica (Table 1, 2)"", ""DatasetKey is Antarctic Foraminiferans"", ""DatasetKey is Antarctic pycnogonids"", ""DatasetKey is Late Cretaceous ostracods recorded from ODP Hole 113-689B"", ""DatasetKey is Whale log - observations from ANARE voyages"", ""DatasetKey is Antarctic fish Gobionotothen gibberifrons"" ] } The dataset includes 14023 records from 18 constituent datasets; see https://api.gbif.org/v1/occurrence/download/0080748-160910150852091/datasets/export for details. Data from some individual datasets included in this download may be licensed under less restrictive terms.",https://doi.org/10.15468/dl.e6nf0c,2017-01-01,2017,2.6576135,NA,0,,,dataset,TRUE,TRUE,green,https://doi.org/10.15468/dl.e6nf0c,TRUE,Global Biodiversity Information Facility,https://openalex.org/S4398183272,NA,https://openalex.org/I111796040,Global Biodiversity Information Facility,https://doi.org/10.15468/dl.e6nf0c,NA,cc-by,NA,,0,,,,,FALSE,FALSE,en,,,,,NA,NA,NA,NA
https://openalex.org/W4395792806,Occurrence Download,Occurrence Download,,"A dataset containing 20688 species occurrences available in GBIF matching the query: { ""or"" : [ ""DatasetKey is Weddell Seal census, Vestfold Hills, Antarctica"", ""DatasetKey is Marine fauna survey of the Vestfold Hills and Rauer Island, 1981-82"", ""DatasetKey is Nekton and plankton counts from neuston net (300 µm) hauls of cruise GAE 1975/76"", ""DatasetKey is Museo Argentino de Ciencias Naturales (MACN), Buenos Aires: sea stars collection (Asteroidea, Echinodermata)"", ""DatasetKey is Marine fauna survey of the Vestfold Hills and Rauer Island, 1981-82 (Australian Antarctic Data Centre)"", ""DatasetKey is Diversity of live benthic foraminiferal assemblages in South Atlantic surface sediments"", ""DatasetKey is Apectodinium, age and percentage of endemic and bipolar dinoflagellate cysts of IODP Hole 318-U1356A"", ""DatasetKey is Culture Collection of Cryophilic Algae"", ""DatasetKey is Diversity of dead benthic foraminiferal assemblages in South Atlantic surface sediments"", ""DatasetKey is Microfossil abundance of Hole 35-323"", ""DatasetKey is (Table 4) Abundance of planktonic foraminifera in ODP Hole 113-690C, small size fraction"", ""DatasetKey is Antarctic Krill occurrence data from BAS expeditions"", ""DatasetKey is Collection Cnidaria - ZMB"", ""DatasetKey is Electron Micrograph Database - Terrestrial and Limnetic Specimens"", ""DatasetKey is (Appendix B) Planktic foraminiferal assemblages from ODP Holes 113-689B and 113-690B"", ""DatasetKey is Southern Ocean Cnidarian Collections"", ""DatasetKey is Invertebrate collection of the Seto Marine Biological Laboratory, Kyoto University"", ""DatasetKey is Type Localities for organisms and fossils first described from Antarctica"", ""DatasetKey is Antarctic Marine Species Sequence Data"", ""DatasetKey is EPOS3: SeaStars (Echinodermata, Asteroidea)"", ""DatasetKey is (Table 1) Distribution and numerical abundance of foraminifera of sediment core CRP-3"", ""DatasetKey is Bacteria and chlorophyll-a water column observations (surface to ~150m), April-August 2001, Continental Margin Western Antarctic Peninsula, GLOBEC"", ""DatasetKey is Mitochondrial lineages in the Antarctic sea slug Doris kerguelenensis"", ""DatasetKey is MNA (Section of Genoa) associated collection of CCFEE (Tuscia University) - Antarctic Fungi"", ""DatasetKey is (Appendix) Relative abundance of some calcareous nannofossils in ODP Hole 119-738C"", ""DatasetKey is Counts of Quaternary foraminifera of sediment core CRP-1 (App. 1)"", ""DatasetKey is Occurence of foraminifera and other microfossils in sediment core CRP-2/2A (Table 1)"", ""DatasetKey is Antarctic Krill occurrence data from Australian expeditions"", ""DatasetKey is MNA (Section of Genoa) and NIWA Invertebrate Collection - Ross Sea Tanaidacea"", ""DatasetKey is Cetacean Sightings Survey and Southern Ocean Cetacean Program - BROKE-West"", ""DatasetKey is (Table 1) Abundance of planktonic foraminifera in ODP Hole 113-689B, large size fraction"", ""DatasetKey is (Table 2a) Downcore distribution of live benthic foraminifera of sediment core PS1394-1, Weddell Sea"", ""DatasetKey is Abundance of macrozoobenthos in surface sediments sampled during POLARSTERN cruise ANT-V/1"", ""DatasetKey is (Table 2) Distribution of Lower Cretaceous calcareous nannofossils in ODP Hole 113-693A"", ""DatasetKey is (Table 2) Abundance of planktonic foraminifera in ODP Hole 113-689B, small size fraction"", ""DatasetKey is Diversity of total live benthic foraminiferal assemblages in South Atlantic surface sediments"", ""DatasetKey is Table I: Birds observed at the Weddell Sea during the period: 6 December 1955 to 19 January 1956"", ""DatasetKey is Occurence of monothalamous foraminifera in Admiralty Bay, King George Island, West Antarctica (Table 1, 2)"", ""DatasetKey is Antarctic Foraminiferans"", ""DatasetKey is Antarctic pycnogonids"", ""DatasetKey is Late Cretaceous ostracods recorded from ODP Hole 113-689B"", ""DatasetKey is Whale log - observations from ANARE voyages"", ""DatasetKey is Antarctic fish Gobionotothen gibberifrons"" ] } The dataset includes 20688 records from 43 constituent datasets; see https://api.gbif.org/v1/occurrence/download/0088390-160910150852091/datasets/export for details. Data from some individual datasets included in this download may be licensed under less restrictive terms.",https://doi.org/10.15468/dl.bmyqoi,2017-01-01,2017,2.6410987,NA,0,,,dataset,TRUE,TRUE,green,https://doi.org/10.15468/dl.bmyqoi,TRUE,Global Biodiversity Information Facility,https://openalex.org/S4398183272,NA,https://openalex.org/I111796040,Global Biodiversity Information Facility,https://doi.org/10.15468/dl.bmyqoi,NA,cc-by,NA,,0,,,,,FALSE,FALSE,en,,,,,NA,NA,NA,NA
https://openalex.org/W4395718802,Occurrence Download,Occurrence Download,,"A dataset containing 14023 species occurrences available in GBIF matching the query: { ""or"" : [ ""DatasetKey is Cnidarios del proyecto Macrofauna Corpoguajira"", ""DatasetKey is Depletion fishing in the rivers Grote Nete and Kleine Nete in Flanders, Belgium"", ""DatasetKey is Weddell Seal census, Vestfold Hills, Antarctica"", ""DatasetKey is MNA (Section of Genoa) and NIWA Invertebrate Collection - Ross Sea Tanaidacea"", ""DatasetKey is Cetacean Sightings Survey and Southern Ocean Cetacean Program - BROKE-West"", ""DatasetKey is (Table 1) Abundance of planktonic foraminifera in ODP Hole 113-689B, large size fraction"", ""DatasetKey is (Table 2a) Downcore distribution of live benthic foraminifera of sediment core PS1394-1, Weddell Sea"", ""DatasetKey is Abundance of macrozoobenthos in surface sediments sampled during POLARSTERN cruise ANT-V/1"", ""DatasetKey is (Table 2) Distribution of Lower Cretaceous calcareous nannofossils in ODP Hole 113-693A"", ""DatasetKey is (Table 2) Abundance of planktonic foraminifera in ODP Hole 113-689B, small size fraction"", ""DatasetKey is Diversity of total live benthic foraminiferal assemblages in South Atlantic surface sediments"", ""DatasetKey is Table I: Birds observed at the Weddell Sea during the period: 6 December 1955 to 19 January 1956"", ""DatasetKey is Occurence of monothalamous foraminifera in Admiralty Bay, King George Island, West Antarctica (Table 1, 2)"", ""DatasetKey is Antarctic Foraminiferans"", ""DatasetKey is Antarctic pycnogonids"", ""DatasetKey is Late Cretaceous ostracods recorded from ODP Hole 113-689B"", ""DatasetKey is Whale log - observations from ANARE voyages"", ""DatasetKey is Antarctic fish Gobionotothen gibberifrons"" ] } The dataset includes 14023 records from 18 constituent datasets; see https://api.gbif.org/v1/occurrence/download/0080758-160910150852091/datasets/export for details. Data from some individual datasets included in this download may be licensed under less restrictive terms.",https://doi.org/10.15468/dl.9zct24,2017-01-01,2017,2.640926,NA,0,,,dataset,TRUE,TRUE,green,https://doi.org/10.15468/dl.9zct24,TRUE,Global Biodiversity Information Facility,https://openalex.org/S4398183272,NA,https://openalex.org/I111796040,Global Biodiversity Information Facility,https://doi.org/10.15468/dl.9zct24,NA,cc-by,NA,,0,,,,,FALSE,FALSE,en,,,,,NA,NA,NA,NA
https://openalex.org/W2738724020,Feeding strategy of Pleuragramma antarctica investigated by using ecological and ecomorphological approaches,Feeding strategy of Pleuragramma antarctica investigated by using ecological and ecomorphological approaches,,"Antarctic silverfish Pleuragramma antarctica is a keystone species of the coastal ecosystems of the Sothern Ocean. This species is the most abundant pelagic fish in the coastal waters of Antarctica, where it plays a pivotal role in the trophic web as the major link between lower and higher trophic levels. Due to the ecological importance of this species, over the last decades many studies on biology and ecology of P. antarctica were carried out. Despite previous studies have provided an overall picture of the trophic ecology of the Antarctic silverfish, important questions remain. Among them, the opportunistic versus selective feeding habit of the species wasn't still investigated, even if this information holds potential to highlight mechanisms and dynamics of the Antarctic silverfish relationship with the other components of its environment. The investigations on the capability of the species at using food resources can give information about its adaptability to ecological changes. Such a piece of information gains further value if contextualized in the frame of the environmental changes ongoing at a rapid pace in polar regions. The aim of my work is to improve present knowledge on the feeding ecology of the Antarctic silverfish highlighting its feeding habits to assess its possible ability to adapt to variations in the availability of prey caused by climate change or overfishing of krill. The research developed within my PhD program contributes to the PNRA (Italian National Program for Research in Antarctica) project RAISE (Integrate Research on Antarctic Silverfish Ecology in the Ross Sea). The study was divided in two parts, the first one was a purely ecological analysis based on the stomach contents of samples collected in different sectors of the Southern Ocean, the second one was an ecomorphological focus on traits involved in feeding activity of the species. In the ecological analysis, I detected evident differences in the diet of the specimens coming from three different zones (Ross Sea, Dumont d’Urville Sea, sea near Antarctic Peninsula). The diets were composed exclusively by planktonic organisms, which belong to different taxa depending on the area, mainly composed by copepods and euphausiids. Depending on the case, the range of prey items found was significantly broader or narrower. The observation of the condition of the different schools of fish and the investigation of selectivity versus generalism of the species let we deduce what item of the diet represented the preferential prey (through my results they appear to be the euphausiids) and if the species was able to adapt to situations of availability of prey different from the optimal ones. The ecomorphological study consisted in a depth study of the biomechanics of the buccal apparatus of P. antarctica. I measured some features of jaws, head and gill rakers and calculated significant index of jaws movements. The comparison of the values obtained with that of the same parameters found in other two species of the same family of nototheniids, Dissostichus mawsoni and Trematomus bernacchii, which live in different habitats and have different feeding habits, highlighted the adaptation to planktofagy and the feeding strategies of P. antarctica. It was relevant the confirmation of the capability of the species to feed on different planktonic items, having both structures to catch relatively large size zooplanktonic organisms and gill rakers conformation to particulate feeding. Both studies carried out lead us to the conclusion that P. antarctica is a plastic predator. Its preferential prey seem to be the euphausiids, towards which it performs a selective predation. In the case of paucity or absence of these organisms, it is able to vary its diet and feed on smaller zooplanktonic species, preyed by means of a less selective particulate feeding activity.",NA,2017-01-01,2017,2.5984526,0,0,,,article,FALSE,FALSE,closed,NA,FALSE,Use Siena air (University of Siena),https://openalex.org/S4377196319,NA,https://openalex.org/I102064193,University of Siena,http://hdl.handle.net/11365/1008269,NA,NA,submittedVersion,,0,,,,,FALSE,FALSE,en,,,,,NA,NA,NA,NA
https://openalex.org/W2898881810,"Life histories and evolution: insights from notothenioids (Teleostei, Perciformes)","Life histories and evolution: insights from notothenioids (Teleostei, Perciformes)",,"ABSTRACT&#13;\n&#13;\nOrganisms show an extraordinary variation in their life history traits, both at inter- and intraspecific level, exhibiting phenotypic variations among populations inhabiting different habitat. The variability in life history traits has been related to environmental conditions, as a result of selective processes or phenotypic response to them. In addition to the huge diversity in life history traits, several trade-offs among them have been recognized. The variability in life history traits and in their trade-offs related to environmental conditions represents a key aspect in the study of evolutionary processes. A wide variation in life history traits is documented among teleost fishes, both among and within species, reflecting the effects of evolutionary forces acting on them over time and across environmental conditions. Several life history traits, such as growth rate, age at sexual maturity, fecundity, reproductive investment, egg size, hatching size, are strongly influenced by temperature and food availability. Notothenioid fish represent a unique example of fish adaptive radiation in marine environment. They dominate the waters surrounding the Antarctic continent both by species number, with over 120 species (47%), and biomass (90-95%). Notothenioids distribution is limited exclusively to the Antarctic and sub-Antarctic regions (South America, New Zealand and South East Australia). Variability in their life history traits at inter- and intra-specific levels has been described, with a latitudinal trends in some reproductive traits. In this framework, despite the availability of recent phylogenies of notothenioids, a comparative analysis aimed at studying habitat dependent evolution of reproductive strategies has not yet been performed. Given the particular characteristics of their habitats and the uniqueness of notothenioid fishes, they can be considered an excellent taxon model to investigate the evolution of life history traits in relation to environmental factors.&#13;\nThe aim of this PhD project was to investigate the evolution of life history traits of notothenioid species in relation to environmental variables (such as sea water temperature, primary productivity and sea ice cover), controlling for phylogenetic relationships. The applied methodology (Independent Contrast Method) represents a key aspect in this study since its robustness can prevent the attribution of correlations between life history traits and environmental variables to evolutionary processes, being instead a consequence of phylogenetic relationships among considered species. Using life history traits estimated from collected species and reported in data available in literature, the study focused the attention on gametogenesis and, gonadal investment, such as fecundity and egg size. Such a comparative study of habitat dependent variation of life history traits is interesting for evolutionary biology, given the extreme adaptations shown by Antarctic fishes to their peculiar environment, as well as for conservation biology, because the knowledge of reproductive traits and of their sensitiveness to environmental changes is recognized as a crucial information for the sustainable management of exploited species and their resilience capacity to overcome current climate change.&#13;\nIn the present research, life history traits of 17 species, belonging the eight notothenioid families were investigated (Papers I, II, III, IV, V, VI), providing original information on their biology and strengthening the reliability of the available literature. Intraspecific variability in life history traits was examined in three species, including in the analyses specimens sampled in different areas (Papers I, III and IV). Unpublished life history traits data of 15 species were included in the interspecific comparison (Paper VI). Species included in this study were collected during two cruises carried out onboard the German R/V Polarstern (ANT-XXVIII/4, 2012 and ANT-XXIX/9, 2014) off the Antarctic Peninsula and in the Weddell Sea. Samples, belonging to four notothenioid species, were provided by partner scientists during past Antarctic expeditions (2009, 2010 and 2011 during the austral summer) in different areas (i.e. South Orkney, South Georgia, Burdwood Bank and Western Antarctic Peninsula).&#13;\nComparing the results obtained in studies dealing with individual species, the histological analyses generally indicated some similarities among notothenioids. In all the analysed species, females presented a group synchronous ovarian type, in which two clearly distinct groups of oocytes were visible. The more advanced stage of maturity in maturing or mature females were oocytes at late stage of vitellogenesis, constituting the batch of the current season, while the other group included oocytes at the cortical alveoli or previtellogenic stages, representing the next year batch. The occurrence of late vitellogenic oocytes together with others at the cortical alveoli stage supports a prolonged oogenesis, likely lasting more than one year. Testes were of the unrestricted spermatogonial testicular type. In mature males, testes were completely filled with sperm with few cysts of early-stages of spermatogenesis, indicating that sperm maturation completes before the beginning of the breeding season. Long lasting gametogenesis is likely related to the low temperature and to the high reproductive investment.&#13;\nThe study on individual species provided new data on absolute and relative fecundity, egg size, gonadosomatic index (GSI) and age estimates and therefore information useful for the comparative analyses (Paper VI). By means of age estimates through otolith reading, growth rate, age/length relationship, maximum age and age at sexual maturity were assessed (Papers II, III, IV, V). As expected for cold water fish species, notothenioids exhibit slow growth rate, late sexual maturity (at about 50-87% of maximum size) and long life span (up to 24 years).&#13;\nThe intraspecific comparison highlighted that the observed variation in life history traits could be addressed to local conditions (i.e. local prevailing currents linked to cold water masses and melting ice) and/or be a consequence of the species reproductive habits, including egg type, presence/absence of parental care, adult distribution and mobility. In Chaenocephalus aceratus, a benthic species with demersal eggs and parental care, fecundity was higher in the warmer study area, that is not influenced by cold water masses coming from Weddell Sea, respect to the colder area. In the Antarctic silverfish (Pleuragramma antarctica), the only species lying cryopelagic eggs (i.e. eggs laid to the lower surface of platelet pack ice), and in Notothenia rossii, in which individuals shift from benthic to bentho-pelagic habits achieving the adult phase, no differences emerged between populations, with the exception of some differences in oocyte size and GSI, likely related to temporal differences in sampling periods. &#13;\nThe results of the interspecific comparative analyses highlighted some correlation between environmental factors and life history traits, revealing potential evolutionary forces. Differently from the other biological traits considered in this study, the maximum size did not correlate with any environmental variable. These results support the observation that the Bergmann’s rule, describing the occurrence of a positive relationship between maximum size and latitude, with larger specimens found in colder environments (higher latitudes), does not apply at high latitudes.&#13;\nIn notothenioids egg size was negatively related to primary production. Primary production, in turn, is negatively related to latitude, and general theoretical models and relevant studies indicate a positive relationship between egg size and latitude. Food availability and temperature have been claimed as factors driving the general increasing trend in egg size with latitude. Primary production can be considered a proxy of food availability, therefore in notothenioids food availability appears to be the main factor influencing egg size. A positive relationship between egg and larval size is common, and larger larvae are expected to show enhanced competitive abilities, improved capacity to feed on a wide size range of prey items and enhanced starvation resistance, and ultimately higher survival probabilities in extreme conditions. Egg size is also positively related to the maximum parental body size. Generally, large fishes, as for instance tunas or the Ocean sunfish Mola mola, are not more likely to have large eggs than small ones, nonetheless fish size may indeed constrain, rather than determine, the range of possible egg sizes, as suggested also by the results on notothenioids. Large notothenioids could therefore have a wider range of tactics in the partition of reproductive effort between fecundity and egg size. While Low Antarctic species produce small and large eggs, High Antarctic species present only large eggs. Considering the trade-off between egg size and number, a positive relationship between relative fecundity (i.e. the number of eggs in relation to body weight) and primary production was expected but it was not found. Conversely a positive relationship was observed between relative fecundity and mean water temperature, although it remains an unsolved issue which need to be further investigated. Energetic investment in female reproductive effort, i.e. maximum female GSI, showed a positive relationship with sea ice cover. Seasonal pack ice melting, occurring in summer at intermediate Antarctic latitudes, triggers phytoplankton blooms, resulting in an increased primary production with a cascading effect on the pelagic food web. At higher latitudes, where maximum values of GSI have been detected, the sea ice cover is permanent through the year and the primary production is likely to remain low, bein",NA,2015-01-01,2015,2.5424204,0,0,,,article,TRUE,TRUE,green,http://paduaresearch.cab.unipd.it/8921/1/Riginella_Emilio_Tesi.pdf,TRUE,Padua@research (University of Padova),https://openalex.org/S4306401344,NA,https://openalex.org/I138689650,University of Padua,NA,http://paduaresearch.cab.unipd.it/8921/1/Riginella_Emilio_Tesi.pdf,NA,submittedVersion,,0,,,,,FALSE,FALSE,en,,,,,NA,NA,NA,NA
https://openalex.org/W3191602476,Comunidad del zooplancton antártico en el estrecho de Bransfield y alrededores de la isla ElefanteAR XVI: Enero 2006. Perú ANTAR XVI,Comunidad del zooplancton antártico en el estrecho de Bransfield y alrededores de la isla ElefanteAR XVI: Enero 2006. Perú ANTAR XVI,,"Two analyzes, one spatial and other temporal zooplankton community structure, from 44 samples (22 for each analysis) collected with Bongo net (300 and 500 μm mesh) and oblique tows (0-200 m), were carried out in the Strait Bransfield and around Elephant Island during the cruise ANTAR XVI 0601 BIC Humboldt. In the first analysis, the total zooplankton abundance showed values between 485 and 8947 ind/1000 m3 for 300 μm mesh, and between 33 and 8821 ind/1000 m3 for 500 μm mesh. A total of 15 groups were identified and Copepods were the most abundant and frequent, followed by Euphausiids (Thysanoessa sp.) and Chaetognaths (Eukhronia hamata). Salps showed low frequencies (27.27%) and abundance (33 ind/1000 m3). Also, two species were recorded in the ichthyoplankton, Nototheniops larseni, that was the most abundant and frequent (36.36%) than Pleuragramma antarcticum (27.27%). Total volumes fluctuated between 1.10 and 39.73 mL/1000 m3, and between 0.04 and 33.82 mL/1000 m3 for 300 μm and 500 μm mesh, respectively. Diversity (H ‘) values ranged from 1.09 to 3.76 bits, and from 0.93 and 3.19 bits to 300 μm and 500 μm mesh. Community analysis showed three biologically established groups. Group 3 was located north of the Bransfield Strait, Group 2 was in the center and the Group 1 closer to the Antarctic Peninsula and Weddell Sea. Calanus propinquus (Group 1: 54.01%), Metridia gerlachei (Group 2: 33.81%) and C. propinquus and Ctenocalanus sp. (Group 3: 43.04%) were the major contributors to this grouping. Finally, total values of zooplankton abundance and volumes were recorded, especially in coastal areas, and copepods and euphausiids dominated throughout the study area, with high abundance of small copepods (M. gerlachei and Ctenocalanus sp.). In the second analysis, a total of 11 groups was obtained. The highest abundance was found at 00:14 and 4:04 pm. Copepods not show any pattern in their timing within 200 meters, except for M. gerlachei, with higher abundance at 00:14. Euphausiids were only found overnight, indicating a daily migration to greater depths.",NA,2016-06-30,2016,2.4620152,0,0,,,article,FALSE,FALSE,closed,NA,FALSE,NA,NA,NA,NA,NA,https://repositorio.imarpe.gob.pe/bitstream/20.500.12958/3079/1/Boletin%2031%281%29-7.pdf,NA,NA,NA,,0,,,,,FALSE,FALSE,es,,,,,64,70,31,1
https://openalex.org/W2273585282,Austral vs. Antarctic Notothenioids: Mitochondrial responses to Ocean Acidification,Austral vs. Antarctic Notothenioids: Mitochondrial responses to Ocean Acidification,,"Antarctic fish species possess very low metabolic rates and poor metabolic plasticity, thus making them extremely vulnerable to changing environmental conditions. Mitochondria are a key element in shaping whole organism energy turnover and functional capacities. In our study, we compared two nototheniid fish, the Austral black cod (Notothenia angustata, New Zealand) and the Antarctic marbled rockcod (Notothenia rossii, Antarctic Peninsula) for their abilities of metabolic compensation for rising temperature and PCO2 at the intracellular level. We acclimated N. angustata to control conditions (PCO2 of 0.04 kPa) and to an ambient PCO2 of 0.2 kPa for 11 days, and kept N. rossii at a PCO2 of 0.04 kPa. We assessed permeabilized heart fibre oxygen consumption at various respiratory states (e.g. state III ￼￼complex I/ II, state IV (leak), uncoupled/ ETS capacity, complex IV) in acutely hypercapnic (PCO2 of 2 kPa, corresponds to intracellular PCO2 under 0.2 kPa ambient hypercapnia) vs. normocapnic (PCO2 of 0.04 kPa) respiration media. In all respiratory states, acute exposure to the hypercapnic respiration medium resulted in reduced mitochondrial capacities, in the Austral and the Antarctic notothenioids Yet, overall heart fibre respiration was higher in the hypercapnia acclimated N. angustata than in their control group. This suggests that chronic acclimation of the fish to moderately elevated PCO2 levels might enhance mitochondrial aerobic capacities, involving e.g. changes in enzyme capacities or mitochondrial proliferation. Our data indicate that while acute high PCO2 levels of 2 kPa reduce mitochondrial oxidative capacities in Austral and Antarctic notothenioids, at least the Austral fish seem to be able to compensate for these acutely reduced metabolic capacities by hypercapnia acclimation.&#13;\n",NA,2012-09-25,2012,2.389009,NA,0,,,article,FALSE,FALSE,closed,NA,FALSE,Helmholtz-Zentrum für Polar-und Meeresforschung (Alfred-Wegener-Institut),https://openalex.org/S4306400378,NA,https://openalex.org/I2799732068,Royal Prince Alfred Hospital,https://epic.awi.de/id/eprint/35482/,NA,NA,submittedVersion,,0,,,,,FALSE,FALSE,en,,,,,NA,NA,NA,NA
https://openalex.org/W4395161996,Occurrence Download,Occurrence Download,,"A dataset containing 2921176 species occurrences available in GBIF matching the query: { ""or"" : [ ""DatasetKey is Museum of Comparative Zoology, Harvard University"", ""DatasetKey is CAS Ichthyology (ICH)"", ""DatasetKey is Field Museum of Natural History (Zoology) Mammal Collection"", ""DatasetKey is Geneva Herbarium – General Collection (G)"", ""DatasetKey is Naturalis Biodiversity Center (NL) - Chelicerata and Myriapoda"", ""DatasetKey is Condon Fossil Collection"", ""DatasetKey is Ohio State Acarology Laboratory (OSAL), Ohio State University"", ""DatasetKey is Museo Argentino de Ciencias Naturales \""Bernardino Rivadavia\"" (MACN). Vascular Plants National Collection (BAv)"", ""DatasetKey is Weddell Seal census, Vestfold Hills, Antarctica"", ""DatasetKey is Marine Invertebrate from Argentina, Uruguay and Chile"", ""DatasetKey is (Table 1) Relative abundance of planktic foraminifera in Paleocene to Eocene sediments of ODP Hole 119-738C from the southern Kerguelen Plateau, Indian Ocean"", ""DatasetKey is Invertebrate Collection of IBIOMAR (CCT CONICET-CENPAT) (CNP-INV)"", ""DatasetKey is Marine fauna survey of the Vestfold Hills and Rauer Island, 1981-82"", ""DatasetKey is Nekton and plankton counts from neuston net (300 µm) hauls of cruise GAE 1975/76"", ""DatasetKey is Museo Argentino de Ciencias Naturales (MACN), Buenos Aires: sea stars collection (Asteroidea, Echinodermata)"", ""DatasetKey is Marine fauna survey of the Vestfold Hills and Rauer Island, 1981-82 (Australian Antarctic Data Centre)"", ""DatasetKey is Diversity of live benthic foraminiferal assemblages in South Atlantic surface sediments"", ""DatasetKey is Apectodinium, age and percentage of endemic and bipolar dinoflagellate cysts of IODP Hole 318-U1356A"", ""DatasetKey is Culture Collection of Cryophilic Algae"", ""DatasetKey is Diversity of dead benthic foraminiferal assemblages in South Atlantic surface sediments"", ""DatasetKey is Microfossil abundance of Hole 35-323"", ""DatasetKey is (Table 4) Abundance of planktonic foraminifera in ODP Hole 113-690C, small size fraction"", ""DatasetKey is Antarctic Krill occurrence data from BAS expeditions"", ""DatasetKey is Collection Cnidaria - ZMB"", ""DatasetKey is Electron Micrograph Database - Terrestrial and Limnetic Specimens"", ""DatasetKey is (Appendix B) Planktic foraminiferal assemblages from ODP Holes 113-689B and 113-690B"", ""DatasetKey is Southern Ocean Cnidarian Collections"", ""DatasetKey is Invertebrate collection of the Seto Marine Biological Laboratory, Kyoto University"", ""DatasetKey is Type Localities for organisms and fossils first described from Antarctica"", ""DatasetKey is Antarctic Marine Species Sequence Data"", ""DatasetKey is EPOS3: SeaStars (Echinodermata, Asteroidea)"", ""DatasetKey is (Table 1) Distribution and numerical abundance of foraminifera of sediment core CRP-3"", ""DatasetKey is Bacteria and chlorophyll-a water column observations (surface to ~150m), April-August 2001, Continental Margin Western Antarctic Peninsula, GLOBEC"", ""DatasetKey is Mitochondrial lineages in the Antarctic sea slug Doris kerguelenensis"", ""DatasetKey is MNA (Section of Genoa) associated collection of CCFEE (Tuscia University) - Antarctic Fungi"", ""DatasetKey is (Appendix) Relative abundance of some calcareous nannofossils in ODP Hole 119-738C"", ""DatasetKey is Counts of Quaternary foraminifera of sediment core CRP-1 (App. 1)"", ""DatasetKey is Occurence of foraminifera and other microfossils in sediment core CRP-2/2A (Table 1)"", ""DatasetKey is Antarctic Krill occurrence data from Australian expeditions"", ""DatasetKey is MNA (Section of Genoa) and NIWA Invertebrate Collection - Ross Sea Tanaidacea"", ""DatasetKey is Cetacean Sightings Survey and Southern Ocean Cetacean Program - BROKE-West"", ""DatasetKey is (Table 1) Abundance of planktonic foraminifera in ODP Hole 113-689B, large size fraction"", ""DatasetKey is (Table 2a) Downcore distribution of live benthic foraminifera of sediment core PS1394-1, Weddell Sea"", ""DatasetKey is Abundance of macrozoobenthos in surface sediments sampled during POLARSTERN cruise ANT-V/1"", ""DatasetKey is (Table 2) Distribution of Lower Cretaceous calcareous nannofossils in ODP Hole 113-693A"", ""DatasetKey is (Table 2) Abundance of planktonic foraminifera in ODP Hole 113-689B, small size fraction"", ""DatasetKey is Diversity of total live benthic foraminiferal assemblages in South Atlantic surface sediments"", ""DatasetKey is Table I: Birds observed at the Weddell Sea during the period: 6 December 1955 to 19 January 1956"", ""DatasetKey is Occurence of monothalamous foraminifera in Admiralty Bay, King George Island, West Antarctica (Table 1, 2)"", ""DatasetKey is Antarctic Foraminiferans"", ""DatasetKey is Antarctic pycnogonids"", ""DatasetKey is Late Cretaceous ostracods recorded from ODP Hole 113-689B"", ""DatasetKey is Whale log - observations from ANARE voyages"", ""DatasetKey is Antarctic fish Gobionotothen gibberifrons"" ] } The dataset includes 2921176 records from 54 constituent datasets; see https://api.gbif.org/v1/occurrence/download/0091798-160910150852091/datasets/export for details. Data from some individual datasets included in this download may be licensed under less restrictive terms.",https://doi.org/10.15468/dl.6zshj9,2017-01-01,2017,2.34728,NA,0,,,dataset,TRUE,TRUE,green,https://doi.org/10.15468/dl.6zshj9,TRUE,Global Biodiversity Information Facility,https://openalex.org/S4398183272,NA,https://openalex.org/I111796040,Global Biodiversity Information Facility,https://doi.org/10.15468/dl.6zshj9,NA,cc-by,NA,,0,,,,,FALSE,FALSE,en,,,,,NA,NA,NA,NA
https://openalex.org/W7155625286,A generalist foraging strategy but strong krill dependence in Adélie penguins from the Western Antarctic Peninsula,A generalist foraging strategy but strong krill dependence in Adélie penguins from the Western Antarctic Peninsula,,NA,https://doi.org/10.1016/j.ecss.2026.109925,2026-04-25,2026,2.2653356,0,0,,,article,FALSE,FALSE,closed,NA,FALSE,Estuarine Coastal and Shelf Science,https://openalex.org/S43867544,0272-7714,https://openalex.org/P4310320990,Elsevier BV,https://doi.org/10.1016/j.ecss.2026.109925,NA,NA,publishedVersion,,93,,,,,FALSE,FALSE,en,,,,,109925,109925,337,NA
https://openalex.org/W2242010417,Stress response in temperate and polar benthos: populations to molecules.,Stress response in temperate and polar benthos: populations to molecules.,,"Stress response in temperate and polar benthos: from populations to moleculesDoris Abele, Alfred-Wegner Institute for Polar and Marine Reserach, Bremerhaven, Germany (dabele@awi-bremerhaven.de)The Antarctic Peninsula is an area of rapid recent climate change. Mean air temperature has risen by 2.5°centigrade over the last 5 decades, and glaciers are melting mainly along the Western coasts and on the adjacent islands. This results in increased sediment transport to coastal areas, freshening of coastal surface waters and high incidence of iceberg scours in shallow environments. Additionally, animals at shallow depths receive high doses of detrimental UVB radiation during ozone hole conditions in the southern spring.Antarctic animals are adapted to very constant and predictable cold water conditions. They generally have low metabolic rates and especially sedentary species also have low scope for activity, resulting in slower growth and development (Peck et al. 2004), but longer life expectancy compared to temperate animals with a similar lifestyle (Philipp et al. 2005). Stress sensitivity is increased by specific features at the tissue and cell level like loss of the inducible heat shock response in ice fish (Hofmann et al. 2000). Also the extremely high tissue iron levels found in molluscs around the volcanic South Shetland islands may render these animals more sensitive to stress (Gonzalez unpublished), because the fraction of free tissue iron acts as Fenton catalyst producing reactive oxygen species, which may interfere with cellular signalling.In stress research, two possible scenarios should be distinguished: Subcritical stress (slow changes of temperature or tolerable exposure to heavy metals like iron) will raise costs for tissue maintenance and repair. This will limit the aerobic scope, meaning the amount of energy an animal can use to perform activity and to grow (Peck et al 2004). Populations under constant stress will therefore have different age to size relations than unstressed populations. Contrary, frequent impact of acute critical stress which the animal needs to actively counteract, like unearthing from the sediment by iceberg scours, predator attack eliciting vigorous flight response, or sudden intense exposure to bright sunlight including UV-radiation in transparent amphipods (Obermüller et al. ms submitted), will raise energy expenditure for escape and defence and reduce investment into body maintenance. Both forms of stress will eventually shorten animal life expectancy although by different mechanisms.Thus any form of subcritical or critical stress is bound to shorten life span, and population growth-age curves can serve the assessment of stress levels acting on two differently impacted populations from the same climatic background. Moreover, biochemical markers accumulating in a tissue over age can be assessed to describe the loss of maintenance in differently stressed populations.In my talk I will present data that fuse life history and changes of biochemical stress markers in cold stenothermal and cold boreal mollusc species and discuss the potential of these markers in stress research. I will also present the approach from our IPY program ClicOPEN with respect to stress research in changing coastal ecosystems at the Western Antarctic Pensinsula.Peck, LS, Webb K E, Bailey, DM (2004). Extreme sensitivity of biological function to temperature in Antarctic marine species. Funct. Ecol. 18:625-630.Philipp, E, Brey T, Pörtner H-O, Abele D (2005). Chronological and physiological ageing in a polar and a temperate mud clam. Mech. Ageing Dev. 126:589-609.Hofmann GE, Buckley, BA, Airaksinen S, Keen JE, Somera GN (2000). Heat-shock protein expression is absent in the Antarctic fish Trematomus bernacchii (Family Nototheniidae). J. Exp. Biol. 203:2331-2339.Obermüller, B, Puntarulo, S, Abele, D (2006). UV-tolerance and instantaneous physiological stress responses of two Antarctic amphipod species Gondogeneia antarctica and Djerboa furcipes during exposure to UV radiation. Ms submitted",NA,2006-01-01,2006,2.0693398,0,0,,,article,FALSE,FALSE,closed,NA,FALSE,Helmholtz-Zentrum für Polar-und Meeresforschung (Alfred-Wegener-Institut),https://openalex.org/S4306400378,NA,https://openalex.org/I2799732068,Royal Prince Alfred Hospital,https://epic.awi.de/id/eprint/16235/,NA,NA,submittedVersion,,0,,,,,FALSE,FALSE,en,,,,,NA,NA,NA,NA
https://openalex.org/W4410885427,Fish species identification and composition across the Scotia Sea during austral summer 2019,Fish species identification and composition across the Scotia Sea during austral summer 2019,,"An assessment of the fish species composition was conducted during the austral summer of 2019 in the Southwest Atlantic sector of the Southern Ocean (FAO Fishing Areas 48.1-48.4). Samples were collected from stations systematically spaced across the Scotia Sea region using a fine meshed pelagic trawl (""Macroplankton trawl"") towed through the ~200-0 m depth stratum (n = 127 hauls) and a coarser meshed and larger pelagic trawl (""Harstad trawl"") hauled from ~1000-0 m (n = 8 hauls), particularly suitable for catching somewhat larger sized specimens. In total, 56 fish taxa were identified from both traditional taxonomic visual and molecular identification methods. The dominating taxa, both in numbers and catch weight across the study area, were the two lanternfish species Electrona antarctica and Gymnoscopelus braueri (Myctophidae), together with the deep-sea smelt genus Bathylagus (Bathylagidae). The given description of taxonomic identification features including images of type specimens presented, constitutes a high-resolution and comprehensive encyclopedia that will facilitate future assessment of fish communities and interspecific relationships.",https://doi.org/10.1038/s41597-025-05217-z,2025-05-30,2025,2.037232,0,0,,,article,TRUE,TRUE,gold,https://www.nature.com/articles/s41597-025-05217-z.pdf,TRUE,Scientific Data,https://openalex.org/S2607323502,2052-4463,https://openalex.org/P4310319908,Nature Portfolio,https://doi.org/10.1038/s41597-025-05217-z,https://www.nature.com/articles/s41597-025-05217-z.pdf,cc-by,publishedVersion,,20,,,,,FALSE,FALSE,en,,,,,916,916,12,1
https://openalex.org/W4417498163,Are Sponges Good Natural Sentinels for Monitoring Fish Diversity in Antarctic Coastal Waters?,Are Sponges Good Natural Sentinels for Monitoring Fish Diversity in Antarctic Coastal Waters?,,"ABSTRACT Monitoring biodiversity in Antarctic ecosystems poses significant challenges, particularly due to the harsh environment. Traditional methods, such as beach seines, are time‐consuming, resource‐intensive, and difficult to carry out in Antarctica. To address these limitations, eDNA‐based techniques have emerged as a valuable alternative. We employed eDNA metabarcoding from water samples and sponges to assess coastal fish communities along the Western Antarctic Peninsula, aiming to explore species diversity across a latitudinal gradient. Our analysis identified 14 Antarctic fish species and one marine mammal. Although previous research has validated the use of sponge‐derived DNA for fish biodiversity studies, our results showed that seawater samples provided a very similar or, in many cases, an even more comprehensive view of the fish community. Interestingly, while sponge species exhibited variability in their performance, no significant differences were observed among them. Both water and sponge samples revealed similar beta diversity patterns, successfully capturing community composition at each location. The coastal fish fauna in the studied areas is highly dominated by notothenioids, with the genera Notothenia , Lindbergichthys , and Trematomus being the most abundant. All the species detected in both water and sponge samples were endemic to Antarctica, widely distributed, and previously known to inhabit the region. These findings are especially important given the increasing human activities, including commercial fishing and krill harvesting, that are impacting the Antarctic marine ecosystem.",https://doi.org/10.1002/ece3.72684,2025-12-01,2025,1.9966176,0,0,,,article,TRUE,TRUE,gold,https://onlinelibrary.wiley.com/doi/pdfdirect/10.1002/ece3.72684,TRUE,Ecology and Evolution,https://openalex.org/S2482021738,2045-7758,https://openalex.org/P4310320595,Wiley,https://doi.org/10.1002/ece3.72684,https://onlinelibrary.wiley.com/doi/pdfdirect/10.1002/ece3.72684,cc-by,publishedVersion,,43,,,,,FALSE,FALSE,en,,,,,e72684,e72684,15,12
https://openalex.org/W4399589095,Thermal tolerance of larval Antarctic cryonotothenioid fishes,Thermal tolerance of larval Antarctic cryonotothenioid fishes,,"Abstract Cryonotothenioids constitute a subgroup of notothenioid fishes endemic to the Southern Ocean that are specialized to exist in a narrow range of near-freezing temperatures. Due to the challenges of reliably collecting and maintaining larval cryonotothenioids in good condition, most thermal tolerance studies have been limited to adult and juvenile stages. With increasing environmental pressures from climate change in Antarctic ecosystems, it is important to better understand the impacts of a warming environment on larval stages as well. In this study, we determine the critical thermal maxima (CTmax) of cryonotothenioid larvae collected in pelagic net tows during three research cruises near the western Antarctic Peninsula. We sampled larvae of seven species representing three cryonotothenioid families—Nototheniidae, Channichthyidae, and Artedidraconidae. For channichthyid and nototheniid species, CTmax values ranged from 8.6 to 14.9 °C and were positively correlated with body length, suggesting that younger, less motile larvae may be especially susceptible to rapid warming events such as marine heatwaves. To our knowledge, this is the first published test of acute thermal tolerance for any artedidraconid, with CTmax ranging from 13.2 to 17.8 °C, which did not correlate with body length. Of the two artedidraconid species we collected, Neodraco skottsbergi showed remarkable tolerance to warming and was the only species to resume normal swimming following trials. We offer two hypotheses as to why N. skottsbergi has such an elevated thermal tolerance: (1) their unique green coloration serves as camouflage within near-surface phytoplankton blooms, suggesting they occupy an especially warm near-surface niche, and (2) recent insights into their evolutionary history suggest that they are derived from taxa that may have occupied warm tide-pool habitats. Collectively, these results establish N. skottsbergi and larval channichthyids as groups of interest for future physiological studies to gain further insights into the vulnerability of cryonotothenioids to a warming ocean.",https://doi.org/10.1007/s00300-024-03262-9,2024-06-12,2024,1.984589,0,0,,,article,TRUE,TRUE,hybrid,https://link.springer.com/content/pdf/10.1007/s00300-024-03262-9.pdf,FALSE,Polar Biology,https://openalex.org/S196656238,0722-4060,https://openalex.org/P4310319900,Springer Science+Business Media,http://dx.doi.org/10.1007/s00300-024-03262-9,https://link.springer.com/content/pdf/10.1007/s00300-024-03262-9.pdf,cc-by,publishedVersion,,65,,,,,FALSE,FALSE,en,,,,,731,740,47,8
https://openalex.org/W2264850115,Biomarcadores bioquímicos em peixes antárticos Notothenia coriiceps (Richardson 1844) e Notothenia rossii (Richardson 1844) submetidos a altas temperaturas,Biomarcadores bioquímicos em peixes antárticos Notothenia coriiceps (Richardson 1844) e Notothenia rossii (Richardson 1844) submetidos a altas temperaturas,,"The Antarctica Peninsula, now a days, is a natural laboratory for studies of thermal adaptation in Antartic marine organisms, among these the fish.The temperature is an important environmental variable to ectothermic organisms.In polar environments the survival to low temperatures of the water was guaranteed by evolutionary adaptations in physiology, biochemistry and behavior of the organisms.The capacity to respond biochemically to the rise of temperature of two species, Notothenia coriiceps (Richardson, 1844) and Notothenia rossii (Richardson, 1844) were evaluated through oxidative stress, via lipoperoxidation (LPO) and by the enzyme activity glutationa-S-tranferase (GST).Another parameter evaluated was the activity of acetylcholinesterase (AChE) in the brain of both species and muscle of N. coriiceps.Such enzymes prove to be important in the regulation mechanisms of the cells and LPO is presented as a good indicator of possible damage to cell membranes.The experiments were performed in the Antarctic Station Captain Ferraz located in Admirality Bay, King George Island, Antarctic Peninsula.The two specimen were submitted to 0C (control), 4C and 8C temperature s during 1, 4, 15 e 30 days.N. coriiceps survived to all day exposures (1, 4, 15 e 30 days) at 4C temperature.At 8C it resisted only until the sixth day.N. rossi survived to all periods of exposures (1, 4, 15 e 30 days) at the evaluated temperatures (0C, 4C e 8C).This great er resistance of N. rossii to the thermal stress might be related to its regulatory capacity, which influences their geographical distribution.The enzyme analyses of AChE demonstrated that its activities in the N. coriiceps brain were greater than in the muscle tissue in all of the thermal stress experiments.This fact may be explained by the greater quantity of synapses in the brain compared to the muscle.In N. coriiceps, AChE activity in the brain showed a significant reduction when compared only the first day at 4 C to control.Th e activity of AChE in N. rossi varied at temperatures (0C, 4C e 8C), when comparing 8C t o 0C, it was observed that the levels of AChE increased in all periods of exposures at 8C, indicating that this temperature influences significantly the metabolism of AChE in N. rossii.This alteration indicates that this species may have more efficient mechanisms of adaptation compared to N. coriiceps.The activities of GST and LPO when compared to each other, indicate a tendency to be inversely proportional in the two species.In N. coriiceps the GST activity increased between the periods of exposure at 0C agreeing with the tenden cy of reduction in LPO levels.At 4C there was not a significant difference between the periods of exposure, but we can observe the tendency of GST increase in 15 days and consequently LPO decrease.The GST activity in N. rossi was greater after 15 days of exposure at 0C, along with the tendency to reduce LPO in 15 and 30 days, this fact was also observed at 4C, but not at 8C.We can conclude that N. coriiceps and N. rossii respond differently to the temperature rise, suggesting that N. rossii has a bigger thermal tolerance and more efficient mechanisms of adaptation compared to N. coriiceps.At the temperatures and exposure times analyzed the activity of the enzyme GST and LPO levels cannot be used as biomarkers of oxidative stress induced by thermal stress, is necessary analyze further biochemical parameters of the antioxidant system of fish N. coriiceps and N. rossii.",NA,2012-09-21,2012,1.7952837,NA,0,,,dissertation,TRUE,TRUE,green,http://hdl.handle.net/1884/28091,TRUE,UFPR Digital Collection (Federal University of Paraná),https://openalex.org/S4377196673,NA,https://openalex.org/I52418104,Universidade Federal do Paraná,http://hdl.handle.net/1884/28091,http://hdl.handle.net/1884/28091,other-oa,submittedVersion,,0,,,,,FALSE,FALSE,pt,,,,,NA,NA,NA,NA
https://openalex.org/W4413348559,Sex Differentiation and Long‐Distance Gene Flow in the Elusive Antarctic Fish <scp> <i>Aethotaxis mitopteryx</i> </scp>,Sex Differentiation and Long‐Distance Gene Flow in the Elusive Antarctic Fish <scp> <i>Aethotaxis mitopteryx</i> </scp>,,"ABSTRACT Understanding population connectivity in the marine realm is crucial for conserving biodiversity, managing fisheries, and predicting species responses to environmental change. This is particularly important in Antarctic waters, where unique evolutionary histories and extreme conditions shape marine biodiversity. The longfin icedevil Aethotaxis mitopteryx is an elusive notothenioid fish endemic to Antarctic waters. To explore population connectivity in A. mitopteryx , we used RAD‐seq to investigate the genetic differentiation of two populations, one from the Eastern Weddell Sea and the other from the Eastern Antarctic Peninsula, two regions of ecological relevance greatly impacted by climate change. Despite spatial separation, analyses revealed no significant genetic differentiation between the two populations, suggesting extensive gene flow. A pronounced genetic distinction was, however, observed between males and females. This differentiation was largely localized to a specific chromosome, implying a genetic sex determination system with males being the heterogametic sex. These findings contribute novel insights into the genetic structure of A. mitopteryx populations and expand our understanding of genetic mechanisms in Antarctic fish. This study provides a foundation for further investigations into the evolutionary and ecological implications of sex chromosome differentiation in extreme environments.",https://doi.org/10.1002/ece3.71847,2025-08-01,2025,1.7224131,0,0,,,article,TRUE,TRUE,gold,https://doi.org/10.1002/ece3.71847,TRUE,Ecology and Evolution,https://openalex.org/S2482021738,2045-7758,https://openalex.org/P4310320595,Wiley,https://doi.org/10.1002/ece3.71847,NA,cc-by,publishedVersion,,123,,,,,FALSE,FALSE,en,,,,,e71847,e71847,15,8
https://openalex.org/W4416815417,"Differential distribution of minerals in the proboscis hooks of <i>Corynosoma pseudohamanni</i> Zdzitowiecki, 1984 (Acanthocephala: Polymorphidae) juveniles from <i>Notothenia coriiceps</i> Richardson off Argentine Islands, West Antarctica","Differential distribution of minerals in the proboscis hooks of <i>Corynosoma pseudohamanni</i> Zdzitowiecki, 1984 (Acanthocephala: Polymorphidae) juveniles from <i>Notothenia coriiceps</i> Richardson off Argentine Islands, West Antarctica",,"Summary Corynosoma pseudohamanni Zdzitowiecki, 1984 (Polymorphidae) was described from the intestinal tract of 5 species of seals, including the type and primary host, the Weddell seal Leptonycotes weddellii (Lesson) in the South Shetlands, West Antarctica. Notothenia coriiceps Richardson was the primary paratenic host of 14 fish hosts reported in the original description. We redescribed excysted juveniles from the body cavity of N. coriiceps collected off Galindez Island, Argentine Islands, and included its molecular analysis, SEM images, and Energy Dispersive X-ray Analysis (EDXA) for the first time. The identity and distribution of mineral elements in the center and edge of anterior, middle, and posterior proboscis hooks establish their taxonomic relevance. Samples were dehydrated through an ascending ethanol series and then critical point dried, mounted on stubs and coated with carbon with a thickness of 20 nm. The specimens were examined and positioned using the LYRA3 FIB-SEM (TESCAN, Brno – Kohoutovice, Czech Republic), equipped with a Phoenix energy-dispersive X-ray analyzer (Oxford Instruments, Abingdon, England). X-ray spot and live scan analyses were performed at 15 kV with a spot size 2. The AZtec version 4.3 software system (Oxford Instruments, Abingdon, England) was used. We demonstrated the highest calcium levels in all hooks and hook roots compared to sulfur and phosphorus. Here, for the first time, we report a new aspect of the elemental analysis of hooks, demonstrating the differential distribution of sulfur, phosphorous, calcium, and magnesium at the center and margins of anterior, middle, and posterior hooks and hook roots. Calcium was the most prevalent element in roots (root edge and root middle) and the center of middle of all hooks. Phosphorous was equally common but not as prevalent and was highest in the middle of the roots and the middle of all hooks. Sulfur was negligible or absent in the roots and middle of all hooks but highest at hook tips and the edge of the middle hook. The biological and taxonomic importance of this EDXA pattern is discussed, as well as its relevance to hook strength and flexibility, species identity, and comparative systematics. Comparative results were also presented for cystacanths of five other species of acanthocephalans for which EDXA patterns have been studied.",https://doi.org/10.2478/helm-2025-0025,2025-09-01,2025,1.5483158,0,0,,,article,TRUE,TRUE,diamond,https://doi.org/10.2478/helm-2025-0025,TRUE,Helminthologia,https://openalex.org/S127086887,0440-6605,https://openalex.org/P4310320322,De Gruyter Open,https://doi.org/10.2478/helm-2025-0025,NA,cc-by-nc-nd,publishedVersion,,11,,,,,FALSE,FALSE,en,,,,,218,229,62,3
https://openalex.org/W4395761343,Occurrence Download,Occurrence Download,,"A dataset containing 975197 species occurrences available in GBIF matching the query: { ""or"" : [ ""DatasetKey is Antarctic Isopods"", ""DatasetKey is Auckland Museum Land Vertebrates Collection"", ""DatasetKey is Promachocrinus kerguelensis"", ""DatasetKey is Antarctic Krill Euphausia superba"", ""DatasetKey is Weddell Sea macrozoobenthos EASIZ I"", ""DatasetKey is Southern Ocean octopus"", ""DatasetKey is Antarctic Foraminiferans"", ""DatasetKey is Antarctic Euphausiacea occurence data from Polish FIBEX expeditions"", ""DatasetKey is Asteroids from French subantarctic islands: records from the Marion Dufresne MD03 expeditions"", ""DatasetKey is Polycystine Radiolarians from the water column and the surface sediments of the World Ocean"", ""DatasetKey is Marine fauna survey of the Vestfold Hills and Rauer Island, 1981-82"", ""DatasetKey is Penguins of Antarctica"", ""DatasetKey is Bacteria and chlorophyll-a water column observations (surface to ~150m), April-August 2001, Continental Margin Western Antarctic Peninsula, GLOBEC"", ""DatasetKey is Amphipoda Hyperiidea of the Southern Ocean: catalogue and occurrences"", ""DatasetKey is Admiralty Bay Benthos Diversity Data Base (ABBED). Pycnogonida."", ""DatasetKey is Antarctic Amphipod Crustaceans: Ant'Phipoda Database (BIANZO)"", ""DatasetKey is Circumpolar dataset of sequenced specimens of Promachocrinus kerguelensis (Echinodermata, Crinoidea)"", ""DatasetKey is Admiralty Bay Benthos Diversity Data Base (ABBED). Cumacea."", ""DatasetKey is Ross Sea Pycnogonids"", ""DatasetKey is Admiralty Bay Benthos Diversity Data Base (ABBED). Polychaeta. 1979-80"", ""DatasetKey is MNA (Section of Genoa) and NIWA Invertebrate Collection - Ross Sea Tanaidacea"", ""DatasetKey is Antarctic Krill occurrence data from Australian expeditions"", ""DatasetKey is Antarctic pycnogonids"", ""DatasetKey is ANTAVIA TrackingKing"", ""DatasetKey is Antarctic Marine Species Sequence Data"", ""DatasetKey is Southern Ocean oligochaete occurrence data - a literature-based compilation"", ""DatasetKey is Antarctic Euphausiacea occurrence data from ITALICA 2000 Expedition"", ""DatasetKey is RMT Trawl catch from the 1986/87 V7 AAMBER voyage"", ""DatasetKey is Antarctic fish Gobionotothen gibberifrons"", ""DatasetKey is Cetacean distribution in the South Atlantic and South Pacific Ocean (AR-OBIS)"", ""DatasetKey is Biogeographic distribution of Antarctic and sub-Antarctic Cumacea"", ""DatasetKey is Marine Invertebrate from Argentina, Uruguay and Chile"", ""DatasetKey is Lissarca notorcadensis BAS CAML"", ""DatasetKey is Snow Petrel nest census, Mawson region 2004/05"", ""DatasetKey is Antarctic Euphausiacea occurence data from \""German Antarctic Marine Living Resources\"" (GAMLR) Expeditions"", ""DatasetKey is Australian Antarctic Division Herbarium"", ""DatasetKey is Antarctic Krill occurrence data from Japanese expeditions"", ""DatasetKey is Electron Micrograph Database - Marine Specimens"", ""DatasetKey is RMT Trawl catch from the 1990/91 V6 AAMBER2 voyage"", ""DatasetKey is Moss sampling in the Windmill Islands and the Vestfold Hills"", ""DatasetKey is Antarctic Nemertea"", ""DatasetKey is Southern Giant Petrel census data within the Australian Antarctic Territory"", ""DatasetKey is RMT Trawl catch from the 1995/96 V4 BROKE voyage"", ""DatasetKey is ARGOS Satellite Tracking of animals"", ""DatasetKey is Antarctic Krill occurrence data from BAS expeditions"", ""DatasetKey is Biopearl expedition: SeaStars (Echinodermata, Asteroidea)"", ""DatasetKey is Antarctic Echinoids: an interactive database"", ""DatasetKey is The First Comprehensive Description of the Biodiversity and Biogeography of Antarctic and Sub-Antarctic Intertidal Communities"", ""DatasetKey is Biogeographic distribution of the Antarctic and Sub-Antarctic brachiopods (living forms)"", ""DatasetKey is Collections data on ecology of bottom animal of the Southern ocean"", ""DatasetKey is Antarctic Krill occurrence data from Ukraine YUGNIRO Institute"", ""DatasetKey is Walter Herwig 1978 (FFS): SeaStars (Echinodermata, Asteroidea)"", ""DatasetKey is Cetacean Sightings Survey and Southern Ocean Cetacean Program - BROKE-West"", ""DatasetKey is Nest census, Windmill Islands 2002/03"", ""DatasetKey is Tagged Seal Location Data from SOGLOBEC"", ""DatasetKey is Antarctic Amphipoda"", ""DatasetKey is SOVIET ANTARCTIC EXPEDITIONS for Zooplankton (R.V. OB March-May 1956, January-March 1957;R.V.ACADEMIC KURCHATOV, October 1971-January 1972; RV DMITRY MENDELEEV;R.V.ACADEMIC IOFFE 1992)."", ""DatasetKey is ANTXXIII-8 Birds and Mammals"", ""DatasetKey is Phytoplankton samples - 2005/06 V3 BROKE-West"", ""DatasetKey is ANDEEP3: SeaStars (Echinodermata, Asteroidea)"", ""DatasetKey is Mitochondrial lineages in the Antarctic sea slug Doris kerguelenensis"", ""DatasetKey is Kelp rafts in the Southern Ocean"", ""DatasetKey is Zooplankton abundance and population structures assessed during April-September of 2001-2, Southern Ocean, GLOBEC"", ""DatasetKey is Electron Micrograph Database - Terrestrial and Limnetic Specimens"", ""DatasetKey is Antarctic Marine Bacteria from Denmark University"", ""DatasetKey is Bunger Hills, 1999/2000 survey - nest sites of snow petrels Pagodroma nivea"", ""DatasetKey is RMT Trawl catch from the 1984/85 V5 SIBEX2 voyage"", ""DatasetKey is MNA (Section of Genoa) associated collection of CCFEE (Tuscia University) - Antarctic Fungi"", ""DatasetKey is Antarctic and sub-Antarctic Lophogastrida occurrences"", ""DatasetKey is RMT Trawl catch from the 2005/06 V3 BROKE-West voyage - Zooplankton"", ""DatasetKey is Antarctic Euphausiacea occurence data from Norwegian Antarctic Research Expedition 1976-77"", ""DatasetKey is CCAMLR historic KRILL"", ""DatasetKey is APIS - Antarctic Pack Ice Seals 1994-1999, plus historical data from the 1980s"", ""DatasetKey is Southern Ocean Continuous Zooplankton Recorder (SO-CPR) Survey"", ""DatasetKey is Admiralty Bay Benthos Diversity Data Base (ABBED). Tanaidacea."", ""DatasetKey is Diatom and foraminiferal samples from surficial sediments of Prydz Bay, Antarctica"", ""DatasetKey is South American Antarctic Marine Biodiversity Literature"", ""DatasetKey is Antarctic Krill occurrence data from Discovery expeditions"", ""DatasetKey is ABBBS Bird Banding records from the Australian Antarctic Territory and Heard Island"", ""DatasetKey is Antarctic Marine Amoebae"", ""DatasetKey is Seabirds of the Southern and South Indian Ocean"", ""DatasetKey is Antarctic Parborlasia corrugatus"", ""DatasetKey is Ant'Phipoda Database (New records)"", ""DatasetKey is Biogeographic distribution of Antarctic and sub-Antarctic Mysida"", ""DatasetKey is Antarctic Marine Protists species checklist"", ""DatasetKey is East Weddell Sea echinoids from the JR275 expedition"", ""DatasetKey is Bacteria from Penguin Guano, Antarctica"", ""DatasetKey is Marine birds and mammals of the Southern Ocean (a census for the CAML)"", ""DatasetKey is RMT Trawl catch from the 1980/81 V5 FIBEX voyage"", ""DatasetKey is Antarctic Krill occurrence data from Spanish RV \""Fruela\"""", ""DatasetKey is Macrozooplankton concentrations estimated from MOCNESS tow samples, Continental Margin Western Antarctic Peninsula, GLOBEC"", ""DatasetKey is Antarctic Krill occurrence data from US AMLR \""US Antarctic Marine Living Resources\"" Program"", ""DatasetKey is Antarctic Arrow worms"", ""DatasetKey is globec/soglobec/process/krill"", ""DatasetKey is Hydroids of the BANZARE Antarctic expeditions 1929 - 1931"", ""DatasetKey is RMT Trawl catch from the 1983/84 V5 ADBEX II voyage"", ""DatasetKey is Inventory of Antarctic seabird breeding sites"", ""DatasetKey is Antarctic and Subantarctic Asteroid zoogeography"", ""DatasetKey is MNA Italica 2004_Rauschert dredge_Ross_sea_Mollusca_lgp"", ""DatasetKey is Pelagic Fish Observations 1968-1999"", ""DatasetKey is RMT Trawl catch from the 2005/06 V3 BROKE-West voyage - Fish"", ""DatasetKey is Antarctic Pycnogonids II"", ""DatasetKey is Snow Petrel census, Reeve Hill, Windmill Islands, East Antarctica (1984-2003)"", ""DatasetKey is RMT Trawl catch from the 1982/83 V2 ADBEX I voyage"", ""DatasetKey is Antarctic Jellyfish"", ""DatasetKey is MNA - Sezione di Genova - (Marine Biological Samples)"", ""DatasetKey is Icota - Pelagant"", ""DatasetKey is Photodocumentation_of_Antarctic_Peninsula_Lichens"", ""DatasetKey is Antarctic Euphausiacea occurrence data from Norwegian Antarctic Research Expedition 1979"", ""DatasetKey is In situ observations of Stygiomedusa gigantea"", ""DatasetKey is Cetacean Sightings Survey and Southern Ocean cetacean program"", ""DatasetKey is Museo Argentino de Ciencias Naturales (MACN), Buenos Aires: sea stars collection (Asteroidea, Echinodermata)"", ""DatasetKey is Kelp rafts in the Southern Ocean"", ""DatasetKey is Southern Ocean Cnidarian Collections"", ""DatasetKey is RMT Trawl catch from 1985/86 V1 ADBEX III voyage"", ""DatasetKey is EPOS3: SeaStars (Echinodermata, Asteroidea)"", ""DatasetKey is AAD Benthic Sampling Database"", ""DatasetKey is SO-Polylist"", ""DatasetKey is Zooplankton Abundance Based on Taxa and Life Stages or Size"", ""DatasetKey is Nemertina World Checklist"", ""DatasetKey is Diatoms from the Vestfold Hills Lakes"" ] } The dataset includes 975197 records from 121 constituent datasets; see https://api.gbif.org/v1/occurrence/download/0010042-180131172636756/datasets/export for details. Data from some individual datasets included in this download may be licensed under less restrictive terms.",https://doi.org/10.15468/dl.cdipo9,2018-01-01,2018,1.4355685,NA,0,,,dataset,TRUE,TRUE,green,https://doi.org/10.15468/dl.cdipo9,TRUE,Global Biodiversity Information Facility,https://openalex.org/S4398183272,NA,https://openalex.org/I111796040,Global Biodiversity Information Facility,https://doi.org/10.15468/dl.cdipo9,NA,cc-by,NA,,0,,,,,FALSE,FALSE,en,,,,,NA,NA,NA,NA
https://openalex.org/W4395940900,Occurrence Download,Occurrence Download,,"A dataset containing 975197 species occurrences available in GBIF matching the query: { ""or"" : [ ""DatasetKey is Admiralty Bay Benthos Diversity Data Base (ABBED). Polychaeta. 1979-80"", ""DatasetKey is East Weddell Sea echinoids from the JR275 expedition"", ""DatasetKey is MNA Italica 2004_Rauschert dredge_Ross_sea_Mollusca_lgp"", ""DatasetKey is Cetacean Sightings Survey and Southern Ocean cetacean program"", ""DatasetKey is SOVIET ANTARCTIC EXPEDITIONS for Zooplankton (R.V. OB March-May 1956, January-March 1957;R.V.ACADEMIC KURCHATOV, October 1971-January 1972; RV DMITRY MENDELEEV;R.V.ACADEMIC IOFFE 1992)."", ""DatasetKey is AAD Benthic Sampling Database"", ""DatasetKey is Zooplankton Abundance Based on Taxa and Life Stages or Size"", ""DatasetKey is Southern Ocean Cnidarian Collections"", ""DatasetKey is Antarctic Krill occurrence data from Spanish RV \""Fruela\"""", ""DatasetKey is Hydroids of the BANZARE Antarctic expeditions 1929 - 1931"", ""DatasetKey is Antarctic Arrow worms"", ""DatasetKey is Admiralty Bay Benthos Diversity Data Base (ABBED). Cumacea."", ""DatasetKey is Snow Petrel census, Reeve Hill, Windmill Islands, East Antarctica (1984-2003)"", ""DatasetKey is Collections data on ecology of bottom animal of the Southern ocean"", ""DatasetKey is Phytoplankton samples - 2005/06 V3 BROKE-West"", ""DatasetKey is ANTXXIII-8 Birds and Mammals"", ""DatasetKey is Antarctic Euphausiacea occurence data from \""German Antarctic Marine Living Resources\"" (GAMLR) Expeditions"", ""DatasetKey is RMT Trawl catch from the 1986/87 V7 AAMBER voyage"", ""DatasetKey is Antarctic Euphausiacea occurrence data from ITALICA 2000 Expedition"", ""DatasetKey is RMT Trawl catch from the 1980/81 V5 FIBEX voyage"", ""DatasetKey is Circumpolar dataset of sequenced specimens of Promachocrinus kerguelensis (Echinodermata, Crinoidea)"", ""DatasetKey is Cetacean distribution in the South Atlantic and South Pacific Ocean (AR-OBIS)"", ""DatasetKey is MNA (Section of Genoa) and NIWA Invertebrate Collection - Ross Sea Tanaidacea"", ""DatasetKey is Antarctic and Subantarctic Asteroid zoogeography"", ""DatasetKey is Antarctic Parborlasia corrugatus"", ""DatasetKey is EPOS3: SeaStars (Echinodermata, Asteroidea)"", ""DatasetKey is SO-Polylist"", ""DatasetKey is Antarctic Echinoids: an interactive database"", ""DatasetKey is MNA (Section of Genoa) associated collection of CCFEE (Tuscia University) - Antarctic Fungi"", ""DatasetKey is RMT Trawl catch from the 1995/96 V4 BROKE voyage"", ""DatasetKey is ARGOS Satellite Tracking of animals"", ""DatasetKey is Antarctic Euphausiacea occurrence data from Norwegian Antarctic Research Expedition 1979"", ""DatasetKey is Antarctic Marine Protists species checklist"", ""DatasetKey is Kelp rafts in the Southern Ocean"", ""DatasetKey is Bacteria from Penguin Guano, Antarctica"", ""DatasetKey is ANTAVIA TrackingKing"", ""DatasetKey is RMT Trawl catch from the 1990/91 V6 AAMBER2 voyage"", ""DatasetKey is Australian Antarctic Division Herbarium"", ""DatasetKey is South American Antarctic Marine Biodiversity Literature"", ""DatasetKey is Penguins of Antarctica"", ""DatasetKey is Electron Micrograph Database - Terrestrial and Limnetic Specimens"", ""DatasetKey is RMT Trawl catch from 1985/86 V1 ADBEX III voyage"", ""DatasetKey is Southern Ocean Continuous Zooplankton Recorder (SO-CPR) Survey"", ""DatasetKey is Admiralty Bay Benthos Diversity Data Base (ABBED). Tanaidacea."", ""DatasetKey is Antarctic Jellyfish"", ""DatasetKey is Antarctic Krill occurrence data from BAS expeditions"", ""DatasetKey is Nest census, Windmill Islands 2002/03"", ""DatasetKey is Biogeographic distribution of Antarctic and sub-Antarctic Mysida"", ""DatasetKey is Diatom and foraminiferal samples from surficial sediments of Prydz Bay, Antarctica"", ""DatasetKey is Antarctic Krill occurrence data from Australian expeditions"", ""DatasetKey is Antarctic Euphausiacea occurence data from Polish FIBEX expeditions"", ""DatasetKey is Weddell Sea macrozoobenthos EASIZ I"", ""DatasetKey is Walter Herwig 1978 (FFS): SeaStars (Echinodermata, Asteroidea)"", ""DatasetKey is Antarctic Marine Amoebae"", ""DatasetKey is Antarctic and sub-Antarctic Lophogastrida occurrences"", ""DatasetKey is Southern Ocean octopus"", ""DatasetKey is Antarctic Krill occurrence data from Ukraine YUGNIRO Institute"", ""DatasetKey is The First Comprehensive Description of the Biodiversity and Biogeography of Antarctic and Sub-Antarctic Intertidal Communities"", ""DatasetKey is Lissarca notorcadensis BAS CAML"", ""DatasetKey is Moss sampling in the Windmill Islands and the Vestfold Hills"", ""DatasetKey is Marine fauna survey of the Vestfold Hills and Rauer Island, 1981-82"", ""DatasetKey is ANDEEP3: SeaStars (Echinodermata, Asteroidea)"", ""DatasetKey is Antarctic Krill occurrence data from US AMLR \""US Antarctic Marine Living Resources\"" Program"", ""DatasetKey is RMT Trawl catch from the 1983/84 V5 ADBEX II voyage"", ""DatasetKey is RMT Trawl catch from the 2005/06 V3 BROKE-West voyage - Fish"", ""DatasetKey is In situ observations of Stygiomedusa gigantea"", ""DatasetKey is CCAMLR historic KRILL"", ""DatasetKey is ABBBS Bird Banding records from the Australian Antarctic Territory and Heard Island"", ""DatasetKey is globec/soglobec/process/krill"", ""DatasetKey is Antarctic Amphipoda"", ""DatasetKey is Ant'Phipoda Database (New records)"", ""DatasetKey is Antarctic Isopods"", ""DatasetKey is Antarctic Krill occurrence data from Discovery expeditions"", ""DatasetKey is Promachocrinus kerguelensis"", ""DatasetKey is Auckland Museum Land Vertebrates Collection"", ""DatasetKey is Bunger Hills, 1999/2000 survey - nest sites of snow petrels Pagodroma nivea"", ""DatasetKey is Cetacean Sightings Survey and Southern Ocean Cetacean Program - BROKE-West"", ""DatasetKey is Antarctic fish Gobionotothen gibberifrons"", ""DatasetKey is Antarctic Krill Euphausia superba"", ""DatasetKey is MNA - Sezione di Genova - (Marine Biological Samples)"", ""DatasetKey is Southern Giant Petrel census data within the Australian Antarctic Territory"", ""DatasetKey is Biogeographic distribution of the Antarctic and Sub-Antarctic brachiopods (living forms)"", ""DatasetKey is Seabirds of the Southern and South Indian Ocean"", ""DatasetKey is Museo Argentino de Ciencias Naturales (MACN), Buenos Aires: sea stars collection (Asteroidea, Echinodermata)"", ""DatasetKey is Marine birds and mammals of the Southern Ocean (a census for the CAML)"", ""DatasetKey is Kelp rafts in the Southern Ocean"", ""DatasetKey is Photodocumentation_of_Antarctic_Peninsula_Lichens"", ""DatasetKey is RMT Trawl catch from the 1982/83 V2 ADBEX I voyage"", ""DatasetKey is Amphipoda Hyperiidea of the Southern Ocean: catalogue and occurrences"", ""DatasetKey is Antarctic Foraminiferans"", ""DatasetKey is Antarctic pycnogonids"", ""DatasetKey is Mitochondrial lineages in the Antarctic sea slug Doris kerguelenensis"", ""DatasetKey is Polycystine Radiolarians from the water column and the surface sediments of the World Ocean"", ""DatasetKey is Antarctic Nemertea"", ""DatasetKey is Antarctic Pycnogonids II"", ""DatasetKey is Pelagic Fish Observations 1968-1999"", ""DatasetKey is APIS - Antarctic Pack Ice Seals 1994-1999, plus historical data from the 1980s"", ""DatasetKey is Zooplankton abundance and population structures assessed during April-September of 2001-2, Southern Ocean, GLOBEC"", ""DatasetKey is Antarctic Amphipod Crustaceans: Ant'Phipoda Database (BIANZO)"", ""DatasetKey is Nemertina World Checklist"", ""DatasetKey is Inventory of Antarctic seabird breeding sites"", ""DatasetKey is Marine Invertebrate from Argentina, Uruguay and Chile"", ""DatasetKey is Snow Petrel nest census, Mawson region 2004/05"", ""DatasetKey is Electron Micrograph Database - Marine Specimens"", ""DatasetKey is Admiralty Bay Benthos Diversity Data Base (ABBED). Pycnogonida."", ""DatasetKey is Bacteria and chlorophyll-a water column observations (surface to ~150m), April-August 2001, Continental Margin Western Antarctic Peninsula, GLOBEC"", ""DatasetKey is Macrozooplankton concentrations estimated from MOCNESS tow samples, Continental Margin Western Antarctic Peninsula, GLOBEC"", ""DatasetKey is Asteroids from French subantarctic islands: records from the Marion Dufresne MD03 expeditions"", ""DatasetKey is Tagged Seal Location Data from SOGLOBEC"", ""DatasetKey is RMT Trawl catch from the 2005/06 V3 BROKE-West voyage - Zooplankton"", ""DatasetKey is Biogeographic distribution of Antarctic and sub-Antarctic Cumacea"", ""DatasetKey is Antarctic Krill occurrence data from Japanese expeditions"", ""DatasetKey is Southern Ocean oligochaete occurrence data - a literature-based compilation"", ""DatasetKey is Antarctic Marine Bacteria from Denmark University"", ""DatasetKey is Antarctic Euphausiacea occurence data from Norwegian Antarctic Research Expedition 1976-77"", ""DatasetKey is Biopearl expedition: SeaStars (Echinodermata, Asteroidea)"", ""DatasetKey is Antarctic Marine Species Sequence Data"", ""DatasetKey is Icota - Pelagant"", ""DatasetKey is Ross Sea Pycnogonids"", ""DatasetKey is Diatoms from the Vestfold Hills Lakes"", ""DatasetKey is RMT Trawl catch from the 1984/85 V5 SIBEX2 voyage"" ] } The dataset includes 975197 records from 121 constituent datasets; see https://api.gbif.org/v1/occurrence/download/0015165-180131172636756/datasets/export for details. Data from some individual datasets included in this download may be licensed under less restrictive terms.",https://doi.org/10.15468/dl.astbok,2018-01-01,2018,1.4263154,NA,0,,,dataset,TRUE,TRUE,green,https://doi.org/10.15468/dl.astbok,TRUE,Global Biodiversity Information Facility,https://openalex.org/S4398183272,NA,https://openalex.org/I111796040,Global Biodiversity Information Facility,https://doi.org/10.15468/dl.astbok,NA,cc-by,NA,,0,,,,,FALSE,FALSE,en,,,,,NA,NA,NA,NA
https://openalex.org/W7132000187,"Assessment of Pesticide, Dioxin-like Polychlorinated Biphenyl, and Polycyclic Aromatic Hydrocarbon Existence around Galindez Island, and Comparison with the Organic Pollution Bibliography of the Antarctic Peninsula","Assessment of Pesticide, Dioxin-like Polychlorinated Biphenyl, and Polycyclic Aromatic Hydrocarbon Existence around Galindez Island, and Comparison with the Organic Pollution Bibliography of the Antarctic Peninsula",,"Sediment, notothenioid fish, and moss samples were collected from the vicinity of Galindez Island, Antarctic Peninsula during the austral autumn of 2016 and 2017. Pesticide, Polycyclic Aromatic Hydrocarbon (PAH), and dioxin-like Polychlorinated Biphenyl ( dl -PCB) concentrations were measured using High-Resolution Gas and Liquid Chromatography. Pollutant concentrations were below detection limits in sediment and moss samples. However, pesticides, PAH, and dl -PCB congeners were detected in the muscle tissue of fishes. Pesticide concentrations varied between 0.46 and 12.2 ng/g-dw, and Mecarbam was the dominant compound. Kresoxim-methyl, Mecarbam, Procymidone, Pyridaben, and Quinoxyfen were reported in the muscle tissue of the fishes, for the first time from the Antarctic. PCB-118, PCB-105, and PCB-156 were dominant dl -PCBs. The ∑12- dl -PCB concentration was 160, 929 pg/g-dw, and WHO-TEQ-total dl -PCB was 8.30 pg/g-dw in Trematomus bernachii , over the consumable limit in fishes according to the European Commission. The PCB-126 concentration was 36 pg/g-dw in the muscle tissue of fish, the first reported from the Antarctic. Phenanthrene was the dominant PAH congener. The ∑16-PAH concentration was 22.5 ng/g-dw. PAH sources were local and petrogenic in the fishes, likely after long-term bioaccumulation. The flow rate is rather low around Galindez Island; accordingly, contaminant removal takes time and may demonstrate long-lasting effects including bioaccumulation in the marine food web.",NA,NA,NA,1.4036189,NA,0,,,article,FALSE,FALSE,closed,NA,FALSE,RePEc: Research Papers in Economics,https://openalex.org/S4306401271,NA,https://openalex.org/I77793887,Federal Reserve Bank of St. Louis,https://www.mdpi.com/2071-1050/14/7/3994/,NA,NA,submittedVersion,,0,,,,,FALSE,FALSE,NA,,,,,NA,NA,NA,NA
https://openalex.org/W50216285,Factors Affecting Adult Foraging and Chick Growth of Adélie Penguins (<i>Pygoscelis adeliae</i>) off the Western Antarctic Peninsula: A Modeling Study,Factors Affecting Adult Foraging and Chick Growth of Adélie Penguins (<i>Pygoscelis adeliae</i>) off the Western Antarctic Peninsula: A Modeling Study,,"Coupled individual-based models that simulate Adélie penguin ( Pygoscelis adeliae) chick growth and adult foraging behavior during the chick growth period were developed and used to explore factors that influence chick fledging mass and adult foraging energetics off the western Antarctic Peninsula (WAP). Adélie penguin colonies in this region are undergoing changes in population size that have been correlated with climate-driven alteration of the marine and terrestrial environment. Simulations were selected to highlight possible mechanistic linkages between climate variability and chick growth and adult foraging processes. These processes were the focus of this study because chicks that fledge at a greater mass are more likely to recruit to the breeding population and Adélie penguin population dynamics can link directly with recruitment and fledging mass. Simulations using the chick-growth model tested the influence on penguin chick fledging mass of variability in (1) timing of Antarctic krill ( Euphausia superba) spawning, (2) chick diet composition [Antarctic silverfish (Pleuragramma antarcticum) combined with Antarctic krill compared to an all-Antarctic krill diet], (3) provisioning rate, and (4) the extent to which chicks become wet (from rain or melting snow). Simulations coupling the adult-foraging and chick-growth models investigated the influence on adult mass, foraging energetics, and chick growth of variability in (1) prey-availability characteristics (prey ingestion rate and distance between colony and prey), (2) the extent to which adults prioritize self-maintenance over chick provisioning, (3) adult digestion rate while foraging (a poorly studied physiological rate), and (4) adult diet composition [Antarctic krill combined with Antarctic silverfish (50% female) compared to all-Antarctic krill (50% and 100% female)]. In the chick-growth model simulations, shifting peak Antarctic krill spawning from early December to early March reduced fledging mass by 12%, enough to reduce a chick's probability of recruitment. Introducing a minimal amount of third-year age class (AC3) Antarctic silverfish to an Antarctic krill diet increased Adélie penguin fledging mass by 5%. Environmental stress that results in more than a 4% reduction in provisioning rate or wetting of just 10% of the chick's surface area decreased fledging mass enough to reduce the chick's probability of recruitment. The negative effects of reduced provisioning and wetting on chick growth can be compensated by an increase in AC3 Antarctic silverfish in the chick diet. Results from the coupled models showed that increasing adult ingestion rate, decreasing distance to prey, increasing adult digestion rate, feeding only on female Antarctic krill, and including Antarctic silverfish in the diet increased the range in prey-availability characteristics over which adults can raise full-sized chicks. Overall, results suggest future observational and modeling studies that focus on factors that influence the ability of foraging adult Adélie penguins to provide high-quality prey to their young. Furthermore, results indicate that future studies should be directed at improving our knowledge of the energetic and physiological constraints on adult Adélie penguin foraging and chick growth. Results suggest that factors that influence the timing and extent of lipid aquisition and spawning among Antarctic krill may have important consequences for Adélie penguin chick growth. Additionally, climate-driven alteration of processes that determine the availability of phytoplankton biomass may have important consequences for Adélie penguins and other top-predator species that time critical activities to coincide with dependable availability of prey with maximum energy density. Also, results suggest that the loss of Antarctic silverfish from the diets of Adélie penguins in some parts of the WAP may have limited the ability of adults to compensate for the negative effects of climate-related changes in the marine (reduced Antarctic krill abundance) and terrestrial (increased wetting of chicks) environment.",https://doi.org/10.25777/hw25-3b31,2009-01-01,2009,1.3651569,0,0,,,article,TRUE,TRUE,green,https://digitalcommons.odu.edu/oeas_etds/36,TRUE,ODU Digital Commons (Old Dominion University),https://openalex.org/S4377196314,NA,https://openalex.org/I81365321,Old Dominion University,https://digitalcommons.odu.edu/oeas_etds/36,https://digitalcommons.odu.edu/oeas_etds/36,NA,submittedVersion,,184,,,,,FALSE,FALSE,en,,,,,NA,NA,NA,NA
https://openalex.org/W7148735013,Microplastic pollution and thermal increase alter cellular stress responses and microbiomes in Antarctic and sub-Antarctic fish,Microplastic pollution and thermal increase alter cellular stress responses and microbiomes in Antarctic and sub-Antarctic fish,,NA,https://doi.org/10.1016/j.envpol.2026.128039,2026-04-03,2026,1.2503272,0,0,,,article,FALSE,FALSE,closed,NA,FALSE,Environmental Pollution,https://openalex.org/S201530359,0269-7491,https://openalex.org/P4310320990,Elsevier BV,https://doi.org/10.1016/j.envpol.2026.128039,NA,NA,publishedVersion,,59,,,,,FALSE,FALSE,en,,,,,128039,128039,398,NA
https://openalex.org/W2942696903,Genes of the world's coolest fish,Genes of the world's coolest fish,,"Antarctica is almost the last place on Earth that you would expect to be teaming with life. Survival below zero should be impossible, especially for ectothermic creatures that depend on their environment for warmth. But for the enterprising icefishes, Antarctica represented bountiful evolutionary and ecological opportunities. The icefish lineage dominates the modern Southern Ocean and its members famously sport colourless blood, huge hearts and ample mitochondria, the cell's power packs. Charmed by these unusual fish, a multinational team led by H. William Detrich III of Northeastern University, USA, John H. Postlethwait of the University of Oregon, USA, and Hyun Park from the Korea Polar Research Institute and the University of Science and Technology, Korea, investigated the genetic building blocks of extreme evolutionary adaptation in icefish.A single adult Chaenocephalus aceratus, angled from the Antarctic Peninsula, provided the raw genetic material to sequence 30,773 protein-coding genes. When comparing the new genome with those of other bony fish, the researchers found 373 gene families that were larger than expected, and 346 gene families that looked too small, revealing icefish-specific genetic quirks. Nearly 40% of these quirks appeared within the last 7 million years, coinciding with plummeting temperatures and rising oxygen levels in the ocean surrounding Antarctica. How did these 719 gene families relate to adaptation to the world's coldest marine environment?Antifreeze glycoproteins prevent ice crystals from expanding and tearing tissues. Unsurprisingly, icefish have a respectable 23 genes for antifreeze glycoproteins and their evolutionary precursors, trypsinogen and trypsinogen-like proteases. Yet strangely, icefish embryos do not express antifreeze glycoproteins, raising the question of how these animals develop at sub-zero temperatures. The authors hypothesized that embryos rely on other glycoproteins, such as those in the zona pellucida layer around their eggs, to fulfil the antifreeze role; and the genome supported their hunch. Icefish have 131 zona pellucida genes, far more than the 16 to 35 genes found in other fishes.Another piece of the icefish adaptation puzzle is their huge stock of mitochondria and polyunsaturated fats in their muscles, to counteract the effects of cold on the fish's metabolism and biological membranes. Mitochondria naturally produce small amounts of toxic molecules that can damage DNA, fats and other cell components. The high mitochondria and polyunsaturated fat content of icefish tissues makes them extra sensitive to oxidative stress, and this shows in their genes. Icefish expanded the gene families that prevent oxidative damage, including antioxidant proteins superoxide dismutase (icefish have three extra copies) and NAD(P)H-quinone dehydrogenase (there are 33 copies in icefish, compared with between 2 and 10 in other fish). Icefish are also the only vertebrates to double up on their 8-oxoguanine DNA glycosylase gene, which produces a protein that removes damaged pieces of DNA.Beyond the challenges of living in the cold, making their homes so far south means icefish experience the summer ‘midnight sun’ and prolonged winter darkness. Day length guides the rhythm and expression of hundreds of genes through the circadian clock pathways. How do icefish keep time when the sun is so unreliable? Their genome suggests that they simply don't bother. The icefish genome is missing many (though not all) of the time-keeping ‘period’ and cryptochrome genes found in other fish. Apparently, such extreme fluctuations in day length made light-dependent timekeeping less useful and the genes disappeared from the genome.Somehow, 10 to 14 million years ago, life found a way. Although we have known about the peculiarities of icefish since the earliest expeditions to the remote continent, we are just starting to understand the complex genetic machinery underlying their physiology. With over 30,000 genes to mine for interesting patterns, this new high-quality genome is only the tip of the iceberg in our understanding of adaptation to extreme environments.",https://doi.org/10.1242/jeb.192757,2019-04-30,2019,1.2347881,0,0,,,article,FALSE,FALSE,closed,NA,FALSE,Journal of Experimental Biology,https://openalex.org/S20257348,0022-0949,https://openalex.org/P4310311847,The Company of Biologists,https://doi.org/10.1242/jeb.192757,NA,NA,publishedVersion,,1,,,,,FALSE,FALSE,en,,,,,NA,NA,222,9
https://openalex.org/W4395291076,Occurrence Download,Occurrence Download,,"A dataset containing 578603 species occurrences available in GBIF matching the query: { ""or"" : [ ""DatasetKey is Promachocrinus kerguelensis"", ""DatasetKey is MNA (Section of Genoa) associated collection of CCFEE (Tuscia University) - Antarctic Fungi"", ""DatasetKey is Southern Ocean octopus"", ""DatasetKey is Antarctic Krill occurrence data from Australian expeditions"", ""DatasetKey is Weddell Sea macrozoobenthos EASIZ I"", ""DatasetKey is MNA (Section of Genoa) and NIWA Invertebrate Collection - Ross Sea Tanaidacea"", ""DatasetKey is Photodocumentation_of_Antarctic_Peninsula_Lichens"", ""DatasetKey is Antarctic Arrow worms"", ""DatasetKey is globec/soglobec/process/krill"", ""DatasetKey is Biogeographic distribution of Antarctic and sub-Antarctic Cumacea"", ""DatasetKey is Southern Ocean Cnidarian Collections"", ""DatasetKey is Auckland Museum Land Vertebrates Collection"", ""DatasetKey is Polycystine Radiolarians from the water column and the surface sediments of the World Ocean"", ""DatasetKey is Antarctic fish Gobionotothen gibberifrons"", ""DatasetKey is AAD Benthic Sampling Database"", ""DatasetKey is Zooplankton Abundance Based on Taxa and Life Stages or Size"", ""DatasetKey is Antarctic Krill occurrence data from Japanese expeditions"", ""DatasetKey is Antarctic Marine Bacteria from Denmark University"", ""DatasetKey is Ross Sea Pycnogonids"", ""DatasetKey is Museo Argentino de Ciencias Naturales (MACN), Buenos Aires: sea stars collection (Asteroidea, Echinodermata)"", ""DatasetKey is Antarctic Krill occurrence data from Ukraine YUGNIRO Institute"", ""DatasetKey is Antarctic and sub-Antarctic Lophogastrida occurrences"", ""DatasetKey is Antarctic Foraminiferans"", ""DatasetKey is ABBBS Bird Banding records from the Australian Antarctic Territory and Heard Island"", ""DatasetKey is Antarctic and Subantarctic Asteroid zoogeography"", ""DatasetKey is Zooplankton abundance and population structures assessed during April-September of 2001-2, Southern Ocean, GLOBEC"", ""DatasetKey is East Weddell Sea echinoids from the JR275 expedition"", ""DatasetKey is Lissarca notorcadensis BAS CAML"", ""DatasetKey is Antarctic Euphausiacea occurrence data from Norwegian Antarctic Research Expedition 1979"", ""DatasetKey is Antarctic Krill occurrence data from Spanish RV \""Fruela\"""", ""DatasetKey is ANDEEP3: SeaStars (Echinodermata, Asteroidea)"", ""DatasetKey is Admiralty Bay Benthos Diversity Data Base (ABBED). Tanaidacea."", ""DatasetKey is Admiralty Bay Benthos Diversity Data Base (ABBED). Pycnogonida."", ""DatasetKey is Asteroids from French subantarctic islands: records from the Marion Dufresne MD03 expeditions"", ""DatasetKey is Antarctic pycnogonids"", ""DatasetKey is Bacteria from Penguin Guano, Antarctica"", ""DatasetKey is MNA - Sezione di Genova - (Marine Biological Samples)"", ""DatasetKey is Bacteria and chlorophyll-a water column observations (surface to ~150m), April-August 2001, Continental Margin Western Antarctic Peninsula, GLOBEC"", ""DatasetKey is Biogeographic distribution of the Antarctic and Sub-Antarctic brachiopods (living forms)"", ""DatasetKey is Icota - Pelagant"", ""DatasetKey is Tagged Seal Location Data from SOGLOBEC"", ""DatasetKey is Antarctic Marine Species Sequence Data"", ""DatasetKey is Antarctic Euphausiacea occurence data from Norwegian Antarctic Research Expedition 1976-77"", ""DatasetKey is Mitochondrial lineages in the Antarctic sea slug Doris kerguelenensis"", ""DatasetKey is Southern Ocean oligochaete occurrence data - a literature-based compilation"", ""DatasetKey is Antarctic Jellyfish"", ""DatasetKey is Circumpolar dataset of sequenced specimens of Promachocrinus kerguelensis (Echinodermata, Crinoidea)"", ""DatasetKey is Nemertina World Checklist"", ""DatasetKey is Amphipoda Hyperiidea of the Southern Ocean: catalogue and occurrences"", ""DatasetKey is CCAMLR historic KRILL"", ""DatasetKey is Collections data on ecology of bottom animal of the Southern ocean"", ""DatasetKey is Admiralty Bay Benthos Diversity Data Base (ABBED). Polychaeta. 1979-80"", ""DatasetKey is Antarctic Krill occurrence data from Discovery expeditions"", ""DatasetKey is MNA Italica 2004_Rauschert dredge_Ross_sea_Mollusca_lgp"", ""DatasetKey is Antarctic Euphausiacea occurence data from Polish FIBEX expeditions"", ""DatasetKey is Antarctic Euphausiacea occurence data from \""German Antarctic Marine Living Resources\"" (GAMLR) Expeditions"", ""DatasetKey is EPOS3: SeaStars (Echinodermata, Asteroidea)"", ""DatasetKey is Antarctic Marine Amoebae"", ""DatasetKey is Antarctic Marine Protists species checklist"", ""DatasetKey is Antarctic Krill Euphausia superba"", ""DatasetKey is Biogeographic distribution of Antarctic and sub-Antarctic Mysida"", ""DatasetKey is ANTAVIA TrackingKing"", ""DatasetKey is Antarctic Pycnogonids II"", ""DatasetKey is South American Antarctic Marine Biodiversity Literature"", ""DatasetKey is Antarctic Parborlasia corrugatus"", ""DatasetKey is ARGOS Satellite Tracking of animals"", ""DatasetKey is SO-Polylist"", ""DatasetKey is Antarctic Amphipod Crustaceans: Ant'Phipoda Database (BIANZO)"", ""DatasetKey is Antarctic Isopods"", ""DatasetKey is Penguins of Antarctica"", ""DatasetKey is Antarctic Krill occurrence data from BAS expeditions"", ""DatasetKey is SOVIET ANTARCTIC EXPEDITIONS for Zooplankton (R.V. OB March-May 1956, January-March 1957;R.V.ACADEMIC KURCHATOV, October 1971-January 1972; RV DMITRY MENDELEEV;R.V.ACADEMIC IOFFE 1992)."", ""DatasetKey is APIS - Antarctic Pack Ice Seals 1994-1999, plus historical data from the 1980s"", ""DatasetKey is Macrozooplankton concentrations estimated from MOCNESS tow samples, Continental Margin Western Antarctic Peninsula, GLOBEC"", ""DatasetKey is In situ observations of Stygiomedusa gigantea"", ""DatasetKey is Biopearl expedition: SeaStars (Echinodermata, Asteroidea)"", ""DatasetKey is Antarctic Amphipoda"", ""DatasetKey is Ant'Phipoda Database (New records)"", ""DatasetKey is Antarctic Nemertea"", ""DatasetKey is Marine Invertebrate from Argentina, Uruguay and Chile"", ""DatasetKey is Cetacean distribution in the South Atlantic and South Pacific Ocean (AR-OBIS)"", ""DatasetKey is Marine birds and mammals of the Southern Ocean (a census for the CAML)"", ""DatasetKey is Antarctic Krill occurrence data from US AMLR \""US Antarctic Marine Living Resources\"" Program"", ""DatasetKey is Walter Herwig 1978 (FFS): SeaStars (Echinodermata, Asteroidea)"", ""DatasetKey is Antarctic Echinoids: an interactive database"", ""DatasetKey is Admiralty Bay Benthos Diversity Data Base (ABBED). Cumacea."", ""DatasetKey is ANTXXIII-8 Birds and Mammals"", ""DatasetKey is Antarctic Euphausiacea occurrence data from ITALICA 2000 Expedition"", ""DatasetKey is The First Comprehensive Description of the Biodiversity and Biogeography of Antarctic and Sub-Antarctic Intertidal Communities"" ] } The dataset includes 578603 records from 89 constituent datasets; see https://api.gbif.org/v1/occurrence/download/0012120-180131172636756/datasets/export for details. Data from some individual datasets included in this download may be licensed under less restrictive terms.",https://doi.org/10.15468/dl.8kv6aa,2018-01-01,2018,1.185567,NA,0,,,dataset,TRUE,TRUE,green,https://doi.org/10.15468/dl.8kv6aa,TRUE,Global Biodiversity Information Facility,https://openalex.org/S4398183272,NA,https://openalex.org/I111796040,Global Biodiversity Information Facility,https://doi.org/10.15468/dl.8kv6aa,NA,cc-by,NA,,0,,,,,FALSE,FALSE,en,,,,,NA,NA,NA,NA
https://openalex.org/W3006518011,Resposta metabólica do peixe antártico Notothenia coriiceps frente ao estresse térmico,Resposta metabólica do peixe antártico Notothenia coriiceps frente ao estresse térmico,,"The Antarctic Peninsula region has exhibited an accelerated warming over the past 50 years, having warmed 1.5C from 1950 to 2006, compared with 0.6C from the rest of the planet, leading biochemists and physiologists to ask questions about the adaptation and the metabolic plasticity of Antarctic organisms in face of rising environmental temperatures.The Admiralty Bay, the site of this study, has a great availability of information on the composition of soils and sediments, as well as on the snowbreak associated with the formation of microenvironments and variations in salinity, being an appropriate environment for studies on evolutionary adaptations of Antarctic organisms.Antarctic ectotherms are considered to be highly stenothermic organisms, since the high temperature stability of their habitat would lead to metabolic compensations that would prevent the maintenance of physiological functions in face of environmental warming.Notothenia coriiceps Richardson 1844 (Perciformes: Notothenioidei) is one of the four most common species in Admiralty Bay, having ecological importance in the trophic chain of the region, making it suitable for studies focused on the metabolic responses of Antarctic organisms.In order to evaluate aspects of the energy and oxidative metabolism of N. coriiceps under heat stress, bioassays were performed for 1, 4, 15 and 30 days at temperatures of 4C and 8C with the respective control at 0C in thermal shock.At the end of the bioassays, blood, and liver and muscle tissue samples were collected.Plasma constituents and hemoglobin were measured, as well as concentrations of energetic substrates in liver and muscle tissues (proteins and glycogen).The activity of liver enzymes CS, G6Pase, LDH, MDH and SOD, as well as muscle enzymes LDH, MDH and SOD were also measured.It was noticed that the temperature of 8C is more stressful than 4C, since N. coriiceps does not survive for more than 5 days at 8C.Although there are responses to compensate for energy demand at 8C, such as increased hemoglobin concentration, hyperglycemia, and hepatic glycogen mobilization, these do not seem sufficient to compensate for the lethal effects of heat shock at this temperature.At 4C the metabolic response is slow, being evident at 30 days, represented mainly by the increase in hemoglobin concentration and hepatic LDH activity, in addition to hyperglycemia and glycogen mobilization.The response of the antioxidant defense system, represented by the increase in muscle SOD activity, occurs in 4 days.In short, N. coriiceps ability to adjust to heat stress is differentiated at 4C and 8C, and at 8C this species survives shortly.",NA,2013-01-01,2013,1.1286371,0,0,,,article,TRUE,TRUE,green,https://hdl.handle.net/1884/65676,TRUE,Repositório Digital Institucional da UFPR (Universidade Federal do Paraná),https://openalex.org/S4306400336,NA,https://openalex.org/I4210134516,Hospital de Clínicas Universidade Federal do Paraná,https://hdl.handle.net/1884/65676,https://hdl.handle.net/1884/65676,other-oa,submittedVersion,,0,,,,,FALSE,FALSE,pt,,,,,NA,NA,NA,NA
https://openalex.org/W1964963972,Below the Convergence,Below the Convergence,,NA,https://doi.org/10.1016/j.cub.2009.03.014,2009-04-01,2009,0.97440803,0,0,,,article,TRUE,TRUE,bronze,http://www.cell.com/article/S0960982209008173/pdf,FALSE,Current Biology,https://openalex.org/S128425624,0960-9822,https://openalex.org/P4310320990,Elsevier BV,https://doi.org/10.1016/j.cub.2009.03.014,http://www.cell.com/article/S0960982209008173/pdf,NA,publishedVersion,,0,,,,,FALSE,FALSE,en,,,,,R313,R314,19,8
